Date,Close,High,Low,Open,Volume,sma_10,sma_50,ema_12,ema_26,rsi_14,macd,macd_signal,macd_hist,daily_return,volatility_10,volume_change,price_vs_sma50,direction,ticker
2021-10-11,139.4128875732422,141.36531233280488,138.43667519346084,138.88573944232053,64452200,138.63582305908204,143.84219421386717,139.72063046696553,141.4259983935859,48.453122574777765,-1.7053679266203687,-1.6915495770522446,-0.01381834956812411,-0.0006299274954437717,0.013616563028167864,0.0966256729257553,-0.030792818927938614,1,AAPL
2021-10-12,138.143798828125,139.84241361250955,137.68497785008697,139.82288519545196,73035900,138.59677276611328,143.76815185546874,139.47804098406698,141.18287249984803,38.53052147023859,-1.704831515781052,-1.6942059647980063,-0.01062555098304574,-0.009103094894655661,0.011610191075636591,0.1331793173855973,-0.03912099414756298,1,AAPL
2021-10-13,137.5580596923828,138.03639411972742,135.88873033671427,137.8802114942071,78762700,138.40933990478516,143.64652435302733,139.1826592468848,140.9143678474432,34.03454578564347,-1.7317086005583917,-1.7017064919500835,-0.03000210860830821,-0.004240068252871376,0.011415774257924486,0.0784107541633634,-0.04238504682286248,1,AAPL
2021-10-14,140.34030151367188,140.45745714105692,138.14382342191217,138.72955687137625,69907100,138.62996673583984,143.58853485107423,139.36075805715976,140.871844415312,42.58214501670199,-1.5110863581522551,-1.6635824651905178,0.15249610703826266,0.020225945520828903,0.012842745616186691,-0.11243393128981105,-0.022621815458813144,1,AAPL
2021-10-15,141.39462280273438,141.4531931726663,140.09625831789816,140.3500831153651,67940300,138.84375762939453,143.54948669433594,139.6736603257097,140.91056874030627,48.72786539820897,-1.23690841459657,-1.5782476550717284,0.3413392404751583,0.007512605272262274,0.012809772153926275,-0.028134481333083494,-0.015011296391396867,1,AAPL
2021-10-18,143.06387329101562,143.34696822024532,139.7545151672495,140.0376100964792,85589200,139.56712341308594,143.55749145507812,140.19523155114138,141.07007278109955,62.159226266058695,-0.8748412299581787,-1.4375663700490184,0.5627251400908397,0.011805615059421903,0.009199887992346322,0.2597707104619791,-0.00343847025368893,1,AAPL
2021-10-19,145.22132873535156,145.62157933226283,143.06390800766076,143.51295730034732,76378900,140.31392364501954,143.60962036132813,140.96847727178908,141.37757322215523,64.55572846167777,-0.4090959503661509,-1.231872286112445,0.822776335746294,0.015080365117385863,0.009303255651823227,-0.10761053964752565,0.01122284405437668,1,AAPL
2021-10-20,145.70945739746094,146.18780683574556,144.59657585778285,145.16278083703227,58418800,141.02265472412108,143.68107849121094,141.69785882958473,141.69845353143714,69.85672495206433,-0.0005947018524068426,-0.9856167692604373,0.9850220674080304,0.0033612739007431447,0.009315585306135868,-0.23514478475076228,0.01411723051879843,0,AAPL
2021-10-21,145.92420959472656,146.0804071368253,144.35250720492448,145.27014914498275,61421000,141.6269302368164,143.75175567626954,142.34806663960654,142.0114724990882,68.35028401383828,0.33659414051834347,-0.7211745873046811,1.0577687278230246,0.001473838425462226,0.009258940183371872,0.051390990571528405,0.015112538335527725,1,AAPL
2021-10-22,145.1529998779297,146.60754657748723,145.10418628692474,146.129212114762,58883400,142.19215393066406,143.74785095214844,142.7795948301178,142.24417823085423,80.05024621431959,0.5354165992635558,-0.46985634999103376,1.0052729492545895,-0.005285001844030801,0.009506398611104095,-0.04131485973852589,0.009775095185589944,1,AAPL
2021-10-25,145.1042022705078,145.8168331110648,144.10846150842693,145.14324421012236,50720600,142.76128540039062,143.73886932373046,143.13722674402393,142.45603186342117,76.95060972812581,0.6811948806027601,-0.23964610387227503,0.9208409844750352,-0.00033618049549721807,0.00949087452905381,-0.138626505942252,0.009498703817562015,1,AAPL
2021-10-26,145.76800537109375,147.25183711393476,145.465367092144,145.77776213009912,60893400,143.5237060546875,143.70372528076172,143.5419619174193,142.7013632343599,76.59881657073598,0.8405986830593974,-0.023597146485940523,0.864195829545338,0.004574664897357472,0.008295021356062164,0.20056545072416343,0.014364833523271114,1,AAPL
2021-10-27,145.3092498779297,146.1683068273683,144.95781274994326,145.80711293598463,56094900,144.2988250732422,143.6775634765625,143.81385237288242,142.89454002277247,71.4841192571673,0.9193123501099478,0.16498475283323716,0.7543275972767107,-0.0031471617656849693,0.008159739922275368,-0.07880164352787,0.011356584576501128,1,AAPL
2021-10-28,148.9407196044922,149.52643805425132,146.1585085567286,146.256135746264,100077900,145.15886688232422,143.79880889892578,144.60260117774547,143.34240517697393,79.71737946260019,1.2601960007715434,0.38402700242089843,0.8761689983506449,0.024991318375211513,0.00918795019734847,0.7840819753667445,0.03575767243788919,0,AAPL
2021-10-29,146.23658752441406,146.3732566337639,142.927228830471,143.7179583128391,124953200,145.6430633544922,143.85933410644532,144.85398369261756,143.55678905456207,68.44328417301791,1.2971946380554868,0.5666605295478162,0.7305341085076706,-0.01815576081046788,0.011903561731080663,0.24855937224901803,0.016524846529664572,1,AAPL
2021-11-01,145.41659545898438,146.1389830509936,144.28418557941234,145.44588063726485,74588300,145.87833557128906,143.87436767578126,144.94053934898167,143.6945524919267,70.14619655634155,1.2459868570549872,0.7025257950492505,0.5434610620057367,-0.005607297594336869,0.011816528939788441,-0.4030701094489777,0.010719267150341327,1,AAPL
2021-11-02,146.45138549804688,147.96451766703325,145.11396440756303,145.12373606469237,69122000,146.0013412475586,143.88042114257811,145.17297721806864,143.89876234423187,74.03718541650686,1.274214873836769,0.8168636108067542,0.4573512630300147,0.007116038137162661,0.011058178989690646,-0.07328629289043997,0.017868757507465638,1,AAPL
2021-11-03,147.8863983154297,148.35497602206758,146.25612565424197,146.8125588879088,54511500,146.21903533935546,143.91693115234375,145.59042661766264,144.1941427865428,71.9978826847202,1.3962838311198311,0.9327476548693696,0.4635361762504615,0.009798560884232366,0.011399565897076878,-0.2113726454674344,0.02758165513468347,0,AAPL
2021-11-04,147.3690185546875,148.80403696262286,147.0566234619275,147.97426542713765,60394600,146.36351623535157,143.9676940917969,145.8640561464357,144.42931876936834,67.97899852692134,1.4347373770673642,1.0331455993089687,0.4015917777583955,-0.003498494564988075,0.011510784581847414,0.10792401603331414,0.023625609094786615,0,AAPL
2021-11-05,147.89694213867188,148.79636649786093,146.70422366033108,148.49330137784227,65463900,146.63791046142578,144.04502563476564,146.17680783754895,144.68617975968712,65.61714187666038,1.4906280778618282,1.1246420950195406,0.36598598284228756,0.003582324081153221,0.01130873990050921,0.08393631218685105,0.026741058824710784,0,AAPL
2021-11-08,147.07574462890625,148.18047945260236,146.80200740282297,148.02405391839477,55020900,146.83506469726564,144.08523681640625,146.31510580545006,144.86318456481445,56.558572268903035,1.4519212406356132,1.1900979241427552,0.26182331649285806,-0.005552498232151759,0.011542859179257198,-0.1595230348329385,0.020755129939582284,0,AAPL
2021-11-09,147.43746948242188,148.04359979638906,146.7042415538898,146.84111017051336,56787900,147.00201110839845,144.04443359375,146.4877771403688,145.05387233648906,56.166652690365396,1.4339048038797273,1.2388593000901496,0.19504550378957775,0.0024594460114977235,0.01149771917768395,0.03211506900105232,0.023555480791720873,1,AAPL
2021-11-10,144.612060546875,146.7726448402154,144.54363371528353,146.66510417552325,65187100,146.93229217529296,143.97230926513672,146.19920535675436,145.02114553725838,46.05287920000955,1.178059819495985,1.2266994039713168,-0.04863958447533179,-0.0191634388833819,0.013164996963780259,0.14790474731412862,0.004443571718781847,1,AAPL
2021-11-11,144.5631866455078,146.0882980655143,144.37743321812488,145.62882237351127,41000000,146.49453887939453,143.88593017578125,145.94751017040875,144.98722265638796,48.14515525339404,0.9602875140207914,1.1734170259812118,-0.2131295119604204,-0.0003379655969382167,0.009723001746174048,-0.37104120293739096,0.004706898505636881,1,AAPL
2021-11-12,146.6357879638672,147.03660782102534,144.18190939663026,145.11066161989166,63804000,146.53445892333986,143.81874572753907,146.05339906171005,145.1093386050901,54.27266674953133,0.9440604566199511,1.1275457121089598,-0.18348525548900874,0.014336992469885956,0.009498316685867843,0.5561951219512196,0.019587448229210214,1,AAPL
2021-11-15,146.6455535888672,148.48351596746593,146.08829332480207,147.00727451410145,59222800,146.65735473632813,143.73906555175782,146.14449975819576,145.22313230759212,52.5408153617915,0.9213674506036398,1.0863100598078959,-0.16494260920425607,6.659782809914638e-05,0.009272117697552595,-0.07180114099429502,0.020220585308193817,1,AAPL
2021-11-16,147.62319946289062,148.102247003654,146.00031832566742,146.58690654221206,59256200,146.7745361328125,143.6322756958008,146.3719920204565,145.40091505983648,56.504273218334305,0.9710769606200245,1.0632634399703216,-0.09218647935029711,0.006666727016929164,0.00923957688303527,0.0005639719837629009,0.027785703093239578,1,AAPL
2021-11-17,150.05751037597656,151.53373689410836,147.61341784542643,147.62318884522813,88807000,146.99164733886718,143.60502044677733,146.93899484438265,145.74584804621722,53.36570120997855,1.1931467981654293,1.0892401116093433,0.10390668655608604,0.016490029493622105,0.010157503717956949,0.4986954951549374,0.044932202990707104,1,AAPL
2021-11-18,154.3395538330078,155.12166644396785,149.62735108476016,150.27259510761894,137827700,147.6887008666992,143.6837109375,148.07754238109422,146.38241884523873,72.29928227213861,1.6951235358554868,1.2104167964585721,0.48470673939691467,0.02853601560030139,0.013045201734886462,0.5519913970745549,0.07416180182138343,0,AAPL
2021-11-19,156.9596405029297,157.41913113659675,153.02953515610952,154.12448394226502,117305600,148.594970703125,143.91437683105468,149.44401901522275,147.16591674580843,78.9027511074195,2.278102269414319,1.4239538910497216,0.8541483783645973,0.016976119243915733,0.013592826918684756,-0.14889677474121676,0.09064600743252504,0,AAPL
2021-11-22,157.41912841796875,161.99446283900974,157.39957149925132,158.0643575600625,117467900,149.62930908203126,144.14290771484374,150.6709589233375,147.9254139067092,78.27690661463292,2.745545016628313,1.68827211616544,1.057272900462873,0.002927427162592755,0.013042082930752218,0.0013835656609744174,0.09210457117591386,1,AAPL
2021-11-23,157.80039978027344,158.18167763297342,155.5029467463392,157.51687668201387,96041900,150.6656021118164,144.4069839477539,151.76779597825072,148.65689434178802,77.02876749712125,3.1109016364626996,1.972798020224892,1.1381036162378075,0.0024220141868169787,0.01304350296703147,-0.18239876596074334,0.09274770143641553,1,AAPL
2021-11-24,158.3185577392578,158.51408217991855,156.06998937776268,157.15516717862224,69463600,152.0362518310547,144.66365631103517,152.77560547994412,149.37257311197095,79.85071087878745,3.403032367973168,2.2588448897745472,1.1441874781986208,0.003283628936972649,0.009515728266339524,-0.2767365077117383,0.09439068371715842,1,AAPL
2021-11-26,153.30328369140625,156.8618824271744,152.8633499442556,156.00157185337474,76959800,152.91026153564454,144.82470977783203,152.85678674324598,149.66373685859577,61.841547652946495,3.1930498846502076,2.4456858887496793,0.7473639959005283,-0.031678371250143944,0.015961147569156644,0.10791551258500864,0.05854369690490491,1,AAPL
2021-11-29,156.65658569335938,157.5853380225465,155.23899986098183,155.80603121042097,88748200,153.91234130859374,145.10613037109374,153.44137119710956,150.18172566117084,68.88970451085747,3.2596455359387164,2.608477818187487,0.6511677177512296,0.021873647590636036,0.016564923592310075,0.15317607374239528,0.07960005061623887,1,AAPL
2021-11-30,161.60342407226562,161.8185054389282,156.34373142534065,156.41217318635103,174048100,155.4081283569336,145.54740325927733,154.69707163944128,151.027777395326,73.65323468264646,3.669294244115264,2.8206411033730423,0.8486531407422215,0.031577596032823285,0.018078886691221655,0.9611451274504723,0.11031471845901764,1,AAPL
2021-12-01,161.0852508544922,166.49158221025922,160.85061260681175,163.73463874085127,152052500,156.75433349609375,145.96874572753907,155.6798684417568,151.77277542933834,79.80188519345234,3.9070930124184713,3.037931485182128,0.8691615272363431,-0.0032064494966500545,0.01853926784066562,-0.12637655912359858,0.10355987544874257,1,AAPL
2021-12-02,160.09780883789062,160.52797144851235,154.27110143280012,155.190082479573,136739200,157.75836334228515,146.32308990478515,156.35955157962354,152.38944457071258,77.18085864726453,3.970107008910958,3.224366589927894,0.7457404189830639,-0.0061299343755159,0.018889669336445945,-0.10071060982226532,0.0941390654206995,1,AAPL
2021-12-03,158.22076416015625,161.27100166043388,156.14817855062066,160.35202051883033,118023100,158.146484375,146.62076049804688,156.64589197662858,152.8213941699306,70.40985135757785,3.8244978066979627,3.3443928332819075,0.4801049734160552,-0.011724362071906969,0.017977034651397546,-0.13687442957103746,0.07911569700433985,1,AAPL
2021-12-06,161.62294006347656,164.12568814988214,160.60618932990224,160.61596032861834,107497000,158.6128143310547,146.98471649169923,157.4115916822975,153.4733605324155,73.56917281534002,3.938231149882,3.4631604966019265,0.4750706532800737,0.021502714396427258,0.018429637607020977,-0.08918677784264262,0.09959010651698619,1,AAPL
2021-12-07,167.35191345214844,167.7429772469704,164.57542763792551,165.2988844701773,120405400,159.60609283447266,147.49351501464844,158.94087195458226,154.50140148943277,77.00744670851306,4.439470465149498,3.658422490311441,0.7810479748380565,0.03544653615645066,0.021077561568119466,0.12008149064625062,0.13463912929004196,1,AAPL
2021-12-08,171.16468811035156,172.02501344578044,166.8826332677211,168.280661937793,116998900,160.94252166748046,148.14612274169923,160.82145905546983,155.73571901690823,77.84364339331421,5.085740038561596,3.9438859999614726,1.1418540386001235,0.02278297618206393,0.02163348919037145,-0.0282919204620391,0.1553774404800754,1,AAPL
2021-12-09,170.65634155273438,172.7973693361273,170.03065436230736,170.9985205283445,108923700,162.17630004882812,148.77060180664063,162.33451790120284,156.84095031585832,73.90433500052086,5.493567585344522,4.2538223170380824,1.2397452683064394,-0.0029699265849124634,0.02188585986219255,-0.06901945231963724,0.14711064874590596,0,AAPL
2021-12-10,175.4369354248047,175.61291782062648,170.78338923857066,171.2917645939331,115402700,164.38966522216796,149.51665985107422,164.35027444329543,158.2184306942988,75.45793367677308,6.13184374899663,4.629426603429792,1.502417145566838,0.028012986968861453,0.017672670100938346,0.059482004375539965,0.1733604509326807,0,AAPL
2021-12-13,171.8099365234375,178.0570365302883,171.6046261840087,177.06961358561998,153237000,165.90500030517578,150.16772430419923,165.49791476331728,159.22520890386463,68.23589511956867,6.272705859452657,4.958082454634365,1.3146234048182919,-0.020674089481697466,0.02040168481559286,0.32784588228871603,0.1441202649871487,0,AAPL
2021-12-14,170.4314422607422,173.76518766396276,168.3588568100855,171.33086641701877,139380400,166.78780212402344,150.85974884033203,166.25691899369036,160.05530026363334,65.61138368879072,6.201618730057021,5.206789709718896,0.9948290203381251,-0.008023367510570423,0.019453243331932962,-0.09042594151543037,0.12973436301504515,0,AAPL
2021-12-15,175.2903594970703,175.48588396086842,168.4566698432585,171.19405708911282,131063300,168.20831298828125,151.6104895019531,167.64667907113343,161.18382316981388,68.94370966049757,6.462855901319557,5.458002948039029,1.004852953280528,0.028509511929697195,0.020436337115847247,-0.05967194813617982,0.15618886313807567,0,AAPL
2021-12-16,168.4077911376953,177.08921488839127,166.93156422700537,175.27080896540932,150185800,169.03931121826173,152.20620239257812,167.7637732352199,161.71893190817548,66.18479616151687,6.0448413270444235,5.575370623840108,0.4694707032043155,-0.03926381564349535,0.025227500589868397,0.1459027813278011,0.10644499692153953,1,AAPL
2021-12-17,167.31280517578125,169.59070130648584,165.8952344280195,166.12985777423478,195432700,169.94851531982422,152.75482940673828,167.69439353376782,162.13329289096112,61.99907768921976,5.561100642806707,5.572516627633428,-0.011415984826721015,-0.006501991116425021,0.024886288141002695,0.30127282339608663,0.09530288387989128,1,AAPL
2021-12-20,165.9539031982422,166.76534380811088,163.71512072913166,164.51677542044033,107499100,170.3816116333008,153.28389221191406,167.42662578984078,162.41630106187083,55.329328512794476,5.010324727969959,5.460078247700734,-0.44975351973077515,-0.008121924535969494,0.024581601960319593,-0.44994312620150057,0.08265715858005418,1,AAPL
2021-12-21,169.12144470214844,169.3267401361631,165.3379790393109,167.72341591348743,91185900,170.55856475830078,153.87806335449218,167.68736716096504,162.91297836855804,59.244280994126186,4.774388792406995,5.322940356641986,-0.548551564234991,0.0190868755893161,0.022644387830910908,-0.15175196815601244,0.09906143224937636,1,AAPL
2021-12-22,171.71218872070312,171.92727008747283,168.30022969109157,169.1703261593658,92135300,170.61331481933593,154.54943115234374,168.3065704778478,163.5647717279762,62.88509184919249,4.741798749871606,5.206712035287911,-0.46491328541630494,0.015318838028597792,0.021969954082352666,0.010411697422518129,0.11105027977386439,1,AAPL
2021-12-23,172.3378448486328,172.89510508509778,171.35043687369296,171.91746810959268,68356600,170.78146514892578,155.24502685546875,168.92676653489164,164.214628996173,66.10888918682214,4.71213753871865,5.107797135974059,-0.3956595972554089,0.0036436325958626448,0.021952181768680048,-0.2580845777894032,0.11010219354129314,1,AAPL
2021-12-27,176.29730224609375,176.3852860059842,173.1102106304085,173.12975263201184,74919600,170.86750183105468,155.9641668701172,170.0606951058458,165.10964182950045,66.53450965680327,4.9510532763453625,5.07644836404832,-0.12539508770295704,0.02297497337824206,0.021317041050564794,0.09601121179227756,0.13037055744291215,1,AAPL
2021-12-28,175.2805633544922,177.27495155456995,174.5375644683696,176.13111784462515,79144300,171.21456451416014,156.64188568115233,170.8637517594837,165.86304342394428,59.99509105402303,5.000708335539429,5.061300358346541,-0.0605920228071124,-0.005767183494290173,0.020145720369973488,0.056389783180903263,0.11898910430176546,1,AAPL
2021-12-29,175.36856079101562,176.5906072567406,174.15628532669507,175.31967594887476,62348900,171.7082763671875,157.28797943115234,171.55679930279632,166.5671558215051,55.84879432106178,4.9896434812912105,5.046968982935475,-0.05732550164426442,0.0005020376180870922,0.019843818861416538,-0.21221237663356673,0.11495208613686514,0,AAPL
2021-12-30,174.21493530273438,176.53194546765312,174.10739462067014,175.45653864701077,59773000,171.6007339477539,157.8678515625,171.9657433027868,167.13365800529985,54.86369653950461,4.832085297486941,5.003992245845768,-0.17190694835882692,-0.006578291360080257,0.017840530528408872,-0.04131428140672888,0.10354916202658626,0,AAPL
2021-12-31,173.59902954101562,175.2218958133562,173.29594950484335,174.1073900997929,64062300,172.11985778808594,158.4256430053711,172.21701810866813,167.61257441535287,47.16534695547028,4.604443693315261,4.924082535339667,-0.31963884202440607,-0.0035353212435460524,0.011744470269571794,0.07175982467000153,0.0957760766994653,0,AAPL
2022-01-03,177.9397430419922,178.79029755777358,173.73591497728762,173.8532266687499,104487900,173.18255157470702,159.0659536743164,173.09743732917954,168.377549869178,59.25051407991784,4.71988746000153,4.88324352027204,-0.16335606027050975,0.025004249807462298,0.013036659628029574,0.6310357261603159,0.11865385980911669,0,AAPL
2022-01-04,175.681396484375,178.8489462858369,175.1143651356069,178.5458811499138,99310400,174.15530090332032,159.6765216064453,173.49496950690192,168.9185755443778,57.7177742475719,4.576393962524122,4.8218736087224565,-0.2454796461983344,-0.012691636612537027,0.013661629521767448,-0.049551192051902615,0.10023311327746054,0,AAPL
2022-01-05,171.00827026367188,176.14086475419518,170.73453308424857,175.59339039534856,94537600,174.34398345947267,160.1946029663086,173.11240039255884,169.073367745807,43.67047523931577,4.039032646751849,4.665305416328335,-0.6262727695764863,-0.026600006114584573,0.016137840730304845,-0.04805941774476796,0.06750331844598767,1,AAPL
2022-01-06,168.153564453125,171.37976954533002,167.80161453547433,168.83790737145776,96904000,173.98812103271484,160.6423141479492,172.34950255572286,169.0052341685713,49.573422924504484,3.3442683871515726,4.4010980104929835,-1.056829623341411,-0.016693378666103653,0.016206854782572253,0.0250313102934705,0.0467576077014058,1,AAPL
2022-01-07,168.3197784423828,170.24572473108867,167.2052727402814,169.02367835082143,86709100,173.58631439208983,161.1025247192383,171.72954499982438,168.9544596703351,51.74399829175746,2.7750853294892863,4.075895474292244,-1.3008101448029574,0.0009884654529825898,0.016126142340550806,-0.10520618343928012,0.04479913481009934,1,AAPL
2022-01-10,168.33937072753906,168.6424359067065,164.40926456601338,165.29891809796788,106765600,172.79052124023437,161.49049774169922,171.20797972716508,168.90889752642428,54.332429900844126,2.2990822007407985,3.7205328195819547,-1.4214506188411562,0.00011639918574957164,0.013572833832070459,0.2313079019387816,0.04241037758639199,0,AAPL
2022-01-11,171.16468811035156,171.26244286002324,166.99995985190662,168.46641535499305,76138300,172.37893371582032,161.98905975341796,171.20131947842452,169.0759931252337,53.757600451677575,2.1253263531908146,3.401491526303727,-1.2761651731129122,0.01678346170953282,0.015127868934359402,-0.2868648703327663,0.05664350648680139,0,AAPL
2022-01-12,171.60464477539062,173.21774007794218,170.91053076473975,172.18144710369126,74805200,172.0025421142578,162.5128207397461,171.2633695241116,169.26330065487497,49.785233001472406,2.000068869236628,3.1212069948903074,-1.1211381256536792,0.0025703705004587185,0.015184021658099449,-0.017508927832641352,0.05594527246686898,0,AAPL
2022-01-13,168.33937072753906,172.6702968486557,167.94830685316057,171.849085088803,84505800,171.41498565673828,162.95058044433594,170.81352355540812,169.19486140099824,42.7765324135893,1.6186621544098898,2.820698026794224,-1.202035872384334,-0.019027888505730117,0.016079306236551433,0.129678150716795,0.03307008952351631,0,AAPL
2022-01-14,169.19964599609375,169.89375992557677,167.2639139583208,167.5083232130091,80440800,170.97504730224608,163.3768453979492,170.565234700129,169.19521581544976,35.56083266593407,1.37001888467924,2.530562198371227,-1.1605433136919872,0.005110362863046891,0.016296721933560566,-0.048103207117144664,0.03564030498912807,0,AAPL
2022-01-18,166.00279235839844,168.68150862321704,165.62151446360372,167.6745435442064,90956700,169.7813522338867,163.74952087402343,169.86332049370893,168.9587400038163,32.66349453640099,0.9045804898926235,2.2053658566755066,-1.300785366782883,-0.018893973559312993,0.013803146306691983,0.13072843631589937,0.013760476808408528,0,AAPL
2022-01-19,162.51260375976562,167.25414945182573,162.22909557704548,166.19829964047344,94815000,168.46447296142577,164.04183410644532,168.7324409961792,168.48124843018292,28.687141171685113,0.25119256599629125,1.8145311985396635,-1.5633386325433722,-0.02102487885322757,0.014433256743612292,0.04241908512512005,-0.009322197322467085,0,AAPL
2022-01-20,160.83106994628906,165.8854518373375,160.50844792121475,163.24583471657064,91420500,167.4467529296875,164.31694061279296,167.51684545004224,167.91456854248707,28.19365254734933,-0.39772309244483495,1.372080340342764,-1.7698034327875989,-0.010347097853175113,0.012897812339884882,-0.035801297263091336,-0.021214310913433065,0,AAPL
2022-01-21,158.7780303955078,162.61036568511253,158.67048972769118,160.74307541554964,122848900,166.5091995239258,164.5437518310547,166.17241236472924,167.23778793900712,26.932395660015203,-1.0653755742778799,0.8845891574186352,-1.949964731696515,-0.012765192393900504,0.012593591865938454,0.3437784741934249,-0.03504065861745287,1,AAPL
2022-01-24,158.00570678710938,158.67050778679211,151.24045969712583,156.44149634340394,162294600,165.47779235839843,164.81162475585938,164.9159961220185,166.55393007590357,15.097502264232602,-1.6379339538850672,0.38008453515789475,-2.018018489042962,-0.004864171740099232,0.012385124185146338,0.32109119414174647,-0.04129513302736887,1,AAPL
2022-01-25,156.20684814453125,159.1202024043847,153.5085752311325,155.4247355135648,115798400,164.26454010009766,165.04449798583985,163.57612720240508,165.78747956246858,15.344398935147623,-2.2113523600635006,-0.13820284388638432,-2.073149516177116,-0.011384770076702577,0.012263273454417772,-0.2864925881699083,-0.05354707335997855,1,AAPL
2022-01-26,156.1188507080078,160.713741500623,154.2906743409117,159.84364519078215,108275300,162.75995635986328,165.23415924072265,162.42885389557472,165.07128483250852,18.336728555102212,-2.642430936933806,-0.6390484624958687,-2.0033824744379376,-0.0005633391721854286,0.009344290199524607,-0.06496721889076185,-0.055166005471272594,1,AAPL
2022-01-27,155.65936279296875,160.17604091465265,154.7403816352541,158.817126094803,121954600,161.1654281616211,165.41443542480468,161.387393725943,164.37410542217225,20.41659982744642,-2.9867116962292357,-1.1085811092425422,-1.8781305869866936,-0.002943193041424874,0.008719712446558052,0.12633813990817844,-0.05897352674682654,1,AAPL
2022-01-28,166.52093505859375,166.54049197821774,159.15932862262193,162.00425626677838,179935700,160.98358459472655,165.79239013671875,162.1771693155816,164.53312983968496,47.17272090208931,-2.3559605241033523,-1.3580569922147043,-0.997903531888648,0.0697778281417687,0.026077056384560003,0.47543184102936675,0.00439432063965195,1,AAPL
2022-01-31,170.8714141845703,171.0864955438015,165.71926239899202,166.35473547583268,115541600,161.15076141357423,166.20866821289061,163.51474544927217,165.00263238375052,53.50279776314046,-1.4878869344783539,-1.3840229806674342,-0.10386395381091962,0.026125718813948318,0.02741772810301184,-0.35787284013122467,0.028053566771303107,0,AAPL
2022-02-01,170.70523071289062,170.93008309016165,168.45666218750117,170.11864243059435,86213900,161.62100524902343,166.53598175048828,164.62097395136732,165.42504707479793,49.313915500711126,-0.8040731234306122,-1.2680330092200698,0.46395988578945757,-0.0009725645010474349,0.026521306966675026,-0.25382805846552237,0.02503512405294428,1,AAPL
2022-02-02,171.90769958496094,171.94681342176997,169.45383589849953,170.84207875406224,84914300,162.56051483154297,166.8349429321289,165.74200866422788,165.90524355703224,50.44246052697826,-0.1632348928043541,-1.0470733859369266,0.8838384931325725,0.007044124348437597,0.02513289505096106,-0.015074135377242004,0.030405840429337916,1,AAPL
2022-02-03,169.03347778320312,172.2987975978528,168.2709219070581,170.5781464577833,89418100,163.38075561523436,167.0672299194336,166.2483885286856,166.13696461082267,51.025102839297574,0.11142391786293615,-0.8153739251769541,0.9267978430398902,-0.016719564095715844,0.02566604802011167,0.05303935850616437,0.011769201325225298,0,AAPL
2022-02-04,168.7495880126953,170.4234840013588,167.07569202403184,168.05457472378333,82465400,164.37791137695314,167.28621368408204,166.63318844930248,166.33049227022065,49.32381283817955,0.30269617908183477,-0.5917599043251963,0.8944560834070311,-0.0016794884317054004,0.02503192362797256,-0.07775495117878817,0.008747728198193583,0,AAPL
2022-02-07,168.0349884033203,170.27662295458384,167.3399751947351,169.20964451994723,77251200,165.3808395385742,167.4805422973633,166.84884998068983,166.45675124304285,53.29935757879643,0.39209873764698955,-0.3949881759307592,0.7870869135777487,-0.004234674690413054,0.025001272206780945,-0.06322894207752583,0.003310510572461567,0,AAPL
2022-02-08,171.1380615234375,171.64708470161528,167.8098514342005,168.10351922686326,74829200,166.87396087646485,167.83723785400392,167.5087286795741,166.80351496751652,64.18206943337756,0.7052137120575708,-0.1749477983330932,0.8801615103906639,0.018466827353057713,0.024411026404635286,-0.03135226378360467,0.019666813584628073,0,AAPL
2022-02-09,172.5574188232422,172.9196005956565,171.20655609241282,172.33228001362485,71285000,168.51781768798827,168.15525451660156,168.2854502401384,167.22973006794064,69.44826015437175,1.0557201721977663,0.07118579577307868,0.9845343764246876,0.00829363899047264,0.024167611031816052,-0.047363863304699216,0.026179165910072744,0,AAPL
2022-02-10,168.48529052734375,171.7743370940817,167.92733513885554,170.462637822063,90865900,169.80041046142577,168.29289184570314,168.31619489970845,167.32273454641495,65.089017315814,0.9934603532935,0.2556407072771629,0.7378196460163371,-0.023598685722517,0.026222106898079755,0.27468471627972235,0.001143237123865104,0,AAPL
2022-02-11,165.0787353515625,169.42497580838133,164.49139990842886,168.69081397274465,98670700,169.65619049072265,168.37276153564454,167.8181241999937,167.1565123838333,60.16214249071562,0.6616118161603879,0.33683492905380796,0.3247768871065799,-0.020218709687469083,0.016341164810907742,0.08589360805318602,-0.01956388999051195,0,AAPL
2022-02-14,165.31370544433594,165.99892030677,163.04269054419584,163.83558309476695,86185500,169.1004196166992,168.47707946777345,167.43282900681555,167.02000816609277,63.699885089607605,0.41282084072278735,0.3520321113876039,0.06078872933518348,0.0014233819533027159,0.013435998522806905,-0.1265340166837775,-0.018776287156868743,0,AAPL
2022-02-15,169.14114379882812,169.29776862360237,166.65478818594016,167.3595849608588,62527400,168.94401092529296,168.69548706054687,167.69564666712517,167.17712932407318,67.60891301773171,0.5185173430519967,0.3853291577204825,0.13318818533151422,0.023152577363169335,0.015835871559578236,-0.2745020914190902,0.0026417822198250285,0,AAPL
2022-02-16,168.90621948242188,169.67953027359678,166.45901263665095,168.22100455291906,61177400,168.64386291503905,168.84115264892577,167.88188863870928,167.30521007654346,68.02202136537448,0.5766785621658244,0.4235990386095509,0.15307952355627347,-0.0013889247236359425,0.015594013587348942,-0.021590534709583276,0.00038537307093244877,0,AAPL
2022-02-17,165.31370544433594,168.27971865617212,164.91235997613748,167.4182971510757,69589300,168.27188568115236,168.80038848876953,167.48678353188262,167.15769121489845,47.95265463710773,0.3290923169841733,0.4046976942844754,-0.07560537730030209,-0.02126928214422452,0.01613936016463589,0.13750012259429134,-0.020655657701081465,0,AAPL
2022-02-18,163.76708984375,166.93866044821442,162.68052937533312,166.23387859788448,82772700,167.7736358642578,168.6524365234375,166.91452296447758,166.90653555777635,36.68551976028794,0.007987406701232658,0.32535563676782686,-0.3173682300665942,-0.00935564051648885,0.016298615442784197,0.18944579123514682,-0.028966949902372696,0,AAPL
2022-02-22,160.85000610351562,163.16995323151656,158.72581758393332,161.49605730830203,91162800,167.05513763427734,168.45630981445314,165.98152037048342,166.45790374634964,33.25640815590077,-0.47638337586622015,0.16500783424101748,-0.6413912101072377,-0.017812392850221404,0.016976130385750337,0.1013631305974072,-0.04515297598122325,0,AAPL
2022-02-23,156.6897430419922,162.64133603328534,156.37649344425944,162.04421705709984,90009200,165.6103057861328,168.08136596679688,164.55201616610015,165.73433628676761,26.50653268983244,-1.1823201206674696,-0.10445775674067995,-1.0778623639267897,-0.025864239376192977,0.01615895724895248,-0.01265428442303218,-0.06777445470698407,1,AAPL
2022-02-24,159.3033447265625,159.41102239990326,148.79014121364656,149.357894860665,141147500,164.28489837646484,167.83123413085937,163.74452825232513,165.25796654156724,34.856773480201156,-1.5134382892421172,-0.3862538632409674,-1.1271844260011499,0.016680107030808466,0.017313235657352072,0.5681452562626932,-0.05081229038480173,1,AAPL
2022-02-25,161.3687744140625,161.6330619155997,157.47281159186534,160.38009360125866,91974200,163.57324676513673,167.6499807739258,163.3790276618232,164.96987823582614,39.11659048946756,-1.5908505740029568,-0.6271732053933653,-0.9636773686095915,0.012965388084256624,0.017472150261753555,-0.3483823659646823,-0.03746619194864942,0,AAPL
2022-02-28,161.63307189941406,161.92673963359974,158.9998756125995,159.6165763607333,95056600,163.2286804199219,167.37683502197265,163.110419082991,164.72270739609192,40.432978218833235,-1.612288313100919,-0.824196226934876,-0.7880920861660429,0.0016378477577909667,0.016585903656133032,0.033513746246229825,-0.034316356393072955,0,AAPL
2022-03-01,159.75363159179688,163.08184127413253,158.54961021930214,161.22195543903135,83474400,162.67267303466798,167.2037518310547,162.5939902381919,164.35462770688488,32.34129914491075,-1.7606374686929769,-1.0114844752864962,-0.7491529934064807,-0.011627820256901233,0.01680017347570712,-0.12184530058933307,-0.04455713557663188,0,AAPL
2022-03-02,163.04269409179688,163.82580321014547,159.50892707803538,160.91852050375005,79724800,162.06282806396484,167.118349609375,162.66302160028496,164.2574474391006,36.050559693896496,-1.5944258388156243,-1.1280727479923218,-0.46635309082330245,0.02058834260747333,0.016365713868944014,-0.04491916084452241,-0.024387839678315593,0,AAPL
2022-03-03,162.71966552734375,165.34307890598984,162.0540324670775,164.91236813214016,76678400,161.44417266845704,167.05366485595704,162.6717360506017,164.14353766785933,40.50307636626855,-1.4718016172576256,-1.1968185218453826,-0.274983095412243,-0.0019812513909470697,0.016358114802635885,-0.03821144737898374,-0.025943754854766632,0,AAPL
2022-03-04,159.7242889404297,162.0540345545001,158.67689221468046,161.01642127862274,83737200,160.8852310180664,166.86572174072265,162.21828264903678,163.81618591027197,41.05924695769953,-1.5979032612351887,-1.277035469723344,-0.32086779151184475,-0.018408202703751986,0.01603667435745271,0.09205721559135305,-0.042797482465508296,0,AAPL
2022-03-07,155.93600463867188,161.53521443024337,155.68148559760553,159.91026569329455,96418800,160.10212249755858,166.55019805908202,161.25177833974988,163.23246877904234,36.002328629156246,-1.9806904392924594,-1.4177664636371672,-0.5629239756552922,-0.023717646995884745,0.017235771052165484,0.15144523580917446,-0.06372969557589403,0,AAPL
2022-03-08,154.1152801513672,159.44040392728598,152.50991327214726,155.46614292973925,131148300,159.42864990234375,166.1857467651367,160.15385554153715,162.55712147328862,26.142338466816327,-2.403265931751463,-1.6148663572600264,-0.7883995744914365,-0.011676100664010147,0.016823510393273497,0.3601942774645608,-0.07263238183012288,0,AAPL
2022-03-09,159.50889587402344,159.9591883833685,156.04365849416726,158.0699374448171,91454900,159.71056518554687,165.8499786376953,160.05463097730427,162.33132698445414,37.17940871436238,-2.276696007149866,-1.7472322872379942,-0.5294637199118717,0.034997280719723634,0.018963970949105038,-0.30266042335279986,-0.03823384733454904,0,AAPL
2022-03-10,155.17247009277344,157.00297572975708,152.68609998585092,156.81698565051138,105342000,159.29747772216797,165.44781677246092,159.30352930276106,161.80104128877406,36.43975117970917,-2.497511986012995,-1.8972882269929943,-0.6002237590200008,-0.027186106188552772,0.020209549299661494,0.1518464292235846,-0.062106269397432357,1,AAPL
2022-03-11,151.4625244140625,155.9164439341305,151.23738556277695,155.57382899544626,96970100,158.30685272216797,164.96969604492188,158.0972208583459,161.0352252239806,34.44687892978652,-2.938004365634697,-2.105431454721335,-0.8325729109133619,-0.023908530143864182,0.02044878476070817,-0.07947352433027666,-0.08187668374670054,1,AAPL
2022-03-14,147.43931579589844,150.86540543880508,146.93030751756515,148.25179027503273,108732100,156.8874771118164,164.43418365478516,156.4575431564309,160.02812082190044,33.50983968830012,-3.570577665469557,-2.3984606968709796,-1.1721169685985773,-0.02656240303486268,0.021189866207367083,0.121295120867154,-0.10335361833623313,1,AAPL
2022-03-15,151.81491088867188,152.28478532825997,147.20438184151632,147.713390079557,92964300,156.0936050415039,163.99850128173827,155.7432920383141,159.41973490092056,44.037345515070456,-3.67644286260645,-2.654057130018074,-1.022385732588376,0.02967726124577652,0.024393151141844406,-0.14501513352542628,-0.07429086423256892,1,AAPL
2022-03-16,156.21990966796875,156.62125521924412,151.1982508293672,153.73355381345266,102300200,155.41132659912108,163.56410461425781,155.81661782749174,159.1827108095908,46.386833854005744,-3.3660929820990475,-2.796464300434269,-0.5696286816647786,0.02901558716144237,0.025489334324387027,0.1004245715828549,-0.044901018861132624,1,AAPL
2022-03-17,157.2281036376953,157.6000837703935,154.30125449850178,155.26055517399735,75615400,154.86217041015624,163.19503875732423,156.03376949059998,159.0379250931541,45.02469109092929,-3.004155602554107,-2.8380025608582367,-0.1661530416958703,0.006453684244661195,0.025701325679769987,-0.2608479748817696,-0.03656321396204898,1,AAPL
2022-03-18,160.51718139648438,161.00662274780382,156.38629519642316,157.1204572234023,123511700,154.94145965576172,162.98521697998046,156.72352516842835,159.1474996341415,48.75003802991048,-2.423974465713144,-2.755196941829218,0.331222476116074,0.020919146658209264,0.026109633345276162,0.633419911816905,-0.015142695940327133,1,AAPL
2022-03-21,161.88763427734375,162.8371517415441,159.5676719986422,160.0571133745572,95811400,155.5366226196289,162.85989837646486,157.51800349287686,159.350472570675,52.41796946858407,-1.8324690777981516,-2.570651369023005,0.7381822912248532,0.008537733275257864,0.02469830088226403,-0.22427268024000968,-0.005969941703350634,1,AAPL
2022-03-22,165.25497436523438,165.84229498697945,161.42753966012307,162.01486028186812,81532000,156.6505920410156,162.79860229492186,158.7083067040088,159.78784307397572,52.502224636895775,-1.0795363699669167,-2.272428369211787,1.1928919992448703,0.02080047746032121,0.02453876718237655,-0.1490365447117984,0.015088410070392522,1,AAPL
2022-03-23,166.6156005859375,168.9942779440516,164.1096487837443,164.44248019289995,98062700,157.36126251220702,162.76412689208985,159.92481345507474,160.2936028896766,54.305484263273236,-0.3687894346018652,-1.8917005822898028,1.5229111476879376,0.008233496304298704,0.022558793041781676,0.20275106706569201,0.02366291496406414,1,AAPL
2022-03-24,170.39407348632812,170.46258749011093,166.61558667077662,167.44762778277175,90131400,158.8834228515625,162.74871459960937,161.53546884449833,161.04178589683596,61.59079810755985,0.4936829476623643,-1.4146238762993695,1.9083068239617338,0.022677785796185068,0.02013316033860601,-0.08087988603209983,0.04697646249021181,1,AAPL
2022-03-25,171.0303955078125,171.57856745870845,169.10199529276142,170.20813758146855,80546200,160.8402099609375,162.7372296142578,162.9962267927005,161.78168290505644,67.60278818558673,1.214543887644055,-0.8887903235106847,2.1033342111547397,0.0037344140465978004,0.016613678151548163,-0.10634695566694852,0.05096047114241964,0,AAPL
2022-03-28,171.89178466796875,172.019029244763,168.36780145361686,168.53420969754978,90371900,163.28545684814452,162.80827789306642,164.36477415812638,162.53057933193884,71.20508484756925,1.8341948261875416,-0.34419329357103945,2.178388119758581,0.005036468269857375,0.010130665683430544,0.12198837437396182,0.055792659270485156,1,AAPL
2022-03-29,175.18084716796875,175.22977935165113,172.6161644453855,172.95877935054617,100589400,165.6220504760742,162.9279019165039,166.0287853904098,163.4676362086818,69.68288591182805,2.5611491817280125,0.2368752014887709,2.3242739802392416,0.019134495033332977,0.00897499465116769,0.11306058631056781,0.07520470777156474,0,AAPL
2022-03-30,174.01600646972656,175.8171473086946,172.9685946624538,174.77953388921446,92633200,167.40166015625,163.08816619873048,167.2575886333816,164.24899696875917,75.7147652348318,3.008591664622429,0.7912184941155026,2.2173731705069266,-0.006649361029321343,0.009609551897746519,-0.07909580929998583,0.06700572166394969,0,AAPL
2022-03-31,170.9227294921875,174.27050693821633,170.71715752826566,174.0845168128981,103049300,168.77112274169923,163.25636871337892,167.82145645781327,164.74334752605017,77.01091243030947,3.078108931763097,1.2485965816450215,1.8295123501180757,-0.017775818674917065,0.013225933316404153,0.11244456631099875,0.04695903038409499,0,AAPL
2022-04-01,170.6290283203125,171.18699858724577,168.30908127405286,170.35494237968112,78751300,169.78230743408204,163.45232788085937,168.25339059050546,165.17932388118072,85.90477972497338,3.0740667093247396,1.6136906071809651,1.4603761021437744,-0.0017183271806364697,0.012787456550462142,-0.23579005388682894,0.043906994366481156,0,AAPL
2022-04-04,174.67184448242188,174.720791608407,170.75631338866327,170.88357292891146,76468400,171.06072845458985,163.77020416259765,169.24084503541567,165.88247355534673,85.75801788244641,3.3583714800689393,1.9626267817585603,1.395744698310379,0.023693601270001974,0.013941257779187703,-0.02898872780512829,0.0665666894388226,0,AAPL
2022-04-05,171.36317443847656,174.53475923368862,170.7366902126206,173.75165021722813,73401800,171.67154846191406,164.037353515625,169.5673572512712,166.28845139854153,74.5320531423297,3.278905852729679,2.2258825959527844,1.0530232567768945,-0.018942205904731724,0.015386840690650112,-0.04010283986587926,0.0446594678946326,0,AAPL
2022-04-06,168.20138549804688,169.9633770244397,166.53728819844997,168.72019203962893,89058800,171.830126953125,164.27724426269532,169.35720775077516,166.4301502207271,66.61720252308726,2.927057530048046,2.366117582771837,0.5609399472762089,-0.01845080747827088,0.01677286176969524,0.2133053957804849,0.0238873086346425,0,AAPL
2022-04-07,168.50486755371094,169.69910564386342,166.26323274049562,167.54556668896316,77594700,171.64120635986328,164.52496459960938,169.22607848968835,166.58383298613333,63.29851798070616,2.642245503555017,2.421343166928473,0.22090233662654413,0.001804277977648372,0.014989627743822363,-0.12872506703436382,0.02419026780395983,0,AAPL
2022-04-08,166.49810791015625,168.15242159653383,165.62690315027555,168.15242159653383,76575500,171.18797760009767,164.74173950195313,168.80639070822187,166.57748298050538,57.51661530409067,2.2289077277164893,2.3828560790860767,-0.1539483513695874,-0.01190920875276813,0.015253077575014339,-0.013134917719895833,0.010661344316946986,0,AAPL
2022-04-11,162.24978637695312,165.46052001953282,162.0050657338506,165.1472853633742,72246700,170.2237777709961,164.6563165283203,167.79768234956512,166.25691286172375,45.23734904214004,1.5407694878413736,2.214438760837136,-0.6736692729957623,-0.025515734602194695,0.01656214638613014,-0.05652983003702228,-0.014615474232069658,1,AAPL
2022-04-12,164.11947631835938,166.28279871101802,163.12101178667447,164.47187468621496,79265200,169.11764068603514,164.5212777709961,167.2318044986104,166.09858422888195,46.106934248202755,1.1332202697284401,1.9981950626153968,-0.8649747928869567,0.011523527908150255,0.01543397615658092,0.09714630564440996,-0.002442246122085323,0,AAPL
2022-04-13,166.80160522460938,167.42808955183875,163.24827119923606,163.85517369033073,70618900,168.39620056152344,164.44320526123047,167.16561999491793,166.1506598581951,44.19863173696075,1.0149601367228342,1.8015480774368844,-0.7865879407140501,0.016342538779780202,0.01702250497436345,-0.10908065582374105,0.014341729472083786,0,AAPL
2022-04-14,161.79949951171875,167.65322825491936,161.55477886000992,167.01694559853848,75329400,167.48387756347657,164.24104125976564,166.34006299750266,165.82835168438203,36.935451686161976,0.5117113131206281,1.5435807245736333,-1.0318694114530051,-0.029988354765261183,0.018488080245283162,0.06670310639219812,-0.014865600761659326,0,AAPL
2022-04-18,161.5841522216797,163.0818413516457,160.11582837374732,160.45842830966066,69023900,166.5793899536133,164.09205474853516,165.6083844166068,165.51396653899667,35.139791607180015,0.09441787761014098,1.2537481551809349,-1.1593302775707939,-0.0013309515214134926,0.018496859822822752,-0.08370569790812088,-0.015283509800025019,0,AAPL
2022-04-19,163.8649444580078,164.2760883021938,160.44865367684753,161.53521398147984,67723800,165.4986999511719,163.9943618774414,165.34016288451465,165.3918167552197,33.197724711476724,-0.051653870705052896,0.9926677500037373,-1.0443216207087902,0.014115197591896722,0.017018894934286138,-0.018835504803408676,-0.0007891577365952696,0,AAPL
2022-04-20,163.69851684570312,165.31368193809578,162.59238977382873,165.19620588083708,67929800,164.73223419189452,163.90763244628906,165.08760195546674,165.26638713229255,34.212100537543265,-0.1787851768258122,0.7583771646378275,-0.9371623414636396,-0.001015638902238436,0.01646688157910395,0.003041766705353277,-0.001275813685213567,0,AAPL
2022-04-21,162.9056396484375,167.90773030576432,162.40641490220864,165.34306268686478,87227800,164.2026596069336,163.74298400878905,164.751915446693,165.09151694830328,36.80310451360108,-0.33960150161027514,0.538781431388207,-0.8783829329984821,-0.004843520958793812,0.015726257002179445,0.28408739610598,-0.005113772449063303,0,AAPL
2022-04-22,158.37342834472656,164.3250370614869,158.08955892864606,162.94482378114378,84882400,163.18951568603515,163.45930419921876,163.77060973869817,164.59388075544575,32.29646120105359,-0.823271016747583,0.26637094176104903,-1.0896419585086319,-0.02782108288879248,0.017404435512153996,-0.02688821682995557,-0.031114018742510408,0,AAPL
2022-04-25,159.44041442871094,159.7242838315626,155.11375480994548,157.71757136622622,96046400,162.48374633789064,163.2784066772461,163.10442584485398,164.21214250902094,25.928269543614576,-1.1077166641669578,-0.00844657942455232,-1.0992700847424055,0.006737153417313735,0.017702573399630835,0.13152314260671227,-0.023505816394459034,0,AAPL
2022-04-26,153.4888153076172,158.91181906878418,153.4105028966986,158.82372320771267,95623200,161.60764923095704,163.04660827636718,161.62510114681754,163.41782197558362,23.92927471103104,-1.792720828766079,-0.36530142929285764,-1.4274193994732214,-0.03732804598143358,0.019579080843760668,-0.004406203668226971,-0.058620004854988084,1,AAPL
2022-04-27,153.263671875,156.41566043489684,152.09879906936447,152.61760570667977,88063200,160.5220687866211,162.80560760498048,160.33872741269175,162.66566270887373,26.1712375715137,-2.326935296181972,-0.7576282026706807,-1.5693070935112914,-0.0014668393404819735,0.0187476458907223,-0.0790603117235148,-0.05860938004747562,1,AAPL
2022-04-28,160.1843719482422,161.04579354437072,155.57382764277364,155.88707729102595,130216800,159.86034545898437,162.62647216796876,160.31498041816107,162.4818633932714,39.040757804630395,-2.166882975110326,-1.0394791571586097,-1.1274038179517163,0.04515551525404282,0.0241200181567307,0.47867440656255966,-0.015016621753955572,0,AAPL
2022-04-29,154.32081604003906,162.69026417943107,153.92926902509257,158.4223359956449,131747600,159.11247711181642,162.3347640991211,159.39280128306538,161.87734136710603,35.440091630339154,-2.4845400840406455,-1.3284913425350169,-1.1560487415056286,-0.036605043531323544,0.02499382773625152,0.011755779592187876,-0.0493668013968267,0,AAPL
2022-05-02,154.62429809570312,154.88858563658798,150.0333364297974,153.40069487713816,123055300,158.41649169921874,162.12097595214843,158.65918540808656,161.34007890255768,39.93282966324583,-2.680893494471121,-1.598971772922238,-1.0819217215488832,0.001966565907643547,0.025061070993925925,-0.06597691343144008,-0.04624125787805533,0,AAPL
2022-05-03,156.11221313476562,157.31624964341847,153.01895506893698,154.81029731534235,88966500,157.64121856689454,161.96787841796876,158.26734351988333,160.9528295864249,39.32116361718303,-2.6854860665415856,-1.8162746316461076,-0.869211434895478,0.009622776351369877,0.02473621612055848,-0.27702016898093784,-0.03615325051114271,0,AAPL
2022-05-04,162.5141143798828,162.96439206944154,155.89685759161674,156.29820309411934,108256500,157.5227783203125,162.0011605834961,158.92069288296017,161.06848031186624,44.79812885556058,-2.1477874289060708,-1.8825771910981002,-0.2652102378079706,0.0410083305883997,0.028663210815622224,0.21682318625550057,0.0031663587750800914,0,AAPL
2022-05-05,153.4594268798828,160.61505617925764,151.6778534074066,160.38991736716943,130525300,156.57815704345703,161.9365542602539,158.08049811325597,160.5048467243119,40.78722436679919,-2.424348611055933,-1.990931475089667,-0.4334171359662662,-0.055716314453982285,0.033631821835246996,0.20570404548456667,-0.052348448558113714,0,AAPL
2022-05-06,154.18487548828125,156.3023722983105,151.14587460582203,152.93986371222095,116124600,156.1593017578125,161.8341848754883,157.48117155556753,160.03670070682816,41.91755057875004,-2.555529151260629,-2.1038510103238592,-0.4516781409367696,0.004727299085811598,0.03279011063173608,-0.11032880215559737,-0.0472663386483656,0,AAPL
2022-05-09,149.0675506591797,152.76336357443273,148.5087756857944,151.88106604384285,131577900,155.12201538085938,161.58816040039062,156.18676834073864,159.224171073669,34.779557036050235,-3.03740273293036,-2.2905613548451598,-0.7468413780852003,-0.03318953829223348,0.03399116975231145,0.133075162368697,-0.07748469758048349,0,AAPL
2022-05-10,151.46937561035156,153.65550196924158,149.92046680625165,152.45950928453797,115366700,154.92007141113282,161.38488647460937,155.46101561298678,158.64974178008993,37.97425200789504,-3.188726167103141,-2.470194317296756,-0.7185318498063848,0.01611232585865241,0.032727879091106554,-0.1232061007205617,-0.061440145238245814,0,AAPL
2022-05-11,143.61700439453125,152.39087300235883,142.9405806152843,150.47925033829725,142689800,153.95540466308594,161.06215393066407,153.6388600409167,157.53620567745594,33.34462927866869,-3.897345636539228,-2.7556245811452507,-1.1417210553939774,-0.051841312372081116,0.03649529758827462,0.23683697288732364,-0.10831315185094825,0,AAPL
2022-05-12,139.7545166015625,143.32288335129687,136.06851615454784,139.96039053030978,182602000,151.91241912841798,160.59639038085936,151.502807204093,156.21904352368605,33.734801642556974,-4.716236319593065,-3.1477469288348137,-1.5684893907582516,-0.026894362608748446,0.03215519130624571,0.2797130558736505,-0.12977797153391624,0,AAPL
2022-05-13,144.2150115966797,145.18553469561974,140.2937279042498,141.74459868206603,113990900,150.90183868408204,160.22629730224608,150.38160787987556,155.32985597353743,37.443782091711384,-4.948248093661874,-3.5078471618002256,-1.4404009318616486,0.03191664286481677,0.033841923512905284,-0.3757412295593695,-0.09992919998246719,0,AAPL
2022-05-16,142.6759033203125,144.616949555646,141.3426662408205,142.68571610317943,86643800,149.70699920654297,159.88532958984376,149.196114870712,154.39252614737262,40.38278584691769,-5.196411276660626,-3.845559984772306,-1.3508512918883202,-0.010672316698011608,0.03373769703364678,-0.23990599249589217,-0.10763605587628877,0,AAPL
2022-05-17,146.3031005859375,146.8226694807634,143.7934664467187,145.9305738468132,78336300,148.72608795166016,159.69267150878906,148.75103574997746,153.7933094391182,44.16240653692531,-5.042273689140728,-4.084902725645991,-0.9573709634947374,0.025422633964207852,0.034975553785753094,-0.09588106708154531,-0.08384586967170016,0,AAPL
2022-05-18,138.0487823486328,144.46007380411618,137.14687404841018,143.96011558077154,109742900,146.27955474853516,159.37134155273438,147.10453522669366,152.6270481731563,31.841820797194586,-5.522512946462655,-4.372424769809324,-1.1500881766533304,-0.056419298048001054,0.03400936288642951,0.4009201353650862,-0.13379167795388203,0,AAPL
2022-05-19,134.64706420898438,138.87224434894858,133.91182362893937,137.127274568989,136095600,144.3983184814453,158.8741049194336,145.18800122396917,151.29519750914358,33.18203316846754,-6.10719628517441,-4.719379072882342,-1.3878172122920684,-0.024641420820776472,0.03124995853024978,0.24013125222679554,-0.15249206736827847,1,AAPL
2022-05-20,134.88233947753906,137.93113785871375,130.00034593006458,136.3528207232791,137426100,142.4680648803711,158.4683023071289,143.60251480144146,150.07943024754326,33.10402431708113,-6.476915446101799,-5.070886347526233,-1.4060290985755657,0.001747347927241183,0.031080670244076024,0.009776216130426008,-0.14883710171815734,1,AAPL
2022-05-23,140.29373168945312,140.44077384848245,134.94117272312687,135.07841705772444,117726300,141.59068298339844,158.24492645263672,143.09347124575095,149.35456368768473,37.31386497589992,-6.2610924419337834,-5.3089275664077435,-0.9521648755260399,0.0401193531553119,0.03423466729665032,-0.1433483159312532,-0.11343930681124526,1,AAPL
2022-05-24,137.5978546142578,139.17617200488684,134.62748321427134,138.03899606760518,104132700,140.20353088378906,158.0480972290039,142.24799176398278,148.4836963489124,28.75472287275565,-6.235704584929607,-5.494282970112117,-0.7414216148174901,-0.019215948159129193,0.03357127606917971,-0.11546782664536304,-0.1293925265364928,1,AAPL
2022-05-25,137.7547149658203,138.9997119005548,135.61760734755066,135.70583264997845,92482700,139.61730194091797,157.76689331054686,141.55671841041934,147.68895698720186,34.21373599945028,-6.132238576782527,-5.6218740914462,-0.5103644853363267,0.0011399912593277328,0.030064905606697452,-0.11187648068282108,-0.12684650071250858,1,AAPL
2022-05-26,140.9505615234375,141.4995389264538,134.44123025043575,134.68631051667606,90601500,139.73690643310547,157.46150634765624,141.46346350472982,147.18981658247858,37.326391121325436,-5.726353077748769,-5.642769888706715,-0.08358318904205397,0.023199543902436615,0.029953180342481487,-0.02034110163306213,-0.10485702320009904,1,AAPL
2022-05-27,146.69522094726562,146.73442720207444,142.40141055796454,142.5288570634857,90978500,139.98492736816405,157.25084869384764,142.26834926511995,147.1531798687591,47.75515213470849,-4.884830603639159,-5.491182031693204,0.6063514280540447,0.04075655578621373,0.03106816343122377,0.004161079010833069,-0.06712604627738972,0,AAPL
2022-05-31,145.91094970703125,147.69514080945274,143.9503080341332,146.1364342695409,103718400,140.30843200683594,156.9587240600586,142.82874933310632,147.06116281974224,44.574168192638574,-4.23241348663592,-5.239428322681747,1.007014836045827,-0.005346263055947209,0.03086906071140601,0.14003198557901042,-0.0703864944060072,0,AAPL
2022-06-01,145.7835235595703,148.75389460714223,144.7737792988703,146.95009283292427,74286600,140.25647430419923,156.63664184570314,143.28332998333156,146.96652287454432,52.490427504240316,-3.6831928912127694,-4.928181236387951,1.244988345175182,-0.0008733144957029371,0.02981823434570076,-0.28376642910033323,-0.06928850209150827,0,AAPL
2022-06-02,148.2343292236328,148.2931460840145,143.96992734384497,144.9208398093746,72348100,141.27502899169923,156.2962289428711,144.04502217414714,147.0604344559583,60.07456585133457,-3.015412281811166,-4.5456274454725945,1.5302151636614285,0.016811266487608556,0.022505606015885766,-0.026094881176416784,-0.051580897208883036,0,AAPL
2022-06-03,142.51907348632812,145.05810131692076,141.61717995046743,144.0091506541789,88570300,142.0622299194336,155.8142984008789,143.8102608375596,146.7240373470968,48.043449865526235,-2.9137765095372004,-4.219257258285516,1.305480748748316,-0.0385555476065359,0.024996838133424952,0.22422427126628075,-0.0853273740022551,0,AAPL
2022-06-06,143.26406860351562,145.64625571792195,142.04846553260185,144.13655344098794,71598400,142.90040283203126,155.27169830322265,143.7262312630913,146.46774336609082,50.691212672435555,-2.7415121029995078,-3.923708227228315,1.182196124228807,0.005227336236219404,0.024955581027069074,-0.19162066742463335,-0.07733302225018435,0,AAPL
2022-06-07,145.7835235595703,146.06781003090646,141.26424373812603,141.50932395629872,67808200,143.44938201904296,154.7667608642578,144.04273777024193,146.41706041745968,49.373069321951576,-2.3743226472177525,-3.6138311112262027,1.2395084640084502,0.017586091059770936,0.022457532176905482,-0.05293693713826009,-0.058043712064029473,0,AAPL
2022-06-08,145.04824829101562,146.9206493425614,144.55808797164124,145.65604230031803,53950200,144.19442138671874,154.22989013671875,144.1974316965148,146.31566692661195,60.317878756934,-2.118235230097156,-3.3147119350003935,1.1964767049032377,-0.005043610214663485,0.021238642822417175,-0.2043705628522804,-0.059532181716293486,0,AAPL
2022-06-09,139.8329620361328,145.03846322934638,139.7251261469218,144.1855888973648,69473000,144.40224609375,153.52293243408204,143.5259748256868,145.83546656435425,57.256519301368144,-2.3094917386674467,-3.1136678957338044,0.8041761570663577,-0.03595552732508145,0.024990967599769116,0.28772460528413246,-0.08917215285623381,0,AAPL
2022-06-10,134.431396484375,137.98995082700978,134.36276684809005,137.51940103001422,91437900,143.75032958984374,152.731240234375,142.12680892702343,144.99072063250392,49.44871108491226,-2.86391170548049,-3.063716657683142,0.19980495220265215,-0.03862870007975694,0.026693340653452104,0.31616455313575065,-0.11981729292525767,0,AAPL
2022-06-13,129.28475952148438,132.53941799813305,128.85341581720851,130.2552678975913,122207100,142.00928344726563,151.89848083496094,140.15110901847896,143.82731610576172,36.45356897698989,-3.676207087282762,-3.186214743603066,-0.48999234367969624,-0.03828448634384918,0.023325622346033244,0.33650379109756456,-0.14887391361106872,1,AAPL
2022-06-14,130.14735412597656,131.25512116222714,128.89254498690727,130.51008291043752,84784300,140.43292388916015,151.0888473510742,138.61206980424782,142.8139855887406,40.39907065199865,-4.201915784492769,-3.389354951781007,-0.8125608327117622,0.00667205173823171,0.024023259709824326,-0.3062244337685781,-0.13860383206470173,1,AAPL
2022-06-15,132.76483154296875,134.63724775917188,129.5591934714462,131.6472664900923,91533000,139.1310546875,150.25070709228515,137.71249468712796,142.06960380757232,43.95334965166079,-4.357109120444363,-3.5829057855136783,-0.7742033349306849,0.020111645254490496,0.025862423255655576,0.07959846339475596,-0.11637799174267072,1,AAPL
2022-06-16,127.50054931640624,129.78469908531477,126.5006176888106,129.48080196283755,108123900,137.05767669677735,149.37345458984376,136.1414261685554,140.99041458600448,34.47955645612841,-4.848988417449078,-3.8361223119007586,-1.0128661055483197,-0.03965117995015688,0.025762990924831846,0.18125594048048255,-0.14643100632235573,1,AAPL
2022-06-17,128.97097778320312,130.46106930716064,127.25541670605972,127.51030963953596,134520300,135.70286712646484,148.58884643554688,135.0382802631166,140.1000859339451,27.309051015839472,-5.061805670828505,-4.081258983686308,-0.9805466871421977,0.011532722601436562,0.025466713017337873,0.24413103855854246,-0.1320278683289554,1,AAPL
2022-06-21,133.1962127685547,134.36279718069025,130.69640612370614,130.79442925101708,81000500,134.69608154296876,147.88267333984376,134.75488526395324,139.58868792169397,35.04033119514267,-4.833802657740733,-4.231767718497193,-0.6020349392435405,0.03276113012381798,0.02855438039310546,-0.3978566803672011,-0.09931157071754215,1,AAPL
2022-06-22,132.68643188476562,135.04899374439103,131.27476747959807,132.1374396483602,73409200,133.3863723754883,147.20643981933594,134.43666166715516,139.0774096967363,34.72787490084954,-4.640748029581147,-4.3135637807139835,-0.32718424886716324,-0.003827292632372914,0.02728984789988884,-0.0937191745729965,-0.0986370430015866,1,AAPL
2022-06-23,135.54896545410156,135.8626603415122,132.9609190593017,134.12750324123766,72433800,132.4364440917969,146.6724234008789,134.6077853266854,138.81604345654114,35.348661629139,-4.20825812985575,-4.292502650542337,0.08424452068658717,0.021573672067856764,0.028968446768104783,-0.013287162916909567,-0.07583878202090633,0,AAPL
2022-06-24,138.87225341796875,139.117333627322,137.01944763359853,137.1468791706762,89116800,132.34037322998046,146.1674789428711,135.26385734072898,138.8202071573876,45.54165768150828,-3.5563498166586385,-4.145272083765597,0.5889222671069589,0.024517250668301793,0.02841265857422265,0.23032065140859648,-0.049910045501665,0,AAPL
2022-06-27,138.87225341796875,140.66624234545563,138.19582964679236,139.89178050713437,70207900,132.78445892333986,145.60889190673828,135.81899519876586,138.82406243594917,44.531263656545526,-3.0050672371833116,-3.9172311144491405,0.9121638772658289,0.0,0.02505332067097605,-0.2121810926783727,-0.046265296030714276,0,AAPL
2022-06-28,134.73532104492188,140.59763645444562,134.61768731128618,139.33302894232776,67083400,133.3295150756836,145.06760833740233,135.65227609817447,138.5211927032805,36.77537191441176,-2.8689166051060226,-3.707568212580517,0.8386516074744943,-0.029789481132676654,0.02357814587373522,-0.04450353877555091,-0.07122394455176606,1,AAPL
2022-06-29,136.49008178710938,137.90174634957765,133.98046254650382,134.75492447437682,66242400,133.9637878417969,144.56572692871094,135.78116928108753,138.37074004282337,39.99999286819207,-2.5895707617358426,-3.483968722411582,0.8943979606757395,0.013023761910230247,0.023731506645498463,-0.012536633503966721,-0.055861408600559104,1,AAPL
2022-06-30,134.02947998046875,135.64700354645933,131.13753620204082,134.5490488814723,98964500,134.0902526855469,143.96901763916014,135.51167861945387,138.0491652233897,42.752191758006596,-2.5374866039358324,-3.2946722987164323,0.7571856947805999,-0.018027696770513746,0.024099413762292753,0.49397515790490676,-0.06903942127050955,1,AAPL
2022-07-01,136.19595336914062,136.3037892489926,132.99031531614665,133.36282702594735,71051600,134.9597930908203,143.41896636962892,135.61695165786722,137.91189027122311,52.39742896568196,-2.294938613355896,-3.094725561644325,0.7997869482884292,0.01616415574385255,0.01963372216149126,-0.28204962385501875,-0.050363025081861634,1,AAPL
2022-07-05,138.77423095703125,138.82324999611623,134.23534018265374,135.05882114715405,73353800,135.94011840820312,142.93633819580077,136.10268693466168,137.97576735906077,63.8602576720369,-1.8730804243990917,-2.8503965341952786,0.9773161097961869,0.018930647527408917,0.019968682788906556,0.032401803759521286,-0.029118608265087054,1,AAPL
2022-07-06,140.10745239257812,141.28383440664965,138.30366564043456,138.56835645511603,74064300,136.63124237060546,142.5710186767578,136.71880469741805,138.13366995413614,64.35036483512616,-1.4148652567180875,-2.5632902786998404,1.148425021981753,0.009607125374448522,0.01795967533644222,0.009685933107759892,-0.01727957271431979,1,AAPL
2022-07-07,143.46995544433594,143.66601661315485,140.46036340026106,140.4701612232241,66253700,137.7095947265625,142.25160949707032,137.75744327386695,138.52895036081762,65.09962158990778,-0.7715070869506633,-2.204933640350005,1.4334265533993418,0.023999458946238894,0.0185486934042036,-0.10545701505313632,0.008564725218737967,1,AAPL
2022-07-08,144.14639282226562,144.64636610420064,142.1465445700594,142.40142264422445,64547800,138.5693374633789,142.06476104736328,138.7403585890052,138.94505720981377,76.96952046802132,-0.20469862080855705,-1.8048866364417155,1.6001880156331585,0.004714836467570649,0.017933854413846147,-0.02574799596098032,0.014652696133479193,1,AAPL
2022-07-11,142.0190887451172,143.7542609845207,140.95054251842944,142.8033484830433,63141600,138.88402099609374,141.83986938476562,139.24477861302245,139.17276324946587,70.6998863724939,0.07201536355657367,-1.4295062364420579,1.5015215999986316,-0.014757941808307584,0.017804565553282036,-0.021785405544418213,0.0012635330329120453,1,AAPL
2022-07-12,142.98960876464844,145.52863633565593,142.19555121961218,142.89157069008422,77588800,139.2957565307617,141.49597412109375,139.8209063286572,139.4554925468868,67.32569565170445,0.36541378177039974,-1.0705222327995665,1.4359360145699662,0.00683372938178084,0.017833911688001323,0.22880636537560028,0.01055602219662033,1,AAPL
2022-07-13,142.62689208984375,143.56799177024092,139.3232005090592,140.17608985764943,71185600,140.0849136352539,141.26209564208983,140.25259644576283,139.69041103155027,67.67785639933528,0.5621854142125642,-0.7439807033971404,1.3061661176097046,-0.002536664572610259,0.01390387993685837,-0.0825273750850638,0.009661448398810668,1,AAPL
2022-07-14,145.54824829101562,146.01879814456234,140.4309718883509,141.244640047542,78140700,140.99073028564453,141.08057464599608,141.06731211426327,140.12432490262177,67.74533872533968,0.9429872116415083,-0.4065871203894107,1.349574332030919,0.02048250619758063,0.01452110855101801,0.09770374907284629,0.03166753223276819,1,AAPL
2022-07-15,147.2147674560547,147.89119117713278,145.28353435270415,146.83244295612025,76259900,142.30925903320312,140.90262573242188,142.01307447453888,140.64954286954273,65.73013115563461,1.3635316049961546,-0.052563375312297655,1.4160949803084522,0.011449943126123685,0.01169684741764198,-0.024069403012770607,0.044797899903013416,1,AAPL
2022-07-18,144.17581176757812,148.58725611818477,143.8130828380742,147.77358792071823,81420900,143.10724487304688,140.53585968017578,142.3458032888526,140.91074797310088,58.97187432241277,1.4350553157517254,0.24496036290050696,1.1900949528512184,-0.020643008449432343,0.014754409620444041,0.06767645905646358,0.02590052172937196,1,AAPL
2022-07-19,148.0284423828125,148.25391198084102,144.01893385798232,145.0090524915063,82982400,144.032666015625,140.42723999023437,143.22005545715413,141.4379845960425,72.7059906546538,1.7820708611116345,0.5523824625427325,1.229688398568902,0.026721754280427445,0.015699764859057434,0.019178122570494782,0.05412911621069205,1,AAPL
2022-07-20,150.02828979492188,150.6949157224323,147.41083503397255,148.1460756395822,64823400,145.02474975585938,140.3441082763672,144.26747612450302,142.07430349966322,72.93261650598362,2.1931726248398036,0.8805404950021467,1.3126321298376569,0.013509886207798028,0.015831137511904212,-0.21882953493752888,0.06900312123886576,1,AAPL
2022-07-21,152.2928924560547,152.5085642998164,148.94999383626106,151.45961351801952,65086600,145.90704345703125,140.4086151123047,145.50215556012634,142.83123601495146,81.14352325269762,2.6709195451748826,1.238616305036694,1.4323032401381885,0.015094504271350173,0.014995674167322582,0.0040602621892711355,0.08464065637457119,1,AAPL
2022-07-22,151.0576629638672,153.2045683993023,150.39105184778396,152.33208328648058,66675400,146.5981704711914,140.400380859375,146.3568490068557,143.4406009741304,76.1740859680475,2.916248032725292,1.5741426505744136,1.3421053821508786,-0.008110880765784478,0.015659849970685313,0.024410554553471853,0.0759063617866289,1,AAPL
2022-07-25,149.9400634765625,151.9889303599999,149.28325033510924,150.97920113195147,53623900,147.39026794433593,140.5268420410156,146.90811277142598,143.92204264097722,70.73164374495707,2.986070130448752,1.8565281465492816,1.1295419838994705,-0.007398495815283623,0.014786959976120131,-0.1957468571617118,0.06698522003931062,1,AAPL
2022-07-26,148.61663818359375,150.0773065915356,147.83237855759032,149.2636385384265,55138700,147.95297088623047,140.70408447265626,147.17096283483642,144.26979045894882,65.80478696932218,2.9011723758875974,2.065456992416945,0.8357153834706526,-0.008826362096182594,0.01544917365452658,0.028248598106441314,0.05623542301982831,1,AAPL
2022-07-27,153.7045135498047,154.2338952339947,149.1656377708993,149.5773707705413,78620700,149.06073303222655,140.89387451171876,148.17612448329308,144.96865883604926,67.86446347907611,3.207465647243822,2.2938587233823204,0.9136069238615017,0.034234897440794,0.017907750273362673,0.425871484093749,0.09092403117227366,1,AAPL
2022-07-28,154.2534942626953,154.53778073211737,151.37134852302864,153.8907653704556,81378700,149.93125762939454,141.1254263305664,149.11110444935497,145.65642442320822,67.72083660838545,3.4546800261467467,2.5260229839352055,0.9286570422115412,0.003571662927860153,0.01735127117556042,0.03507981994563769,0.0930241153098681,1,AAPL
2022-07-29,159.31195068359375,160.40992030893383,156.36119003723385,158.06695385906744,101786900,151.14097595214844,141.38560333251954,150.68046540846862,146.6679448869405,77.49374946325199,4.012520521528131,2.8233224914537907,1.1891980300743406,0.0327931399225474,0.019304310306794848,0.25078060966813176,0.1267904717916286,1,AAPL
2022-08-01,158.33164978027344,160.37071938994356,157.72385550686172,157.84148924790597,67829400,152.55655975341796,141.79126068115235,151.8575706964386,147.53192302718736,74.38457479007249,4.325647669251225,3.1237875270132776,1.2018601422379476,-0.0061533419126056366,0.017352755310502923,-0.3336136575531822,0.11665309286103076,1,AAPL
2022-08-02,156.8611602783203,159.21393969022574,156.48864846428177,156.94940053816907,59907000,153.43983154296876,142.23554260253906,152.6273537090358,148.2229776383824,71.85431223799503,4.404376070653399,3.379905235741302,1.0244708349120968,-0.00928740087022284,0.017126718052147747,-0.11679891020707833,0.10282674364065869,1,AAPL
2022-08-03,162.8607177734375,163.311657015849,157.58658648416494,157.67481177613547,82507500,154.72307434082032,142.79511016845703,154.20171741125145,149.30725468542352,74.28493028241486,4.894462725827935,3.682816733758629,1.2116459920693066,0.038247565455158616,0.01990271889319354,0.37725975261655575,0.14052027118651922,1,AAPL
2022-08-04,162.54701232910156,163.89986001020398,161.19416464799912,162.74307352499065,55474100,155.748486328125,143.24017578125,155.48560893707455,150.2879774738441,72.35564921698472,5.197631463230437,3.9857796796529907,1.2118517835774458,-0.0019262192174073212,0.019995751085665838,-0.3276477895948853,0.13478646226555946,1,AAPL
2022-08-05,162.32119750976562,162.8120387299593,160.0142377831412,160.22039768650808,56697000,156.87483978271484,143.73464263916014,156.53723794825777,151.1793271061346,78.82185735558727,5.357910842123175,4.260205912147028,1.097704929976147,-0.0013892277446400092,0.019550025758964196,0.022044521677683893,0.12931158786310304,1,AAPL
2022-08-08,161.8500213623047,164.7361708864107,161.19229575323052,163.32254540690658,60276900,158.06583557128906,144.21654876708985,157.35458924272652,151.96974890288791,74.59612929293368,5.384840339838604,4.485132797685344,0.8997075421532603,-0.0029027394738915246,0.019221173610033126,0.06314090692629248,0.12227079864248425,1,AAPL
2022-08-09,161.89907836914062,162.78260161908204,160.2596703687026,161.01557009848565,63135500,159.39407958984376,144.63551910400392,158.05374141602098,152.705254789277,72.7007298418112,5.348486626743977,4.657803563497071,0.6906830632469063,0.00030310163954894165,0.018546798363112862,0.04742446940701983,0.11935905766496324,1,AAPL
2022-08-10,166.13998413085938,166.23814341245296,163.8428352480907,164.60854654925055,70170500,160.63762664794922,145.02441436767577,159.29777875676535,153.7004199256905,74.61917559077634,5.5973588310748426,4.845714617012625,0.7516442140622175,0.02619474925020393,0.017461750830374424,0.11142701016068624,0.14560010364634168,1,AAPL
2022-08-11,165.40371704101562,167.85792369494868,165.10920924668594,166.94495103045548,57149200,161.75264892578124,145.41426971435547,160.23715387741925,154.56733082312198,75.96701394930568,5.669823054297268,5.010536304469554,0.6592867498277144,-0.004431606838627311,0.017863264073886668,-0.18556658424836647,0.13746551398240636,1,AAPL
2022-08-12,168.94757080078125,169.01628078921996,166.29701596444957,166.70933581222894,68039400,162.7162109375,145.8775506591797,161.57721801947494,155.63253378443005,81.6266094159082,5.944684235044889,5.197365890584621,0.7473183444602682,0.02142547835782227,0.016347082434017078,0.19055734813435699,0.15814647310264407,0,AAPL
2022-08-15,170.01763916015625,170.21397271578903,168.2113464814704,168.37823075272277,54091700,163.8848098754883,146.31321685791016,162.87574434881054,156.69809714559497,85.91192701142597,6.177647203215571,5.393422153110811,0.7842250501047596,0.006333730365598367,0.01578205101092362,-0.20499445909281977,0.16201149022146288,0,AAPL
2022-08-16,169.8605499267578,170.52810192661653,168.51564947224608,169.61512926108554,56377100,165.18474884033202,146.86004638671875,163.9503298223409,157.67309364790333,82.48656111929307,6.277236174437576,5.570184957376164,0.7070512170614114,-0.0009239584443968551,0.01501065794790293,0.04225047465692522,0.1566151183111646,0,AAPL
2022-08-17,171.35269165039062,172.92337473871223,169.40896440067246,169.6052979143018,79542000,166.03394622802733,147.42181884765625,165.08915471896395,158.68639720364314,83.12657302098663,6.402757515320815,5.736699468965094,0.6660580463557206,0.008784510142444635,0.010709585634790918,0.41089201111798945,0.1623292467139088,0,AAPL
2022-08-18,170.9600067138672,171.69626861182405,169.94887490568271,170.5673396933382,62290100,166.8752456665039,147.9253485107422,165.99236271817983,159.59555346365974,77.54574617413677,6.396809254520093,5.868721426076094,0.5280878284439989,-0.0022916764991625094,0.01073699204100072,-0.21689044781373368,0.15571812698113896,0,AAPL
2022-08-19,168.37814331054688,170.55747909866494,168.17198344765686,169.8604781119516,70346300,167.48094024658204,148.3919464111328,166.3594058862363,160.24611567454028,72.08537530315076,6.113290211696011,5.917635183200078,0.19565502849593308,-0.015102148467047827,0.012405375278791913,0.12933355380710587,0.1346851859739111,0,AAPL
2022-08-22,164.5005645751953,166.74861119438174,164.07843325743647,166.58172694573366,69026800,167.7459945678711,148.88529846191406,166.0734302999223,160.56126003755176,65.18661737280887,5.512170262370546,5.836542199034172,-0.32437193666362596,-0.023028990931441617,0.01497013250053815,-0.018757205425160905,0.10488118218922571,0,AAPL
2022-08-23,164.16671752929688,165.61961803602563,163.59734003005707,164.01947118435655,54147100,167.9727584838867,149.4800048828125,165.78008987367224,160.82833096286623,53.351114062384994,4.9517589108060065,5.659585541388539,-0.7078266305825327,-0.0020294583593714055,0.01501288348716022,-0.21556409974097013,0.09825202145262368,0,AAPL
2022-08-24,164.4612579345703,165.03063554714507,163.20470561002094,164.25511301062056,53841500,167.8048858642578,150.18353485107423,165.57719265227195,161.09743666447395,54.916670716470364,4.479755987798001,5.423619630670432,-0.9438636428724312,0.0017941541970640795,0.012287565877987535,-0.005643884898729579,0.09506849800581829,0,AAPL
2022-08-25,166.9154815673828,167.02346724627097,165.2662620854037,165.688378388784,51218200,167.95606231689453,150.91889739990233,165.7830832545967,161.5284029535783,60.588202610310844,4.2546803010183964,5.189831764740025,-0.9351514637216285,0.014922807131810378,0.0131702834975686,-0.048722639599565354,0.10599457352973496,0,AAPL
2022-08-26,160.6229248046875,167.91683533755338,160.5640262370915,167.44563181749547,78961000,167.12359771728515,151.4760592651367,164.98921272384143,161.4613304981049,47.77026761003098,3.5278822257365334,4.857441856939326,-1.3295596312027929,-0.03769906004887291,0.015953358710360906,0.5416590196453603,0.06038489239768596,0,AAPL
2022-08-29,158.4239501953125,159.91609703205498,156.89252766433086,158.19815240165843,73314000,165.96422882080077,152.09452728271484,163.97917233483696,161.2363393645647,44.14302834541181,2.7428329702722465,4.43452007960591,-1.6916871093336638,-0.013690291171380986,0.015636857268959595,-0.07151631818239379,0.04161506022391248,0,AAPL
2022-08-30,155.9991912841797,159.58232691391927,154.83098655063566,159.1602105704912,77906200,164.57809295654297,152.63509155273437,162.75148294242814,160.84840246972138,31.79420197270774,1.9030804727067618,3.9282321582260806,-2.025151685519319,-0.015305507204835256,0.015684736608326092,0.06263742259322913,0.022040146189338472,0,AAPL
2022-08-31,154.34014892578125,157.6386032608909,154.2616125155062,157.37354474862363,87991100,162.87683868408203,153.05797027587892,161.4574315552517,160.36630961461472,30.77454204897751,1.091121940636981,3.360810114708261,-2.26968817407128,-0.010634942045155915,0.014481601124150206,0.12944926077770447,0.008377078616626621,0,AAPL
2022-09-01,155.0665740966797,155.51813965771387,151.83683028732435,153.77074600824525,74229900,161.2874954223633,153.5055731201172,160.4742227154714,159.9737366132862,23.260313255604373,0.5004861021851923,2.7887453122036474,-2.288259210018455,0.004706650705953219,0.015069139689348228,-0.15639308975566846,0.01016901826320682,0,AAPL
2022-09-02,152.95596313476562,157.42262194968552,152.13135334781393,156.82379496598037,76957800,159.74527740478516,153.85371307373046,159.31756739536283,159.4539015408032,18.400017634770336,-0.13633414544037237,2.2037294206748435,-2.340063566115216,-0.013610998851358858,0.015016001752758534,0.03674934224618376,-0.0058350878963487895,1,AAPL
2022-09-06,151.6994171142578,154.21252227519972,150.87480729194033,153.60388383195894,73714800,158.4651626586914,154.11025634765625,158.1455442751928,158.87949528698502,17.67998018776008,-0.7339510117922146,1.616193334181432,-2.3501443459736464,-0.008215083575399462,0.014238982919141725,-0.04213997801392455,-0.015643600176485584,0,AAPL
2022-09-07,153.10321044921875,153.80019664109167,150.7962505650505,151.98409298992328,87449600,157.3588119506836,154.39487548828126,157.3698006096583,158.45162233603935,17.420304920304915,-1.0818217263810368,1.0765903220689383,-2.158412048449975,0.009253781996430677,0.015178619803515566,0.18632350627011118,-0.008365983877233973,0,AAPL
2022-09-08,151.6306915283203,153.49588236025656,149.88328282837716,151.80738719524012,84923800,156.07575531005858,154.73278289794922,156.48686075099093,157.94636820213424,16.77359484310672,-1.4595074511433097,0.5693707674264887,-2.0288782185697984,-0.009617818702677305,0.014882800271137496,-0.028882922277517542,-0.020048055179585522,0,AAPL
2022-09-09,154.48739624023438,154.92916542303703,151.91539245059826,152.62220516793604,68028800,154.83294677734375,155.0927291870117,156.17925082625914,157.6901480568083,26.345804863751354,-1.5108972305491761,0.15331716783135574,-1.664214398380532,0.018839884479327162,0.015587686892097167,-0.1989430524776329,-0.0039030388461822607,0,AAPL
2022-09-12,160.4363555908203,161.25115382171967,156.3820172588061,156.66669857838036,104956000,154.81428985595704,155.62086669921874,156.834190020807,157.8935708371055,43.53522722528745,-1.0593808162985,-0.0892224289946154,-0.9701583873038845,0.038507732639464276,0.017718791827161132,0.5428171597911473,0.030943722353820702,0,AAPL
2022-09-13,151.0220489501953,157.59931943362142,150.56065692569356,156.97104316313002,122656600,154.0740997314453,155.91738861083985,155.94001447148213,157.3845692158529,33.77760653649568,-1.4445547443707767,-0.3602888920698477,-1.084265852300929,-0.058679384768845155,0.025562873881761705,0.1686478143221921,-0.031397009046008395,1,AAPL
2022-09-14,152.46511840820312,154.22233860679495,150.79626102566698,151.95463927472932,87965400,153.72069244384767,156.1912063598633,155.4054150771315,157.02016545232328,35.60318972397013,-1.6147503751917895,-0.6111811886942361,-1.0035691864975536,0.009555356108853497,0.02560147068700617,-0.28283190631405075,-0.023855939386723812,0,AAPL
2022-09-15,149.57894897460938,152.39638777057854,148.60709294324934,151.81718374523024,90481100,153.24457244873048,156.38063629150392,154.50903567674348,156.4689642317519,29.40757262204204,-1.9599285550084176,-0.8809306619570725,-1.078997893051345,-0.01893003110302549,0.026043286793273567,0.028598744506362683,-0.04349443433786615,1,AAPL
2022-09-16,147.93955993652344,148.57766259301448,145.65223775657734,148.44022763272653,162278800,152.53187103271483,156.47002838134765,153.498347101325,155.83715650617944,33.06231968932464,-2.3388094048544303,-1.1725064105365441,-1.1663029943178862,-0.010960025119338246,0.02601147558700022,0.7935104679319769,-0.05451822648126459,0,AAPL
2022-09-19,151.65032958984375,151.72886599832884,146.36888718799335,146.5750321533895,81474200,152.40130767822265,156.62010711669922,153.2140367149433,155.5270211790435,41.30540717980216,-2.3129844641001966,-1.4006020212492747,-0.912382442850922,0.025083011298076663,0.02733118838640889,-0.4979368839306182,-0.03173141442913474,0,AAPL
2022-09-20,154.02598571777344,155.1843789131033,150.2759661753886,150.5900968013731,107689800,152.63396453857422,156.86024505615234,153.33895194614792,155.41583336709755,47.464004298696665,-2.0768814209496327,-1.5358579011893463,-0.5410235197602864,0.015665354202361037,0.027625450905049698,0.32176566324063316,-0.018068691256757252,0,AAPL
2022-09-21,150.9042205810547,155.83227045116655,150.78642348575858,154.45790609581144,101696800,152.4140655517578,157.01853729248046,152.96437788997972,155.0816398273907,45.744103790969554,-2.117261937410973,-1.6521387084336716,-0.4651232289773013,-0.020267782232790577,0.028317650927842025,-0.055650581577828206,-0.038940094697459515,0,AAPL
2022-09-22,149.94223022460938,151.6405372059972,148.1457489754599,149.58882383167358,86652500,152.2452194213867,157.1648440551758,152.49943209530736,154.70094281977728,43.68958126715344,-2.2015107244699266,-1.7620131116409228,-0.4394976128290038,-0.006374840628984302,0.028227441114644078,-0.14793287497738372,-0.04595565804799695,0,AAPL
2022-09-23,147.6744842529297,148.69544239271363,145.83874285871622,148.42057250414538,96029900,151.56392822265624,157.20736877441405,151.75713242724925,154.1804644074182,43.52114980231783,-2.4233319801689674,-1.894276885346532,-0.5290550948224355,-0.015124131262304608,0.027644931285880473,0.10821845878653247,-0.06063891658388898,0,AAPL
2022-09-26,148.00827026367188,150.95331767501642,146.898964278694,146.91860212230296,93339400,150.3211196899414,157.2232388305664,151.1803844020835,153.72326484121476,45.367144016642065,-2.5428804391312667,-2.023997596103479,-0.5188828430277876,0.00226028221754615,0.023494733385029314,-0.028017315440295176,-0.058610728512120014,0,AAPL
2022-09-27,148.98016357421875,151.88595100420483,147.20332025510484,149.94222342090066,84442700,150.11693115234374,157.31932586669922,150.84188889010431,153.37192400662246,44.76833429625143,-2.5300351165181496,-2.125205100186413,-0.40483001633173643,0.006566479756945132,0.015481284107718013,-0.09531559020092262,-0.05300786948163294,0,AAPL
2022-09-28,147.09532165527344,147.8806707549768,142.1869085062377,144.93562286555536,146691400,149.57995147705077,157.30066345214843,150.26549393089957,152.90699049911512,44.30473854643699,-2.6414965682155582,-2.2284633937922425,-0.4130331744233158,-0.01265163008098269,0.015350862861397325,0.7371708862933088,-0.06487793231704642,0,AAPL
2022-09-29,139.8701171875,144.03245634378814,138.103085707034,143.4238179924611,128138200,148.60906829833985,157.0975,148.66620520114577,151.94129617973624,33.45920772001945,-3.2750909785904696,-2.437788910751888,-0.8373020678385816,-0.04911919962149536,0.020748060289606865,-0.12647776215919948,-0.10966045170992533,1,AAPL
2022-09-30,135.66851806640625,140.4787712884576,135.47218456289696,138.69210195416497,124925300,147.38196411132813,156.76501251220702,146.66656102657046,150.73590520837848,20.818925733911158,-4.06934418180802,-2.7640999649631146,-1.3052442168449057,-0.030039290776180505,0.022041472021149925,-0.025073709479296546,-0.13457399778000867,1,AAPL
2022-10-03,139.84066772460938,140.44932105441077,135.16786446408517,135.67834355315813,114311700,146.20099792480468,156.54067260742187,145.61642359549953,149.92885057995116,34.96965761283582,-4.312426984451633,-3.0737653688608186,-1.2386616155908148,0.030752526213642106,0.023048341237472236,-0.0849595718401317,-0.1066815710233554,0,AAPL
2022-10-04,143.42384338378906,143.5416405102459,141.61753589548164,142.37343574191996,87830100,145.14078369140626,156.4103482055664,145.2791035629287,149.44699819505027,38.50767261988578,-4.167894632121573,-3.29259122151297,-0.8753034106086033,0.025623273383077017,0.024354493796721912,-0.23166132600599942,-0.08302842472231753,0,AAPL
2022-10-05,143.7183380126953,144.68039782185656,140.39043433471556,141.43103055560152,79471000,144.4221954345703,156.31238220214843,145.03898578596971,149.02265299635732,42.025177682681466,-3.9836672103876083,-3.430806419287898,-0.5528607910997101,0.0020533170912051535,0.024007221705761975,-0.09517352251676814,-0.08056971566824489,0,AAPL
2022-10-06,142.7660675048828,144.83741801539523,142.55992258457076,143.13911161877988,68402200,143.70457916259767,156.09361328125,144.68930605041788,148.55920221921107,42.82602090345798,-3.86989616879319,-3.5186243691889567,-0.35127179960423316,-0.006625949902985817,0.024009409456247573,-0.13928099558329454,-0.08538174942720789,0,AAPL
2022-10-07,137.52389526367188,140.47876912027488,136.89561907456743,139.9290143479333,85925600,142.68952026367188,155.75902130126954,143.58693516014927,147.74177207435633,31.209223289935608,-4.154836914207067,-3.645866878192579,-0.508970036014488,-0.03671861481392735,0.025950738052379633,0.25618181871343326,-0.11707267986954817,0,AAPL
2022-10-10,137.8478546142578,139.2909290851068,136.0317509799681,137.8478546142578,74899000,141.67347869873046,155.32973937988282,142.7039996915506,147.00888929953422,27.23765498360639,-4.304889607983625,-3.7776714241507885,-0.5272181838328369,0.0023556586291044734,0.025954451085358054,-0.12832729710354074,-0.11254692652815423,1,AAPL
2022-10-11,136.43423461914062,138.76083241469453,135.68816128454225,137.33738075448184,77033700,140.41888580322265,154.89179107666016,141.73942044964136,146.225581545431,28.612983877842737,-4.48616109578964,-3.919369358478559,-0.5667917373110813,-0.010254929241176436,0.02553503230127618,0.028501048078078517,-0.11916420056363342,1,AAPL
2022-10-12,135.8059844970703,137.78898779453905,135.62928879673916,136.58152223774053,70433700,139.28995208740236,154.47068756103516,140.8265841492458,145.4537595418487,28.898078891587275,-4.627175392602908,-4.060930565303429,-0.5662448272994789,-0.0046047835708104,0.025515134079962108,-0.08567678821087399,-0.12083006399897045,1,AAPL
2022-10-13,140.37081909179688,140.95981974279604,131.90870376504793,132.51735724415704,113224000,139.34002227783202,154.02088958740234,140.75646644809981,145.07724543443746,39.797142066632254,-4.320778986337643,-4.112900249510272,-0.20787873682737157,0.03361291191718463,0.023941972111738766,0.6075259428370225,-0.08862479974094328,1,AAPL
2022-10-14,135.84521484375,141.87274416009623,135.6586927916983,141.66658426591152,88598000,139.3576919555664,153.4868536376953,140.00088927819985,144.39339131660878,34.7901233248715,-4.392502038408935,-4.168820607290004,-0.2236814311189308,-0.03224034936411757,0.024263067598378135,-0.21749805694905677,-0.11493908680666731,1,AAPL
2022-10-17,139.80140686035156,140.282421693242,137.70060693296034,138.48595592005591,85250900,139.35376586914063,153.03645782470704,139.97019967545396,144.053244319849,39.319170092064034,-4.083044644395045,-4.151665414711013,0.06862077031596758,0.029122792592672475,0.02404096066514513,-0.03777850515812997,-0.08648299334995935,1,AAPL
2022-10-18,141.11685180664062,144.01281203046764,138.03436952113134,142.8249846575733,99136600,139.1230667114258,152.62179443359375,140.1466076956365,143.83573376331503,42.94974662238151,-3.6891260676785294,-4.059157545304516,0.37003147762598676,0.009409382751083939,0.022644448572433314,0.16288039187856085,-0.07538204271316551,1,AAPL
2022-10-19,141.224853515625,142.2948839097448,138.9080820775627,139.09460416043055,61758300,138.87371826171875,152.20830993652345,140.31249166794242,143.6423352264491,51.91988153407149,-3.329843558506667,-3.9132947479449465,0.5834511894382794,0.0007653353061785051,0.022626349042731784,-0.37703834910618284,-0.07216068837160705,1,AAPL
2022-10-20,140.763427734375,143.2176335425476,140.03697742261386,140.40021006813618,64522000,138.67345428466797,151.70077880859375,140.3818664473936,143.42908281962877,58.07649326837953,-3.0472163722351695,-3.740079072802991,0.6928627005678214,-0.0032673128685450914,0.022566949681051954,0.0447502602889005,-0.07209818670752377,1,AAPL
2022-10-21,144.57237243652344,145.14175003074126,140.0369895251427,140.25296085326963,86548600,139.37830200195313,151.2841519165039,141.0265596764905,143.51377093939874,57.58811573591242,-2.4872112629082324,-3.4895055108240394,1.002294247915807,0.02705919260033962,0.02030696894965455,0.3413812343076781,-0.04436538391466671,1,AAPL
2022-10-24,146.71243286132812,147.47814394112922,143.32563155001017,144.49383601206912,75981900,140.26475982666017,150.83944915771485,141.90130939723474,143.75070885954165,55.529778096617754,-1.8493994623069057,-3.161484301120613,1.3120848388137074,0.01480269285713165,0.020494146222769054,-0.12208978539225357,-0.02736032463279281,1,AAPL
2022-10-25,149.5495147705078,149.69677613929844,146.62410499116672,147.3407290522299,74732300,141.57628784179687,150.43008666992188,143.07795637773827,144.18025003813173,59.032780204995646,-1.1022936603934568,-2.749646172975182,1.6473525125817252,0.01933770610880181,0.019944698049112062,-0.016446022013137385,-0.005853695353817412,0,AAPL
2022-10-26,146.6143035888672,149.20594507644813,145.32828678897533,148.19481318791426,88194300,142.65711975097656,149.96516174316406,143.62200979483504,144.36055030114917,55.616091454387714,-0.7385405063141377,-2.347425039642973,1.6088845333288355,-0.019627019092271047,0.021612698518128855,0.18013629983287016,-0.022344243925370377,0,AAPL
2022-10-27,142.14767456054688,146.31982652290824,141.4899488722307,145.35778155872993,109180200,142.83480529785157,149.3810614013672,143.39518898955993,144.19663357962307,56.904200976081,-0.8014445900631415,-2.038228949727007,1.2367843596638655,-0.03046516553286327,0.022617089399172438,0.23795075191934179,-0.048422382147795595,0,AAPL
2022-10-28,152.8872528076172,154.61500878306214,145.11232844918345,145.4853576495381,164762400,144.53900909423828,149.0196063232422,144.8555065000303,144.8403831520671,67.12881218787885,0.01512334796319692,-1.6275584901889661,1.642681838152163,0.07555226126823378,0.029419213585064465,0.5090868124440147,0.025953943778280975,0,AAPL
2022-10-31,150.53121948242188,151.41474288743174,149.13723186575905,150.35452378899333,97943200,145.61199035644532,148.66266784667968,145.7286931127059,145.26192658394524,65.7180529799071,0.4667665287606724,-1.2086934863990384,1.6754600151597108,-0.015410266597961408,0.029950296041313853,-0.40554883881273884,0.012569071057363823,0,AAPL
2022-11-01,147.89048767089844,152.60256746450293,146.39834080336652,152.23934967138234,80379300,146.2893539428711,148.33046630859374,146.06127689088936,145.45663481260846,62.89542585826218,0.6046420782809037,-0.84602637346305,1.4506684517439536,-0.017542751733515383,0.030985750397944774,-0.1793274060884268,-0.0029662054508744484,0,AAPL
2022-11-02,142.37342834472656,149.3826416112209,142.34397906464244,146.22162239502856,93604600,146.40421142578126,147.89460052490233,145.49391557609508,145.2282491483209,52.09442908004578,0.26566642777416405,-0.6236878132156073,0.8893542409897713,-0.03730503166944055,0.033791963292177034,0.16453614301194452,-0.03733180359918631,0,AAPL
2022-11-03,136.33609008789062,140.1842842462697,136.2084665510831,139.45783369878677,97918500,145.96147766113282,147.33209716796875,144.08501934714053,144.56957069940017,50.497645888983975,-0.4845513522596434,-0.5958605210244146,0.11130916876477115,-0.04240495102932984,0.036536449460435085,0.04608641028325522,-0.0746341584179171,1,AAPL
2022-11-04,136.07058715820312,140.28898493787645,132.1373429796548,139.71866273149064,140814800,145.11129913330078,146.71519927978517,142.85202977961168,143.9400163630152,45.91179278645106,-1.0879865834035058,-0.6942857335002328,-0.39370084990327303,-0.0019474148739071495,0.03504094391127046,0.43808166996022213,-0.072552892773453,1,AAPL
2022-11-07,136.60157775878906,136.8277351131925,133.40581664759068,134.82178704829124,83374600,144.10021362304687,146.23477233886717,141.8904217764082,143.39642831825768,44.965642316009024,-1.506006541849473,-0.8566298951700808,-0.6493766466793922,0.0039023172580903154,0.034504605964511596,-0.4079130886810193,-0.06587485606881027,1,AAPL
2022-11-08,137.17190551757812,139.069688836373,135.19545550623369,138.06672226567505,89908500,142.8624526977539,145.8097314453125,141.16449619812664,142.93535255524438,45.527230255345316,-1.7708563571177365,-1.039475187559612,-0.7313811695581245,0.0041751183855003315,0.03355878860697482,0.07836799217027735,-0.05924039391687719,1,AAPL
2022-11-09,132.61920166015625,136.23779535819637,132.343875672757,136.18862678813056,74917800,141.46294250488282,145.34213165283202,139.84983549997736,142.17119322968227,41.75655472360195,-2.321357729704914,-1.2958516959886723,-1.0255060337162418,-0.03318976900002646,0.03434103861921456,-0.16673284505914343,-0.0875377968383324,1,AAPL
2022-11-10,144.4188995361328,144.4188995361328,137.171901375878,138.88286812786214,118854000,141.6900650024414,145.14370666503908,140.55276842861667,142.33768999312306,49.86628705555535,-1.7849215645063907,-1.393665669692216,-0.39125589481417467,0.08897427920139278,0.045259899267650096,0.5864587587996444,-0.0049937206755988894,1,AAPL
2022-11-11,147.20166015625,147.50648417895965,141.96061049585242,143.38642351170455,93979700,141.1215057373047,144.98640838623047,141.57567484825256,142.69798407928062,50.4215176739776,-1.122309231028055,-1.3393943819593839,0.21708515093132896,0.019268673484255094,0.0380959154666132,-0.2092845003113063,0.01527903059794622,1,AAPL
2022-11-14,145.80535888671875,147.77198095425382,144.96953850636208,146.48384590068005,73374100,140.64891967773437,144.84339630126954,142.22639546955506,142.9281599909427,46.69190795038421,-0.7017645213876449,-1.211868409845036,0.5101038884573912,-0.009485635338956855,0.037929731888387976,-0.21925586057414526,0.006641397606062416,0,AAPL
2022-11-15,147.5360107421875,151.02676861885655,146.08071431905194,149.67963703147598,89868300,140.61347198486328,144.76012817382812,143.04325935765235,143.26948226881268,50.83207132520083,-0.22622291116033466,-1.0147393101080957,0.788516398947761,0.011869603893045921,0.03777850544664881,0.22479594298260563,0.01917573991801169,1,AAPL
2022-11-16,146.3068084716797,147.36878594446117,144.8318422601719,146.6411455494286,64218300,141.0068099975586,144.62420013427734,143.54534383673348,143.49446939495098,53.98774998690613,0.050874441782497115,-0.8016165597299773,0.8524910015124744,-0.0083315406477662,0.03561583741630904,-0.2854176611775231,0.011634348441271314,1,AAPL
2022-11-17,148.2046661376953,148.95197725260945,143.71092672522755,143.98625266251898,80389400,142.19366760253905,144.55567962646484,144.26216265226608,143.8433728573765,44.5937499339365,0.4187897948895909,-0.5575352888060637,0.9763250836956546,0.012971765879118191,0.031826279437040986,0.2518145139313872,0.025242775106862236,0,AAPL
2022-11-18,148.76515197753906,150.1516244369956,147.46718893347042,149.7681336507777,74829600,143.46312408447267,144.44123474121093,144.9549302407696,144.20794908849965,47.872803027379106,0.7469811522699672,-0.2966320005908576,1.0436131528608248,0.003781836661762128,0.03166204092952309,-0.06916085951630435,0.02993547683301867,0,AAPL
2022-11-21,145.5398712158203,147.8604860232478,145.2547175972566,147.65399909356225,58724100,144.3569534301758,144.14330505371095,145.0449211600082,144.3066099868197,47.20803939663928,0.7383111731884924,-0.08964336583498761,0.8279545390234799,-0.021680351337964643,0.033153440946539506,-0.21522900028865588,0.009688734149594813,0,AAPL
2022-11-22,147.67364501953125,147.9096450709946,144.47788413446048,145.65786938764137,51804100,145.4071273803711,144.07633697509766,145.44934021531944,144.55601998924277,56.84554766943348,0.8933202260766677,0.10694935254734346,0.7863708735293242,0.014661094488305437,0.033225700703760075,-0.11783918357199175,0.024968069843803287,0,AAPL
2022-11-23,148.548828125,149.29613922514196,146.84768896962234,146.95585380028717,58301400,147.00009002685547,143.9980111694336,145.92618450911644,144.85178355485442,68.20041113708511,1.0744009542620176,0.3004396728902783,0.7739612813717394,0.00592646782269779,0.029998693404005013,0.12542057481936753,0.03160333200860488,0,AAPL
2022-11-25,145.63816833496094,146.39532187887542,144.66468520707087,145.8348275010844,35195900,147.12201690673828,143.91919555664063,145.88187432847712,144.91003427930676,63.216396382496264,0.9718400491703676,0.4347197481462962,0.5371203010240714,-0.01959395995766333,0.01471714179651597,-0.39631123780904065,0.011944013247654484,0,AAPL
2022-11-28,141.81312561035156,144.19273663104678,140.98714790150922,142.71777000634123,69246000,146.58316345214843,143.79666687011718,145.25591298722705,144.68063363716192,56.59857836826104,0.5752793500651308,0.46283166853006313,0.11244768153506762,-0.026264012850065188,0.015441769350892224,0.9674450717271046,-0.013794069799665354,1,AAPL
2022-11-29,138.81402587890625,142.39327767480953,138.007718580844,141.8819517027843,83763800,145.8840301513672,143.53994079589845,144.26485343210078,144.24607009951336,51.958696614424085,0.018783332587418045,0.3740220013415342,-0.35523866875411614,-0.021148252099637777,0.01634827670929434,0.20965543136065623,-0.03292404114693093,1,AAPL
2022-11-30,145.5595245361328,146.23801151936658,138.20436253781247,139.04016787618127,111380900,145.6863815307617,143.37061157226563,144.46403360195185,144.34336302074442,64.66774430443762,0.12067058120743468,0.3233517173147143,-0.2026811361072796,0.0485937830454608,0.02319514845479923,0.32970209087935354,0.015267515007870713,0,AAPL
2022-12-01,145.83486938476562,146.64119170281938,144.16324348642758,145.73654727553216,71250400,145.63918762207032,143.26922454833985,144.67493141469242,144.4538449736349,52.1725897404561,0.22108644105753683,0.3028986620632788,-0.08181222100574198,0.0018916305855647408,0.0230663477992222,-0.36029965640428474,0.01790785735397149,0,AAPL
2022-12-02,145.3432159423828,145.53004745802463,143.2192602974079,143.5240993516398,65447400,145.35304260253906,143.17724426269533,144.7777444189525,144.51972430465327,46.93285909056798,0.258020114299228,0.2939229525104687,-0.035902838211240684,-0.0033713023809528453,0.022612892066329035,-0.08144515679911968,0.015127904513327906,0,AAPL
2022-12-05,144.1829376220703,148.40133640660238,143.33728932207632,145.30391187981684,68826400,144.8948211669922,143.10741333007812,144.6862356809706,144.49477714298047,47.301362985929536,0.1914585379901439,0.27343006960640376,-0.08197153161625986,-0.007983023581729864,0.02260086733400463,0.051629247303941694,0.007515503683317215,0,AAPL
2022-12-06,140.52496337890625,144.84169760083205,139.5514801929375,144.615540296504,64727200,144.3933303833008,142.9577471923828,144.04603994219147,144.20071686416017,39.04090115926848,-0.15467692196870075,0.18780867129138284,-0.3424855932600836,-0.02537036839096929,0.02296874868509608,-0.05955854148989337,-0.017017502452684075,1,AAPL
2022-12-07,138.58787536621094,140.97731424983792,137.66356048798676,139.8170142991394,69721100,143.48475341796876,142.74990142822264,143.20632231511755,143.78495082727503,38.19562480107004,-0.5786285121574792,0.03452123460161044,-0.6131497467590896,-0.013784654100725269,0.022252160325128872,0.07715303612700697,-0.029156069604044155,1,AAPL
2022-12-08,140.2693328857422,141.12482380942538,138.7452125702619,139.98417924727298,62128300,142.65680389404298,142.61338165283203,142.75447778752135,143.5245346834578,37.78383411665881,-0.7700568959364489,-0.12639439150600146,-0.6436625044304474,0.012132789503324748,0.022707079912041014,-0.10890246998397901,-0.016436387244473494,0,AAPL
2022-12-09,139.7875213623047,143.14061609699272,138.5485396692002,139.9645101732408,76097000,142.07173919677734,142.61172973632813,142.29802295287263,143.2477188818909,36.14569440362893,-0.9496959290182758,-0.2910546990084564,-0.6586412300098194,-0.0034349027939697407,0.02216023723663145,0.22483634672122044,-0.019803478853002265,0,AAPL
2022-12-12,142.07864379882812,142.08847150955347,138.70587850686456,140.31850830999085,70462700,142.098291015625,142.73993225097655,142.26427231378887,143.16112072758995,44.500049705284034,-0.8968484138010808,-0.4122134419669813,-0.48463497183409954,0.016390035492404476,0.02146587036186812,-0.07404102658449085,-0.004632820274747651,0,AAPL
2022-12-13,143.04226684570312,147.4671667934874,141.83279839446703,147.00500937638787,93886200,142.5211151123047,142.80396423339843,142.3839637802372,143.1523167363391,42.35641168732007,-0.7683529561018929,-0.4834413447939636,-0.2849116113079293,0.006782321544674952,0.020127146376289304,0.3324241052358199,0.0016687394750134477,0,AAPL
2022-12-14,140.81996154785156,144.21238117508022,138.80417118832523,142.92424628798724,82291200,142.04715881347656,142.7518865966797,142.14334805217788,142.97954968534003,37.78738355049998,-0.8362016331621476,-0.5539934024676004,-0.28220823069454715,-0.015536004475157794,0.013009083646192403,-0.12350057835975892,-0.013533446701733953,0,AAPL
2022-12-15,134.22195434570312,139.43350575702271,133.7597969655739,138.75501875197617,98931900,140.8858673095703,142.56195892333983,140.92467209733562,142.330838919441,33.84359639579563,-1.4061668221053765,-0.7244280863951558,-0.6817387357102207,-0.04685420397523965,0.01874540482846785,0.20221724801679897,-0.058500911748283424,0,AAPL
2022-12-16,132.26513671875,135.3527321802719,131.49815545789718,134.40876216882202,160156900,139.57805938720702,142.35194030761718,139.59243588524552,141.58523134901944,35.73312186982865,-1.9927954637739163,-0.9781015618709079,-1.0146939019030083,-0.01457896836990713,0.01876610829691725,0.6188600441313672,-0.07085820935822851,0,AAPL
2022-12-19,130.160888671875,132.94366095306307,129.12842399506934,132.85516655290323,79592600,138.1758544921875,142.20468017578125,138.14142862165005,140.73898374330503,36.71496294380521,-2.5975551216549775,-1.3019922738277219,-1.2955628478272556,-0.015909317444320115,0.018874959919777622,-0.5030335876880734,-0.08469335530320621,0,AAPL
2022-12-20,130.092041015625,131.02618341248566,127.72225803734128,129.19722445474264,77432800,137.13256225585937,142.0495639038086,136.9030612976462,139.95032131903244,20.12912807607418,-3.0472600213862506,-1.6510458233394278,-1.3962141980468228,-0.0005289427335085639,0.01825416620034338,-0.027135688493653887,-0.08417852585792418,0,AAPL
2022-12-21,133.18948364257812,134.5267873201525,130.5345467103143,130.76070405901197,85928000,136.59272308349608,141.98466888427734,136.33174165840495,139.44951852818397,27.97943789545063,-3.1177768697790214,-1.9443920326273467,-1.1733848371516746,0.02380962434574374,0.020550247089997205,0.10971061359010648,-0.06194461212476121,0,AAPL
2022-12-22,130.023193359375,132.314309508476,128.1254105644458,132.10782262615243,77852100,135.56810913085937,141.86901306152345,135.3611957662465,138.7512722193833,25.59519960875042,-3.3900764531367997,-2.233528916729237,-1.1565475364075626,-0.02377282497543165,0.020599107050060503,-0.09398449865003256,-0.08349828793840519,0,AAPL
2022-12-23,129.659423828125,130.21007573511977,127.47647162243918,128.73510883960984,63814900,134.5552993774414,141.65478515625,134.48400008345857,138.077801968179,26.261635206322424,-3.5938018847204205,-2.5055835103274737,-1.0882183743929468,-0.002797728019527712,0.020613589014260313,-0.1803059904614005,-0.0846802408749815,0,AAPL
2022-12-27,127.8599624633789,129.2169368090849,126.57182710814284,129.18743867149468,69007800,133.1334312438965,141.49508010864258,133.46491737267706,137.32092496782343,27.960336686228544,-3.856007595146366,-2.7756683272912523,-1.0803392678551136,-0.013878369281753344,0.018899571303362655,0.0813744125588225,-0.09636460599756813,0,AAPL
2022-12-28,123.93653106689452,128.84325132058044,123.76936998157429,127.50594763388185,85438400,131.2228576660156,141.17778259277344,131.99901178717207,136.32948838256945,26.15235176846143,-4.330476595397386,-3.086629980912479,-1.2438466144849065,-0.03068537891686085,0.018844798496023735,0.2380977222864662,-0.12212439669499009,0,AAPL
2022-12-29,127.44695281982422,128.30242867918332,125.5983306446105,125.8539861302219,75703700,129.88555679321288,140.9043846130371,131.2986950229647,135.67152278532907,30.3021111423394,-4.3728277623643805,-3.3438695372028597,-1.0289582251615208,0.028324350558391442,0.02309203396536572,-0.1139382291803217,-0.09550754456769228,1,AAPL
2022-12-30,127.76160430908205,127.78127473228464,125.30333405560762,126.26698223669044,77034200,129.2395217895508,140.63511962890624,130.7545272208289,135.08560289819965,31.430275278859114,-4.331075677370762,-3.5413107652364406,-0.7897649121343218,0.0024688820116607335,0.01921308402263315,0.017575098707196535,-0.09153841056055934,1,AAPL
2023-01-03,122.98271942138672,128.7154174535332,122.09773792777466,128.10576937065363,112117500,128.31128005981446,140.27950546264648,129.55886448245317,134.18909301102832,22.616993180890788,-4.630228528575145,-3.7590943179041814,-0.8711342106709639,-0.03740470318558464,0.02170427706001158,0.4554249930550327,-0.12330230267218567,1,AAPL
2023-01-04,124.2511978149414,126.51281646624362,122.9925607402256,124.77235152537196,89113600,127.72031097412109,139.87308197021486,128.74230037975906,133.452952626133,23.287694706719037,-4.7106522463739395,-3.949405903598133,-0.7612463427758067,0.010314281547217918,0.02209395377627569,-0.20517671193167886,-0.11168613671213767,1,AAPL
2023-01-05,122.93354034423828,125.637645647583,122.67788488068354,125.00832719533364,80962700,127.00446090698242,139.39750411987305,127.84864498967895,132.6737369015482,23.90246389450246,-4.825091911869265,-4.12454310525236,-0.7005488066169052,-0.01060478686624522,0.022126764257394155,-0.09146639794599254,-0.11810802409687904,1,AAPL
2023-01-06,127.45677947998048,128.115596113896,122.80572219640976,123.907033324828,87754700,126.43119049072266,138.9556494140625,127.78835798818687,132.28729561106172,39.4929953302202,-4.498937622874848,-4.199422008776858,-0.29951561409799066,0.03679418263784018,0.0243064209267737,0.08389048290138534,-0.08275208660151323,1,AAPL
2023-01-09,127.97794342041016,131.18354745345354,127.72228791640812,128.292610198386,70790800,126.22666549682617,138.58292221069337,127.81752497775969,131.96808433768012,43.030764395781155,-4.150559359920436,-4.189649479005574,0.03909011908513804,0.004088946406428873,0.023383229724108032,-0.19331044377110285,-0.07652442754930522,1,AAPL
2023-01-10,128.5482635498047,129.06941726347972,125.98182082594904,128.08610610497774,63896200,126.11554946899415,138.3109339904785,127.92994629653585,131.71476427931898,47.24092901732849,-3.7848179827831387,-4.108683179761087,0.32386519697794824,0.004456393923451429,0.023445353309534386,-0.09739401165123152,-0.07058495058204073,1,AAPL
2023-01-11,131.26219177246094,131.28184718963053,128.28276062052532,129.05956971451124,69458900,126.45577239990234,137.8784327697754,128.44259944667817,131.6812403899221,51.83586807470736,-3.2386409432439223,-3.9346747324576543,0.696033789213732,0.021112134444389197,0.023853051635652097,0.08705838531868881,-0.04798604730561473,1,AAPL
2023-01-12,131.1835174560547,132.0193227611732,129.24639368399414,131.64567480294028,71379600,127.18047103881835,137.49147872924806,128.8642791404284,131.64437202445043,46.52350034748337,-2.780092884022025,-3.703758362770529,0.9236654787485037,-0.0005993676880134968,0.020857400125601288,0.02765232389225858,-0.04587892523590631,1,AAPL
2023-01-13,132.51101684570312,132.66835024455597,129.46276101465787,129.82658137088367,57809700,127.68687744140625,137.18388931274413,129.42531571047067,131.70856793713583,54.605105209433106,-2.283252226665155,-3.4196571355494543,1.1364049088842991,0.010119406884276705,0.019427669992776342,-0.19010893868836476,-0.0340628370463244,1,AAPL
2023-01-17,133.6713104248047,134.99877137842552,131.89151977321038,132.5798345273993,63646600,128.27784805297853,137.0098469543457,130.07854566652207,131.85395626955574,57.213520175238344,-1.775410603033663,-3.090807829046296,1.315397226012633,0.008756204629028153,0.019471620640381812,0.1009674846954749,-0.024367128376207026,1,AAPL
2023-01-18,132.9534912109375,136.29674271738915,132.7764874230637,134.53662257229425,69672800,129.2749252319336,136.94219497680663,130.52084498104753,131.93540330225068,59.52899881847201,-1.4145583212031454,-2.755557927477666,1.3409996062745204,-0.0053700319955416465,0.013491001656647874,0.09468219826353641,-0.029126915678142073,1,AAPL
2023-01-19,133.01251220703125,133.9761529962307,131.5375453850544,131.84236946093412,58280400,130.15105667114258,136.8810334777832,130.90417840042963,132.01518914704923,69.84944478279368,-1.1110107466195984,-2.4266484913060524,1.315637744686454,0.00044392212311383794,0.013655357332580132,-0.16351287733520115,-0.028261923310067938,1,AAPL
2023-01-20,135.56910705566406,135.71661273457056,131.98002726434026,133.02233471040634,80223600,131.41461334228515,136.86038406372072,131.62185973200414,132.27844232546514,68.53676840596817,-0.6565825934609961,-2.0726353117370415,1.4160527182760454,0.01922070943712062,0.012620398824308258,0.3765107995140733,-0.00943499477142673,1,AAPL
2023-01-23,138.75502014160156,140.9281441212582,135.59858513124948,135.81491475833332,81760300,132.54443740844727,136.89204635620118,132.71926902578838,132.75818883036413,72.1824922403635,-0.03891980457575528,-1.6658922103047844,1.6269724057290291,0.0235002881934554,0.009874366585911527,0.01915521118473862,0.013609072513627307,1,AAPL
2023-01-24,140.15133666992188,140.77082749424633,137.95855701188813,137.96838472187488,66435100,133.76177673339845,137.04268905639648,133.86266404796277,133.3058294110721,90.11936729663398,0.5568346368906703,-1.2213468408656936,1.7781814777563638,0.010063178448573185,0.00975291668496271,-0.18744060381383143,0.022683790247622015,1,AAPL
2023-01-25,139.49249267578125,140.05297211797858,136.49339126221906,138.53867984910516,65799300,134.8561996459961,136.94416091918944,134.72879152916562,133.7641007640135,86.66013856555254,0.9646907651521133,-0.7841393196621322,1.7488300848142455,-0.0047009469177757834,0.010634738936544147,-0.009570242236408122,0.018608546282565364,1,AAPL
2023-01-26,141.55746459960938,141.8426182007582,139.53183124401357,140.78064047196506,54105100,135.88572692871094,136.83127700805665,135.7793566169262,134.34138697405766,93.24186392393067,1.437969642868552,-0.3397175271559954,1.7776871700245473,0.014803462782959187,0.009952497700112506,-0.17772529494994627,0.03454025786278714,1,AAPL
2023-01-27,143.49459838867188,144.77290596887224,140.69217042868402,140.7708371263728,70555800,137.11683502197266,136.7850617980957,136.96631688950248,135.01940263439946,92.31950820114373,1.9469142551030245,0.11760882929580863,1.829305425807216,0.01368443405327735,0.00966196062143326,0.3040508196085028,0.04905167642121566,1,AAPL
2023-01-30,140.61351013183594,143.12095684480488,140.4660194445421,142.540806802597,64015300,137.92708435058594,136.64661178588867,137.52742354216917,135.4337809675429,79.64923662796548,2.093642574626273,0.5128155783619015,1.5808269962643713,-0.02007802585733698,0.013318390345848159,-0.09269967883575836,0.029030345459007734,1,AAPL
2023-01-31,141.8819580078125,141.93112656571586,139.90550801485074,140.31849689379183,65874500,138.7481491088867,136.55811477661132,138.19735192149892,135.9114237112666,80.29483692166457,2.2859282102323277,0.8674381047359867,1.418490105496341,0.009020810836649407,0.013324664770740293,0.029043056894211272,0.038985916288535316,1,AAPL
2023-02-01,143.00294494628906,144.16325999959267,138.96155019582764,141.56731895311415,77663600,139.7530944824219,136.4540803527832,138.9366739253128,136.43672158052752,78.7571776897743,2.499952344785271,1.1939409527458436,1.3060113920394274,0.007900842039513245,0.012706446559410943,0.17896302818237708,0.04799317526141156,1,AAPL
2023-02-02,148.30294799804688,148.65692549625814,145.69716527119672,146.4149779827907,118339000,141.28213806152343,136.44483627319335,140.3776391672719,137.31570131515858,83.39082303627774,3.061937852113317,1.5675403326193385,1.4943975194939787,0.03706219514394227,0.015461378698747088,0.5237382763611267,0.08690773538040619,1,AAPL
2023-02-03,151.9215545654297,154.75349514117664,145.36287177724367,145.5595309829737,154357300,142.9173828125,136.57246994018556,142.15362615160385,138.39761637073423,84.75347250870279,3.7560097808696185,2.0052342222693946,1.7507755586002238,0.024400098691433003,0.015847516438248818,0.3043654247543075,0.1123878379878942,0,AAPL
2023-02-06,149.19778442382812,150.54493079230497,148.26364190831887,150.02377712562708,69858300,143.96165924072267,136.60295272827148,143.23734280886913,139.19762881911154,76.3254123277925,4.039713989757587,2.4121301757670333,1.6275838139905536,-0.01792879324723129,0.017689112668363895,-0.5474247087763261,0.09220028882252707,1,AAPL
2023-02-07,152.0690460205078,152.63936822302708,148.12597415973434,148.12597415973434,83322600,145.15343017578124,136.67335708618165,144.59606637989046,140.15106713032608,80.20506781665898,4.4449992495643755,2.818703990526502,1.6262952590378736,0.019244666452440384,0.018075455073634863,0.19273729821653252,0.11264586794789966,0,AAPL
2023-02-08,149.3845977783203,152.00020850727236,148.64711456554969,151.31189384284664,64120100,146.14264068603515,136.74828567504883,145.33276351811043,140.83503236351083,73.8880307487756,4.497731154599592,3.15450942334112,1.3432217312584718,-0.017652824900509234,0.01952009469104466,-0.23045968320719712,0.09240563449035699,1,AAPL
2023-02-09,148.35215759277344,151.75442098443708,147.90967054867934,151.21359681759392,56007100,146.82210998535157,136.87906631469727,145.7972856834432,141.39185645456732,69.51954540836917,4.4054292288758745,3.404693384448071,1.0007358444278034,-0.006911289389278097,0.019767447741665417,-0.12652818694917822,0.083819181318044,1,AAPL
2023-02-10,148.71652221679688,149.04151212756338,146.95371454850684,147.19007494553122,57450700,147.34430236816405,137.0771162414551,146.24639899626683,141.93442428880655,66.64540214674763,4.31197470746028,3.586149649050513,0.7258250584097667,0.0024560790347494255,0.019528860855641015,0.0257753034883077,0.08491137174814445,1,AAPL
2023-02-13,151.513427734375,151.9171894883824,148.6279189411094,148.65746211757215,62199000,148.43429412841797,137.1961943054199,147.05671110982192,142.6439800995894,68.13681981993392,4.4127310102325055,3.751465921286912,0.6612650889455933,0.018806958876437685,0.01807396422501939,0.08264999382078897,0.1043559079859222,0,AAPL
2023-02-14,150.8732452392578,151.4345954776921,148.56878800441328,149.80964612462722,61707600,149.3334228515625,137.29696182250976,147.64387020665822,143.2535552951204,68.17743796363679,4.390314911537814,3.8792357193370925,0.5110791922007216,-0.0042252525382735495,0.018443132044109144,-0.007900448560266282,0.09888262082811972,0,AAPL
2023-02-15,152.97091674804688,153.13833305811258,150.5581292969133,150.78463194852628,65573800,150.3302200317383,137.44951583862306,148.46341582841032,143.97335984718902,68.21064389435377,4.490055981221303,4.001399771713935,0.48865620950736854,0.013903535417843838,0.01859751058837523,0.06265354672682144,0.11292437674096445,0,AAPL
2023-02-16,151.3755340576172,153.95573796607766,151.02100096105386,151.17855953849067,68167900,150.63747863769532,137.59336776733397,148.91143401751907,144.5216690479615,62.71300751972235,4.389764969557575,4.079072811282663,0.3106921582749118,-0.01042932032013244,0.015913953725170817,0.03956000719799668,0.1001659201596723,0,AAPL
2023-02-17,150.23313903808594,150.67630162569367,148.55896091432058,150.03617955770974,59144100,150.46863708496093,137.78753128051758,149.11477325145245,144.94474089908184,66.43995080782193,4.170032352370612,4.097264719500253,0.07276763287035859,-0.007546761282417158,0.014052411260405198,-0.1323760890389758,0.09032462982612488,0,AAPL
2023-02-21,146.22494506835938,149.00212332766463,146.15601601247863,147.91882364629484,58867200,150.17135314941407,137.94027267456056,148.67018430020735,145.03957083754685,56.786635700762545,3.6306134626605058,4.003934468132304,-0.3733210054717979,-0.02667982573878347,0.015427062802915767,-0.004681785672619898,0.06005985223289101,0,AAPL
2023-02-22,146.64840698242188,147.67260518894304,144.92498541296462,146.60900607426132,51011300,149.62928924560546,138.06785415649415,148.35914163593267,145.15874388531535,55.82359155564721,3.200397750617327,3.843227124629309,-0.6428293740119817,0.0028959622030599874,0.013707311260387548,-0.13345122580995872,0.062147361370605614,0,AAPL
2023-02-23,147.13099670410156,148.05672295415894,145.0038129046831,147.81051980369892,48394200,149.4039291381836,138.2147236633301,148.17019626180482,145.30483668670692,47.78724093245589,2.865359575097898,3.647653614723027,-0.7822940396251292,0.0032907941627864368,0.012886537070810836,-0.051304318847000596,0.06451029821171694,0,AAPL
2023-02-24,144.48184204101562,144.9545478123535,143.50687229977612,144.87576101262292,55469600,149.01689758300782,138.26278762817384,147.6027571509142,145.2438741203594,35.4193169849441,2.3588830305547788,3.389899497889378,-1.0310164673345992,-0.01800541505481479,0.01385098771259941,0.14620347066383999,0.04497995823407308,1,AAPL
2023-02-27,145.67344665527344,146.9044621404894,145.21058363066865,145.46664446890208,44998500,148.71259002685548,138.31541122436522,147.30594015158485,145.27569430813082,42.65152329823226,2.0302458434540256,3.1179687670023077,-1.0877229235482822,0.00824743509235959,0.01420037968705243,-0.18877186783391264,0.05319750970463111,1,AAPL
2023-02-28,145.17123413085938,146.81586942805245,144.60004099931746,144.81670098117985,50547000,148.0783706665039,138.4024366760254,146.977523840704,145.26795651722182,34.040975810898686,1.7095673234821902,2.8362884782982847,-1.1267211548160945,-0.0034475227705877964,0.012182161197371038,0.12330411013700449,0.04890663500873549,1,AAPL
2023-03-01,143.1030731201172,144.99391093566584,142.80762642427203,144.59999202590106,55479000,147.30135345458984,138.58005905151367,146.38145449907526,145.10759478410296,35.04022792188444,1.2738597149723034,2.5238027256330886,-1.2499430106607852,-0.014246355506476682,0.012589850883459982,0.09757255623479133,0.03263827494056848,1,AAPL
2023-03-02,143.69398498535156,144.481837933212,141.71450238763347,142.1872231725768,52238100,146.3736602783203,138.8086360168457,145.96799765081008,145.0028829471584,38.66800695484843,0.9651147036516647,2.2120651212368037,-1.246950417585139,0.004129274461760701,0.011249896925539836,-0.05841669821013351,0.03519484888471203,1,AAPL
2023-03-03,148.73622131347656,148.81500811176437,145.09241829817535,145.79162671403117,70732300,146.10972900390624,139.18014266967774,146.39387821429722,145.27942652984865,50.039037388202175,1.114451684448568,1.9925424338791564,-0.8780907494305885,0.03509010017809033,0.01705197630431424,0.35403661312337165,0.06865978479759627,0,AAPL
2023-03-06,151.49368286132812,153.9261705239575,151.12930710707832,151.4542819528968,87558000,146.23578338623048,139.6081755065918,147.17846354460966,145.73974181366194,49.96081063237224,1.4387217309477194,1.881778293292869,-0.4430565623451497,0.018539273913917187,0.01801397002204905,0.2378785929483418,0.0851347516834724,0,AAPL
2023-03-07,149.2975616455078,151.69064849711955,148.83469862838186,151.3656586110283,56182000,146.5430450439453,139.9303370666504,147.50447863705554,146.0032840234283,47.05452819511126,1.5011946136272343,1.8056615573597423,-0.30446694373250804,-0.014496454072151388,0.016262109424339852,-0.3583453253843166,0.06694205684929999,1,AAPL
2023-03-08,150.5482635498047,151.1391569879468,149.5240652876753,150.48917721139935,47204800,146.9330307006836,140.34083847045898,147.97275323901695,146.33994917353027,45.323169679178,1.632804065486681,1.7710900589851302,-0.13828599349844906,0.008377242672365615,0.016380132049718627,-0.15978783240183692,0.07273310599105698,1,AAPL
2023-03-09,148.30288696289062,152.19289270805663,147.9483539187185,151.22778082054958,53833600,147.0502197265625,140.7137077331543,148.02354304268982,146.48535197274217,44.21359766761167,1.5381910699476578,1.7245102611776357,-0.18631919122997798,-0.014914662806265078,0.017299016592091182,0.1404263973155273,0.053933474939969805,1,AAPL
2023-03-10,146.24464416503906,148.64758887079853,145.36816171354923,147.92868001277867,68572400,147.22649993896485,141.0814013671875,147.749866292282,146.46752176476417,42.73932801493301,1.2823445275178358,1.6360771144456758,-0.35373258692784004,-0.013878642823498044,0.016840325489604648,0.27378440230636625,0.03659761490753377,1,AAPL
2023-03-13,148.1847381591797,150.81418573238946,145.45680332509693,145.56513330123872,84457100,147.47762908935547,141.5663655090332,147.81676965642012,146.59472297916534,53.85811397382405,1.2220466772547809,1.553271027007497,-0.3312243497527161,0.013266085778506964,0.01714114463037746,0.23164859331159482,0.04675102469678194,1,AAPL
2023-03-14,150.27249145507812,151.07018694052056,147.820318670502,148.98238986483992,73695900,147.98775482177734,142.0228762817383,148.19457301005983,146.8671502736774,56.695737876471036,1.327422736382431,1.5081013688824838,-0.1806786325000529,0.01408885504562396,0.01743441466157935,-0.12741616749805518,0.05808652372998435,1,AAPL
2023-03-15,150.6664581298828,150.92250395033966,147.64307677577528,148.8937927615987,77167900,148.7440933227539,142.4809733581543,148.57486302849412,147.14858048524817,56.55346176647614,1.4262825432459465,1.4917376037551766,-0.06545506050923011,0.0026216819258797486,0.01629517219450447,0.047112525934278615,0.057449669094782774,1,AAPL
2023-03-16,153.48301696777344,154.08375312665916,149.33695019463687,149.84905684492745,76161100,149.7229965209961,143.09097930908203,149.32996363453708,147.61779800247226,66.5819999449048,1.7121656320648242,1.535823209417106,0.17634242264771816,0.018694000462017968,0.0168230185046411,-0.013046875708682015,0.07262538637214999,1,AAPL
2023-03-17,152.64593505859375,154.35951419092353,151.93686886777078,153.70953434482817,98944600,150.1139678955078,143.6588740539551,149.84011308439196,147.990252599222,63.01474504487313,1.8498604851699554,1.598630664567676,0.2512298206022794,-0.005453905752683008,0.01385482491251687,0.29914877805073714,0.06255834221047363,1,AAPL
2023-03-20,155.0094451904297,155.4230795673691,151.80880531492744,152.7148458265595,73641400,150.46554412841797,144.3003921508789,150.6353949468593,148.51019279116332,67.17074472419782,2.1252021556959733,1.7039449627933356,0.42125719290263763,0.015483610034742856,0.01349532545190576,-0.255730984813724,0.07421361009437533,1,AAPL
2023-03-21,156.86094665527344,156.97911935630492,154.16255477435743,154.93072241220443,73938300,151.22188262939454,144.88847549438478,151.59317213276915,149.1287671514678,74.19475679551417,2.4644049813013567,1.8560369664949399,0.6083680148064168,0.011944442885845952,0.012364512410742936,0.004031699560301583,0.08263232199825765,0,AAPL
2023-03-22,155.4329376220703,159.6774765177441,155.41323716716616,156.88061300312046,75701800,151.7103500366211,145.43757537841796,152.18390528496934,149.59574274188282,70.0538227498608,2.5881625430865256,2.002462081813257,0.5857004612732686,-0.009103661960815468,0.013054073084608356,0.02385096763111938,0.06872613365318525,1,AAPL
2023-03-23,156.5162353515625,159.0964541870748,155.28521978995877,156.41776312286146,67622100,152.53168487548828,145.9969348144531,152.85041760290676,150.1083718240813,65.36964300248087,2.7420457788254566,2.150378821215697,0.5916669576097595,0.0069695506374987115,0.011394847887104303,-0.1067306193511911,0.07205151635873941,1,AAPL
2023-03-24,157.81617736816406,157.90480687220796,155.45263376473136,156.44728881765926,59196500,153.68883819580077,146.5280145263672,153.61438064371558,150.67932038290226,63.253506485198386,2.935060260813316,2.307315109135221,0.627745151678095,0.008305477151821838,0.00914901992929444,-0.12459831918854936,0.07703757454357363,1,AAPL
2023-03-27,155.87611389160156,158.32830230982592,155.47233717929535,157.5109061704178,52390300,154.45797576904297,147.0218664550781,153.96233960492881,151.06426805021331,63.939914407324395,2.8980715547155,2.4254663982512765,0.4726051564642235,-0.012293185077196456,0.010831126503839874,-0.11497639218534883,0.06022401735206384,1,AAPL
2023-03-28,155.25567626953125,156.0829301456233,153.6110412861723,155.57082346557496,45992200,154.95629425048827,147.4767596435547,154.1613144764061,151.37474273312577,60.24872947712727,2.7865717432803194,2.4976874672570855,0.28888427602323397,-0.003980325186332068,0.01067578383478357,-0.12212375191590807,0.05274672866950625,1,AAPL
2023-03-29,158.32830810546875,158.60405440029712,156.92987617396892,156.94956160428092,51305700,155.72247924804688,147.96989959716797,154.8023904193388,151.8898216495956,71.06792517687379,2.9125687697431886,2.580663727754306,0.3319050419888825,0.019790785817088263,0.011865518932925046,0.11553045951270002,0.07000348406331569,1,AAPL
2023-03-30,159.8941650390625,160.0024950198449,158.8207229739758,159.07676882534926,49501700,156.36359405517578,148.50871307373046,155.58574036083476,152.4827359747413,79.28993114106748,3.1030043860934597,2.6851318594221367,0.417872526671323,0.009889936628077134,0.01103719857849121,-0.035161785142781454,0.07666521195749287,1,AAPL
2023-03-31,162.39556884765625,162.49405610459849,159.4509892058579,159.97293860815142,68749800,157.33855743408202,149.09637420654298,156.63340628188422,153.21701989125353,79.7770972509002,3.4163863906306915,2.831382765663848,0.5850036249668435,0.015644121897647967,0.01101273226827693,0.38883715104733785,0.08919864558671242,0,AAPL
2023-04-03,163.64627075195312,163.76444342844442,161.725889623748,161.7751332479675,56976200,158.20223999023438,149.65791748046874,157.71230850804866,153.9895569920461,79.04191219936327,3.7227515160025746,3.009656515731593,0.7130950002709815,0.007701576546526034,0.01055434926938788,-0.17125286182650712,0.09346884887202811,0,AAPL
2023-04-04,163.11448669433594,164.30610131295074,162.60238002597387,164.06975594835677,46278300,158.8275939941406,150.14510681152345,158.54341284440054,154.66547771073422,76.87075591767041,3.8779351336663126,3.1833122393185374,0.6946228943477752,-0.003249594721429605,0.010614917938892134,-0.18776085453224334,0.08637897137129413,0,AAPL
2023-04-05,161.27285766601562,162.54327395468036,159.3426339632527,162.23798454444034,51511700,159.41158599853514,150.5675372314453,158.96332743234132,155.1549132629773,67.55429292147805,3.8084141693640277,3.3083326253276355,0.5000815440363922,-0.011290407526900914,0.01093190279222239,0.11308539855612665,0.07109979104004749,1,AAPL
2023-04-06,162.15919494628906,162.4546416380935,159.5395906537556,159.963052724609,45390100,159.97588195800782,151.02087127685547,159.45499935756405,155.67374894322262,71.39050771581748,3.7812504143414287,3.4029161831303942,0.3783342312110345,0.005495886245836745,0.010893527008280206,-0.11883902103793897,0.07375353866827128,1,AAPL
2023-04-10,159.5691680908203,159.5691680908203,157.6487867222166,158.96843186504725,47716900,160.15118103027345,151.38110534667967,159.47256377806502,155.96229850971133,60.14912619143363,3.5102652683536917,3.424386000175054,0.08587926817863778,-0.01597212453062946,0.01233817932762894,0.051262279660102106,0.05408906696373417,1,AAPL
2023-04-11,158.35784912109375,159.89415417908276,158.07224508795338,159.88431146406083,47644200,160.39935455322265,151.67837036132812,159.30106921545408,156.13974670314707,53.42957486989773,3.1613225123070094,3.3717733026014454,-0.21045079029443592,-0.0075911843385504385,0.011847792363617715,-0.001523569217614762,0.04403712107305591,1,AAPL
2023-04-12,157.66845703125,159.59868074602483,157.35330987869057,158.77144201112134,50133100,160.64063262939453,152.0194692993164,159.04989811019192,156.25298450522877,55.30125233840999,2.7969136049631516,3.256801363073787,-0.4598877581106353,-0.0043533812417253515,0.011868039184327722,0.05223930719793812,0.03715963328888572,1,AAPL
2023-04-13,163.04556274414062,163.28192316496492,158.9684394039646,159.17525665056672,68445600,161.11235809326172,152.44274139404297,159.66461574618404,156.75613844885186,62.86382870755057,2.9084772973321833,3.1871365499254662,-0.27865925259328295,0.03410387730137354,0.014804564794775323,0.3652776309464205,0.06955281211252196,1,AAPL
2023-04-14,162.70086669921875,163.794009087704,161.33197803499354,162.09027277975596,49386500,161.39302825927734,152.83669982910158,160.13173127742013,157.1964886896198,60.00002499045677,2.9352425878003316,3.1367577575004395,-0.20151516970010785,-0.0021141087136654635,0.01467332659786195,-0.2784561754152203,0.06454056441382905,0,AAPL
2023-04-17,162.7205810546875,162.87815467656333,161.53880894471416,162.58270789230806,41516200,161.42552947998047,153.12505249023437,160.53001585853818,157.60568071666185,65.20787464256871,2.924335141876327,3.094273234375617,-0.16993809249929015,0.00012116933282957376,0.01384832258361978,-0.1593613639354885,0.06266465485825767,1,AAPL
2023-04-18,163.9417266845703,164.8674527745674,163.13417327770642,163.5773508935462,49923000,161.4550750732422,153.36545593261718,161.05489444715852,158.07501745502543,68.79792778280819,2.979876992133086,3.071393985927111,-0.09151699379402523,0.007504555489956211,0.013836734139435085,0.2024944479504387,0.06896123176916658,0,AAPL
2023-04-19,165.08412170410156,165.60607111909823,163.02585218946157,163.2819130529251,47720200,161.65203857421875,153.68318267822266,161.6747755636113,158.5942103623644,65.95345867441323,3.080565201246884,3.0732282289910655,0.00733697225581853,0.006968299301429504,0.013925311229676093,-0.04412395088436194,0.07418468844278059,0,AAPL
2023-04-20,164.11898803710938,165.32046042282218,163.04554607797024,163.56749547193866,52456400,161.93665161132813,153.9241815185547,162.05080825184174,159.00345315308624,60.26799025112405,3.047355098755503,3.0680536029439534,-0.02069850418845043,-0.0058463143337437184,0.013478192275827076,0.09924937447873217,0.06623265050349314,1,AAPL
2023-04-21,162.51373291015625,163.92200731179602,161.99178358382397,162.5432760775303,58337300,161.97210540771485,154.1867642211914,162.12202743004397,159.26347387583215,50.30026490312734,2.8585535542118237,3.026153593197528,-0.1676000389857042,-0.009781044510158377,0.013876619511534245,0.11211024774860645,0.054005729551592774,1,AAPL
2023-04-24,162.8190460205078,163.0849495926161,161.40091367199096,162.49405610505224,41949600,162.2970932006836,154.4761019897461,162.2292610593461,159.52684959025257,47.79185888229683,2.7024114690935335,2.961405168376729,-0.2589936992831956,0.0018786911412609353,0.012643611899904065,-0.2809128979229413,0.054007991678321154,1,AAPL
2023-04-25,161.28274536132812,163.78416246885476,161.24334444666383,162.68117729099055,48714100,162.58958282470704,154.7274264526367,162.083643259651,159.65691594366558,45.35933502551022,2.4267273159854312,2.8544695978984693,-0.4277422819130381,-0.009435632358306467,0.01281283855514614,0.16125302744245484,0.04236688387432119,1,AAPL
2023-04-26,161.27285766601562,162.76977657727082,160.32744626830737,160.58349205788602,45498800,162.95002288818358,154.92261505126953,161.95890701447632,159.77661533050633,50.0,2.182291683969993,2.720034015112774,-0.5377423311427814,-6.130659104508496e-05,0.012650778017133166,-0.06600347743261192,0.04098977165241213,1,AAPL
2023-04-27,165.852294921875,166.00001080225775,162.68119712191097,162.68119712191097,64902300,163.23069610595704,155.22219604492187,162.55788976946073,160.22666567060773,58.54998166581766,2.3312240988529993,2.6422720318608195,-0.3110479330078202,0.028395585730508044,0.011090537893115843,0.4264617967946407,0.06848311097129911,0,AAPL
2023-04-28,167.10293579101562,167.27036709773776,165.33028575815172,165.9310218332577,55275900,163.67090301513673,155.50483642578126,163.25712761893072,160.73601901286017,68.59479169726674,2.5211086060705554,2.6180393467027665,-0.09693074063221108,0.007540690767829039,0.01113567192950165,-0.1483214000120181,0.07458352827997006,1,AAPL
2023-05-01,167.0143585205078,167.86129792357815,166.07878959348815,166.70906903109534,52472900,164.10028076171875,155.81761291503906,163.83516314225028,161.20108119861186,72.61957639005735,2.634081943638421,2.621247866089898,0.012834077548522949,-0.0005300760880622146,0.011154502812204313,-0.05070926027436917,0.07185802295388699,1,AAPL
2023-05-02,165.9803009033203,167.76282424517206,164.99548835131355,167.5067633643402,48425700,164.30413818359375,156.13255615234374,164.16518433626106,161.5550974730347,71.33467385335797,2.610086863226371,2.6190156655171926,-0.00892880229082138,-0.006191429445633778,0.011333422078348207,-0.07712933723884141,0.06307297461631123,1,AAPL
2023-05-03,164.90684509277344,168.32414556576836,164.6212560883793,166.925713661642,65136000,164.28641052246093,156.50619415283202,164.27928599110913,161.80337507449684,56.13231782419626,2.4759109166122926,2.5903947157362124,-0.11448379912391982,-0.006467368746199242,0.011382251013015958,0.34507090243403815,0.053676156304318434,1,AAPL
2023-05-04,163.2720489501953,164.50306450874902,161.81453073644045,162.3857237588548,81235400,164.20171661376952,156.8386669921875,164.12432644635317,161.91216573195598,51.73441767064553,2.2121607143971858,2.514747915468407,-0.3025872010712214,-0.009913452298832226,0.011681126629197342,0.2471659297469908,0.04101910632999872,1,AAPL
2023-05-05,170.93392944335938,171.65283843062485,168.1665934268077,168.38325340001882,113453200,165.04373626708986,157.31472564697265,165.17195767666183,162.58044452539326,67.0342920073926,2.591513151268572,2.53010096262844,0.06141218864013176,0.046927079940677796,0.018453297618891702,0.39659803484687717,0.08657297490985916,0,AAPL
2023-05-08,170.8649444580078,171.20963479482143,169.49605587870553,169.86043164324718,55962800,165.84832611083985,157.8423876953125,166.0478017968689,163.19411118706842,65.07924480142935,2.8536906098004806,2.5948188920628485,0.25887171773763207,-0.0004035769000116929,0.01851315153338732,-0.5067322913765324,0.08250354643540425,0,AAPL
2023-05-09,169.1612091064453,170.90431601807424,168.99379282252266,170.42176761942747,45326900,166.63617248535155,158.31214294433593,166.5267875368037,163.6361184403556,58.66821520334276,2.890669096448107,2.6539889329399005,0.23668016350820675,-0.009971239899248086,0.018560226083173998,-0.19005303523054595,0.06852958945748089,1,AAPL
2023-05-10,170.92404174804688,171.38690478906514,169.28924951921832,170.39224965147537,53724500,167.60129089355468,158.8271990966797,167.20328818468727,164.17596461129568,63.99344092755777,3.027323573391584,2.7286558610302376,0.29866771236134637,0.01042102176328319,0.018542851190669247,0.18526746810392947,0.07616354579169848,0,AAPL
2023-05-11,171.11117553710938,171.9384144483228,169.5551699505623,171.20966280003566,49514700,168.12717895507814,159.38736114501953,167.80450162352145,164.68968393913372,68.77414066560931,3.114817684387731,2.8058882257017363,0.30892945868599453,0.0010948359701108412,0.016804261119491664,-0.07835903544937595,0.07355548336999496,1,AAPL
2023-05-12,170.1841583251953,171.653548851867,168.6358569767775,171.21962961924467,45533100,168.4353012084961,159.91716461181642,168.1706026545482,165.09668204180494,65.65796678699613,3.073920612743251,2.8594947031100393,0.21442590963321173,-0.005417631016818136,0.01693579878012732,-0.08041248356548658,0.06420194941738133,1,AAPL
2023-05-15,169.69107055664062,170.81530899814229,169.09935977781652,170.7659972586019,37266700,168.70297241210938,160.3362615966797,168.40452079333164,165.43700711697795,68.70551462501255,2.96751367635369,2.8810984977587695,0.08641517859492032,-0.002897377602047224,0.016990847885644145,-0.18154705038752028,0.05834493624088988,1,AAPL
2023-05-16,169.69107055664062,170.74626955321972,169.42479920138675,169.61217478294208,42110300,169.0740493774414,160.70020935058594,168.6024515261484,165.75212292732334,68.73575366023957,2.850328598825058,2.874944517972027,-0.024615919146969034,0.0,0.016782127430138325,0.12997126120638525,0.055948036672684776,0,AAPL
2023-05-17,170.30250549316406,170.53917778241149,168.06388478776768,169.3360585337975,57951600,169.61361541748047,161.12030822753906,168.86399829030466,166.0891883025708,62.02913399012259,2.7748099877338746,2.854917611924397,-0.08010762419052231,0.0036032239912078268,0.016494774678770915,0.3761858737648509,0.0569896952571467,0,AAPL
2023-05-18,172.62985229492188,172.81722786089622,170.19400003291315,170.60819152451643,65496700,170.5493957519531,161.56194000244142,169.44336044486116,166.57368193163384,64.11775894432907,2.8696785132273135,2.8578697921849803,0.011808721042333215,0.013665957497326575,0.016068840217632455,0.13019657783391647,0.06850569071102508,0,AAPL
2023-05-19,172.73834228515625,173.9513327998332,172.5213826746833,173.9513327998332,55809500,170.7298370361328,162.05064910888672,169.95028072798348,167.03032343930218,64.60628176764172,2.919957288681303,2.870287291484245,0.049669997197058,0.000628454399932199,0.006958346299756841,-0.14790363483961788,0.06595279460490255,1,AAPL
2023-05-22,171.7916259765625,172.2945846931845,171.0519949677244,171.57466634347682,43570900,170.82250518798827,162.56158874511718,170.23356461238026,167.38301251613626,64.8955534435488,2.8505520962440016,2.8663402524361965,-0.01578815619219487,-0.005480637917845144,0.007256820970810449,-0.2192924143738969,0.056778709550613815,1,AAPL
2023-05-23,169.18812561035156,170.9829707500323,168.9119979039132,170.73642708015296,50747300,170.8251968383789,162.98165649414062,170.0727278428374,167.51672459718924,60.17561751184831,2.5560032456481565,2.8042728510785886,-0.24826960543043208,-0.015154989956065346,0.008214946706127442,0.16470626037102742,0.03808078313668428,1,AAPL
2023-05-24,169.4642333984375,170.03621645106807,168.16249079935005,168.7246024757336,45143500,170.67921600341796,163.3654913330078,169.9791133129297,167.66098450839283,65.73356027092937,2.318128804536883,2.7070440417702475,-0.3889152372333644,0.0016319572493037615,0.007412621256747972,-0.11042557929190322,0.037331887020116694,1,AAPL
2023-05-25,170.598388671875,171.49579632773333,169.31635838771984,170.0264054667032,56058300,170.62793731689453,163.76412994384765,170.07438644507513,167.87857000198412,48.72423227674935,2.1958164430910188,2.6047985220344017,-0.4089820789433829,0.006692593774468847,0.007776766394008445,0.24178010123273563,0.04173233009188726,1,AAPL
2023-05-26,173.0045928955078,173.3399036765556,170.7166757800904,170.92377905521317,54835000,170.90998077392578,164.15456146240234,170.5251874374494,168.2582754015044,56.90754537411601,2.266912035945012,2.537221224816524,-0.2703091888715119,0.014104495607287548,0.008733273633837933,-0.021821924674847448,0.05391279629553547,1,AAPL
2023-05-30,174.84878540039062,176.51542312806916,174.1288820495124,174.5134895983742,55964400,171.42575225830078,164.5986184692383,171.19035635482498,168.74646132734782,68.19649466760268,2.4438950274771685,2.5185559853486525,-0.07466095787148408,0.01065978928083533,0.008992294923828177,0.020596334457919196,0.06227371181166985,1,AAPL
2023-05-31,174.79945373535156,176.87042648421155,174.3162227478627,174.87834951174753,99625300,171.93659057617188,164.99441864013673,171.74560210567523,169.1948311353481,63.92558516967042,2.550770970327136,2.5249989823443495,0.02577198798278646,-0.00028213902044615935,0.009003311647716394,0.7801548841763692,0.059426465307291565,1,AAPL
2023-06-01,177.60018920898438,177.62977324467488,174.4838737017158,175.24323239604442,68901800,172.6663589477539,165.40920349121095,172.64630781387666,169.81745025191373,69.62998522895126,2.828857561962934,2.5857706982680666,0.24308686369486754,0.016022564223073354,0.009906032002402,-0.30839053935094796,0.07370197945739587,1,AAPL
2023-06-02,178.44830322265625,179.26683000310032,176.7816656255451,178.52719900186148,61996900,173.24820404052736,165.86951080322265,173.53892249215045,170.45677269419096,75.11987154334439,3.082149797959488,2.685046518206351,0.3971032797531371,0.004775411656087192,0.009350315470167781,-0.100213637379575,0.0758354706571498,1,AAPL
2023-06-05,177.09725952148438,182.39301299737724,175.57854201305094,180.1050954524954,121946500,173.68409576416016,166.2811312866211,174.08635895820183,170.9486606073238,71.39605168498116,3.1376983508780256,2.775576884740686,0.36212146613733953,-0.007571064990660847,0.009956321957278694,0.966977381127121,0.0650472374777109,1,AAPL
2023-06-06,176.7323760986328,177.62978364684955,174.97697127382227,177.48186345973468,64848400,174.17817077636718,166.65945526123048,174.49343851826814,171.3770839770504,69.92191985798273,3.1163545412177314,2.8437324160360955,0.27262212518163587,-0.002060356122039808,0.009705779007003859,-0.46822254021230625,0.060440140174546464,1,AAPL
2023-06-07,175.36154174804688,178.70467241393297,174.86845454040687,175.9729650702157,61944600,174.7955123901367,167.04916381835938,174.626992861311,171.67222899712422,63.72377036219604,2.9547638641867877,2.8659387056662338,0.08882515852055395,-0.007756554745922073,0.008367888645048192,-0.04477828288747299,0.04976006907000108,1,AAPL
2023-06-08,178.07351684570312,178.33977309659826,175.0065138905379,175.44041798201303,50214900,175.65644073486328,167.50552062988282,175.15722732044824,172.14639846738933,64.46530170036914,3.0108288530589107,2.8949167351447693,0.11591211791414135,0.015465050492956545,0.009112660970860473,-0.1893579101326024,0.06309043532464309,1,AAPL
2023-06-09,178.45814514160156,179.7105759291869,178.13270574903748,178.99067275354267,48900000,176.44241638183593,167.90811737060548,175.6650608313949,172.6139352580717,64.97924860198795,3.0511255733231906,2.9261585027804538,0.12496707054273681,0.0021599410328472235,0.009132098536904552,-0.026185454914776307,0.06283214853579788,1,AAPL
2023-06-12,181.2490234375,181.34764691680863,178.468018885392,178.7638742754878,54274900,177.26685943603516,168.3352145385742,176.5241320015649,173.25357141951085,72.5858173602507,3.2705605820540598,2.995038918635175,0.2755216634188846,0.015638839536766147,0.009321363211493463,0.10991615541922295,0.07671483910436683,1,AAPL
2023-06-13,180.7756805419922,181.60406367252176,179.91771337450308,180.27273686584888,54929100,177.85954895019532,168.70281677246095,177.17821639239986,173.81076468784278,80.80743335891823,3.3674517045570838,3.069521475819557,0.2979302287375267,-0.002611561080609226,0.009324125920287986,0.012053453806455616,0.07156290570900548,1,AAPL
2023-06-14,181.4068298339844,181.84074910193183,179.50351991974284,180.8348467124019,57462900,178.5202865600586,169.05802795410156,177.82877230648978,174.37343618014958,81.16305107798749,3.4553361263401996,3.146684405923686,0.3086517204165138,0.0034913395988882545,0.009235475881810363,0.04612855480974565,0.07304475291309731,1,AAPL
2023-06-15,183.43832397460935,183.94128262941163,181.23915892536104,181.41667817053525,65433200,179.1041000366211,169.46450469970702,178.69178025543124,175.04490935010958,82.00572961278709,3.646870905321663,3.2467217058032816,0.40014919951838124,0.011198553783692056,0.008629638003956825,0.1387034068938393,0.08245867947192886,1,AAPL
2023-06-16,182.36338806152344,184.40477651433864,181.7223806509896,184.1483615118621,101256200,179.4956085205078,169.8863153076172,179.25664299483003,175.58701888428837,74.98671911665022,3.669624110541662,3.331302186750958,0.338321923790704,-0.005859930955511183,0.00906811968694798,0.5474743708087026,0.07344365984578394,1,AAPL
2023-06-20,182.45217895507807,183.5271208328433,181.86048315364172,181.86048315364172,49799100,180.03110046386718,170.29217498779298,179.74826391179127,176.0955492599024,72.39963462634609,3.652714651888857,3.395584679778538,0.2571299721103193,0.00048688990974810054,0.00843862298085268,-0.5081871529842124,0.07140671007435762,1,AAPL
2023-06-21,181.4167022705078,182.84665255889604,180.06563271508736,182.34369383727915,49515700,180.4995330810547,170.72912567138673,180.0049467362092,176.48970874216948,68.42394601474722,3.5152379940397225,3.419515342630775,0.09572265140894753,-0.005675331971920161,0.00875182929552548,-0.005690865899182884,0.06259960951063581,1,AAPL
2023-06-22,184.4146423339844,184.46395407144703,181.1306792503188,181.19971869233248,51245300,181.40484313964845,171.25026153564454,180.68336144355925,177.0767408600817,68.76692457292528,3.606620583477536,3.456936390800127,0.14968419267740884,0.016525160175199227,0.008909628596631953,0.034930335227008724,0.07687217923226242,1,AAPL
2023-06-23,184.0990753173828,184.96691381940127,182.45216546765664,182.98470820219737,53117000,182.0073989868164,171.77887390136718,181.20885588568595,177.59691378284475,66.03243293790061,3.6119421028411978,3.487937533208341,0.12400456963285666,-0.0017111820005598632,0.008321772101876828,0.03652432515762416,0.07172128409160328,1,AAPL
2023-06-26,182.7085723876953,185.4501365723536,182.6691169769034,184.24700235631448,48088700,182.43244171142578,172.1721340942383,181.4395815013797,177.97555516098183,65.88491114215451,3.4640263403978793,3.4831552946462487,-0.019128954248369467,-0.007553014197873131,0.0090158477097391,-0.0946646083174878,0.06119711734356459,1,AAPL
2023-06-27,185.4600067138672,185.78544616190248,183.10304984582172,183.32000947784528,50730800,182.8535400390625,172.62731689453125,182.058108457147,178.52995897971408,71.7658045189692,3.528149477432919,3.4921541312035833,0.035995346229335645,0.0150591419450945,0.008922598298923105,0.054942221353457166,0.07433753852048941,1,AAPL
2023-06-28,186.6335906982422,187.2745983327617,185.00640821194855,185.3318326709401,51216800,183.4393310546875,173.10557708740234,182.76202880193088,179.13022799590135,78.39063920781015,3.6318008060295313,3.5200834661687734,0.11171733986075782,0.006327962589722347,0.008819161603051308,0.009579979026548058,0.07814891835639393,1,AAPL
2023-06-29,186.9688415527344,187.4422162021352,186.32783407243755,186.4658979165552,46347300,183.9955322265625,173.5661193847656,183.40923076359294,179.71086603714824,75.45160839649351,3.6983647264447086,3.5557397182239607,0.14262500822074786,0.0017963050126077462,0.008829841081304154,-0.09507622498867563,0.07721969135149753,1,AAPL
2023-06-30,191.28829956054688,191.79124321876165,188.61575961709715,188.98065447297637,85213200,184.78052978515626,174.09020294189452,184.62139519389356,180.56845370554814,79.96326739186382,4.052941488345425,3.6551800722482537,0.3977614160971714,0.02310255533456984,0.010661484408813064,0.838579593633286,0.09878842305900748,0,AAPL
2023-07-03,189.79916381835935,191.19952989799955,189.10882958307744,191.1009064221508,31458200,185.52410736083985,174.60380645751954,185.41797498227294,181.25221001020083,71.2604776741878,4.165764972072111,3.7572970522130253,0.4084679198590857,-0.007784771706416782,0.010879436347469781,-0.6308294958996963,0.08702764085808612,0,AAPL
2023-07-05,188.68478393554688,190.311965971159,187.98459336367247,188.92147125163748,46920300,186.14736785888672,175.12722747802735,185.9205609750843,181.80277104170796,69.0589073644686,4.1177899333763435,3.829395628445689,0.2883943049306543,-0.005871363500204563,0.011289365293338528,0.4915125468081454,0.07741546904361596,0,AAPL
2023-07-06,189.15814208984372,189.36524537083605,186.5842258571581,187.2153769807983,45094300,186.9215118408203,175.65400939941406,186.41865037735496,182.34761334156985,68.8218058618482,4.0710370357851104,3.8777239099135734,0.19331312587153704,0.0025087245745185616,0.010844507528140214,-0.038917057222566775,0.07687915998389228,0,AAPL
2023-07-07,188.04376220703125,190.0062550438309,187.60985803081863,188.7636804868427,46815000,187.284423828125,176.18922973632812,186.66866758192054,182.76955029456698,61.70426131251916,3.899117287353562,3.882002585401571,0.017114701951990607,-0.0058912604580519945,0.010327394090810302,0.038157815954566354,0.06728295758170777,1,AAPL
2023-07-10,186.00241088867188,187.36333679085425,184.45410938571573,186.6434184249519,59922200,187.4747573852539,176.68382080078126,186.56616655218997,183.00902144968586,58.81520185879684,3.5571451025041085,3.817031088822079,-0.25988598631797055,-0.010855724722800941,0.011070477383832681,0.2799786393250028,0.052741615195189384,1,AAPL
2023-07-11,185.4797515869141,186.6828860039108,184.0202171482648,186.544822138739,46638100,187.7518753051758,177.07636993408204,186.39902578830137,183.19203849688796,57.183031082362085,3.2069872914134123,3.695022329340346,-0.4880350379269336,-0.002809959823964925,0.010756475304544554,-0.22168912356355408,0.047456256619447634,1,AAPL
2023-07-12,187.1463623046875,189.04967210294507,185.86433228601203,187.05759515232103,60750200,187.9205108642578,177.47723846435548,186.51400063697616,183.48495137153978,63.198568153650754,3.0290492654363845,3.561827716559554,-0.5327784511231695,0.008985405164252835,0.010058243106061897,0.30258736955407706,0.054480923435564765,1,AAPL
2023-07-13,187.90570068359372,188.54672319895087,187.1562134087189,187.8662603208446,41342300,188.04772186279297,177.8950653076172,186.7281083364558,183.81241428354377,58.966601086385594,2.9156940529120163,3.4326009838300466,-0.5169069309180303,0.004057457326741787,0.009948401068213118,-0.31947055318336404,0.05627269850721306,1,AAPL
2023-07-14,188.0536651611328,188.53688115718745,187.0083223355872,187.60001815586816,41616200,188.1562042236328,178.33653259277344,186.93204015563686,184.12658101521703,60.24536569244617,2.8054591404198277,3.307172615148003,-0.5017134747281755,0.0007874400670166981,0.00994142863002394,0.00662517566753662,0.054487616345822776,1,AAPL
2023-07-17,191.3080291748047,191.6334686208352,189.1581605746784,189.2469126832782,50520200,188.1581771850586,178.86455627441407,187.6052692355088,184.65854013814942,70.31693867721842,2.9467290973593947,3.235083911590282,-0.28835481423088716,0.017305506972615348,0.008557656391493017,0.21395514246855796,0.06956924926646635,0,AAPL
2023-07-18,191.0515899658203,191.64330071064,189.75970372238763,190.6768538720752,48288200,188.28341979980468,179.42014709472656,188.1354724247875,185.13209938464357,64.976165643871,3.0033730401439414,3.188741737301014,-0.1853686971570725,-0.001340451888457106,0.008134880152165248,-0.04418034766291501,0.0648279641915177,0,AAPL
2023-07-19,192.4026641845703,195.4893803490621,189.9865244553515,190.4303150490968,80507300,188.65520782470702,179.84952178955078,188.7919634647541,185.6706597401937,65.30602165372828,3.1213037245603914,3.1752541347528895,-0.05395041019249813,0.007071776890167358,0.008003973219169258,0.6672251191802552,0.0697980304318433,0,AAPL
2023-07-20,190.4599151611328,193.7537348839622,189.8386203157028,192.3928090502892,59581200,188.78538513183594,180.24142120361327,189.04857141804314,186.025419401004,58.53427084693286,3.0231520170391377,3.144833711210139,-0.12168169417100128,-0.010097308328193555,0.008858834838242041,-0.25992798168613285,0.05669337208552094,1,AAPL
2023-07-21,189.286376953125,192.2744851317762,188.58618628535973,191.41651794617292,71951700,188.9096466064453,180.64392456054688,189.08515688497883,186.26697181227223,44.21655114286566,2.818185072706598,3.079503983509431,-0.2613189108028333,-0.006161602072619732,0.008881639378634057,0.20762421703490364,0.047842474711522476,1,AAPL
2023-07-24,190.0851593017578,192.21530010696893,189.592071988394,190.73603816687745,45377800,189.31792144775392,181.0271469116211,189.23900341063714,186.5498005151971,50.86055145448494,2.6892028954400473,3.0014437658955546,-0.3122408704555073,0.004219967445573847,0.007932021327705171,-0.3693297031202877,0.05003676268818902,1,AAPL
2023-07-25,190.943115234375,191.75178560391285,190.2527960456413,190.65713123041024,37283200,189.8642578125,181.42378570556642,189.50117446044297,186.8752312351362,56.901752088684496,2.62594322530677,2.926343657777798,-0.3004004324710281,0.004513534542984532,0.007753962031903578,-0.1783823808117626,0.05247012949149643,1,AAPL
2023-07-26,191.8109588623047,192.9351972994816,190.6472800623453,190.99243214213985,47471900,190.33071746826172,181.8563217163086,189.85652590688323,187.24084068900055,57.916468969336016,2.6156852178826853,2.864211969798776,-0.24852675191609075,0.004545037546205499,0.007491633323665966,0.2732785812376619,0.054739021729060866,0,AAPL
2023-07-27,190.5486602783203,194.47363103189025,189.8879250921341,193.3099522093675,47460200,190.5950134277344,182.27347351074218,189.96300811787356,187.4858643622835,57.40963915241036,2.477143755590049,2.786798326957031,-0.3096545713669818,-0.006580951325573348,0.007983536398118317,-0.0002464615909621992,0.04539984128349017,0,AAPL
2023-07-28,193.12258911132807,193.9115318637554,191.45595149688123,191.97862287270013,48291400,191.1019058227539,182.74210388183593,190.44909750148193,187.9033995288794,70.41856866808556,2.5456979726025395,2.738578256086133,-0.19288028348359365,0.013507987037264968,0.008838109378636836,0.01751362194006778,0.05680401510647126,0,AAPL
2023-07-31,193.73394775390625,193.77340315462916,192.56039787153512,193.349340359903,38824100,191.34449768066406,183.21073272705078,190.95445907877797,188.3352919899925,73.55078804913319,2.619167088785474,2.7146960226260015,-0.09552893384052741,0.0031656506128641126,0.007225459376079787,-0.19604525857606114,0.05743776508188003,0,AAPL
2023-08-01,192.9056396484375,194.01015053136803,192.58020018161,193.526934544002,35175100,191.52990264892577,183.6162484741211,191.25464070487942,188.67383626098842,67.25787129754099,2.5808044438909974,2.687917706879001,-0.10711326298800339,-0.004275492834745265,0.007401398306832842,-0.09398801260042089,0.05059133519779779,0,AAPL
2023-08-02,189.91754150390625,192.4815869108448,189.19763812575488,192.34352304314683,50389300,191.28139038085936,183.9598324584961,191.04893313549894,188.76596257527862,55.318192892188954,2.2829705602203205,2.606928277547265,-0.32395771732694456,-0.015489947053787256,0.008671553635376413,0.43252755500339735,0.03238592341485358,0,AAPL
2023-08-03,188.52700805664065,189.710414639766,188.0536484329567,188.92148694956984,61235200,191.08809967041014,184.29454010009766,190.66094466182844,188.7482622405647,51.174124374445114,1.9126824212637246,2.468079106290557,-0.5553966850268326,-0.00732177468313,0.008397544660391712,0.21524212481618132,0.022965780506813527,0,AAPL
2023-08-04,179.4739227294922,184.78940327661547,179.40488328381886,182.95511789971007,115956800,190.1068542480469,184.50025604248046,188.93986436454594,188.0612741286334,27.20351876368271,0.8785902359125259,2.150181332214951,-1.271591096302425,-0.048020097600172895,0.01714230523074481,0.8936298076923077,-0.027242961179582248,0,AAPL
2023-08-07,176.37733459472656,180.5981607115797,174.89807268327343,179.6119861039443,97576100,188.73607177734374,184.63851806640625,187.00716747688142,187.1957971261218,24.520449516316376,-0.18862964924036874,1.6824191359238871,-1.8710487851642559,-0.017253693949916493,0.017179784742017406,-0.15851334290011454,-0.04474247062960346,1,AAPL
2023-08-08,177.31417846679688,177.77768168655695,175.1248698685598,177.20569866966517,67823000,187.37317810058593,184.77283386230468,185.51593839840686,186.4638253735792,23.418835216718804,-0.947886975172338,1.156357913704642,-2.10424488887698,0.0053115887833488085,0.01724260677711847,-0.3049220044662576,-0.04036662338071895,0,AAPL
2023-08-09,175.7264404296875,178.42854898853972,174.56274666920834,178.3693809248903,60378500,185.7647262573242,184.82727081298827,184.00986178783467,185.6684635258835,23.715476779631217,-1.6586017380488443,0.5933659833539447,-2.251967721402789,-0.008954377201181862,0.01673839360608266,-0.10976364949943229,-0.04923965139597375,0,AAPL
2023-08-10,175.50950622558594,178.25107058876787,175.14462641506705,176.9986245515979,54686900,184.26081085205078,184.84048522949217,182.70211477825794,184.9159481703059,24.553528901475076,-2.213833392047974,0.03192610827356107,-2.245759500321535,-0.0012344995071379428,0.016894393937819937,-0.09426534279586274,-0.050481251400747995,0,AAPL
2023-08-11,175.56875610351562,176.38838822312198,174.34425781198718,175.10464195853916,52036700,182.50542755126952,184.85587127685548,181.60467498214373,184.2235635727659,22.434520370442257,-2.618888590622163,-0.4982368315055838,-2.120651759116579,0.00033758785608761777,0.015480717368215852,-0.04846133169003908,-0.0502397630607615,0,AAPL
2023-08-14,177.2178955078125,177.44501774834183,175.09474782272636,175.74650562753334,43675600,180.85382232666015,184.84822540283204,180.92978583224664,183.70462519758416,24.697209057398624,-2.7748393653375274,-0.9535573382719725,-1.8212820270655548,0.009393125752537257,0.0161518879554037,-0.16067698374416517,-0.041278891795639816,0,AAPL
2023-08-15,175.23300170898438,177.23763842738072,174.8380051896738,176.64514364841483,43622600,179.08655853271483,184.7839193725586,180.0533575055909,183.07709753176198,20.647051799050175,-3.023740026171083,-1.3675938758517947,-1.6561461503192885,-0.01120030114983861,0.016087014523217813,-0.0012134922015953897,-0.05168695250108746,0,AAPL
2023-08-16,174.36399841308594,176.30937200366554,174.29486573787133,174.91699954220002,46964900,177.5312042236328,184.72925415039063,179.17807149135936,182.4316827822304,20.938672669565833,-3.2536112908710493,-1.7447973588556458,-1.5088139320154035,-0.00495913034316231,0.015991605665700293,0.07661854176504845,-0.0561105266460189,1,AAPL
2023-08-17,171.82611083984375,175.29225282363015,171.31260330101006,174.92688028330798,66062900,175.86111450195312,184.63112884521485,178.04700062189542,181.64608486057213,11.710289081026929,-3.59908423867671,-2.115654734819859,-1.483429503856851,-0.014555112272831017,0.016101125490069708,0.40664411081467233,-0.06935459954917,1,AAPL
2023-08-18,172.30996704101562,172.9123464424467,169.81157749118245,170.14732599213767,61172200,175.14471893310548,184.57009735107422,177.16438007099083,180.954520577642,11.30363172742696,-3.79014050665117,-2.450551889186121,-1.3395886174650489,0.0028159643421299396,0.008840396691218918,-0.07403096140193666,-0.06642533371339332,1,AAPL
2023-08-21,173.6431121826172,173.92949746098708,171.56935789788312,172.88274314562352,46311900,174.87129669189454,184.4814892578125,176.62264654970258,180.41293477060313,15.830826471379538,-3.7902882209005497,-2.718499155529007,-1.0717890653715427,0.007736900914641964,0.008195585911031443,-0.24292570808308345,-0.05875048558421336,1,AAPL
2023-08-22,175.0157470703125,175.46012191641384,174.04799506153495,174.8478727981476,42038900,174.6414535522461,184.4126412963867,176.37543124518103,180.0131430891001,21.95909938715694,-3.637711843919078,-2.9023416932070214,-0.7353701507120567,0.007904919869506477,0.008472509634360146,-0.0922657027675392,-0.05095580302963931,1,AAPL
2023-08-23,178.85716247558594,179.2817980823254,176.10202612434662,176.289654759779,52722800,174.95452575683595,184.36480407714845,176.7572360498587,179.92751489550645,33.34072900658404,-3.1702788456477435,-2.9559291236951664,-0.21434972195257718,0.021948970133128354,0.010701569123283104,0.25414318642971145,-0.029873606457216262,1,AAPL
2023-08-24,174.17636108398438,178.83739189345877,173.81097351698816,178.41275636104422,54945800,174.8212112426758,184.23281768798827,176.36017836280112,179.50150350206036,39.25449605718703,-3.141325139259237,-2.9930083268079803,-0.14831681245125683,-0.026170611938677535,0.013914891824204327,0.04216392149127124,-0.054585587574496275,1,AAPL
2023-08-25,176.37850952148438,176.91175631972774,173.62337343895007,175.16388093182096,51449600,174.90218658447264,184.1322512817383,176.36299854106008,179.2701706146103,50.002472937393584,-2.907172073550214,-2.9758410761564273,0.06866900260621334,0.01264321073074992,0.01454425738068011,-0.06362997717750951,-0.04210963427797354,1,AAPL
2023-08-28,177.93875122070312,178.33374768816518,176.31924159506977,177.83999456976295,43820700,174.97427215576172,184.02225982666016,176.60542203023593,179.17154695580234,51.28095997516442,-2.566124925566413,-2.8938978460384246,0.32777292047201145,0.008845985281606517,0.01450830301385844,-0.14827909254882443,-0.03305854743707315,1,AAPL
2023-08-29,181.8196563720703,182.5899100858624,177.2573820568172,177.45488030453177,53003900,175.6329376220703,184.0113851928711,177.40761192897966,179.3677032088592,61.42238555875223,-1.9600912798795491,-2.7071365328066497,0.7470452529271006,0.02181034274290017,0.015284741240690562,0.20956306038013994,-0.011910832683007855,0,AAPL
2023-08-30,185.30555725097656,185.50307057198083,182.4319252754348,182.62942352828824,60813900,176.7270935058594,184.06845275878905,178.62268044005612,179.80754424901605,66.35880234101236,-1.184863808959932,-2.4026819880373065,1.2178181790773746,0.019172299345747268,0.015648425526455453,0.14734764800326006,0.0067208936330260816,0,AAPL
2023-08-31,185.5227813720703,186.7571640981168,185.13765456426972,185.4931573920971,60794500,178.09676055908204,184.1505743408203,179.68423442959676,180.23089514702008,66.5353666085195,-0.5466607174233218,-2.0314777339145094,1.4848170164911876,0.0011722482817908553,0.014036249745843946,-0.0003190060167165276,0.007451549017220893,0,AAPL
2023-09-01,187.09295654296875,187.5472010181368,185.9276912341992,187.12258052751665,45766500,179.57505950927734,184.204140625,180.82403783165398,180.73919599116442,66.44734233808376,0.08484184048955967,-1.6082138190336956,1.6930556595232553,0.008463516767514445,0.013927160524102674,-0.24719341387790017,0.015682687197839718,0,AAPL
2023-09-05,187.3299560546875,187.6064566338381,185.26607135025952,185.92769881238064,45280000,180.94374389648436,184.2687582397461,181.8249483275053,181.22740044031428,71.39362152266555,0.5975478871910127,-1.1670614777887542,1.764609364979767,0.001266747375731958,0.014108068778279864,-0.010630045994340809,0.01661267945898115,0,AAPL
2023-09-06,180.62478637695312,186.4905763861184,179.20277485131902,186.04618648324464,81755800,181.50464782714843,184.22708251953125,181.64030802742036,181.1827623615468,59.177751880590606,0.4575456658735675,-0.8421400490562899,1.2996857149298573,-0.03579336598881666,0.019699179255837623,0.8055609540636042,-0.019553564510235488,0,AAPL
2023-09-07,175.34164428710938,175.98353252575788,171.37186410651492,172.9913740950523,112488800,181.1530960083008,184.0247152709961,180.67128283660327,180.7500869486255,54.76957231721132,-0.07880411202222604,-0.6894728616494772,0.6106687496272512,-0.029249264155906896,0.020938383423456445,0.37591216769941704,-0.04718426528251907,0,AAPL
2023-09-08,175.95387268066406,177.98814840122637,175.56874581023814,176.12176201867752,65551300,181.33084716796876,183.81112091064452,179.94552742799723,180.39481181766538,54.926575952660045,-0.44928438966815065,-0.6414351672532119,0.19215077758506127,0.0034916314150230665,0.019122055632791412,-0.41726376314797564,-0.042746315843425364,0,AAPL
2023-09-11,177.11912536621094,178.0473836718388,175.1243584797436,177.82026144859472,58953100,181.4049087524414,183.61412658691407,179.51069634156858,180.15216837681692,54.72101723493343,-0.6414720352483414,-0.6414425408522378,-2.949439610355764e-05,0.006622489563851142,0.01881339891200809,-0.10065704265209086,-0.03537310195808219,0,AAPL
2023-09-12,174.09735107421875,177.87950173703112,172.6358460753217,177.24749835360407,90370200,181.02076873779296,183.2703076171875,178.67787399274553,179.70366339143928,48.80614233303289,-1.025789398693746,-0.7183119124205395,-0.3074774862732066,-0.017060688876734065,0.019325461766937967,0.5329168440675724,-0.050051514957508036,1,AAPL
2023-09-13,172.03347778320312,175.08486860955094,171.8063404869434,174.30473020059844,84267900,180.04215087890626,182.91499389648436,177.6556591912775,179.1355014945329,40.69983774518633,-1.4798423032553956,-0.8706179905875107,-0.6092243126678849,-0.01185470817494394,0.017567046209554616,-0.06752557812199156,-0.05948947038994146,1,AAPL
2023-09-14,173.5443572998047,173.89986015970092,171.4113401404273,171.82609096561458,60895800,178.86603088378905,182.61218536376953,177.023151207974,178.72134266529378,49.057158687529565,-1.6981914573197798,-1.0361326839339644,-0.6620587733858154,0.008782473830504012,0.01620850136273353,-0.2773547222607897,-0.04965620473738608,0,AAPL
2023-09-15,172.823486328125,174.29487626046748,171.64836639188815,174.27512191376346,109259500,177.59610137939453,182.28549224853515,176.37704891876646,178.2844644180961,44.45128230532023,-1.9074154993296304,-1.2103892470130977,-0.6970262523165327,-0.004153813946450313,0.016017837550578173,0.794204197990666,-0.05190761921694398,0,AAPL
2023-09-18,175.7465057373047,177.13889330258442,173.96899129951683,174.27511585610648,67257600,176.46145629882812,182.03954711914062,176.28004227546464,178.0964674787782,46.71794138435341,-1.816425203313571,-1.3315964382731924,-0.48482876504037864,0.016913322785480744,0.01710703705659685,-0.3844233224570861,-0.03456963874842689,0,AAPL
2023-09-19,176.83279418945312,177.3857954122995,174.91702919019727,175.3021561181191,51826900,175.4117401123047,181.85615478515626,176.36508103146286,178.00286204993932,41.85227751503925,-1.6377810184764598,-1.3928333543138458,-0.24494766416261404,0.006180996018049667,0.01741018200466166,-0.2294268603102103,-0.027622714236082424,0,AAPL
2023-09-20,173.29750061035156,177.45489404541186,173.20861358406935,177.0203888259045,58436200,174.67901153564452,181.612509765625,175.89314558206112,177.654316758118,30.41240089963172,-1.7611711760568767,-1.466500918662452,-0.29467025739442465,-0.019992296085724726,0.014903182171998881,0.12752643897281146,-0.04578434143112797,0,AAPL
2023-09-21,171.75697326660156,174.09737357666756,171.68785565712008,172.36923745366522,63149100,174.32054443359374,181.30472198486328,175.25681137968274,177.21747649948713,28.47444055153167,-1.9606651198043892,-1.5653337588908394,-0.3953313609135498,-0.008889495453334728,0.012225546124303948,0.08065035029656276,-0.052661335092302974,0,AAPL
2023-09-22,172.6062469482422,174.86764517240317,171.87550181385268,172.48775099523908,56725400,173.98578186035155,180.99873291015626,174.8490322363842,176.87590394013566,26.82467078813123,-2.0268717037514534,-1.6576413478629624,-0.36923035588849107,0.004944624171516976,0.012306379893402499,-0.10172274822602378,-0.0463676503529995,0,AAPL
2023-09-25,173.88011169433594,174.75899170155245,171.97421669351675,172.02359502231215,46172700,173.66188049316406,180.71526184082032,174.69996753760753,176.65399340340974,29.17430004824564,-1.9540258658022083,-1.7169182514508117,-0.2371076143513966,0.0073801775348010246,0.012366530272702979,-0.1860313016743822,-0.037822760938171274,0,AAPL
2023-09-26,169.81158447265625,173.01109513731117,169.51532957863083,172.63585300181884,64588900,173.23330383300782,180.28533294677734,173.94790860453813,176.147148297428,31.768219328639987,-2.1992396928898756,-1.8133825397386247,-0.3858571531512509,-0.023398462204991866,0.013359497184617963,0.3988547345076203,-0.05809539968075539,1,AAPL
2023-09-27,168.30068969726562,170.87808171574733,166.93794126401278,170.46333088230946,66921800,172.86002502441406,179.83031494140624,173.07910569572695,175.56592914186044,36.39826911286139,-2.486823446133485,-1.948070721017597,-0.5387527251158881,-0.008897477637245133,0.01315838657846032,0.03611920933782731,-0.06411391342943096,1,AAPL
2023-09-28,168.55746459960938,169.8807195182162,165.5258128129139,167.2243249736919,56294400,172.36133575439453,179.35341094970704,172.38346860401654,175.0467836202122,35.51264387053968,-2.663315016195668,-2.091119580053211,-0.5721954361424566,0.0015256913254819704,0.012682231413398942,-0.1588032599242698,-0.06019370522663203,1,AAPL
2023-09-29,169.07095336914062,170.90771561508154,168.21181267677895,169.870831028669,51861100,171.9860824584961,178.92563171386718,171.87385087557408,174.60412952754024,33.82299809045466,-2.7302786519661595,-2.218951394435801,-0.5113272575303585,0.00304637217195336,0.012803084873876523,-0.07875206059572537,-0.055076951526351836,1,AAPL
2023-10-02,171.57923889160156,172.12237043121976,168.79446358018748,169.08084887750982,52164500,171.5693557739258,178.5714889526367,171.8285259549629,174.38006355450776,44.831856112350216,-2.5515375995448437,-2.2854686354576095,-0.26606896408723424,0.014835697513247537,0.012472516807942102,0.00585024228178721,-0.03915658710159342,1,AAPL
2023-10-03,170.24610900878906,171.46075281316274,168.6858620497557,170.10785870603348,49594600,170.9106872558594,178.17470794677735,171.58507719401308,174.07384469926933,46.21818841613778,-2.4887675052562486,-2.326128409417337,-0.16263909583891145,-0.00776976218932135,0.01219227732565227,-0.049265304948767796,-0.04449901464329409,1,AAPL
2023-10-04,171.49034118652344,172.03347264460572,168.83394692911625,168.95244285882518,53020300,170.72997131347657,177.7856524658203,171.57050242363007,173.88247406869556,45.6044027810613,-2.3119716450654835,-2.3232970565469664,0.011325411481482917,0.007308432392250097,0.011156721370709267,0.06907405241699704,-0.035409557475438946,1,AAPL
2023-10-05,172.72474670410156,173.25799352598938,170.52259660006877,171.6187292983148,48527900,170.82674865722657,177.40392822265625,171.74807846677953,173.79671648613305,49.79324147899919,-2.0486380193535183,-2.268365249108277,0.21972722975475856,0.007198105205444172,0.0110506889230433,-0.0847298110346415,-0.026375861940790446,1,AAPL
2023-10-06,175.27252197265625,175.76627518846593,171.01635659512883,171.62862082907645,57266700,171.09337615966797,177.09840545654296,172.29030054460674,173.90603541106069,48.991642412371284,-1.6157348664539484,-2.1378391725774115,0.5221043061234631,0.014750493586882074,0.011881192742884452,0.1800778521221813,-0.01030999392219123,1,AAPL
2023-10-09,176.75376892089844,176.81301689163445,173.60362121945622,174.6009972191987,42390800,171.38074188232423,176.77102905273438,172.97698798711315,174.11697863401162,49.834659399640266,-1.1399906468984682,-1.9382694674416228,0.7982788205431546,0.008451107632680088,0.011943764732391917,-0.2597652737105508,-9.76411798270238e-05,0,AAPL
2023-10-10,176.16123962402344,177.4746247468579,175.72673446240606,175.87486944103904,43698000,172.01570739746094,176.41957489013672,173.46687285433012,174.2684053740125,56.83308284254615,-0.8015325196823824,-1.7109220778897747,0.9093895582073923,-0.003352286632938295,0.008426731729284999,0.030836879700312236,-0.0014643231414323,0,AAPL
2023-10-11,177.5536346435547,177.60301297187604,175.3811238107674,175.9736185461729,47551100,172.94100189208984,176.11253479003906,174.09560543728773,174.51175569027487,63.92971231948465,-0.41615025298713704,-1.4519677129092474,1.0358174599221104,0.007904094127079375,0.0072227503776157815,0.08817566021328216,0.008182835226542506,0,AAPL
2023-10-12,178.45228576660156,180.0619109305439,176.80313684087554,177.8202822818536,56743100,173.93048400878905,175.88322967529297,174.76586394948987,174.8036468070398,64.01510939164433,-0.03778285754992794,-1.1691307418373837,1.1313478842874558,0.005061293872417494,0.007098041027434383,0.19330783094397397,0.01460660061821395,0,AAPL
2023-10-13,176.6155242919922,179.65703072033497,175.91438812346496,179.15340788479125,51427100,174.68494110107423,175.645,175.0504270791056,174.93785995407333,56.38545239014563,0.11256712503225685,-0.9127911684634556,1.0253582934957124,-0.01029273156529742,0.008727535344832702,-0.09368539963449296,0.005525487728043288,0,AAPL
2023-10-16,176.4871368408203,176.84263973108403,174.3047411678942,174.54174811745375,52517000,175.17573089599608,175.58526428222658,175.27145935013863,175.05262120494348,69.09596761591652,0.21883814519515,-0.6864653057317346,0.9053034509268846,-0.0007269318576978989,0.008020701842135958,0.021193106358320835,0.005136379537773239,0,AAPL
2023-10-17,174.93675231933594,176.19088966345473,172.61612132571108,174.44299912050275,57549400,175.6447952270508,175.55645263671875,175.21996596078435,175.0440383245281,68.9402128232219,0.17592763625626162,-0.5139867173341354,0.689914353590397,-0.008784688500458326,0.008174995754374572,0.0958242093036541,-0.003529920478999249,0,AAPL
2023-10-18,173.6431121826172,175.36137864838344,172.9222367694585,173.3863659573123,54764400,175.86007232666014,175.48303131103515,174.97737307183556,174.94026601771986,63.70401984801499,0.03710705411569393,-0.4037679630441695,0.44087501715986344,-0.007394901983531099,0.008576748860911622,-0.0483932065321272,-0.01048488343671694,0,AAPL
2023-10-19,173.2678680419922,175.6181228712257,173.00123711265553,173.84060845589931,59302900,175.9143844604492,175.43385986328124,174.7143722980135,174.81638468618448,61.39408988211082,-0.10201238817097646,-0.34341684806953093,0.24140445989855447,-0.002161007919682767,0.008367451663757576,0.08287318038725888,-0.012346486721417693,0,AAPL
2023-10-20,170.72010803222656,173.2283676109075,170.48310107616433,173.11974130623128,64244000,175.45914306640626,175.33807189941408,174.09987010327706,174.5129567858913,47.672557475065474,-0.4130866826142494,-0.35735081497847465,-0.05573586763577476,-0.014704168975797405,0.007904681545587674,0.08331970274640876,-0.026337485163157814,0,AAPL
2023-10-23,170.83860778808594,171.8359838309846,167.80695589693704,168.77472302133776,55980100,174.867626953125,175.24346893310548,173.59813743940148,174.24078278605387,51.71819329077158,-0.6426453466523867,-0.41440972131325704,-0.22823562533912967,0.0006941171560002068,0.007032169783155524,-0.12863302409563537,-0.02513566509403542,0,AAPL
2023-10-24,171.27308654785156,171.5002087664513,169.3079436842464,170.8879597127696,43816600,174.37881164550782,175.12457275390625,173.24043730223997,174.0209534350759,49.33893460662013,-0.7805161328359418,-0.487631003617794,-0.2928851292181478,0.0025432117797667964,0.00727721127408314,-0.21728257005614493,-0.021992837130098142,0,AAPL
2023-10-25,168.96234130859375,170.89784530264086,168.51795139973865,169.73259505065448,57157000,173.51968231201172,174.99915954589844,172.58226868783285,173.64624142570688,39.25548853662554,-1.0639727378740247,-0.6028993504690402,-0.4610733874049845,-0.013491584030116854,0.006921518893021006,0.30445995353359234,-0.034496269884778274,1,AAPL
2023-10-26,164.80491638183594,169.23882483986895,163.60015755926395,168.24143389027685,70625300,172.15494537353516,174.80797790527345,171.3857529484487,172.9913284594942,22.62390386670573,-1.6055755110455152,-0.8034345825843352,-0.80214092846118,-0.02460563042959185,0.008371323162361104,0.23563692985985973,-0.05722314074737511,1,AAPL
2023-10-27,166.11830139160156,166.8490614359056,164.745668316651,164.82467062426355,58499100,171.1052230834961,174.6938217163086,170.5753757858568,172.48221534335403,21.938505192740948,-1.9068395574972214,-1.0241155775669126,-0.8827239799303088,0.007969331489618092,0.009679274871118054,-0.17169767774437772,-0.049088858669730895,1,AAPL
2023-10-30,168.16241455078125,169.03142477889003,166.76015763515437,166.9082925975718,51131000,170.2727508544922,174.6108706665039,170.20415098046055,172.16223009945975,30.396834241172968,-1.9580791189991942,-1.2109082858533688,-0.7471708331458253,0.012305165307228583,0.01123096731617186,-0.1259523650791209,-0.03693043904487947,1,AAPL
2023-10-31,168.636474609375,168.76484019690602,165.80232095364974,167.23421730907862,44846000,169.6427230834961,174.51073791503907,169.96297000029355,171.9010630261201,27.116165820719843,-1.9380930258265607,-1.3563452338480073,-0.5817477919785534,0.0028190607268581136,0.011367893242004828,-0.12291955956269196,-0.033661328671499735,1,AAPL
2023-11-01,171.7964324951172,172.05317864922037,167.9945280919016,168.86353825678444,56934900,169.4580551147461,174.44635162353515,170.24504115334335,171.89331261641618,34.69555881465472,-1.648271463072831,-1.414730479692972,-0.23354098337985896,0.01873828240931763,0.013247650681897679,0.26956473264059233,-0.015190453132184922,1,AAPL
2023-11-02,175.35150146484375,175.5588693503195,173.26786256268767,173.32711052996643,77334800,169.66641845703126,174.37623840332031,171.03065043203574,172.14947475333673,47.30636588473162,-1.1188243213009912,-1.3555492480145759,0.2367249267135847,0.020693497054006693,0.01489235897717915,0.3583022012860302,0.005592866725727452,1,AAPL
2023-11-03,174.44296264648438,174.61085195895754,171.18420427007575,172.06308417750907,79829200,170.03870391845703,174.3815704345703,171.55562154195093,172.31936274542176,45.78404326763003,-0.7637412034708291,-1.2371876391058265,0.47344643563499744,-0.0051812434496977255,0.014035349914235776,0.032254560689366274,0.0003520567670143304,1,AAPL
2023-11-06,176.99075317382812,177.18825142381783,174.00849494223715,174.17636920813592,63841300,170.65391845703124,174.3938153076172,172.3917956391628,172.66539166604443,54.06882584974383,-0.27359602688162,-1.0444693166609853,0.7708732897793653,0.014605292691038274,0.014544352731998795,-0.2002763399858698,0.014891226857042694,1,AAPL
2023-11-07,179.5484161376953,180.1606652677133,176.7340169447808,176.94138484513783,70530000,171.48145141601563,174.42600860595704,173.49281417739857,173.17524533061118,61.14009443792623,0.3175688467873954,-0.7720616839713091,1.0896305307587046,0.01445082818171417,0.014927032489409608,0.10477073618488353,0.029367223229364914,1,AAPL
2023-11-08,180.60501098632807,181.1580120556029,179.3212498937122,180.07176426042716,49340300,172.64571838378905,174.40171569824219,174.58699830184926,173.72559834214576,63.494300562338445,0.8613999597035047,-0.44536935523634635,1.3067693149398512,0.00588473499995934,0.013471050917891707,-0.3004352757691763,0.03556900379821437,1,AAPL
2023-11-09,180.1310272216797,181.8196545511001,179.5385174163197,180.67415869856796,53763500,174.1783294677734,174.29822509765626,175.43992582797702,174.20007455544456,68.73766527318693,1.2398512725324622,-0.10832522968258462,1.348176502215047,-0.0026244220027995535,0.008748469464707405,0.08964679987758495,0.033464495239440506,1,AAPL
2023-11-10,184.31365966796875,184.48177017271385,181.47578777634308,181.91086536697577,66133400,175.99786529541012,174.27404266357422,176.8051156495142,174.94922900822414,73.09235309530281,1.8558866412900556,0.28451714451194343,1.5713694967781122,0.023219944452665953,0.009819161074612927,0.23007988691212433,0.05760821778705982,1,AAPL
2023-11-13,182.73159790039065,183.94782669363863,182.1482051958573,183.74018560328048,43627500,177.45478363037108,174.18681549072267,177.71688214964902,175.52570077801423,68.89345674943343,2.191181371634798,0.6658499899365143,1.5253313816982836,-0.008583529676683188,0.011472967313858579,-0.3403106448481402,0.049055276575298956,1,AAPL
2023-11-14,185.34207153320312,186.004570716613,184.21483163951996,185.59915603948025,60108400,179.1253433227539,174.14705780029297,178.88998820865734,176.25283935247268,76.74350933103747,2.637148856184666,1.0601097631861447,1.5770390929985214,0.01428583596272981,0.011425881069855462,0.37776402498424155,0.06428482843361216,1,AAPL
2023-11-15,185.90565490722656,187.3789832148446,185.6782334530312,185.7474572062222,53790500,180.53626556396483,174.25267517089844,179.96932154689875,176.9678627268989,89.03220671185822,3.0014588199998684,1.4483795745488894,1.553079245450979,0.003040774117615719,0.011096682654568113,-0.10510843742305565,0.06687403636643996,1,AAPL
2023-11-16,187.58665466308597,188.82266388785249,186.5385061665612,187.4482222334322,54412900,181.75978088378906,174.49757537841796,181.1412189493891,177.7544399073572,89.1793704790359,3.3867790420318897,1.8360594680454896,1.5507195739864001,0.009042219596269385,0.010187836197736713,0.01157081640810187,0.07501009258313673,1,AAPL
2023-11-17,187.5668487548828,188.24912816814668,186.4593894684262,188.12057839811112,50922700,183.0721694946289,174.72983489990236,182.12977738100352,178.4812850071739,88.23802860014005,3.648492373829612,2.198546049202314,1.4499463246272977,-0.00010558271449923051,0.009635271675863376,-0.06414287788373718,0.07346778449332603,1,AAPL
2023-11-20,189.30715942382807,189.7620174322178,187.75473976876387,187.76462241033667,46505100,184.30381011962888,174.9735955810547,183.23399000297653,179.28320163062978,88.79710902005004,3.95078837234675,2.5489945138312016,1.4017938585155485,0.009278348921986312,0.009330269130352628,-0.0867510952875633,0.081918439151772,0,AAPL
2023-11-21,188.5062255859375,189.37638084971888,187.61630503925363,189.2676114417462,38134500,185.1995910644531,175.26177307128907,184.04510316958593,179.9663885902822,84.40998640685333,4.078714579303721,2.8549385269257055,1.2237760523780157,-0.004230869240911317,0.009494533248883177,-0.17999316204029236,0.07556954538660943,0,AAPL
2023-11-22,189.16873168945312,190.77059476808083,188.69410838615653,189.34672485819107,39617700,186.05596313476562,175.60447814941406,184.83335371110397,180.6480436346652,82.3015447221758,4.185310076438753,3.121012836828315,1.0642972396104384,0.0035145051653140413,0.00949737912050015,0.03889391495889538,0.07724320975742915,0,AAPL
2023-11-24,187.8437347412109,188.76331834061185,187.13179223741545,188.7336553269539,24048300,186.82723388671874,175.8904656982422,185.29648925419733,181.18105779070564,80.7296029514988,4.115431463491689,3.3198965621609897,0.7955349013306989,-0.007004312691684111,0.009961507791849846,-0.39299101159330296,0.06795859568349627,1,AAPL
2023-11-27,187.66574096679688,188.5358962659671,186.7857030257735,187.79429075090235,40552600,187.16244201660157,176.18731079101562,185.66098951767418,181.66140469263834,77.46395825580132,3.9995848250358392,3.45583421473596,0.5437506102998793,-0.0009475630084722075,0.007465681018964593,0.6862979919578516,0.06514901739658407,0,AAPL
2023-11-28,188.26889038085935,188.9412871423915,187.28008315178343,187.6558347269926,38415400,187.71617126464844,176.4377584838867,186.0622050350873,182.150848076951,74.94411084079496,3.911356958136281,3.546938763416024,0.36441819472025694,0.0032139558928296896,0.006508176133033895,-0.0527019229346577,0.06705555544706798,1,AAPL
2023-11-29,187.2504425048828,189.93999969621768,186.85492560121705,188.76331653900837,43014200,187.9070083618164,176.64611145019532,186.2450107996712,182.52859581235336,69.05021647824192,3.7164149873178474,3.5808340081963888,0.1355809791214586,-0.005409538845829842,0.00563826814487822,0.11971240700344143,0.06003150008585023,1,AAPL
2023-11-30,187.82394409179688,188.18981305356235,186.08364867108205,187.71517468500207,48794400,188.09883728027344,176.93664031982422,186.48792361384437,182.92084383305288,71.9278910014242,3.567079780791488,3.578083162715409,-0.01100338192392103,0.0030627515707959407,0.0056391392472465,0.13437887953280536,0.061532217138819734,1,AAPL
2023-12-01,189.0995178222656,189.4159283197641,187.11200544734405,188.19969953750024,45704800,188.25012359619137,177.2834912109375,186.88970733821688,183.37852338780937,66.35146745409136,3.5111839504075135,3.5647033202538303,-0.05351936984631678,0.006791326508644113,0.005320201262874827,-0.06331874149492567,0.0666504620967161,1,AAPL
2023-12-04,187.30975341796875,187.92282418358675,185.3519192531924,187.8536004326293,43389500,188.2244140625,177.57756134033204,186.95432981202484,183.6697256122656,65.42293109404054,3.2846041997592295,3.50868349615491,-0.22407929639568058,-0.009464669317555074,0.0062434866133104635,-0.0506576989725368,0.054805303126022276,1,AAPL
2023-12-05,191.2550811767578,192.22410797955845,188.0513405114985,188.08101860758427,66628400,188.41920623779296,177.92506072998046,187.6159838681376,184.231603802228,68.27609560362565,3.384380065909596,3.4838228101058473,-0.0994427441962511,0.021063119708375933,0.00880232524316204,0.5355881031125043,0.0749192968775041,1,AAPL
2023-12-06,190.1674041748047,192.5800810210356,189.9597480282028,192.27355320919483,41089700,188.5853240966797,178.33217712402345,188.0085100691633,184.67129271871514,62.75897291588259,3.3372173504481566,3.4545017181743094,-0.1172843677261528,-0.00568704891530647,0.008910932135431817,-0.3833005144953203,0.06636618944291972,1,AAPL
2023-12-07,192.09559631347656,192.817421410012,191.42319951100376,191.46276025185608,47477700,188.87801055908204,178.80807525634765,188.63729256828842,185.2212411331419,63.30214024106979,3.416051435146528,3.4468116615687534,-0.030760226422225312,0.01013944606878825,0.009360730921301118,0.15546475150706862,0.07431163854361333,1,AAPL
2023-12-08,193.5194854736328,193.79635031367133,191.50231010992096,192.02637677770835,53406400,189.44558563232422,179.30731567382813,189.38839916911064,185.83592589910418,66.21771730075,3.552473270006459,3.467943983256295,0.08452928675016391,0.007412398761253325,0.008995520377273077,0.12487336159923501,0.07926151672281767,1,AAPL
2023-12-11,191.01779174804688,191.3243346926335,189.2774962882125,190.9485830810774,60943700,189.78079071044922,179.74625244140626,189.63907495048545,186.21976781384066,54.47489765549677,3.4193071366447896,3.458216613933994,-0.038909477289204464,-0.012927347959111879,0.010287195062531743,0.14113102549507173,0.06270806291393982,1,AAPL
2023-12-12,192.53065490722656,192.54053754746204,189.5741159727842,190.91889435682484,52696900,190.20696716308595,180.16528076171875,190.0839334053687,186.68724093186924,60.149589506260796,3.3966924734994564,3.4459117858470867,-0.04921931234763033,0.007920011771338942,0.010464198496690882,-0.13531833479096278,0.06863350193349338,1,AAPL
2023-12-13,195.7443084716797,195.78385412672148,192.66911702808835,192.90642113434447,70404200,191.0563537597656,180.67524475097656,190.9547603386473,187.35813482370708,64.69289407772764,3.5966255149402286,3.476054531665715,0.12057098327451365,0.01669164614851426,0.010978622362962319,0.33602166351341345,0.08340414173215982,0,AAPL
2023-12-14,195.8926239013672,197.3857175620074,193.964452594447,195.8036348613561,66831600,191.86322174072265,181.16329040527344,191.71443165598882,187.99031919983003,68.9831908942642,3.7241124561587924,3.525666116564331,0.19844633959446156,0.0007576998322225137,0.011036202524690533,-0.05074413174214043,0.08130418399413775,0,AAPL
2023-12-15,195.35867309570312,196.1793699091571,194.7950456705572,195.3191123528845,128538400,192.4891372680664,181.61596893310548,192.27508418517564,188.53612319211692,67.84406247920649,3.7389609930587255,3.56832509186321,0.17063590119551542,-0.0027257320619326064,0.011203665720170423,0.92331771198056,0.07566902978481749,0,AAPL
2023-12-18,193.69744873046875,194.42917151631292,192.214237877434,193.89520715993984,55751900,193.1279067993164,181.98446746826173,192.4939094998361,188.91844360236522,62.00260992310589,3.5754658974708775,3.5697532529847438,0.005712644486133733,-0.008503458479268922,0.011085310974897697,-0.5662626888151712,0.06436253283126914,0,AAPL
2023-12-19,194.7357177734375,194.7456004150459,193.69746706046115,193.9644492639128,40714100,193.47597045898436,182.3441064453125,192.83880308039014,189.34935280022242,66.5355432184908,3.4894502801677163,3.5536926584213386,-0.06424237825362233,0.0053602618401726865,0.00927120941868399,-0.26972713037582574,0.06795729003636009,0,AAPL
2023-12-20,192.6493225097656,195.46741418063525,192.6493225097656,194.69614571593397,52242800,193.72416229248046,182.67386810302733,192.80965222337096,189.59379500092933,59.99175979030431,3.2158572224416275,3.4861255712253967,-0.27026834878376915,-0.010713983482471767,0.00984352594124224,0.28316234424928965,0.054607999000229945,0,AAPL
2023-12-21,192.5010223388672,194.87416921268175,191.3342368191114,193.90514216040955,46482500,193.76470489501952,182.9728158569336,192.76217070267808,189.80914517410991,57.388305900741614,2.953025528568162,3.37950556269395,-0.42648003412578817,-0.0007697933684188696,0.009352353998217518,-0.11026016982244446,0.05207443760052133,0,AAPL
2023-12-22,191.43307495117188,193.22281352230837,190.8101216032956,192.99537700889317,37149600,193.55606384277343,183.232431640625,192.5576944332156,189.9294362687071,59.246069600944914,2.628258164508509,3.229256083056862,-0.6009979185483534,-0.005547749174107608,0.009145250971734742,-0.20078309041036946,0.04475541385943527,0,AAPL
2023-12-26,190.88926696777344,191.7198615425509,190.67172813799797,191.44299668429173,28919300,193.5432113647461,183.51790649414062,192.30101328468604,190.0005348390083,49.03204186114117,2.300478445677726,3.0435005555810353,-0.7430221099033094,-0.0028407211425567347,0.008196191470220025,-0.22154478110127696,0.04016698214606196,0,AAPL
2023-12-27,190.98812866210935,191.3342172608312,188.95118798803827,190.33552729492325,48087700,193.3889587402344,183.8079263305664,192.09903103505886,190.07368993701579,52.29158376484876,2.0253410980430715,2.839868664073443,-0.8145275660303715,0.0005179007489855003,0.007718016827324607,0.6628237889575475,0.03906361643311196,0,AAPL
2023-12-28,191.41331481933597,192.4812284908812,191.00790021395272,191.967044481322,34049900,192.955859375,184.1374575805664,191.99353623263994,190.17292140978023,47.92042609080669,1.82061482285971,2.6360178958306966,-0.8154030729709865,0.0022262439042943782,0.004933330809514464,-0.2919208030327922,0.03951318397880077,0,AAPL
2023-12-29,190.37506103515625,192.2241257878035,189.58401220758475,191.72972215657148,42672100,192.40410308837892,184.4720965576172,191.7445400484117,190.18789471536365,40.18515854879443,1.5566453330480385,2.4201433832741652,-0.8634980502261267,-0.005424146095373117,0.004905433289020786,0.25322247642430673,0.03199922691665913,0,AAPL
2024-01-02,183.5621795654297,186.3308429174033,181.8317668564464,185.0552730997862,82488700,191.22445373535157,184.67798278808593,190.48571535872216,189.69710100055374,31.663440515603796,0.7886143581684166,2.0938375782530154,-1.3052232200845988,-0.03578662789486087,0.01151132004573477,0.933082740244797,-0.006041885479854958,0,AAPL
2024-01-03,182.1877593994141,183.79952025374087,181.37693010719957,182.15809638511385,58414500,190.0734848022461,184.9073358154297,189.20910674959785,189.1408534745434,24.387954669802454,0.06825327505444534,1.6887207176133014,-1.620467442558856,-0.007487490992259094,0.011492691670432386,-0.29184845924350855,-0.014707780002466864,1,AAPL
2024-01-04,179.87396240234375,181.04074792224716,178.85549196107084,180.11126652815247,71983600,188.58730926513672,185.08804290771485,187.77293069617414,188.4544170988249,8.867234308448715,-0.6814864026507621,1.2146792935604889,-1.896165696211251,-0.012700068350902538,0.010905003266801898,0.23228992801444837,-0.028170812244045607,1,AAPL
2024-01-05,179.15208435058594,180.71440156415224,178.15339449300276,179.95303087035154,62379700,187.23758544921876,185.24562286376954,186.44664664300672,187.76535541377018,7.864602376248698,-1.3187087707634646,0.7080016806956981,-2.026710451459163,-0.00401324372975731,0.010915511898994082,-0.1334178896304158,-0.03289437244984095,1,AAPL
2024-01-08,183.4830474853516,183.52260821958475,179.46849297664804,180.05188555859277,59144500,186.33578796386718,185.5360369873047,185.9907083110598,187.4481474190725,24.905898853762096,-1.4574391080127214,0.2749135229540143,-1.7323526309667356,0.02417478507417381,0.01472817554675842,-0.05186302595235304,-0.011065179224958754,0,AAPL
2024-01-09,183.06781005859372,183.0776927013781,180.68478049118508,181.8614637667107,42841800,185.49926147460937,185.90129486083984,185.54103165683424,187.123677984963,26.29027383347818,-1.5826463281287602,-0.09659844726254063,-1.4860478808662196,-0.0022630833335761658,0.014743493019997474,-0.2756418601898739,-0.015241877709174512,0,AAPL
2024-01-10,184.1060485839844,184.31368968460143,181.86145160567415,182.28664662503843,46792900,184.82093963623046,186.2610498046875,185.32026503024196,186.9001498811868,26.29017348437742,-1.5798848509448362,-0.39325572799899977,-1.1866291229458366,0.005671333070835116,0.015082746455030454,0.09222535000863652,-0.01156978994246416,1,AAPL
2024-01-11,183.5127410888672,184.9564063690912,181.5647895230864,184.4521049955326,49128400,184.07340087890626,186.56805633544923,185.04218442387662,186.64923071138534,28.166261308401943,-1.607046287508723,-0.6360138399009445,-0.9710324476077785,-0.0032226398843521187,0.015018041982500868,0.04991141818523759,-0.016376411410368052,1,AAPL
2024-01-12,183.8390655517578,184.6498948423917,183.11724039185432,183.97749798089004,40477800,183.31597595214845,186.87210815429688,184.85708921278143,186.4410703291907,29.47511067466371,-1.5839811164092623,-0.8256072952026081,-0.7583738212066542,0.001778211479782854,0.01499844843639209,-0.17608145186898005,-0.016230579472217177,1,AAPL
2024-01-16,181.57467651367188,182.19761480887053,178.90488492167398,180.1211286782067,65603000,182.4359375,187.06767303466796,184.35210264368766,186.08059671322633,27.893535309849327,-1.7284940695386695,-1.0061846500698204,-0.7223094194688491,-0.012317235356314571,0.015231473770670998,0.620715552722727,-0.029363686584042314,1,AAPL
2024-01-17,180.63531494140625,180.8825167727283,178.281963767062,179.24110807963172,47317400,182.14325103759765,187.1733493041992,183.780289151029,185.67724250790633,27.40733518690999,-1.896953356877333,-1.184338391431323,-0.7126149654460099,-0.005173417297510086,0.010661472934095906,-0.2787311555873969,-0.034930370093272045,1,AAPL
2024-01-18,186.5187225341797,187.02300881659585,183.75005912545996,184.0071435872404,78005800,182.57634735107422,187.41486450195313,184.20158659459062,185.73957436170437,42.15278161035338,-1.5379877671137479,-1.2550682665678081,-0.28291950054593973,0.03257063877393995,0.014876996673182213,0.6485647985730407,-0.004781594939947231,1,AAPL
2024-01-19,189.4159240722656,189.80155831594575,186.70660172518024,187.2108880167613,68903000,183.5305435180664,187.66336791992188,185.0037923603868,186.01189656248667,46.773162183228685,-1.0081042020998723,-1.205675453674221,0.19757125157434863,0.015533033353019032,0.01435202595433857,-0.11669388686482285,0.009338829265238102,1,AAPL
2024-01-22,191.7198486328125,193.14373357255337,190.10808789018887,190.14764863184956,60133900,184.78731994628907,187.90679656982422,186.03703178691381,186.43470782695525,52.08718568592084,-0.3976760400414321,-1.0440755709476632,0.6463995309062311,0.012163309773617126,0.014098355616993451,-0.12726731782360712,0.02029225197062723,0,AAPL
2024-01-23,192.9954071044922,193.55903452389103,191.66052626402544,192.83720939883852,42355600,185.73855590820312,188.1546044921875,187.10755106654128,186.92068555121725,67.67978173956303,0.18686551532402973,-0.7978873536933248,0.9847528690173545,0.0066532415958802105,0.012734541085676744,-0.29564521842089075,0.025727792446905928,0,AAPL
2024-01-24,192.32302856445312,194.18199120084623,192.16481576816375,193.23272951111284,53631300,186.66407775878906,188.39844451904298,187.90993222006617,187.32085910775322,69.50893494388067,0.5890731123129456,-0.5204952604920707,1.1095683728050163,-0.003483909540267005,0.012818963157136187,0.2662150931635958,0.020831297495205403,0,AAPL
2024-01-25,191.9967041015625,194.07320538533628,190.9485708187439,193.0349547434494,54822100,187.45314331054686,188.55210540771483,188.538666355681,187.66721799618355,75.26782477053115,0.8714483594974354,-0.24210653649416952,1.1135548959916048,-0.0016967518935532278,0.0129878300907147,0.02220345208861252,0.018268683271392083,0,AAPL
2024-01-26,190.26629638671875,192.5801018175765,189.7916731135176,192.09559590318423,44594000,188.12849884033204,188.7027993774414,188.80445559122526,187.8597423214084,72.2310699820839,0.944713269816873,-0.004742575231961005,0.949455845048834,-0.009012694894639406,0.013479253284070658,-0.18656892019824123,0.008285499814711494,0,AAPL
2024-01-29,189.5840301513672,190.04877081575225,187.4581003710548,189.86089500402176,47145600,188.70299530029297,188.78763854980468,188.9243901389394,187.98746734584978,64.28913489111432,0.9369227930896216,0.18359049843235553,0.753332294657266,-0.0035858491404323622,0.013669678164923793,0.05721845988249541,0.004218452053747157,0,AAPL
2024-01-30,185.93533325195312,189.65325866018404,185.37172089064356,188.80288370915284,55859400,189.1390609741211,188.78823211669922,188.4645352332492,187.83545741296854,55.83261741833606,0.6290778202806564,0.2726879628020157,0.3563898574786407,-0.019245803016746055,0.014679862971436012,0.18482742822235787,-0.015111635046100691,1,AAPL
2024-01-31,182.3360748291016,185.00586682539145,182.28664653050623,184.94652570867123,55467800,189.30913696289062,188.68322052001952,187.52169517107265,187.4280957400895,46.73951600798502,0.09359943098314716,0.23687025643824197,-0.1432708254550948,-0.019357581799551382,0.016115726188283858,-0.007010458400913744,-0.03363916342653528,1,AAPL
2024-02-01,184.7685394287109,184.85752846784007,181.76257176566293,181.93066720224104,64885400,189.13411865234374,188.6272543334961,187.09813274917084,187.23109156887628,52.166516967276344,-0.13295881970543633,0.1629044412095063,-0.29586326091494264,0.013340555904196139,0.012728454126855348,0.16978499237395384,-0.020456825915320387,1,AAPL
2024-02-02,183.76986694335935,185.23329771545795,177.2437318686429,177.84690500460306,102551700,188.56951293945312,188.51650848388672,186.58609185596907,186.97470455957873,49.88332454301035,-0.3886127036096525,0.05260101224567455,-0.44121371585532704,-0.005404992042689627,0.01138136916623698,0.5805050134544905,-0.02517891710758635,1,AAPL
2024-02-05,185.579345703125,187.1317803970082,183.75994390321247,186.0440863383638,69668800,187.95546264648436,188.45797088623047,186.43120783245462,186.87134464428584,56.8574507266886,-0.44013681183122344,-0.045946552569705056,-0.3941902592615184,0.009846438863251539,0.011058227426260545,-0.3206470492444299,-0.015274626854829387,0,AAPL
2024-02-06,187.1812286376953,187.19111127921155,184.67954732588265,184.76853636353556,43490800,187.3740447998047,188.4182208251953,186.54659564864548,186.894299014168,60.960301599719195,-0.3477033655225341,-0.10629791516027087,-0.24140545036226324,0.00863179535686509,0.011269685258602063,-0.37574925935282366,-0.006565141004317265,0,AAPL
2024-02-07,187.28997802734372,188.91162125480523,186.49892923853312,188.5062066759397,53439000,186.87073974609376,188.40714569091796,186.66096216844522,186.92360857069954,51.60096111512662,-0.2626464022543189,-0.13756761257908048,-0.12507878967523842,0.0005809844846083045,0.011323347690438452,0.22874263062532774,-0.00592953977131494,0,AAPL
2024-02-08,186.2122344970703,187.41856575868687,185.25309002092848,187.27025066980107,40962000,186.29229278564452,188.37807556152345,186.59192714207984,186.87091419487516,42.8064546854304,-0.27898705279531555,-0.1658515006223275,-0.11313555217298804,-0.005754411109579305,0.01136040789775467,-0.23348116544097008,-0.011497309641778197,0,AAPL
2024-02-09,186.97454833984372,188.10322646586076,186.1329835945197,186.7765224417052,45155200,185.96311798095704,188.3521887207031,186.65079194173583,186.87859079820615,38.552409166671424,-0.22779885647031506,-0.17824097179192502,-0.049557884678390035,0.0040937903185163105,0.011345191858059163,0.10236804843513503,-0.007314172403391717,0,AAPL
2024-02-12,185.2914123535156,186.796321504533,184.9349868995182,186.54880424779185,41781900,185.5338562011719,188.3130081176758,186.44165662047118,186.76102202452535,31.77326297108405,-0.31936540405416736,-0.20646585824437347,-0.11289954580979389,-0.009001952411559655,0.011572986064527419,-0.07470457444546807,-0.016045602979651963,0,AAPL
2024-02-13,183.20236206054688,184.360756090923,181.68755769129083,183.92512331150877,56529500,185.26055908203125,188.22057647705077,185.94330361125208,186.49741758274916,29.777192248823496,-0.5541139714970882,-0.27599548089491643,-0.27811849060217175,-0.011274404282606731,0.010494810783326257,0.352966236576125,-0.026661348670960816,0,AAPL
2024-02-14,182.32122802734372,183.68752828939827,180.62821823999963,183.47962222785037,54630500,185.25907440185546,188.08501068115234,185.38606121372771,186.1880702082747,29.062174338572788,-0.8020089945469806,-0.3811981836253293,-0.4208108109216513,-0.004809621575249889,0.008564319839932546,-0.03359307971943848,-0.030644561376448887,1,AAPL
2024-02-15,182.03411865234372,182.65786706531415,179.5490504680876,181.72719962604296,65434500,184.98563232421873,187.97949798583986,184.87037774274557,185.88037009302056,30.998536246564072,-1.0099923502749846,-0.5069570169552604,-0.5030353333197242,-0.0015747446312556201,0.00717349508039149,0.1977649847612597,-0.031627807272599395,0,AAPL
2024-02-16,180.49948120117188,183.0142649801448,179.86583763061847,181.5984584212064,49752500,184.65859374999997,187.76438598632814,184.197932120965,185.48178573066141,29.824960911528763,-1.283853609696422,-0.6623363355034928,-0.6215172741929291,-0.008430493484041679,0.007417697484759074,-0.2396595068350793,-0.03869160142906569,0,AAPL
2024-02-20,179.7569580078125,180.6183133605895,178.2124525032785,179.98466968931257,53665600,184.07635498046872,187.55617706298827,183.51470533432615,185.0577244178578,34.24539313951303,-1.5430190835316466,-0.8384728851091237,-0.704546198422523,-0.004113713726034529,0.006202897972964184,0.0786513240540676,-0.041583376123925264,1,AAPL
2024-02-21,180.5094146728516,181.07374623255757,178.8658962581704,180.13318356154335,41371400,183.40917358398434,187.3244534301758,183.05235292486853,184.7208125848944,44.55097626521201,-1.66845966002586,-1.004470240092471,-0.6639894199333891,0.004185966837547239,0.005366323167763322,-0.22908902537193288,-0.036380934963541556,0,AAPL
2024-02-22,182.5390167236328,183.1231689152353,180.6479964148563,181.65785591778803,52292200,182.93407745361327,187.1048440551758,182.97337812467842,184.5591980766528,43.185426324773616,-1.585819951974372,-1.1207401824688512,-0.4650797695055209,0.011243746230409135,0.007077929781452577,0.26396979555925104,-0.02440250734607674,0,AAPL
2024-02-23,180.70741271972656,183.20237592421452,180.42028422645075,183.17267506039363,45119700,182.3835952758789,186.89863647460936,182.62476806237814,184.2738806428064,41.093074467206996,-1.649112580428266,-1.2264146620607341,-0.4226979183675319,-0.010034041142444217,0.007414998508488531,-0.137161947670972,-0.033126104457824046,0,AAPL
2024-02-26,179.36094665527344,180.9450483706012,178.8560016756048,180.43022324442992,40867400,181.62223510742186,186.63524230957032,182.12264169205434,183.90995960669287,31.413656501382235,-1.7873179146385212,-1.3385953125762915,-0.4487226020622297,-0.0074510837391129625,0.007084087623569271,-0.09424486421673905,-0.03897600241132948,0,AAPL
2024-02-27,180.8163299560547,182.09351248592515,177.77681047698752,179.30152539649055,54318900,181.1747268676758,186.3366827392578,181.9216706557467,183.68080185479374,30.80770250075443,-1.759131199047033,-1.42270248987044,-0.3364287091765932,0.008114270848371685,0.007806070687965922,0.32914988474921336,-0.02962568991811343,0,AAPL
2024-02-28,179.61831665039062,181.30143093346825,178.34113428414614,180.6974882375532,48953900,180.81632232666016,186.01119659423827,181.56730850107655,183.37987702483795,28.29328778738929,-1.8125685237613993,-1.5006756966486319,-0.31189282711276745,-0.006625581361789701,0.007344582158289831,-0.09876856858294258,-0.0343682534218247,0,AAPL
2024-02-29,178.9549560546875,180.75688872813024,177.74707077204522,179.46979611956436,136682600,180.47969512939454,185.68312225341796,181.16540812470902,183.0521051011231,28.972687346201013,-1.886696976414072,-1.57787995260172,-0.308817023812352,-0.0036931678688109093,0.007304652133167398,1.7920676391462171,-0.03623466751893556,0,AAPL
2024-03-01,177.8758087158203,178.73716395290236,175.61845249589473,177.76690051629518,73563100,180.0638641357422,185.366689453125,180.6593159079569,182.6686757392488,24.112511450414857,-2.0093598312919028,-1.6641759283397566,-0.3451839029521462,-0.0060302735540747054,0.007421763771439602,-0.461796161325582,-0.040411148083857595,0,AAPL
2024-03-04,173.36109924316406,175.14321147352493,172.06409607852763,174.4006596751229,81510100,179.35002593994142,184.93919708251954,179.53651334414263,181.9792256284277,20.766484081434285,-2.4427122842850792,-1.8198831995288212,-0.6228290847562581,-0.02538124495540084,0.010342645403265509,0.10802970511030674,-0.06260488864450597,0,AAPL
2024-03-05,168.43055725097656,170.33148818677603,167.93552268101038,169.06420089624305,95132400,178.2173858642578,184.45482177734374,177.8279047144248,180.97562056343133,18.228153029711294,-3.147715849006545,-2.085449729424366,-1.062266119582179,-0.0284408786845064,0.012918293757383736,0.16712407419448638,-0.086873654870948,1,AAPL
2024-03-06,167.44049072265625,169.53944760498507,167.00485787713032,169.3612273012443,68587700,176.91049346923828,183.95361114501952,176.22984102338347,179.97301835300354,18.14313545890137,-3.7431773296200674,-2.4169952494635063,-1.3261820801565611,-0.0058781882841189015,0.01238186702232371,-0.2790290164024034,-0.08976785135979304,1,AAPL
2024-03-07,167.3216552734375,169.0344703547855,166.81672553933012,167.47015957545335,71765100,175.38875732421874,183.47138275146483,174.85935090800717,179.03588034710978,18.274802810728602,-4.176529439102609,-2.768902087391327,-1.407627351711282,-0.0007097175163897074,0.010864089343877135,0.04632609053809933,-0.08802314146127177,1,AAPL
2024-03-08,169.03448486328125,171.9749911536114,167.26226790901475,167.32166963491963,76267000,174.22146453857422,183.034287109375,173.963217670357,178.29503623719657,25.466014142379862,-4.331818566839559,-3.081485383280973,-1.2503331835585856,0.01023674781990791,0.012357897617996477,0.06273104893604264,-0.07648732085769228,1,AAPL
2024-03-11,171.034423828125,172.64824117092596,170.34137853305091,171.22253935977105,60139500,173.38881225585936,182.63521301269532,173.5126340023213,177.75721309578387,32.28780001115456,-4.244579093462562,-3.3141041253172907,-0.9304749681452713,0.011831544116346127,0.013645230690455647,-0.21146105130659398,-0.06351890740677657,1,AAPL
2024-03-12,171.50965881347656,172.3017170819102,169.31170429451927,171.43045147590772,59825400,172.45814514160156,182.2371398925781,173.20448397326825,177.29443129709443,31.51677006020593,-4.0899473238261805,-3.4692727650190687,-0.6206745588071119,0.002778592605598096,0.013186945111365214,-0.005222856857805547,-0.05886550395503898,1,AAPL
2024-03-13,169.4305419921875,171.4700820663792,169.06420612614593,171.05425482761498,52488700,171.43936767578126,181.81824951171876,172.62387751464047,176.71192097821245,23.133139475608388,-4.088043463571978,-3.593026904729651,-0.4950165588423272,-0.012122447421752391,0.013366719431597233,-0.12263520177048548,-0.06813236599075734,1,AAPL
2024-03-14,171.28195190429688,172.57893998999515,170.34138929390355,171.1928493122845,72913500,170.67206726074218,181.57264495849608,172.41742742074146,176.30970104681128,30.697440416483076,-3.892273626069823,-3.6528762489976856,-0.23939737707213737,0.01092725013058593,0.014376992242940853,0.3891275645996186,-0.05667534917801886,0,AAPL
2024-03-15,170.9057159423828,170.9057159423828,168.59885322457814,169.47011882986197,121752700,169.97505798339844,181.34700408935547,172.18485642407092,175.90940585389066,31.967809538685827,-3.7245494298197457,-3.6672108851620977,-0.05733854465764798,-0.002196588477251127,0.014376214371059116,0.6698238323492907,-0.05757629247532481,0,AAPL
2024-03-18,171.9947967529297,175.94517770513775,171.7967859641753,173.82643054023092,75604200,169.838427734375,181.1894207763672,172.15561647466458,175.61943480937504,30.888002041687983,-3.463818334710453,-3.626532375071769,0.16271404036131587,0.006372407175158745,0.012485736998559567,-0.3790347154518955,-0.05074592094858543,0,AAPL
2024-03-19,174.3313751220703,174.8561105550952,171.3116612385504,172.6086493883763,55215200,170.4285095214844,181.09300659179686,172.49034857426545,175.5240229806858,39.0842743106728,-3.033674406420346,-3.5079607813414846,0.4742863749211388,0.013585168930994485,0.008580502945803195,-0.26968078492993774,-0.03733789391971387,0,AAPL
2024-03-20,176.89564514160156,176.89564514160156,173.35119593354975,173.97494430389506,53423100,171.3740249633789,180.96125854492186,173.16808650770176,175.6256246222351,46.05767820764412,-2.4575381145333495,-3.2978762479798576,0.8403381334465081,0.014709171069956284,0.008554777415638079,-0.03245664237383905,-0.022466761316821016,0,AAPL
2024-03-21,169.6681365966797,175.72736975318543,169.14340118299,175.29173693263047,106181300,171.60867309570312,180.6932650756836,172.62963267523682,175.1843292129347,37.28137791969007,-2.554696537697879,-3.1492403059234624,0.5945437682255834,-0.040857470171955845,0.017033422702115487,0.9875540730507963,-0.061015713421228135,1,AAPL
2024-03-22,170.56906127929688,171.331418528341,168.37110721070346,170.0542212442182,71160100,171.7621307373047,180.42252532958983,172.31262169124605,174.8424575141467,45.12777089906938,-2.529835822900651,-3.0253594093189005,0.49552358641824945,0.005309922656596244,0.016823446914446528,-0.32982455479448824,-0.0546132697804389,0,AAPL
2024-03-25,169.15330505371094,170.2324767040703,167.76719930445816,168.87608692531137,54288300,171.5740188598633,180.13533660888672,171.8265729777791,174.42103881337368,51.43757246134889,-2.594465835594576,-2.939180694574036,0.34471485897945975,-0.008300193569499181,0.01659068331957527,-0.23709635034239696,-0.06096544832300266,0,AAPL
2024-03-26,168.0246124267578,169.71762191427138,167.89589862566189,168.3117257823714,57388400,171.22551422119142,179.8190475463867,171.24165596992967,173.94722945140214,51.15546795531583,-2.70557348147247,-2.892459251953723,0.18688577048125277,-0.006672601676891432,0.01662198722260984,0.05710438529112172,-0.06559057719725925,0,AAPL
2024-03-27,171.58885192871094,171.87598039200594,168.42063422483255,168.7176579392829,60273300,171.44134521484375,179.6193310546875,171.29507073281908,173.7725348200917,57.428493560847734,-2.477464087272608,-2.8094602190174998,0.3319961317448916,0.021212603620834214,0.01765981485083531,0.05026974092325287,-0.04470832331254804,0,AAPL
2024-03-28,169.77703857421875,170.51959037094832,168.81667037520145,170.0443614510728,65672700,171.29085388183594,179.40216552734375,171.06152732380366,173.47657213521222,51.28822532825074,-2.4150448114085634,-2.730577137495713,0.31553232608714943,-0.01055903885437115,0.017680155016588303,0.08958195419862536,-0.05365111912017573,0,AAPL
2024-04-01,168.34144592285156,169.54933141950085,167.79690490268092,169.48992969134684,46240500,171.0344268798828,179.0386199951172,170.6430532621187,173.0961924157781,45.23475617164782,-2.4531391536593787,-2.675089540728446,0.2219503870690671,-0.008455752694376373,0.017847466800486215,-0.2958946411522596,-0.059747858157962574,0,AAPL
2024-04-02,167.1632537841797,167.65828830624176,166.55931106297376,167.40087579338118,49329500,170.5512725830078,178.59356658935548,170.10769949628195,172.65671548010414,42.495695205818684,-2.549015983822187,-2.649874829347194,0.10085884552500701,-0.0069988239213046866,0.017703630181059308,0.06680291086817824,-0.06400181721807363,1,AAPL
2024-04-03,167.96519470214844,168.98496453257434,166.90582876011774,167.11373478373662,47691700,169.91465454101564,178.11847351074218,169.77808337410758,172.30919542247779,47.35327141749206,-2.531112048370204,-2.626122273151796,0.09501022478159182,0.004797351689529217,0.01700980173787654,-0.03320122847383411,-0.05700295207156825,0,AAPL
2024-04-04,167.1434783935547,170.2126836435028,167.1434783935547,168.59886612133832,53704400,168.93943786621094,177.60143493652345,169.3727595309456,171.92654971663165,42.2362499363085,-2.5537901856860685,-2.6116558556586504,0.05786566997258191,-0.004892182038373494,0.015750657095616103,0.12607434836669684,-0.05888441468227179,1,AAPL
2024-04-05,167.8959197998047,168.69787335368648,167.2721714324497,167.90581505219322,42104800,168.76221618652343,177.11289276123046,169.14555341846238,171.62798453760746,44.432231578519506,-2.482431119145076,-2.5858109083559357,0.10337978921085966,0.004501769458682192,0.00989198884908959,-0.2159897513052934,-0.05204010175505047,1,AAPL
2024-04-08,166.77713012695312,167.51968192191484,166.5692240844266,167.3513719945941,37425500,168.38302307128907,176.60850128173828,168.78118060438405,171.2686619886701,40.35852868911855,-2.487481384286042,-2.5661450035419575,0.07866361925591558,-0.006663590599375935,0.009766446277148705,-0.1111345974805723,-0.05566759857783665,1,AAPL
2024-04-09,167.98501586914062,168.39094781013864,166.67813256359855,167.02464767080627,42373800,168.26619415283204,176.16287567138673,168.65869372203892,171.025428942779,37.76240442573645,-2.3667352207400825,-2.5262630469815823,0.15952782624149986,0.007242514254010901,0.00992380457363313,0.13221733844571215,-0.046422152062850275,0,AAPL
2024-04-10,166.11380004882812,167.41078821247058,165.45045553411236,167.1236748074244,49709300,168.07511291503906,175.69347106933594,168.267171618468,170.6616045802641,28.638568050435538,-2.394432961796099,-2.499897029944486,0.10546406814838694,-0.011139182924328028,0.010317752824041538,0.17311404688746346,-0.05452491183765895,1,AAPL
2024-04-11,173.3016815185547,173.7175238179071,166.49001666248702,166.66822184170525,91070300,168.24639587402345,175.44079803466798,169.04171160309673,170.8571658349523,57.21024927996822,-1.8154542318555684,-2.3630084703267022,0.5475542384711338,0.04327082679231786,0.016262308869967913,0.8320575827863197,-0.012192811136726545,0,AAPL
2024-04-12,174.79669189453125,176.5887144383463,172.47993396851362,172.52942533467058,101670900,168.74836120605468,175.29001037597655,169.92709318639436,171.1489825801063,58.195888182221566,-1.2218893937119333,-2.1347846550037484,0.9128952612918151,0.008626635142120698,0.015859359677876914,0.1164001875474221,-0.0028142988889509057,0,AAPL
2024-04-15,170.97503662109375,174.8759113224836,170.7869210734751,173.61851932570818,73531800,169.0117202758789,175.0141403198242,170.08831525327116,171.13609769425352,53.23035645965768,-1.0477824409823597,-1.9173842121994709,0.8696017712171111,-0.021863430205781076,0.017427403051141058,-0.2767665084109613,-0.023078727760793005,0,AAPL
2024-04-16,167.6979217529297,172.03441446797186,166.59894436401518,170.0443808641566,73711200,169.0651870727539,174.69270141601564,169.7205624070648,170.8814179948962,49.46171460867834,-1.1608555878314064,-1.7660784873258581,0.6052228994944517,-0.019167212552945068,0.018493560442271847,0.002439760756570708,-0.04004048026270135,0,AAPL
2024-04-17,166.3315887451172,168.9552655008738,166.3315887451172,167.9256004082147,50901200,168.90182647705078,174.30774627685548,169.19918184368822,170.54439360602368,40.66125290023202,-1.3452117623354525,-1.681905142327777,0.3366933799923246,-0.008147584618404036,0.01860979611708902,-0.3094509382563301,-0.0457590537546716,1,AAPL
2024-04-18,165.38111877441406,166.96523521407434,164.8959946340493,166.36129252101995,43122900,168.72559051513673,173.87174407958983,168.61178752533837,170.16192880368223,41.944804670090164,-1.5501412783438582,-1.6555523695309935,0.10541109118713532,-0.005714308255418632,0.018631572463565782,-0.152811721531123,-0.048832691879418744,1,AAPL
2024-04-19,163.36141967773438,164.7475105290668,162.4505578172506,164.55941006923095,68149400,168.2721405029297,173.39317291259766,167.80403862570697,169.65818738694534,41.06572585656479,-1.8541487612383776,-1.6952716478724705,-0.15887711336590704,-0.012212392270937733,0.01884113456046372,0.5803528983440354,-0.057855526064570006,1,AAPL
2024-04-22,164.1930389404297,165.59893510418706,163.13367296874276,163.8762247169617,48116400,168.01373138427735,172.95278900146485,167.24850021258737,169.25336157609232,44.604273871021036,-2.0048613635049435,-1.7571895909989652,-0.24767177250597827,0.005090671128690438,0.018924312719166666,-0.29395710013587795,-0.050648215108927586,1,AAPL
2024-04-23,165.24252319335938,165.39104261951863,163.28219064755024,163.70792820716713,49537800,167.7394821166992,172.51814849853517,166.93988836347538,168.9562624366306,45.09805106644374,-2.0163740731552195,-1.8090264874302162,-0.20734758572500334,0.006391770684690545,0.018883003755718296,0.02954086340623996,-0.04217310102442684,1,AAPL
2024-04-24,167.34149169921875,167.6187098522012,164.5593998092657,164.8861093338651,48251800,167.86225128173828,172.15915008544923,167.00167349205128,168.83664978941488,50.34083143223792,-1.8349762973635961,-1.8142164494168924,-0.020759847946703713,0.012702350855555933,0.019033345079757864,-0.025959973999652775,-0.027983748664182406,1,AAPL
2024-04-25,168.20285034179688,168.91570135131437,166.48012455092012,167.84642483703811,50558300,167.3523681640625,171.85915985107422,167.1864699304737,168.78970168218393,50.526332315469695,-1.60323175171024,-1.772019509875562,0.1687877581653221,0.005147310651002934,0.01219131559551737,0.04780132554640448,-0.021275034234112145,1,AAPL
2024-04-26,167.61871337890625,169.63844783702467,167.49989480565932,168.1929553099538,44838400,166.6345703125,171.56510955810546,167.25296892254022,168.70296180786707,51.47012569396095,-1.44999288532685,-1.7076141849658195,0.2576212996389695,-0.0034728125100355056,0.011499395898964688,-0.11313473752084224,-0.02300232366221666,1,AAPL
2024-04-29,171.77700805664062,174.2818819511338,171.38098641526307,171.64829422492716,68169400,166.7147674560547,171.3599673461914,167.94897494317104,168.93066893740584,56.00507253100739,-0.9816939942348029,-1.5624301468196164,0.5807361525848136,0.02480805748898951,0.012887251938920917,0.5203352483585497,0.002433711425765317,1,AAPL
2024-04-30,168.6384735107422,173.2521991943247,168.31174889120035,171.60868084411632,65934800,166.80882263183594,171.1227471923828,168.0550516458743,168.90902483172707,53.84383425818416,-0.8539731858527659,-1.4207387546262464,0.5667655687734805,-0.01827098155571294,0.012737194906150292,-0.03278010368288409,-0.014517495320757634,1,AAPL
2024-05-01,167.61871337890625,170.99485287185942,167.43059781958385,167.8959315377214,50383100,166.93753509521486,170.87998229980468,167.98792268172537,168.8134462055922,39.346740999024604,-0.8255235238668206,-1.3016957084743614,0.47617218460754085,-0.006047019464813785,0.012592816690178416,-0.23586482403829234,-0.019085143133831917,1,AAPL
2024-05-02,171.3116455078125,171.69777183075684,169.19289835753364,170.79680537480178,94214900,167.53058776855468,170.6960269165039,168.49926465496952,168.99849800575666,43.96431802998656,-0.4992333507871365,-1.1412032369369165,0.64196988614978,0.02203174129226415,0.01396914152254575,0.8699702876559798,0.0036065197440695584,1,AAPL
2024-05-03,181.55886840820312,185.14291355827163,180.84601747897057,184.7963833456082,163224100,169.35033264160157,170.6764239501953,170.50843446315932,169.92889581334526,64.99299225213713,0.5795386498140545,-0.7970548595867224,1.3765935094007768,0.05981626567192899,0.02146114333844795,0.732465883846398,0.06376067769725124,0,AAPL
2024-05-06,179.90545654296875,182.3707188474722,178.62825898838415,180.53910014061185,78569700,170.92157440185548,170.66038482666016,171.95413016774538,170.66790031183587,68.1270088995411,1.2862298559095109,-0.3803979164874758,1.6666277723969867,-0.009106753526999078,0.0223341098324639,-0.5186390980253528,0.054172336044471026,1,AAPL
2024-05-07,180.588623046875,183.063796142952,179.5193615637565,181.62819876867889,77305800,172.45618438720703,170.68493835449217,173.28251368761147,171.40276866257952,71.60873110693899,1.8797450250319514,0.07163067181640964,1.8081143532155417,0.003797363999035186,0.02238794098388622,-0.016086353899785744,0.058023190492731525,1,AAPL
2024-05-08,180.92523193359372,181.25195654794928,179.6480343404535,181.03414013837892,45057100,173.81455841064454,170.68711639404296,174.45831649468565,172.10813631228427,74.00620528141745,2.350180182401374,0.5273405739334025,1.8228396084679714,0.0018639540024143475,0.022458590295294494,-0.417157574205299,0.059981771066513145,1,AAPL
2024-05-09,182.737060546875,182.826163139894,180.3014839202349,180.7470119925852,48983000,175.26797943115236,170.74949127197266,175.7319694257917,172.89546403336507,80.11695739991784,2.8365053924266306,0.9891735376320482,1.8473318547945823,0.010014239550325987,0.02244126431076266,0.08713166182466248,0.07020559291628192,1,AAPL
2024-05-10,181.47796630859372,183.5004400954196,180.5658691005941,183.31206939842303,50759500,176.6539047241211,170.79995147705077,176.6159689462228,173.53120494264127,76.51485183740894,3.0847640035815402,1.4082916308219466,1.6764723727595936,-0.00689019640850741,0.02266944055597575,0.036267684706939196,0.06251766899932454,1,AAPL
2024-05-13,184.68020629882807,185.4931713127623,183.03445892506747,183.84742393900163,72044800,177.94422454833983,170.93603942871093,177.8566208466236,174.3570568949514,77.96985441872876,3.499563951672201,1.8265460949919976,1.6730178566802032,0.017645337642747894,0.022194624154328747,0.4193362818782691,0.08040531953385499,1,AAPL
2024-05-14,185.8203125,186.68285108112164,184.69010361608505,185.8996272619275,52393600,179.66240844726562,171.18522369384766,179.0818041779123,175.2061869397698,77.34467859116965,3.875617238142496,2.2363603236220975,1.6392569145203986,0.0061734076651784875,0.020308699907336525,-0.27276361375144353,0.08549271070455311,1,AAPL
2024-05-15,188.0906524658203,189.01265820085425,185.76082862824447,186.29619948475903,70400000,181.70960235595703,171.57842559814452,180.46778083759045,176.16059179355133,78.25158287868241,4.30718904403912,2.650526067705502,1.6566629763336183,0.012217932126340036,0.019518095098668056,0.3436755634275943,0.09623719771359385,1,AAPL
2024-05-16,188.2096405029297,189.458829238671,188.0311936136785,188.83423487080037,52845200,183.39940185546874,171.99380859375,181.65883617071958,177.05311392017194,79.6421364966912,4.605722250547643,3.0415653042739303,1.5641569462737128,0.0006326100502576093,0.019439264614731933,-0.2493579545454545,0.0942814863032746,0,AAPL
2024-05-17,188.2393798828125,189.1713095252472,187.55530322495105,187.8824709799172,41282900,184.06745300292968,172.4121630859375,182.67122751104156,177.8817262137009,76.89580796764355,4.789501297340678,3.39115250288728,1.3983487944533977,0.00015801199026443946,0.008262975413564199,-0.21879565220682295,0.09179872529634725,1,AAPL
2024-05-20,189.3993377685547,190.2717851507536,187.38677266186556,187.70403175639103,44361300,185.01684112548827,172.81946014404298,183.7063213968128,178.73488262517154,86.26301576657488,4.97143877164126,3.7072097566380764,1.2642290150031839,0.006162142514835711,0.006950099967684324,0.07456840483590055,0.09593756172304069,0,AAPL
2024-05-21,190.69808959960935,191.07481584379752,189.28036268210627,189.44890089382773,42309400,186.0277877807617,173.21273345947264,184.7819780433969,179.62104610475953,89.92365428939144,5.160931938637361,3.997954193037934,1.1629777455994272,0.006857214213925822,0.006949944225592124,-0.04625428019467415,0.1009472905999016,0,AAPL
2024-05-22,189.26052856445312,191.16405275409195,188.6359493447312,190.61877317517173,34648500,186.86131744384767,173.56775085449217,185.47098581586707,180.3350818425146,83.6764444851615,5.13590397335247,4.225544149100841,0.9103598242516284,-0.007538413406104505,0.008043931701863754,-0.18106850959833987,0.09041298071043591,1,AAPL
2024-05-23,185.2750701904297,189.35968258649527,185.02721720275105,189.3398501117122,51005900,187.11511840820313,173.88464141845702,185.44084495041517,180.7010069053231,59.114032717635446,4.739838045092057,4.328402928299084,0.4114351167929726,-0.021058053701177193,0.01111199796264299,0.4720954731085041,0.0655056632894988,1,AAPL
2024-05-24,188.34841918945312,188.9432723510632,186.4250777783575,187.19839293954828,36327000,187.80216369628906,174.22597076416017,185.8881640641133,181.26748188933274,69.35820862103228,4.620682174780569,4.386858777595381,0.23382339718518796,0.016588033111333278,0.011625758553349397,-0.28778827547401375,0.08105822779090555,1,AAPL
2024-05-28,188.35836791992188,191.3425125399711,187.4760118609873,189.86530324069457,52280100,188.16997985839845,174.57502380371093,186.2681954265454,181.7927327064134,68.38212147554287,4.475462720131986,4.4045795661027025,0.0708831540292838,5.2820886480287044e-05,0.010579085520484003,0.4391526963415642,0.07895370033979598,1,AAPL
2024-05-29,188.65576171875,190.5989356775744,187.8824616554793,187.98160889548623,53068000,188.45352478027343,174.90824310302733,186.6355133176538,182.30110522584573,68.32334393757247,4.334408091808058,4.390545271243774,-0.05613717943571572,0.0015788722429075364,0.01047816924213132,0.015070743935072795,0.07859846038030849,1,AAPL
2024-05-30,189.64718627929688,190.52954231443272,188.9928658858645,189.12173915319045,49889100,188.6091781616211,175.21455932617187,187.09884761944502,182.84525937795323,67.0415443666742,4.253588241491798,4.363153865293379,-0.10956562380158097,0.005255204248810097,0.009907430387112892,-0.05990238938720127,0.082371162582773,1,AAPL
2024-05-31,190.59893798828125,190.9161970579539,188.2790377703441,189.79589676882185,75158300,188.84810791015624,175.48862518310546,187.63732306080445,183.41960594168123,72.84010338097366,4.217717119123222,4.334066516059347,-0.11634939693612534,0.005018538517005622,0.009992525602480252,0.5065074334874753,0.08610422920237504,1,AAPL
2024-06-03,192.36366271972656,193.31542486412093,190.86663609575575,191.24336235629545,50080500,189.26053619384766,175.9425357055664,188.36445223910016,184.0821286659809,70.73304297199584,4.282323573119271,4.323717927471332,-0.04139435435206096,0.009258838218467957,0.010286324307335275,-0.3336664081013009,0.09333233119727424,0,AAPL
2024-06-04,192.6809234619141,193.64259428823092,191.3722523931234,192.96842627855952,47471400,189.58869476318358,176.38477294921876,189.02852473491768,184.7190764286426,69.37297864657985,4.309448306275073,4.320864003232081,-0.011415696957008059,0.0016492758440027622,0.010192603336800523,-0.05209812202354214,0.09238978081961191,1,AAPL
2024-06-05,194.18783569335935,195.20898869639487,193.19642383583025,193.7218709101011,54156800,189.9376693725586,176.88546356201172,189.82226488237023,185.4204660038068,67.99298625439147,4.401798878563426,4.33705097829835,0.06474790026507549,0.0078207650470552,0.0102504682308546,0.14083005767683288,0.09781681198060599,1,AAPL
2024-06-06,192.80979919433597,194.8124556459051,192.5024638984892,194.0094143560484,41181800,190.29259643554687,177.38116729736328,190.28188554574956,185.96782401792007,62.63622219390681,4.3140615278294945,4.33245308820458,-0.01839156037508527,-0.007096409999643005,0.01020628440115617,-0.23958210233987232,0.08698010128159783,1,AAPL
2024-06-07,195.1990966796875,195.24867030234284,192.4727138388465,192.97832848334124,53103900,191.28499908447264,177.8533721923828,191.0383795663554,186.65162199286578,66.92387610015301,4.386757573489604,4.3433139852615845,0.04344358822801908,0.01239199198036256,0.006734481209892166,0.2894992448120286,0.09752822942565254,1,AAPL
2024-06-10,191.46148681640625,195.6055969774052,190.4998159349584,195.20902308787944,97010200,191.59630584716797,178.28706115722656,191.10347298944015,187.007908276091,54.455910407664156,4.095564713349148,4.293764130879097,-0.19819941752994907,-0.019147680121770705,0.009112256483071927,0.826799914883841,0.07389445747586532,1,AAPL
2024-06-11,205.3709716796875,205.38089548057215,191.96709351098235,191.9869108572612,172373300,193.29756622314454,179.02765167236328,193.29847278793974,188.36813519487592,70.5213907737591,4.930337593063825,4.421078823316043,0.509258769747782,0.07264899638337785,0.024162614436299513,0.7768574850891967,0.1471466545041593,1,AAPL
2024-06-12,211.2401428222656,218.30889945026047,205.1231180281253,205.58908283581823,198134300,195.5560043334961,179.909189453125,196.0587297162976,190.06235798208996,77.35019496034724,5.996371734207628,4.736137405494361,1.260234328713267,0.02857838717212724,0.024750278954560154,0.14944889956855256,0.17414871060437864,0,AAPL
2024-06-13,212.40008544921875,214.88852380834692,209.782758705521,212.8957913864929,97862700,197.83129425048827,180.7978872680664,198.5727844444393,191.71700446113653,86.30580312011,6.855779983302767,5.1600659210560424,1.6957140622467248,0.005491108893677987,0.024743631048692392,-0.5060789575555571,0.174792961680444,0,AAPL
2024-06-14,210.6651306152344,213.3221073788285,209.4853479747781,212.01345147179217,70122700,199.8379135131836,181.6683203125,200.4331453937924,193.12056936144006,80.98001669159125,7.312576032352325,5.5905679433153,1.7220080890370255,-0.008168333973665676,0.025477498528529884,-0.2834583554306186,0.1596140166477844,0,AAPL
2024-06-17,214.8092193603516,217.0696373326701,210.8931452933454,211.5375569916551,93728300,202.08246917724608,182.60658630371094,202.64484908095534,194.7271360280261,82.93835422521444,7.91771305292923,6.055996965238086,1.8617160876911436,0.019671450766506338,0.025640538848656136,0.3366327879559685,0.1763497895036561,0,AAPL
2024-06-18,212.4496612548828,216.75240063817128,211.1707464886947,215.72132373307372,79943300,204.05934295654296,183.52003692626954,204.15328172309802,196.03991567445993,78.18232882748238,8.113366048638085,6.467470781918086,1.6458952667199984,-0.01098443592176801,0.02647127366271915,-0.14707404273842584,0.157637415582234,0,AAPL
2024-06-20,207.87925720214844,212.4001085490653,207.0563985691976,212.09275812722348,86172500,205.42848510742186,184.3179217529297,204.726508719875,196.9169039357702,69.90696420616025,7.809604784104806,6.735897582355431,1.0737072017493752,-0.021512879925240758,0.0283154758729875,0.07792022596014925,0.12782986714011302,1,AAPL
2024-06-21,205.7080535888672,210.0702597495804,205.3313122387871,208.58314195009936,241805100,206.718310546875,185.10980682373048,204.87751562279686,197.56810020637,66.06920238453426,7.309415416426873,6.850601149169719,0.4588142672571536,-0.010444541906217686,0.028522177541286532,1.8060587774522032,0.11127582659492075,1,AAPL
2024-06-24,206.35247802734372,210.87331399723783,204.8157865138524,205.93608683303725,80727000,207.83364868164062,185.77082275390626,205.10443291580407,198.21879485977544,65.24090130306516,6.885638056028625,6.8576085305415,0.028029525487125007,0.0031327137038810182,0.028472612934757648,-0.6661484807392399,0.1107905696294531,1,AAPL
2024-06-25,207.2744903564453,209.56464939365068,206.8184342324815,207.35378999494392,55549700,209.41494903564453,186.42037872314452,205.43828790667197,198.88958711878803,65.6929858356792,6.548700787883945,6.79582698200999,-0.24712619412604475,0.00446814275222529,0.027108526311885654,-0.31188202212394867,0.11186605121252069,1,AAPL
2024-06-26,211.4185943603516,213.01476817493463,208.8310086144187,209.68362348048936,66213200,210.01971130371095,187.22924987792967,206.3583350533919,199.81766172927422,67.53435101465351,6.540673324117677,6.744796250431528,-0.20412292631385132,0.01999331416412975,0.016094411137592857,0.19196323292475026,0.1291963969208496,1,AAPL
2024-06-27,212.26129150390625,213.8872063968936,210.52632069800987,212.8462208878068,49772700,210.121826171875,188.12051727294923,207.26648219962487,200.73941208295065,70.01225439021455,6.527070116674224,6.701251023680068,-0.17418090700584354,0.003985917823851937,0.01341067615065276,-0.2482964121957555,0.12832611020269802,1,AAPL
2024-06-28,208.8111724853516,214.21437951883613,208.4939285392998,213.9169529190877,82542700,209.76293487548827,188.9701089477539,207.50412685896745,201.33732026090627,63.70533380980141,6.166806598061186,6.594362138556292,-0.42755554049510636,-0.016254113004354198,0.014258994670995197,0.6583930548272448,0.10499577762895451,1,AAPL
2024-07-01,214.88851928710935,215.6419868499251,210.09999821846176,210.2685364182596,60402900,210.18527374267578,189.96025695800782,208.64018723252772,202.34111278136575,72.52620428189118,6.299074451161971,6.535304601077428,-0.23623014991545688,0.029104509732035933,0.016968625946063152,-0.2682223867162087,0.13122883032639887,1,AAPL
2024-07-02,218.37828063964844,218.4873365423676,213.25268346733492,214.29365375141188,58046200,210.54217987060548,191.0605941772461,210.13835544900783,203.52905114123854,65.64138433665217,6.609304307769293,6.550104542415801,0.05919976535349125,0.016239868765983045,0.01660495472889276,-0.03901633861950338,0.14297917673730165,1,AAPL
2024-07-03,219.6472930908203,219.6472930908203,217.1489310533617,218.1106017348668,37369800,211.2619430541992,192.1696792602539,211.60126893236358,204.7229949893557,61.36727216910114,6.878273943007883,6.615738422534219,0.2625355204736648,0.005811074468829114,0.016009964614426202,-0.35620591873369833,0.1429862085233211,1,AAPL
2024-07-05,224.3961639404297,224.5052198536283,219.7464397478406,219.7464397478406,60412400,212.91363372802735,193.35275207519533,213.5697143182199,206.18026676350934,64.78494573101679,7.389447554710557,6.770480248969486,0.6189673057410712,0.02162043876245634,0.014250281706776018,0.6166102039614876,0.1605532454648564,1,AAPL
2024-07-08,225.8634796142578,225.89322076278884,221.3327197032473,225.13973799267995,59085900,214.9291763305664,194.5231918334961,215.46106282530263,207.63828253023144,68.85608260912528,7.8227802950711975,6.980940258189828,0.8418400368813694,0.00653895168287133,0.012774461281896349,-0.02195741271659457,0.161113374119358,1,AAPL
2024-07-09,226.7160797119141,227.4298975332092,224.4259205051531,225.97252074204383,48076100,216.96553649902344,195.69345642089843,217.1926038847813,209.05145269183754,66.08625203570472,8.141151192943767,7.212982445140616,0.9281687478031504,0.0037748470851171056,0.012740668417050958,-0.18633548782366016,0.15852662556223684,1,AAPL
2024-07-10,230.9791412353516,231.07828847688276,227.28117906796425,227.3307526887298,62627700,219.33600158691405,196.96066497802735,219.3136096310229,210.67572591728302,73.80889640725941,8.637883713739882,7.497962698860469,1.1399210148794126,0.01880352522350659,0.012913369965896919,0.3026784618552669,0.17271710704835042,0,AAPL
2024-07-11,225.61561584472656,230.39421338925845,223.83107137940016,229.40280147827104,64710600,220.75570373535157,198.03743713378907,220.28314904851578,211.782384430427,72.33457690794165,8.500764618088795,7.698523082706135,0.8022415353826595,-0.02322082142109949,0.01633311637733844,0.033258446342433245,0.13925740057071323,0,AAPL
2024-07-12,228.5601043701172,230.64207551688347,226.71607753741577,226.9540218514806,53046500,222.38558502197264,199.23586975097658,221.5565267903006,213.02517850003366,78.22680780774215,8.531348290266948,7.865088124218298,0.6662601660486498,0.013050907466516382,0.016420741561922532,-0.18025022175655925,0.14718350995627816,0,AAPL
2024-07-15,232.386962890625,235.1926606193721,231.0882156126273,234.44910163171727,62631300,224.7431640625,200.53123474121094,223.22274772881207,214.4593847511886,79.81381958175983,8.763362977623473,8.044743094899333,0.7186198827241395,0.01674333554866947,0.014282734646828874,0.1806867559593941,0.15885668978463352,0,AAPL
2024-07-16,232.80337524414065,234.2409196318231,230.3347538954296,232.9818221444648,43234300,226.53464965820314,201.7610693359375,224.696690423478,215.81819886177763,79.5773265970909,8.878491561700372,8.211492788259541,0.6669987734408309,0.0017918920594166554,0.012952951709793232,-0.3097013793422777,0.15385676736534792,0,AAPL
2024-07-17,226.9143829345703,229.47222770464356,224.6936146131452,227.4794799069808,57345900,227.3882598876953,202.66817962646485,225.03787388672296,216.64013842272524,67.25548114003902,8.39773546399772,8.248741323407177,0.14899414059054195,-0.025295991964869757,0.01628838076930661,0.32639825323874794,0.1196349784795685,0,AAPL
2024-07-18,222.2547149658203,228.46096321097224,220.36112971273343,228.3023336745397,66034600,227.6490020751953,203.51516479492187,224.60969559119948,217.05603298147304,60.256390580637266,7.5536626097264445,8.109725580671032,-0.5560629709445877,-0.020534916775608703,0.017997102116628312,0.15151388329418491,0.092079379881995,0,AAPL
2024-07-19,222.38360595703125,224.8522270905052,221.3624528868853,222.88923571935769,49151500,227.44774627685547,204.351064453125,224.26722026286592,217.45066801669958,64.94866602243597,6.816552246166339,7.8510909137700935,-1.034538667603755,0.000579924665403686,0.016531231131594548,-0.25567051212546155,0.08824295362573298,0,AAPL
2024-07-22,222.03663635253903,225.82382229500527,221.17409763275572,225.06043082550624,48201800,227.0650619506836,205.1732925415039,223.924053507431,217.79036937490991,59.01028589629317,6.133684132521097,7.507609557520294,-1.3739254249991975,-0.0015602301392633189,0.016330162035171618,-0.019321892515996475,0.08219073546145816,0,AAPL
2024-07-23,223.0775909423828,224.9910238167192,220.76759935066607,222.44308791792704,39960300,226.70121307373046,205.98010314941405,223.7938284974236,218.18201541694495,56.31328681879416,5.61181308047864,7.128450262111964,-1.5166371816333237,0.004688210949975735,0.016365997006942214,-0.17097909206710127,0.08300553078452722,0,AAPL
2024-07-24,216.6631622314453,222.86941075843336,215.26528287042115,222.07627816799848,61777600,225.26961517333984,206.6838070678711,222.69680291804232,218.06950777357463,46.47790731850692,4.627295144467695,6.628219238583111,-2.0009240941154163,-0.02875424951399197,0.016718039081252314,0.5459743795717249,0.048283197920276244,1,AAPL
2024-07-25,215.62217712402344,218.95332167523745,212.77681471652627,217.0497975364767,51391200,224.27027130126953,207.302646484375,221.60839894973174,217.88822402175603,38.65094753728733,3.7201749279757053,6.046610376461631,-2.3264354484859258,-0.004804624361154031,0.015619233694288451,-0.1681256636709746,0.040132293440235944,1,AAPL
2024-07-26,216.088134765625,217.60499369491453,214.15486954444728,216.82176985722597,41601300,223.0230743408203,207.9080029296875,220.75912753679225,217.75488407685742,37.019442155969294,3.004243459934827,5.438136993156271,-2.433893533221444,0.002160991266374035,0.014613878615383,-0.19049759491897444,0.039344958927357565,1,AAPL
2024-07-29,216.36573791503903,217.41663210574904,213.8971168447476,215.0967318967012,36311800,221.42095184326172,208.47350463867187,220.0832214411379,217.65198436116717,36.042775379054085,2.4312370799707423,4.8367570105191655,-2.405519930548423,0.0012846755779307717,0.012690776195616834,-0.12714746894928763,0.03785724852683825,0,AAPL
2024-07-30,216.9209442138672,218.437803332798,214.26395224147615,217.3075942808937,41643800,219.83270874023438,209.04773071289063,219.59671725232704,217.59783323914493,28.93646907770382,1.9988840131821064,4.269182411051754,-2.270298397869648,0.0025660546081753832,0.012752878110666537,0.14683931944987583,0.03766227681174761,0,AAPL
2024-07-31,220.1727600097656,221.89782218872543,218.7352157578384,219.53825698895488,50036300,219.1585464477539,209.6863983154297,219.6853392150099,217.78856855548722,41.294002504143045,1.896770659522673,3.7947000607459382,-1.8979294012232653,0.014990787577857656,0.012682509319045502,0.20153059999327638,0.05000973729617564,0,AAPL
2024-08-01,216.48471069335935,222.55214689360596,215.1562223313537,222.44309097566543,62501000,218.5815460205078,210.2281057739258,219.19293482706365,217.6919864916259,31.133843663506312,1.500948335437755,3.335949715684302,-1.8350013802465468,-0.01675070665527678,0.012144154054846108,0.24911314385755934,0.02976102979380757,0,AAPL
2024-08-02,217.97183227539065,223.6625423233413,215.84030263063204,217.2679231335739,105568600,218.14036865234374,210.77358062744142,219.00507289603703,217.71271580894182,25.70187829411364,1.292357087095212,2.9272311899664842,-1.6348741028712723,0.006869406976909964,0.012482975431327481,0.6890705748708021,0.03415158401978613,0,AAPL
2024-08-05,207.4727935791016,211.6664621054212,194.3167520967801,197.3802115476467,119548600,216.683984375,211.13782592773438,217.23087607804698,216.95420305117588,18.13417138460828,0.2766730268710944,2.3971195573474064,-2.120446530476312,-0.04816695160420703,0.01921467069912704,0.13242574022957587,-0.017358482936578157,1,AAPL
2024-08-06,205.45030212402344,208.18660889381388,199.3432157724579,203.53688424769564,69660500,214.92125549316407,211.54133056640626,215.41848008512028,216.10206224175718,20.088390722376502,-0.683582156636902,1.780979214550545,-2.464561371187447,-0.009748224912713988,0.018811107943476468,-0.4173039249309486,-0.028793562118920035,1,AAPL
2024-08-07,208.01808166503903,211.8052677945223,204.6175304986164,205.12314519344287,63516400,214.05674743652344,211.93472381591798,214.27995725126164,215.50324886570397,28.931970786041916,-1.2232916144423314,1.1801250487519699,-2.4034166631943013,0.012498300145918018,0.018278388294177748,-0.08820063019932389,-0.01848041736794792,1,AAPL
2024-08-08,211.4780731201172,212.36042911915672,207.03655197769595,211.2797937627113,47161100,213.6423370361328,212.39711791992187,213.84889815416247,215.2050876993642,35.3097993045276,-1.3561895452017438,0.6728621299612272,-2.029051675162971,0.016633128367415706,0.01938544300118377,-0.25749727629399655,-0.004327011631820588,1,AAPL
2024-08-09,214.3829345703125,214.91829038971971,210.1496011292121,210.27848952903548,42201600,213.47181701660156,212.91166137695313,213.93105760280093,215.1441874675826,40.35481544866315,-1.2131298647816777,0.2956637310126462,-1.508793595794324,0.013735993558752435,0.01998237266590378,-0.10516082110044078,0.00691025180980831,1,AAPL
2024-08-12,215.91146850585935,217.8767320905019,213.9958359256548,214.4623401059105,38028100,213.4263900756836,213.43694702148437,214.23573620327144,215.20102310004756,41.078893190774615,-0.9652868967761208,0.043473605454892816,-1.0087605022310135,0.007129923557630535,0.02012886902589652,-0.09889435471640884,0.011593688529127455,1,AAPL
2024-08-13,219.6236267089844,220.2390087017958,217.38043273085665,217.38043273085665,44155300,213.6966583251953,214.01744079589844,215.0646424349196,215.5286233673762,53.95133280626361,-0.46398093245662153,-0.05801730212741006,-0.40596363032921146,0.017192964453503823,0.0208563069110123,0.16112295907499985,0.026194995567825785,1,AAPL
2024-08-14,220.0702972412109,221.3705477847693,218.06532277692483,218.92885985517657,41960600,213.68641204833983,214.57157348632813,215.83474317434903,215.86504365432694,56.03261242960858,-0.0303004799779103,-0.05247393769751012,0.022173457719599818,0.002033800001028041,0.020316305415317412,-0.04970411253009266,0.025626524825913766,1,AAPL
2024-08-15,223.0479736328125,223.6732909687273,221.10255033510867,222.9288713384501,46414000,214.34273834228514,215.1789144897461,216.94447093718958,216.39711254162216,58.836993391822965,0.5473583955674144,0.06749252895547478,0.47986586661193964,0.01353056922687701,0.019767871912871094,0.10613289609776788,0.036569843108123834,0,AAPL
2024-08-16,224.3680877685547,225.1422830006272,221.98593577772976,222.25393109506464,44340200,214.98236389160155,215.78251953125,218.08656583432267,216.98755515102457,59.89862834571005,1.0990106832981041,0.2737961598240007,0.8252145234741035,0.005918521088720485,0.019750383602196806,-0.04468048433662253,0.03978806186875272,1,AAPL
2024-08-19,224.20925903320312,224.30852103873067,221.38045847347976,224.0405257400108,40687800,216.65601043701173,216.41050872802734,219.02851863415043,217.5224961793341,59.10467323424651,1.506022454816332,0.520241418822467,0.9857810359938649,-0.0007078936088067422,0.008653574547144485,-0.08237220400449252,0.036036837356067775,1,AAPL
2024-08-20,224.82464599609372,225.47973889834265,223.7725353535306,224.0901616619868,30299000,218.59344482421875,217.00301971435547,219.92023053598786,218.06339616576074,56.22097811457017,1.8568343702271193,0.7875600091033975,1.0692743611237217,0.0027446991508921492,0.00645863185051579,-0.2553296074007442,0.036043859168568115,1,AAPL
2024-08-21,224.7154693603516,226.2837152200136,223.375523094966,224.8345868015738,34765500,220.26318359375,217.66809936523438,220.65795958588998,218.556142328323,62.172138601591136,2.101817257566978,1.0504114587961135,1.0514057987708645,-0.00048560795129204415,0.006977340516519492,0.14741410607610805,0.03237667814286427,1,AAPL
2024-08-22,222.859375,226.64102413052157,222.2340576918725,226.09511339685903,43695300,221.40131378173828,218.01786743164064,220.99663888036844,218.87490030400278,57.149961918656786,2.121738576365658,1.2646768823100225,0.8570616940556355,-0.008259753392300673,0.007850773842920135,0.25685809207403887,0.02220693021812714,1,AAPL
2024-08-23,225.15219116210935,226.52192810531065,222.66087229355688,223.98097823318813,38677300,222.47823944091797,218.2961083984375,221.63595461602088,219.33988481201067,84.03473511857723,2.296069804010216,1.4709554666500613,0.8251143373601546,0.010288174603870104,0.007506471239657379,-0.11484072657700028,0.03140726059650145,1,AAPL
2024-08-26,225.4896697998047,225.58893181224727,222.22415556593285,225.07279660900764,30602200,223.4360595703125,218.5579000854492,222.22883387506454,219.79542444073616,91.25437422646095,2.4334094343283823,1.6634462601857254,0.7699631741426569,0.0014988911986753006,0.0075349715066275165,-0.20878137822443654,0.031715942144600495,0,AAPL
2024-08-27,226.33334350585935,227.1472495725316,223.21670725505916,224.31844891527624,35934600,224.10703125,218.8712643432617,222.86029689518682,220.2797147418564,90.58610865215105,2.5805821533304254,1.8468734388146655,0.7337087145157599,0.003741518211471506,0.0060461268483129995,0.17424891020906985,0.03409346213166953,0,AAPL
2024-08-28,224.8048095703125,228.149730282918,224.00082364270057,226.2241624042973,38052200,224.58048248291016,219.07117614746093,223.15945269136,220.61490695137167,82.2962727944392,2.5445457399883367,1.9864078990494,0.5581378409389366,-0.006753463329221221,0.006798759025346557,0.05892927707557627,0.02617246834422504,0,AAPL
2024-08-29,228.08026123046875,231.1869775896776,227.1770435151196,228.38796742499144,51906300,225.08371124267578,219.38378814697265,223.9165001589152,221.1678961572307,82.60865458804196,2.748604001684498,2.13884711957642,0.6097568821080781,0.014570202774651042,0.006997149107338355,0.3640814460136339,0.03964045455204768,0,AAPL
2024-08-30,227.29611206054688,228.68568922028223,225.7874174690805,228.4772602189495,52990800,225.376513671875,219.77212524414062,224.4364404514739,221.62183807599484,78.09883989810525,2.814602375479069,2.27399817075695,0.5406042047221189,-0.003438040476152926,0.007078021979131108,0.020893417562030114,0.03423540090922805,0,AAPL
2024-09-03,221.11248779296875,227.2961293418145,219.52438650802387,226.84948058831637,50190600,225.06683654785155,220.08021392822266,223.92506311939619,221.5841084254003,53.275148159386426,2.340954693995883,2.2873894754047366,0.05356521859114638,-0.027205147556289666,0.01149995195613056,-0.05284313503476079,0.004690443753761375,0,AAPL
2024-09-04,219.206787109375,220.12986023982225,215.86185105944423,220.01075793789536,43840200,224.5050506591797,220.3373001098633,223.19917450246984,221.40801055013915,48.21505509291711,1.7911639523306917,2.1881443707899275,-0.3969804184592358,-0.008618693148521261,0.01161346253906144,-0.1265256840922404,-0.0051308289605283,1,AAPL
2024-09-05,220.72540283203125,223.80232842315377,219.87180099289256,219.98098315180297,36615400,224.10604400634764,220.606318359375,222.8185942454793,221.3574470154645,44.89087747799757,1.4611472300148023,2.0427449426349025,-0.5815977126201002,0.006927776930093499,0.011984623108499957,-0.16479851825493497,0.0005398053579872553,1,AAPL
2024-09-06,219.1770172119141,223.5641288078718,218.1348266072838,222.28371844795944,48423000,223.73780822753906,220.76148681640626,222.25835162493078,221.19593369668297,38.694377795649245,1.062417928247811,1.8466795397574842,-0.7842616115096732,-0.007014986042614524,0.011915472482880116,0.3224763350939768,-0.007177291779203676,1,AAPL
2024-09-09,219.2663116455078,219.62363365317324,215.0975649862482,219.17698492990527,67180000,223.14922027587892,220.90158721923828,221.79803778194264,221.05299872992924,39.2020602488111,0.7450390520133965,1.6263514422086667,-0.8813123901952702,0.00040740783285397875,0.011208810781244664,0.38735724758895573,-0.00740273347202125,0,AAPL
2024-09-10,218.4722595214844,219.83206111139577,215.1174037589381,217.29111136152255,51591000,222.44747924804688,221.09480895996094,221.286379588026,220.86183286263702,36.2306032458349,0.42454672538897853,1.3859904988447291,-0.9614437734557506,-0.0036214050305509726,0.011117932523767388,-0.23204822863947605,-0.01186165089453306,0,AAPL
2024-09-11,221.0032958984375,221.43008920211523,216.26878297144037,219.8122275598596,44587100,221.9144744873047,221.2171044921875,221.2428282511662,220.87231160602965,42.718060679784465,0.37051664513654714,1.1828957281030927,-0.8123790829665456,0.01158516134953147,0.011903214821508691,-0.13575817487546282,-0.0009665102264168057,0,AAPL
2024-09-12,221.11248779296875,221.8866830044339,218.1844402475294,220.84449248276732,37455600,221.5452423095703,221.2717886352539,221.22277587298197,220.8901024346918,46.32110419574844,0.3326734382901577,1.0128512701405057,-0.680177831850348,0.0004940736023295589,0.011823391042067142,-0.15994536536352444,-0.0007199329081564176,1,AAPL
2024-09-13,220.844482421875,222.37301734416337,220.2588759685165,221.91644846858935,36766600,220.82166442871093,221.295732421875,221.16457688050397,220.88672317448317,40.0822619651532,0.2778537060208066,0.8658517573165658,-0.5879980512957592,-0.001212077046253035,0.010393228207337688,-0.01839511314729969,-0.0020391265347120546,1,AAPL
2024-09-16,214.71047973632807,215.60377723416104,212.32832783334672,214.92882889414332,59357400,219.56310119628907,221.10201873779297,220.17163885832306,220.42922366054574,30.411243947360504,-0.25758480222268076,0.6411644454087165,-0.8987492476313973,-0.027775213662930787,0.01298848823396088,0.6144381041488742,-0.028907646515180407,1,AAPL
2024-09-17,215.17697143554688,215.28615358843467,212.904016801209,214.14471619981745,45519300,218.96954956054688,220.88828857421876,219.40322848558824,220.04016794017548,29.444000854691268,-0.6369394545872353,0.3855436654095262,-1.0224831199967617,0.002172654542953234,0.01067618413348917,-0.2331318420281212,-0.025856133774846413,1,AAPL
2024-09-18,219.04795837402344,221.0529328037412,215.92138686335736,215.9313221513165,59894900,218.95366668701172,220.73492614746092,219.3485715453475,219.96667093527532,40.23567045475132,-0.6180993899278064,0.1848150543420597,-0.8029144442698661,0.017989782608479832,0.012230330520298007,0.3158132923836703,-0.0076425049849633275,1,AAPL
2024-09-19,227.16709899902344,228.11004268622213,222.95865620671253,223.31597824995185,66781300,219.59783630371095,220.65868530273437,220.5514219228361,220.50003597703443,48.66973922932233,0.051385945801683874,0.1581292326339845,-0.10674328683230064,0.037065584565443066,0.016936304932379166,0.11497473073667375,0.02949538871474644,0,AAPL
2024-09-20,226.50205993652344,231.35567496568984,225.9263736470506,228.25889437635817,318679900,220.33034057617186,220.67641418457032,221.46690469417263,220.94463034440398,48.83922616564766,0.5222743497686508,0.2309582560609178,0.29131609370773304,-0.002927532487892792,0.01671538351220217,3.7719930579368777,0.026399041209182572,0,AAPL
2024-09-23,224.7849273681641,227.74275012420983,224.12983453268785,225.6484491952208,54146000,220.8822021484375,220.60091064453124,221.97736972094054,221.22909679060845,56.174849872925044,0.7482729303320923,0.3344211909151527,0.4138517394169396,-0.007581090294898729,0.017062527581289035,-0.8300928298270459,0.018966452637971365,1,AAPL
2024-09-24,225.67825317382807,227.64353192764617,224.050456167142,226.94872814757065,43556100,221.60280151367186,220.4667364501953,222.54673640600015,221.5586639301062,61.26463610662825,0.9880724758939436,0.4651514479109109,0.5229210279830327,0.003974135704396531,0.016922349571069275,-0.1955804676245706,0.023638562476793856,0,AAPL
2024-09-25,224.6856842041016,225.5988371064948,222.35317851779172,223.2563961324406,42308700,221.97104034423828,220.30438262939452,222.87580529801576,221.7902950615133,57.02211060769144,1.085510236502472,0.5892232056292231,0.4962870308732489,-0.004398159573496652,0.016815585544087686,-0.028638927727689167,0.019887491671364055,1,AAPL
2024-09-26,225.8271484375,226.799852535932,223.73284722402752,225.608784129346,36636700,222.4425064086914,220.28263793945314,223.32985808870563,222.0893212375123,61.96422561395094,1.2405368511933261,0.7194859347420438,0.5210509164512823,0.00508027130184896,0.01683913477053421,-0.13406226142613697,0.025169984116364397,0,AAPL
2024-09-27,226.0951232910156,227.81226214161185,225.6087788258606,226.7601514881057,34026000,222.96757049560546,220.35944610595703,223.75528350444563,222.38604731554958,62.20720551163108,1.3692361888960534,0.8494359855728457,0.5198002033232076,0.0011866370158313266,0.016801557730028956,-0.071259147248524,0.026028732992461112,0,AAPL
2024-09-30,231.266357421875,231.266357421875,227.9412771261621,228.3283747151782,54541900,224.62315826416017,220.53710113525392,224.9108333378963,223.04384806416627,69.7759645120693,1.8669852737300232,1.0529458432042813,0.8140394305257419,0.022871940162120685,0.014081910801948337,0.6029477458414154,0.04865057276707785,0,AAPL
2024-10-01,224.52688598632807,227.9412778656533,222.07526286618744,227.81225543239975,63285000,225.5581497192383,220.5869061279297,224.8517645145781,223.15370272506715,54.81943753401871,1.6980617895109447,1.181969032465614,0.5160927570453306,-0.02914159893673085,0.018268337209677667,0.16030061292327558,0.01786134964925523,0,AAPL
2024-10-02,225.09263610839844,225.6782425626932,221.360617941662,224.20925878310885,32880600,226.1626174926758,220.62720703125,224.88882168285815,223.29732742012874,55.376749474472284,1.5914942627294124,1.2638740785183737,0.32762018421103867,0.0025197433242130085,0.017634818621307988,-0.48043612230386346,0.02023970269684794,1,AAPL
2024-10-03,223.9908905029297,225.1224076763777,221.65838486968207,223.46483520314055,34044200,225.8449966430664,220.7737615966797,224.7506784244076,223.34870246329916,54.15682073558126,1.401975961108434,1.2914944550363858,0.1104815060720481,-0.004894631936951388,0.01296725275305193,0.0353886486256334,0.01457206183825055,1,AAPL
2024-10-04,225.1125030517578,226.30357145139808,222.46237094034984,226.20430944090452,37245100,225.70604095458984,220.96356811523438,224.80634375169225,223.47935435874055,65.84035263418397,1.3269893929517025,1.2985934426194492,0.028395950332253284,0.005007402516726156,0.013100794548493732,0.09402188919111043,0.01877655656954147,1,AAPL
2024-10-07,220.04052734375,224.01076551273388,219.6832053027312,222.8296172342201,39505400,225.23160095214843,221.0426159667969,224.07314122739345,223.22462643170422,56.49523359267699,0.8485147956892263,1.2085777132334048,-0.3600629175441785,-0.022530848527954284,0.01474381979639412,0.060687177642159584,-0.004533463462074727,1,AAPL
2024-10-08,224.09017944335935,224.29860847272343,221.58892507419037,222.6311156567822,31855700,225.07279357910156,221.1971047973633,224.07576249138822,223.2887414696046,56.70185722937087,0.7870210217836302,1.1242663749434498,-0.3372453531598196,0.018404119225195803,0.016045683408995693,-0.19363681927027698,0.013079170492065861,1,AAPL
2024-10-09,227.83209228515625,228.0405364361267,223.15714569962597,223.55416342639623,33591100,225.38743438720704,221.41532775878906,224.65365938273715,223.62528597446027,51.00026486442568,1.0283734082768774,1.1050877816101354,-0.07671437333325803,0.016698245550482493,0.01685569656865939,0.05447690680160844,0.02898066990808168,1,AAPL
2024-10-10,227.3358154296875,227.7923994519787,225.47973405841245,226.0851959438118,28183500,225.53830108642578,221.5585888671875,225.06629877457567,223.90014000818078,51.26051195595856,1.1661587663948865,1.1173019785670857,0.048856787827800785,-0.00217825702468466,0.016841632835208505,-0.1609831175519706,0.02607538977404822,1,AAPL
2024-10-11,225.85690307617188,227.7030642360917,225.648458930344,227.59388209213523,31759200,225.5144790649414,221.74603271484375,225.18793020559048,224.04508542062456,51.63242325847042,1.1428447849659165,1.1224105398468518,0.020434245119064665,-0.006505408532836432,0.01699666649135289,0.1268721060194795,0.018538642207026612,1,AAPL
2024-10-14,229.5790100097656,230.0058033150611,226.89910245149323,226.9983493120185,39882100,225.34574432373046,221.97817626953125,225.86348094469434,224.45500576056094,55.46896526937503,1.4084751841334082,1.1796234687041631,0.2288517154292451,0.016479934342934044,0.016140622885903518,0.25576525857074484,0.03424135592052635,1,AAPL
2024-10-15,232.11004638671875,235.7229623804217,230.6410474142004,231.87182665313995,64751400,226.10406036376952,222.4709213256836,226.8244910126981,225.022045806943,59.97867935896972,1.802445205755106,1.3041878161143519,0.49825738964075406,0.011024685474710916,0.012931399622097935,0.6235704739720325,0.043327572896253,1,AAPL
2024-10-16,230.0554656982422,230.39293233151972,228.12989762738192,229.8768122377745,34082200,226.6003433227539,222.96302459716796,227.32156404124333,225.39489172481703,55.546899239547514,1.9266723164263055,1.4286847161767426,0.4979876002495629,-0.008851752521962908,0.013504921670638903,-0.47364535747489633,0.031809942988925144,0,AAPL
2024-10-17,230.42266845703125,232.1100316250369,228.80480686495972,231.69314333147315,32993800,227.24352111816407,223.4111163330078,227.79865702828764,225.76731963090697,55.66232942734227,2.0313373973806677,1.5492152524175278,0.4821221449631399,0.0015961488142632874,0.013276611282116789,-0.031934558215138686,0.03138407899798645,0,AAPL
2024-10-18,233.25148010253903,234.4226930307779,232.26884075534687,234.4226930307779,46431500,228.0574188232422,223.84658447265625,228.63755288586475,226.3217018880649,52.76702632457686,2.3158509977998563,1.7025424014939936,0.6133085963058627,0.012276620457744913,0.013599026240058753,0.40727954949111655,0.04201491683261138,0,AAPL
2024-10-21,234.7204742431641,235.08773156933623,232.7055796017645,232.7055796017645,36254500,229.5254135131836,224.25333526611328,229.57338694083387,226.9438331736278,66.65587933614545,2.629553767206062,1.8879446746364075,0.7416090925696543,0.00629789847412443,0.010018678745255936,-0.21918309768153088,0.04667551082185617,0,AAPL
2024-10-22,234.10508728027344,234.4624093106695,230.86934872103876,232.14974382855843,38846600,230.526904296875,224.61720764160157,230.27057160843995,227.47429644078673,64.70210465317726,2.7962751676532207,2.0696107732397704,0.7266643944134503,-0.002621786466966314,0.009437949494523498,0.07149733136576142,0.04224021720459947,0,AAPL
2024-10-23,229.04302978515625,233.39044533687328,226.0653512199268,232.33833466706656,52287000,230.647998046875,224.805595703125,230.08171902024245,227.59049891074005,57.29856033435688,2.491220109502393,2.153932640492295,0.3372874690100982,-0.02162301363855812,0.011462162473902507,0.3459865213429232,0.018849326542686118,0,AAPL
2024-10-24,228.8544464111328,229.10258628095696,226.71051430099084,228.26882480795348,31109500,230.79986114501952,224.98127868652344,229.8929078496102,227.68412465150988,55.55555555555555,2.2087831981003205,2.1649027520139,0.04388044608642039,-0.0008233534729275016,0.011433783266306122,-0.4050241933941515,0.017215511207072653,0,AAPL
2024-10-25,229.68817138671875,231.48470145399645,227.8618657494506,228.03059902781465,38802300,231.18298797607423,225.11408264160156,229.86140993224228,227.83257255782163,66.3856882959369,2.0288373744206467,2.1376896764952495,-0.10885230207460284,0.0036430359499686205,0.01116800831085484,0.2472813770713127,0.02031898089822959,0,AAPL
2024-10-28,231.66336059570312,232.983466430484,230.8196941830456,231.58396917060392,36087100,231.39142303466798,225.25998809814453,230.13863311123623,228.11633463470176,63.837462040908285,2.0222984765344734,2.1146114365030946,-0.09231295996862121,0.008599438086251299,0.010252876001223541,-0.0699752334268845,0.028426586326412595,0,AAPL
2024-10-29,231.93138122558597,232.5864741436605,230.59143496071303,231.365630174708,35417200,231.3735565185547,225.41443054199217,230.41444051344388,228.39893067847095,58.57919043911627,2.0155098349729315,2.094791116197062,-0.07928128122413058,0.001156940092700287,0.009631746477407922,-0.018563420169534273,0.028910973746996804,0,AAPL
2024-10-30,228.38792419433597,231.7328445287285,227.842013494816,230.8792428381849,47070900,231.20680236816406,225.48569610595703,230.10266877204265,228.39811538334982,51.95282916801909,1.7045533886928297,2.0167435706962156,-0.3121901820033859,-0.015278040481307209,0.010463802836173519,0.32904069209310727,0.012871007511781052,0,AAPL
2024-10-31,224.2291259765625,228.11995749798112,223.69313535160188,227.63359787833264,64370100,230.5874481201172,225.47596923828124,229.19904680350723,228.08930135321742,47.25204297485578,1.1097454502898074,1.835343946614934,-0.7255984963251265,-0.018209361254296175,0.011777506715361402,0.367513686800125,-0.005529827705945345,1,AAPL
2024-11-01,221.25143432617188,223.67328184782377,218.6310779402587,219.3258665378009,65276700,229.38744354248047,225.4438104248047,227.9763371916095,227.58279268454737,35.57922395278452,0.3935445070621313,1.5469840587043735,-1.1534395516422422,-0.013279682723741582,0.010918096499495784,0.014084178834583128,-0.0185961020208677,1,AAPL
2024-11-04,220.3581085205078,221.13230364643437,218.07523400035527,219.34570882983752,44944500,227.95120697021486,225.34792877197265,226.80430201144,227.04763089461852,28.425588273358045,-0.24332888317852053,1.1889214703277948,-1.4322503535063154,-0.0040376045849588316,0.010170904069022692,-0.311477142686441,-0.02214273846960446,1,AAPL
2024-11-05,221.78741455078125,222.2836942947505,219.49460455688447,220.14969745378525,28111300,226.7194396972656,225.2738836669922,226.03247317133867,226.65798523951946,34.464711984123454,-0.6255120681807966,0.8260347626260766,-1.451546830806873,0.006486287433985716,0.01091243218802549,-0.37453303518784276,-0.015476579261911927,1,AAPL
2024-11-06,221.06283569335935,224.3879158153704,219.54422098922427,220.95365355112236,54561100,225.92142028808593,225.1684735107422,225.26791355934185,226.24352971758165,32.646361542857505,-0.9756161582398022,0.4657045784529009,-1.441320736692703,-0.0032669971778583884,0.00929199099289406,0.9408956540608224,-0.018233626374817402,1,AAPL
2024-11-07,225.7874298095703,226.18446269494837,222.899093187882,222.95864433437472,42137700,225.61471862792968,225.18812591552734,225.34783913630008,226.20974453921045,37.07018141141009,-0.8619054029103665,0.20018258218024745,-1.062087985090614,0.02137217728792984,0.012198852087634918,-0.22769702223745492,0.002661347669227432,1,AAPL
2024-11-08,225.5191650390625,227.20836966100225,224.97265364792685,225.72782337627456,38328800,225.19781799316405,225.13690399169923,225.3741969674943,226.15859050216244,33.36891127633254,-0.7843935346681405,0.0032673588105698592,-0.7876608934787104,-0.0011881297853209016,0.012077217901209157,-0.0903917394637106,0.0016979048773690941,0,AAPL
2024-11-11,222.80648803710935,224.26715706282303,220.093823487321,223.5716039938927,42005600,224.3121307373047,225.04711151123047,224.97916482435815,225.91028661586222,31.01731005773783,-0.9311217915040686,-0.18361047125235785,-0.7475113202517107,-0.012028587466095364,0.011870231562321696,0.09592786625200889,-0.009956241868980031,1,AAPL
2024-11-12,222.80648803710935,224.1578547832826,221.9420160201473,223.1244638182889,40398300,223.39964141845704,225.08099151611327,224.6449068570891,225.68037561002868,37.374507451400035,-1.035468752939579,-0.3539821275898021,-0.6814866253497769,0.0,0.01182179391044379,-0.038263945759613005,-0.010105266836098359,1,AAPL
2024-11-13,223.6908416748047,225.2111273985325,221.34582330978657,222.58788780053936,48566200,222.9299331665039,225.17067260742186,224.4981275982761,225.53300272593802,39.833014865823095,-1.0348751276619055,-0.4901607276042228,-0.5447144000576827,0.003969155680727088,0.011327776453236566,0.2021842503273652,-0.006572041178725008,1,AAPL
2024-11-14,226.77114868164065,227.4170160979644,223.571589608512,223.59146688403663,44923900,223.18413543701172,225.29158752441407,224.84782314956294,225.62471724117526,44.723293799670195,-0.7768940916123199,-0.5475074004058422,-0.2293866912064777,0.013770376041206234,0.010748263398915249,-0.07499660257545371,0.006567316487422037,1,AAPL
2024-11-15,223.57159423828125,225.47940335635096,222.8462328667566,224.96270031544069,47923700,223.41615142822266,225.3794790649414,224.651480240135,225.4726340557757,35.9833947598236,-0.821153815640713,-0.6022366834528163,-0.21891713218789666,-0.01410917774135012,0.010874709301829898,0.0667751464142694,-0.00802151479877733,1,AAPL
2024-11-18,226.57241821289065,228.28149999782983,223.74050538640265,223.8199993254601,44633700,224.03758239746094,225.52560119628907,224.94700915902047,225.55409954889532,41.52001966400252,-0.6070903898748554,-0.6032074247372242,-0.0038829651376312,0.013422205914992658,0.011350009745082627,-0.06865079282275788,0.00464167709142016,1,AAPL
2024-11-19,226.8307647705078,228.6988344551977,225.22105418122663,225.5390147792205,36211800,224.5419174194336,225.69277130126954,225.2368177146339,225.64866734308882,47.25006143909766,-0.4118496284549167,-0.5649358654807628,0.15308623702584612,0.0011402383381653447,0.011285041450251,-0.18868926394181973,0.005042223827892212,1,AAPL
2024-11-20,227.5462188720703,228.470307592388,224.45596175602088,226.6121839320157,35169600,225.19025573730468,225.8236297607422,225.59211020039334,225.78922671560596,56.66905750466454,-0.19711651521262752,-0.4913719954271358,0.29425548021450826,0.0031541316817687015,0.011113955596377031,-0.028780673703047044,0.007628028621952332,1,AAPL
2024-11-21,227.0692596435547,228.6988476019872,224.27710117470863,227.42697481306035,42108300,225.3184387207031,225.9427651977539,225.81936396087968,225.88404396952808,63.00447833991033,-0.06468000864839496,-0.40603359807138767,0.3413535894229927,-0.0020960982383265714,0.009084185246777775,0.19729254810973118,0.0049857513464297565,1,AAPL
2024-11-22,228.41064453125,229.25525429365297,226.6121379068964,226.6121379068964,38168300,225.6075866699219,226.0940884399414,226.21802251016743,226.07119956669266,67.64621894203793,0.1468229434747741,-0.29546228976215533,0.4422852332369294,0.005907382134424433,0.009205008603824652,-0.09356825138986846,0.010245982578725998,1,AAPL
2024-11-25,231.39161682128903,231.7692092379923,228.2814979784893,229.99057974831032,90152800,226.46609954833986,226.42771118164063,227.01396009649386,226.4653045485146,69.706368006492,0.5486555479792514,-0.12663872221387396,0.6752942701931254,0.013050934189852148,0.008560078056914675,1.361981015659592,0.02192269494640775,1,AAPL
2024-11-26,233.56771850585935,234.07449047305911,231.84870566104107,231.84870566104107,45986200,227.54222259521484,226.79552612304687,228.02223062101163,226.99140928609572,74.21569079371147,1.0308213349159132,0.10485328921208349,0.9259680457038297,0.009404410213577297,0.008610111401005725,-0.4899082446690508,0.029860343802100564,1,AAPL
2024-11-27,233.43853759765625,234.1937224347506,232.32565277909848,232.9814664022851,33498400,228.5169921875,227.08333770751952,228.85550861741848,227.4689743462113,68.02433713094754,1.3865342712071822,0.36118948561110326,1.025344785596079,-0.0005530768936283792,0.008773550657861279,-0.27155537965737553,0.027986200811977335,1,AAPL
2024-11-29,235.82330322265625,236.3002516789311,232.48463370489637,233.3192972938568,28481400,229.42220764160157,227.2564617919922,229.9274770182243,228.08781352224426,72.07315574359922,1.8396634959800338,0.6568842876848895,1.1827792082951443,0.010215818045905767,0.0084122069855392,-0.14976834714493825,0.037696800183861345,1,AAPL
2024-12-02,238.06895446777344,239.26133321145704,235.654388648958,235.76369091824088,48137100,230.87194366455077,227.48779968261718,231.18001201046263,228.82715729598715,83.36225143606566,2.352854714475484,0.9960783730430084,1.3567763414324756,0.009522601093399752,0.005635080059553895,0.6901240809791653,0.04651306487608875,1,AAPL
2024-12-03,241.10952758789065,241.21882985808796,237.3833345065081,238.28756099978403,38861000,232.32565460205078,227.81429168701172,232.70762979160543,229.7369625027948,85.31437979000526,2.970667288810631,1.390996156196533,1.5796711326140982,0.012771817001148822,0.005547024901067275,-0.19270167916222625,0.05835997295176254,1,AAPL
2024-12-04,241.46725463867188,242.56027739454964,239.7184333911867,241.32814402991647,44383900,233.7893035888672,228.1300717163086,234.0552643834618,230.60587303137828,85.00975168513327,3.4493913520835235,1.8026751953739313,1.6467161567095923,0.0014836703234417659,0.0055128189995054,0.14211934844702911,0.05846306373387167,1,AAPL
2024-12-05,241.4970703125,242.9875476638645,240.5928589090645,242.44105143123323,40033900,235.18438873291015,228.46629943847657,235.2001576033138,231.41262838553544,82.96261078299169,3.7875292177783706,2.1996459998548192,1.5878832179235514,0.00012347708956528258,0.005780918094148543,-0.09800851209560224,0.057035855642825206,1,AAPL
2024-12-06,241.2983245849609,243.0769692456264,240.5431549096241,241.36788746709487,36870600,236.60729522705077,228.77572296142577,236.13833713895184,232.14490217808546,95.83747949278627,3.993434960866381,2.5584037920571316,1.4350311688092492,-0.0008229736587773706,0.00559422571861451,-0.07901553433465136,0.05473745842187361,1,AAPL
2024-12-09,245.1835021972656,245.6703968797777,240.2152448072501,240.29473874492052,44649200,238.28458099365236,229.1574905395508,237.52990099407702,233.11072440172842,96.01952619767368,4.419176592348606,2.9305583521154266,1.4886182402331793,0.016101137954386058,0.006420803808974028,0.21097025814605685,0.06993448750019726,1,AAPL
2024-12-10,246.19705200195312,246.63426111556623,243.7824708197424,245.3226337747269,36914800,239.76512451171874,229.45610443115234,238.86330884144257,234.08008200174504,96.1628356127613,4.783226839697534,3.301092049631848,1.4821347900656856,0.004133841778114711,0.00611922876905902,-0.17322594805730007,0.07295925995215291,1,AAPL
2024-12-11,244.9251708984375,249.207806563516,244.69662013013263,246.3858398593606,45205800,240.90086975097657,229.86407012939452,239.79590300405718,234.88342192001855,90.35519181832161,4.912481084038632,3.623369856513205,1.2891112275254266,-0.005166110207954655,0.006958642290586193,0.22459826411087147,0.06552177015122385,1,AAPL
2024-12-12,246.3858184814453,247.1608653940442,244.1202792424049,245.32260415969785,32777500,242.19559783935546,230.28993377685546,240.80973615442457,235.73545129493905,92.89485097789404,5.074284859485516,3.9135528571076676,1.1607320023778485,0.00596364831613605,0.00670409136092642,-0.274927111122909,0.06989400031781812,1,AAPL
2024-12-13,246.5547637939453,247.7073880681415,244.676762972136,246.24673423955156,33155300,243.26874389648438,230.74121124267577,241.69358656050468,236.536881850421,92.50455574595917,5.156704710083687,4.162183227702871,0.994521482380816,0.0006856941423871721,0.006625514246306981,0.011526199374571,0.06853371561198074,1,AAPL
2024-12-16,249.4462738037109,249.7841268474892,246.07779571830557,246.4156487620838,51694800,244.40647583007814,231.22788665771483,242.88630767484412,237.49313310622026,92.47300634638026,5.393174568623863,4.4083814958870695,0.9847930727367933,0.0117276582503274,0.0068450538299863195,0.5591715351693394,0.07878974897592972,1,AAPL
2024-12-17,251.8707733154297,252.2185573987637,248.19426586582333,248.49236434269267,51356400,245.48260040283202,231.86449157714844,244.2685331580111,238.55814349208762,92.55995782000981,5.710389665923486,4.668783129894353,1.041606536029133,0.009719525871236812,0.006504731232234019,-0.006546112955268191,0.08628437067788175,1,AAPL
2024-12-18,246.47528076171875,252.6657259429232,246.16725119368888,250.55918941684527,56774100,245.98340301513673,232.31219360351562,244.60803278935074,239.1445981046529,74.35046502030397,5.46343468469783,4.8277134408550495,0.6357212438427808,-0.021421669861448778,0.010468794510233553,0.1054922073977147,0.06096575017657102,1,AAPL
2024-12-19,248.20420837402344,250.4001849209636,245.52135228225407,245.92875304737493,60882300,246.65411682128905,232.71963592529298,245.1612905716081,239.81568034682851,73.70627065984705,5.345610224779591,4.9312927976399585,0.4143174271396326,0.007014608552068813,0.010550397217899386,0.07236046013939457,0.06653745562622526,1,AAPL
2024-12-20,252.87437438964844,253.38113119374523,244.1302382023433,246.46531011815412,147495300,247.8117218017578,233.2304071044922,246.34791885130662,240.78299101666704,75.94014470839095,5.564927834639576,5.058019805039883,0.5069080295996935,0.01881582123937009,0.011579983613065952,1.422630222577005,0.08422558417245884,0,AAPL
2024-12-23,253.6494140625,254.02699130961165,251.84096111600803,253.15258832932108,40858800,248.65831298828124,233.78625732421875,247.47122580687483,241.73605939043244,73.86538271662293,5.735166416442382,5.193449127320383,0.5417172891219995,0.0030649197836760678,0.010873282194931846,-0.7229823594378939,0.08496289288182868,0,AAPL
2024-12-24,256.560791015625,256.57070690893096,253.66924678278625,253.86798918256417,23234700,249.69468688964844,234.32589294433595,248.86962045437485,242.83418765896522,76.180625326209,6.035432795409633,5.361845860938233,0.6735869344714001,0.011477956548354706,0.011168335754858136,-0.4313415959352698,0.09488877986083666,0,AAPL
2024-12-26,257.37554931640625,258.44870970386563,255.9943897750778,256.55083207826743,27237100,250.93972473144532,234.8312030029297,250.1782248946874,243.9113255595164,76.81204678217918,6.26689933517099,5.542856555784785,0.7240427793862052,0.003175692971462807,0.0106934502641893,0.1722595944858336,0.09600234562182641,0,AAPL
2024-12-27,253.96739196777344,257.0576640072936,251.4534547993944,256.19316170058187,42355300,251.69788208007813,235.30944152832032,250.76117367516218,244.65621936753544,69.30075782230696,6.104954307626741,5.655276106153177,0.4496782014735645,-0.013241962407404051,0.01213335068939453,0.555059092194103,0.07929112541456429,0,AAPL
2024-12-30,250.5988922119141,251.8906421270002,249.15810064436016,250.6287005424076,35557500,252.102294921875,235.71296600341796,250.73620729620092,245.09641735600792,58.38206098234383,5.639789940192998,5.652178872961141,-0.012388932768143235,-0.01326351280674165,0.013197189652957422,-0.16049467244949278,0.0631527677958974,0,AAPL
2024-12-31,248.8302001953125,251.6720440162376,247.84647977817443,250.837380417288,39480700,252.04068756103516,236.02454040527343,250.44297543452575,245.37299386262308,53.982547190712516,5.069981571902673,5.5357394127494475,-0.4657578408467744,-0.007057860475719657,0.01294693586584628,0.11033396611122837,0.05425562853782373,0,AAPL
2025-01-02,242.30194091796875,247.51861164989128,240.2848294479123,247.34967754084445,55740700,251.08380432128905,236.17616973876954,249.19050858582466,245.14550845931535,46.57675596672256,4.045000126509308,5.237591555501419,-1.1925914289921113,-0.026235799642565727,0.014760436863590942,0.41184680109521876,0.02593729581597848,0,AAPL
2025-01-03,241.8150177001953,242.6298040057451,240.3543488544026,241.8150177001953,40244100,250.6177780151367,236.33036834716796,248.05581768034324,244.89880544012127,43.879689244343325,3.157012240221974,4.821475692445531,-1.6644634522235568,-0.002009572089801348,0.013393861407473855,-0.27801229622161183,0.023207552171079504,0,AAPL
2025-01-06,243.4446258544922,245.7598357483754,241.6560500607284,242.75900387005612,45045600,250.1418197631836,236.6184002685547,247.34640355328924,244.79108843377836,45.99228761243955,2.5553151195108796,4.368243577858601,-1.812928458347721,0.00673906926788681,0.013373922330416382,0.1193094142992388,0.028849090257519805,0,AAPL
2025-01-07,240.6723480224609,243.9911405526811,239.8178070850232,241.4374487975533,40856000,248.92161712646484,236.85475830078124,246.31962577931566,244.48599655145853,38.65910249188597,1.8336292278571307,3.861320707858307,-2.0276914800011765,-0.01138771423809648,0.011461092326550541,-0.09300797414175854,0.016117851079148426,0,AAPL
2025-01-08,241.1592254638672,242.1628232218062,238.5260549504929,240.38417847646195,37628900,247.67259826660157,237.0841793823242,245.52571803847744,244.2395690634888,35.42450471819559,1.2861489749886346,3.3462863612843727,-2.060137386295738,0.002022988703965334,0.011385387483087577,-0.07898717446641867,0.017188182240416516,0,AAPL
2025-01-10,235.34637451171875,238.63535869995312,231.5208099984783,238.48630187104283,61710900,245.55115661621093,237.15783966064453,243.95966518820688,243.58081391150586,35.026664192133296,0.3788512767010275,2.7527993443677037,-2.373948067666676,-0.02410378844503036,0.011230066641893351,0.6399868186420543,-0.007638225881623217,0,AAPL
2025-01-13,232.91189575195312,233.180185891021,228.26161420500543,232.04742383507852,49630700,243.10479125976562,237.17744995117187,242.26000835186017,242.79052367746493,29.80837848020424,-0.5305153256047674,2.0961364103732096,-2.626651735977977,-0.010344237360004005,0.010450146410287065,-0.19575472080296996,-0.0179846532631871,0,AAPL
2025-01-14,231.79904174804688,234.62100862534365,230.99418638589503,233.25971079858908,39435300,240.88795623779296,237.2456723022461,240.65062887435045,241.97633983084137,19.28748015972731,-1.3257109564909229,1.4117669370003831,-2.737477893491306,-0.004778004147505732,0.010491018485258331,-0.20542527105199004,-0.022957765683752185,0,AAPL
2025-01-15,236.35987854003903,237.4429702030776,232.94171493841435,233.1503884256181,39832000,239.46405487060548,237.48828735351563,239.99051343830254,241.5603056611523,27.308206989336668,-1.5697922228497703,0.8154551050303525,-2.3852473278801227,0.019675822460687886,0.01369888503418348,0.010059515205919523,-0.0047514293275309205,0,AAPL
2025-01-16,226.81088256835935,236.4989845496957,226.58234697208556,235.84318609247865,71759100,237.26212310791016,237.59947631835936,237.96287791984975,240.4677558024269,16.748041745176494,-2.504877882577148,0.15138850750885247,-2.6562663900860004,-0.04040024064431946,0.017565217223001493,0.8015439847358907,-0.045406639430233375,0,AAPL
2025-01-17,228.51998901367188,230.81532176659897,227.02951162481844,230.64640281529265,68488300,235.88392791748046,237.76271392822267,236.51012578043776,239.5827360402969,18.379836966408803,-3.0726102598591467,-0.49341124596474745,-2.5791990138943994,0.007535381133210839,0.017142140808331777,-0.045580281803980216,-0.03887373575884168,0,AAPL
2025-01-21,221.2265625,222.99526090225285,217.9872641686431,222.57792910461188,98070400,233.82508239746093,237.75149688720703,234.1588083526781,238.22301948175638,16.937597093803944,-4.064211129078274,-1.2075712225874526,-2.856639906490821,-0.03191592361417239,0.01894023495082063,0.43192924922943043,-0.06950506980423643,1,AAPL
2025-01-22,222.40902709960935,222.6971793763667,218.39466636780543,218.39466636780543,64126500,231.72152252197264,237.77842071533203,232.35114969835985,237.05161263863437,20.218398827726375,-4.7004629402745195,-1.9061495661248662,-2.7943133741496533,0.005345038978352035,0.018818751036140457,-0.3461176868861553,-0.0646374619256257,1,AAPL
2025-01-23,222.2401123046875,225.58871322146769,220.8887455720124,223.3132578125695,60234800,229.8782989501953,237.70747436523436,230.79560548394872,235.95446446574942,20.9257339942112,-5.158858981800705,-2.5566914492600343,-2.602167532540671,-0.0007594781431519149,0.01895817536198776,-0.06068785915339214,-0.06506889235119917,1,AAPL
2025-01-24,221.36569213867188,224.19760513427784,220.0043943605744,223.352995248032,54697900,227.8989456176758,237.62440490722656,229.34484958467533,234.8738146637437,23.87803793332958,-5.528965079068371,-3.151146175221702,-2.377818903846669,-0.003934573992730894,0.018708119414515244,-0.09192194545345878,-0.06842189788924424,1,AAPL
2025-01-27,228.40074157714844,230.67619691244207,222.55806572164707,222.59782027357136,94863400,227.20438232421876,237.73628997802734,229.19960219890194,234.39432776844035,35.61384158694521,-5.194725569538406,-3.559862054085043,-1.6348635154533628,0.03178021567167488,0.021607369171083753,0.7343152113700893,-0.039268503776776154,0,AAPL
2025-01-28,236.74740600585935,238.66516132615985,229.3447052045828,229.3844597561093,75707600,227.5879333496094,238.01510833740235,230.3608027845877,234.568629860101,43.722049101752184,-4.207827075513308,-3.6894550583706964,-0.5183720171426112,0.0365439462721342,0.024655792638846482,-0.2019303545940795,-0.0053261422789429025,0,AAPL
2025-01-29,237.84043884277344,238.33726462451705,232.52439691334908,232.63369919180943,45486100,228.19207305908202,238.29810028076173,231.51151602430855,234.81098608103972,47.25908763854317,-3.299470056731167,-3.6114580580427904,0.31198800131162363,0.004616873550399303,0.024551440496807332,-0.39918713576972453,-0.0019205416973491207,0,AAPL
2025-01-30,236.0816650390625,239.26134692510684,235.7040877651042,237.1548105184623,55658300,228.16425170898438,238.48431060791015,232.21461587273222,234.90511044830066,45.20368308156115,-2.6904945755684366,-3.42726536154792,0.7367707859794832,-0.007394763532510895,0.02397557609167136,0.22363315386458726,-0.010074648360402283,0,AAPL
2025-01-31,234.5017547607422,245.62071750771997,231.95800933839703,245.62071750771997,100959800,228.93333892822267,238.70291381835938,232.56648339396452,234.87523224922228,49.132814857311516,-2.308748855257761,-3.203562060289888,0.8948132050321269,-0.006692219313426562,0.01961543668441794,0.8139217331467186,-0.017599948783256436,0,AAPL
2025-02-03,226.56246948242188,230.35822543026035,224.2671369795404,228.52991033796465,73063300,228.73758697509766,238.70271484375,231.6427889460349,234.2594720442741,44.142999344649205,-2.616683098239207,-3.0861862678797523,0.46950316964054517,-0.033855973855805965,0.022783470816243927,-0.27631294832200537,-0.05085926806184371,0,AAPL
2025-02-04,231.3220672607422,231.64997406812492,225.21110156992967,225.80729852188347,45067300,229.74713745117188,238.7925408935547,231.59344714829754,234.04188650475322,49.58775234491488,-2.4484393564556797,-2.958636885594938,0.5101975291392584,0.021007882678863554,0.020765152712905317,-0.38317458970509133,-0.03128436761407294,1,AAPL
2025-02-05,230.99415588378903,231.19288314320295,226.82082278842495,227.07916670947125,39620300,230.60565032958985,238.86149963378904,231.5012484922193,233.8161286809781,44.99630038589821,-2.314880188758792,-2.829885546227709,0.5150053574689166,-0.0014175533741168644,0.020850513554665474,-0.12086368608725173,-0.03293684315832324,1,AAPL
2025-02-06,231.7393798828125,232.31569951215812,228.9670839961656,229.8216248035516,29925300,231.55557708740236,238.95490203857418,231.53788409077208,233.66229543666952,55.498863433615426,-2.1244113458974425,-2.688790706161656,0.5643793602642133,0.0032261595371199103,0.020787648889843892,-0.24469779380771983,-0.030196167118584083,1,AAPL
2025-02-07,226.1848907470703,232.5144458089444,225.81722939017396,231.1233398047693,39707200,232.0374969482422,238.91038696289058,230.7143466532795,233.10841360781032,47.600556550839826,-2.394066954530814,-2.6298459558354876,0.23577900130467366,-0.023968689044352454,0.022568013477617502,0.32687725770501874,-0.0532647256470975,1,AAPL
2025-02-10,226.45346069335935,229.378010419489,226.0058289386349,228.3633824897372,33115600,231.84276885986327,238.811623840332,230.05882573636873,232.6154541326658,56.277152739957444,-2.5566283962970715,-2.6152024439278043,0.05857404763073282,0.0011873911886950417,0.020076452058498343,-0.16600515775476488,-0.0517485830389699,1,AAPL
2025-02-11,231.39735412597656,233.99363668198936,226.93096309298545,227.00058728303875,53718400,231.307763671875,238.76821655273434,230.26475318092378,232.52522450254068,59.899968235881374,-2.2604713216169046,-2.544256219465624,0.28378489784871963,0.02183182989334731,0.017407683888303545,0.622147869886096,-0.03087036680667188,1,AAPL
2025-02-12,235.625,235.7145384932868,229.4675323792709,229.9848034951756,45243300,231.08621978759766,238.81194580078122,231.08940653770472,232.75483750235247,63.532536389464134,-1.6654309646477543,-2.36849116850205,0.7030602038542959,0.018270070070558475,0.018498297355714382,-0.15776903258473818,-0.013345001608252027,1,AAPL
2025-02-13,240.26052856445312,241.06626881430705,234.33186254170715,235.66481592241837,53614100,231.5041061401367,238.90069030761714,232.5003483879737,233.31081461806363,67.75310706470125,-0.8104662300899292,-2.0568861808196264,1.2464199507296971,0.01967333077751987,0.019382209112807712,0.1850174500975834,0.005692064996065893,1,AAPL
2025-02-14,243.3143768310547,244.25938055012708,239.7233505557091,239.9819785190441,40896200,232.38536834716797,239.00559875488278,234.1640450715246,234.05181922643334,65.14555151142493,0.11222584509127387,-1.6230637756374464,1.7352896207287203,0.012710570000191712,0.01939475314335033,-0.23721185285214152,0.01802793783333434,1,AAPL
2025-02-18,243.18508911132807,243.89134891584123,240.56890729516903,242.8667637165237,48822500,234.0476303100586,239.04710998535154,235.55189800072515,234.72835773642555,57.84757950812653,0.823540264299595,-1.1337429676500383,1.9572832319496334,-0.0005313607909671614,0.014417239250480975,0.19381507328309233,0.017310308107176375,1,AAPL
2025-02-19,243.58294677734372,244.7169542759842,241.8819431186772,243.37405904734027,32204200,235.27371826171876,239.08942382812495,236.78744396635878,235.384253220938,57.120843615458,1.4031907454207726,-0.6263562250358762,2.0295469704566487,0.0016360282099101564,0.013635917433605994,-0.3403819960059399,0.018794319201877574,0,AAPL
2025-02-20,244.53790283203125,245.4829065325138,243.00598867544505,243.6525813389452,32316900,236.62809295654296,239.1502404785156,237.97982225338532,236.06230134027825,60.69922142269129,1.9175209131070687,-0.11758079740728716,2.035101710514356,0.0039204553000191655,0.013448587069096622,0.0034995435377993545,0.02252835850273649,0,AAPL
2025-02-21,244.25938415527344,247.38287960480025,243.93111682470231,244.6572756706751,53197400,237.88009338378907,239.20946166992184,238.94590869982963,236.66949265990752,62.76621399972205,2.276416039922111,0.3612185700585925,1.9151974698635188,-0.0011389591287577217,0.013611110330007743,0.646117047117762,0.021110881024931416,0,AAPL
2025-02-24,245.8012542724609,247.55199828948733,243.1353323966777,243.64264638435856,51326400,239.84172973632812,239.22181671142573,240.0005772494652,237.34591944602258,80.23141001571456,2.654657803442632,0.8199064167354004,1.8347513867072314,0.006312429397624886,0.00892224406834698,-0.035170891810502036,0.027503501359041893,0,AAPL
2025-02-25,245.74156188964844,248.68601093773057,243.62276739789988,246.69652285022872,48013300,241.77053985595703,239.21270690917964,240.88380565564725,237.96781888629116,76.58530684356509,2.9159867693560955,1.2391224872595394,1.676864282096556,-0.0002428481619800582,0.009060867123769098,-0.06454962748215343,0.02729309435450511,0,AAPL
2025-02-26,239.0966644287109,243.6923767743236,237.87313357927937,243.04579925662603,44433600,242.54047088623048,239.09613677978513,240.6088608515032,238.05143707461855,62.11634295936617,2.5574237768846615,1.502782745184564,1.0546410317000976,-0.02704018567246458,0.013167325600063421,-0.07455642499057558,2.2068483953585627e-06,0,AAPL
2025-02-27,236.05274963378903,241.1856322165831,235.81400561415143,238.15166004001364,41153600,242.58324584960937,238.889475402832,239.9079206641626,237.90338615307562,56.03522227635612,2.0045345110869732,1.603133098365046,0.4014014127219272,-0.012730896109299117,0.012913033936160763,-0.07381801159482915,-0.011874636855639942,0,AAPL
2025-02-28,240.56887817382807,240.8175641664438,228.9900589647863,235.70458076540925,56833400,242.61408081054682,238.76975769042966,240.00960643488037,238.10083000646466,70.72823200199471,1.908776428415706,1.664261764375178,0.24451466404052802,0.019131861615869106,0.012823394569949772,0.38100676490027596,0.007534959623031634,0,AAPL
2025-03-03,236.77891540527344,242.74737946323825,234.8690087281554,240.519147417306,47184000,241.96053466796872,238.5164105224609,239.51257704571006,238.00291040637643,63.50862693664399,1.5096666393336307,1.6333427393668687,-0.12367610003323803,-0.015754169023543096,0.012897485947478757,-0.16978396506279758,-0.00728459359832534,0,AAPL
2025-03-04,234.68997192382807,238.80822713414068,233.44654177924315,236.46063041402056,53798100,241.1110229492187,238.17279449462887,238.77063779618976,237.7575075558173,54.65544908789564,1.0131302403724476,1.5093002395679844,-0.49616999919553684,-0.008822337402255243,0.013012578441670527,0.14017675483214642,-0.014623091517193987,0,AAPL
2025-03-05,234.5009765625,235.30671684449464,228.02518284103616,234.1826511688976,47227600,240.20282592773432,237.93330841064449,238.11376683716054,237.5162830377938,48.205834156568635,0.5974837993667279,1.3269369515277332,-0.7294531521610053,-0.0008052979843101715,0.012928710127601401,-0.12213256601998956,-0.014425604683395932,0,AAPL
2025-03-06,234.09312438964844,236.60982567864423,231.93453157387603,233.207802772317,45170400,239.15834808349604,237.651086730957,237.49520646062024,237.26271573052378,38.61965040198534,0.23249073009645826,1.1080477072414783,-0.87555697714502,-0.0017392344323259312,0.012678685500859906,-0.04355927466142684,-0.014971369961949699,0,AAPL
2025-03-07,237.8134613037109,240.10136041796665,233.5261018066448,233.8742682867737,46273600,238.5137557983398,237.34986846923823,237.54416874417268,237.30351169890804,40.093157972838476,0.2406570452646406,0.9345695748461108,-0.6939125295814702,0.015892550982701925,0.014200551586438745,0.024423073517170435,0.001953204513921003,0,AAPL
2025-03-10,226.28436279296875,234.91874867921032,223.0415027897028,234.3019970725287,72071200,236.5620666503906,236.8025674438476,235.8118909055259,236.48727844661624,28.422598406912215,-0.6753875410903447,0.6125781516588197,-1.2879656927491645,-0.04847958752014625,0.01983935997444098,0.5575014695204177,-0.04441761237818087,0,AAPL
2025-03-11,219.6792755126953,224.65299583409444,216.3070937419303,222.6336665978936,76137400,233.95583801269527,236.06493713378902,233.32995007585964,235.24224119225175,23.65711133943296,-1.9122911163921117,0.10760429804863336,-2.019895414440745,-0.029189322667941164,0.020666692133469236,0.05641920767241282,-0.06941167044984398,0,AAPL
2025-03-12,215.8395538330078,220.58448707211764,213.7804415985268,218.98294858814836,62547500,231.63012695312494,235.23421722412107,230.63911988465168,233.805005091567,20.263872116507372,-3.165885206915334,-0.5470936029441602,-2.618791603971174,-0.017478761575147272,0.020051788692074482,-0.17849177933577975,-0.08244830883865362,0,AAPL
2025-03-13,208.5779266357422,215.70029772842105,207.3245545879158,214.81497612462363,61368300,228.8826446533203,234.32642791748043,227.24509015405022,231.93633261335776,17.702148512493807,-4.691242459307546,-1.3759233742168373,-3.3153190850907084,-0.0336436351368844,0.021412875781540677,-0.018852871817418793,-0.10988304439482921,1,AAPL
2025-03-14,212.36788940429688,212.8254631170957,208.47843695256688,210.13965751241795,60107600,226.0625457763672,233.56180786132808,224.95629003870357,230.48681830157548,20.920540518875356,-5.530528262871911,-2.206844351947852,-3.3236839109240592,0.018170488266351592,0.0212587332296316,-0.02054317945910189,-0.09074222644146768,1,AAPL
2025-03-17,212.87521362304688,214.0888025037831,208.8663965620962,212.18883784213668,48073400,223.67217559814452,232.84270812988277,223.09766289783332,229.18225499205482,21.63459145222241,-6.084592094221506,-2.982393900402583,-3.102198193818923,0.0023888932558169262,0.021690098756287433,-0.200210955020663,-0.08575529234824808,1,AAPL
2025-03-18,211.5720977783203,214.01915944879545,210.37840804794797,213.03437263106773,42432400,221.36038818359376,232.22811126708982,221.32449903329285,227.87779890214856,23.832018926071868,-6.553299868855703,-3.696575094093207,-2.8567247747624958,-0.006121501054763834,0.02172830172202768,-0.11734139877770244,-0.08894708472658863,1,AAPL
2025-03-19,214.1086883544922,217.6101760496477,212.6265144386749,213.0940452987452,54385400,219.32115936279297,231.67398468017575,220.21437431347738,226.85786478750737,28.934273073445823,-6.6434904740299885,-4.285958170080564,-2.3575323039494247,0.011989249068323105,0.02269179757623112,0.2816951197669706,-0.07581902797559392,1,AAPL
2025-03-20,212.97471618652344,216.34689805154304,211.1045924362575,212.86529372925065,48862900,217.20931854248047,231.06458648681638,219.10058075548446,225.8294834096567,21.670745381955413,-6.728902654172231,-4.774547066898897,-1.9543555872733336,-0.005296245456846038,0.022596129808914876,-0.10154379668072677,-0.07828923754755068,1,AAPL
2025-03-21,217.12277221679688,217.68976839110027,210.16950634984832,210.4480334492585,94127800,215.14024963378907,230.5935949707031,218.7963025187633,225.1845418398152,29.967520319627653,-6.388239321051913,-5.0972855177295004,-1.2909538033224122,0.019476753412553283,0.023061595692519213,0.926365401971639,-0.05841802655280903,0,AAPL
2025-03-24,219.56985473632807,220.31591279023905,217.4311610532196,219.83843988574125,44299500,214.468798828125,230.1618075561523,218.9153105522348,224.76863909140874,34.7020667475218,-5.85332853917393,-5.2484941220183865,-0.6048344171555433,0.011270501451997816,0.019032363271300812,-0.5293685818642314,-0.04601959348637863,1,AAPL
2025-03-25,222.57395935058597,222.9221258053629,218.9232508666907,219.60962662242412,34493600,214.75826721191407,229.90635925292966,219.478179598135,224.60607022171817,38.58307555818339,-5.12789062358317,-5.224373422331343,0.09648279874817334,0.013681771652422015,0.0171763877067788,-0.2213546428289258,-0.03189298428355791,0,AAPL
2025-03-26,220.3656311035156,223.8372930332484,219.31120492080973,222.3352199198642,34466100,215.21087493896485,229.6554339599609,219.61471059896277,224.29196362036984,37.29745207767198,-4.6772530214070684,-5.114949342146488,0.4376963207394198,-0.00992177276045103,0.016400059235023315,-0.0007972493448059614,-0.040451047450786315,1,AAPL
2025-03-27,222.6734313964844,223.80743885219795,219.4007154168264,220.22635468753003,37094800,216.62042541503905,229.47292175292966,220.0852830293507,224.17207234452647,35.61431839395803,-4.086789315175764,-4.909317336752344,0.8225280215765798,0.010472596300122428,0.010592195619384069,0.07626914562425102,-0.02963090505190924,0,AAPL
2025-03-28,216.7547149658203,222.6336557419088,216.5358700680628,220.504904155295,39818600,217.0591079711914,229.08081848144528,219.57288794265372,223.62263846462233,39.86455454414153,-4.049750521968605,-4.737403973795596,0.687653451826991,-0.026580254292329242,0.014053598746459886,0.07342808156399272,-0.05380679009850553,0,AAPL
2025-03-31,220.9624938964844,224.43414081005065,215.09349507460487,215.8693941954849,65299300,217.86783599853516,228.96385070800778,219.78667347401228,223.42559071883434,51.43812834855595,-3.6389172448220677,-4.51770662800089,0.8787893831788223,0.019412629300025186,0.01508115076031654,0.6399195350916407,-0.034945939224822586,0,AAPL
2025-04-01,222.0169219970703,222.50433685640357,217.749461617725,218.6546823259,36412700,218.91231842041014,228.83378936767573,220.1297886314058,223.32124488759257,57.384093228828064,-3.1914562561867683,-4.252456553638066,1.0610002974512973,0.004771977732473731,0.014669604698462988,-0.4423722765787689,-0.029789601393404808,0,AAPL
2025-04-02,222.71322631835935,224.0063965120705,219.8583159882452,220.15674221426903,35905900,219.77277221679688,228.86352264404294,220.5272405832448,223.27620647505677,70.04235768160807,-2.748965891811963,-3.9517584212728454,1.2027925294608823,0.0031362668891437018,0.014461759196615902,-0.01391822084053096,-0.026873204845532794,0,AAPL
2025-04-03,202.12203979492188,206.39944211542388,200.19223396809613,204.4596791341039,103419000,218.68750457763673,228.4577828979492,217.69567123119512,221.70923116541715,40.160480968125974,-4.01355993422203,-3.9641187238626827,-0.049441210359347565,-0.09245605599553941,0.033907299564059475,1.8802787285655005,-0.11527619137751743,0,AAPL
2025-04-04,187.38987731933597,198.82943318150367,186.3553350717911,192.8709112290044,125910900,215.71421508789064,227.76077819824215,213.0332413986014,219.16705680644816,30.777281885443628,-6.133815407846754,-4.398058060659498,-1.7357573471872563,-0.0728874619043699,0.03882171338943956,0.21748324775911576,-0.1772513300941021,1,AAPL
2025-04-07,180.5062561035156,193.12954493623215,173.70219548773406,176.26863687444822,160466300,211.80785522460937,226.94358947753904,208.02908981474204,216.3032937914161,28.387516053333286,-8.274203976674073,-5.173287243862413,-3.10091673281166,-0.036734221262602174,0.0383269166536444,0.27444327695219406,-0.20462059968703994,1,AAPL
2025-04-08,171.51376342773438,189.33957458197375,168.32064359895526,185.7187069284344,120859500,206.70183563232422,225.80584991455075,202.41134729366394,212.98555080151377,22.809216518041993,-10.57420350784983,-6.253470496659897,-4.320733011189933,-0.04981817733023208,0.037617641955218765,-0.24682316473926302,-0.24043702369695708,1,AAPL
2025-04-09,197.8048858642578,199.5556301532229,170.9865761471336,171.0462583692382,184395900,204.44576110839844,225.02699951171874,201.70266091990914,211.86105710245778,42.67038874505779,-10.158396182548643,-7.034455633837647,-3.123940548710996,0.15328870354827795,0.06802879869813526,0.5257046405123305,-0.12097265531038326,0,AAPL
2025-04-10,189.41915893554688,193.7562435722064,182.0381599544528,188.0762635840202,121880000,201.12033386230468,224.0585739135742,199.81289138385338,210.1986942752792,37.14101689133965,-10.385802891425811,-7.70472508535528,-2.6810778060705314,-0.04239393224323884,0.06842294681449781,-0.33903085697675495,-0.15459981902495168,1,AAPL
2025-04-11,197.10850524902344,198.4911987157403,185.0820546811132,185.1218529386436,87435900,199.155712890625,223.27911071777345,199.39683197849493,209.22905064370468,40.05810498799772,-9.832218665209751,-8.130223801326174,-1.7019948638835771,0.040594343025738944,0.07032451274609372,-0.2826066622907778,-0.11721027275959484,0,AAPL
2025-04-14,201.45556640625,211.8207974391945,200.10271391024364,210.3286813853017,101352900,197.20502014160155,222.6181869506836,199.7135603519957,208.65323699648582,40.76234891698391,-8.939676644490106,-8.292114369958961,-0.6475622745311451,0.02205415312614023,0.07044089974336898,0.1591680305229317,-0.09506240633035845,0,AAPL
2025-04-15,201.0775451660156,202.44033954558063,198.74984792281177,200.7990180691496,51343900,195.1110824584961,222.10848846435547,199.92340416953724,208.0920746386732,41.42567056815081,-8.168670469135975,-8.267425589794364,0.09875512065838876,-0.001876449715328743,0.07034829496538397,-0.49341459395833764,-0.09468770619144962,1,AAPL
2025-04-16,193.2489318847656,199.6451288750065,191.35890907242805,197.31743142832596,59732400,192.1646530151367,221.34702575683593,198.89656227957238,206.99258258282822,37.531630575567824,-8.096020303255841,-8.233144532486659,0.13712422923081746,-0.038933304436288285,0.0708835289630254,0.16337870711028968,-0.1269413662821831,1,AAPL
2025-04-17,195.9446563720703,197.78493872612725,193.39811432307044,196.16350125239885,52164700,191.54691467285156,220.64603576660156,198.44242290918746,206.17421767832764,40.934300052035404,-7.73179476914018,-8.132874579817363,0.40107981067718335,0.013949492299973887,0.0652094337484254,-0.12669338583415368,-0.11195025239728418,1,AAPL
2025-04-21,192.14476013183597,192.7813957027465,188.8123615658979,192.25418258208256,46742500,192.02240295410155,219.85414337158204,197.47355171267185,205.13499860080975,37.40105997661662,-7.6614468881379025,-8.038589041481472,0.37714215334356993,-0.01939270154435291,0.06072180924229649,-0.10394385475235168,-0.1260353014721839,1,AAPL
2025-04-22,198.69017028808597,200.5304375648519,194.9399811908512,195.08918671811185,52976400,193.8407943725586,219.30424896240234,197.6607238011971,204.65760391097837,40.26889870919251,-6.996880109781273,-7.830247255141433,0.8333671453601603,0.03406499428742693,0.059551255832121334,0.13336685029683903,-0.09399762554463986,1,AAPL
2025-04-23,203.52464294433597,206.9067667134076,201.7341005812904,204.9172785719325,52929200,197.04188232421876,218.84567260742188,198.56286520783385,204.57368087641225,42.26234711812899,-6.010815668578402,-7.466360937828828,1.4555452692504254,0.024331715299455325,0.05560119548106178,-0.0008909627683270083,-0.07000837384877001,1,AAPL
2025-04-24,207.2748107910156,207.73239972806863,201.87335793866916,203.81310578126343,47311000,197.98887481689454,218.36322174072265,199.90316452832334,204.77376457379026,52.40438001980509,-4.870600045466915,-6.947208759356446,2.076608713889531,0.01842611190677923,0.02954316226832831,-0.10614556804183706,-0.05077966363251896,1,AAPL
2025-04-25,208.18002319335935,208.6475540878433,205.1162098506388,205.2853145092793,38222300,199.86496124267578,217.81432220458984,201.17652739986733,205.02608002709167,61.138347205347806,-3.849552627224341,-6.327677532930026,2.478124905705685,0.0043672089188706575,0.024456380506593472,-0.19210543002684366,-0.04423170576534052,0,AAPL
2025-04-28,209.0354766845703,210.3883289578256,206.3695703929541,208.89621314961403,38743100,201.05765838623046,217.18982116699217,202.38559652059087,205.3230723720901,66.33999911557157,-2.9374758514992436,-5.649637196643869,2.712161345144626,0.004109200672037572,0.021936736927754177,0.01362555366893159,-0.03754478197278033,0,AAPL
2025-04-29,210.0998992919922,211.124484458046,207.27481462988692,207.59314001435672,36827600,201.92209167480468,216.52553161621094,203.5724123315757,205.67691140319397,74.30755906556304,-2.104499071618278,-4.940609571638752,2.8361105000204736,0.005092066783611404,0.021210673944792317,-0.04944106176325591,-0.029676095360468224,0,AAPL
2025-04-30,211.3831024169922,212.4574277707069,205.5837430092506,208.19992461631293,52286500,202.95264739990233,215.88949188232422,204.7740569601013,206.09959221903088,62.48853402853329,-1.325535258929591,-4.21759470909692,2.892059450167329,0.006107585626286438,0.02109755345183175,0.4197639813618048,-0.02087359336501815,0,AAPL
2025-05-01,212.1988067626953,213.4322796630213,207.8020247308308,207.98108655162656,57365700,204.8476348876953,215.26180908203125,205.91632616050038,206.55138588893195,74.341022504677,-0.6350597284315711,-3.5010877129638502,2.866027984532279,0.0038588909727230725,0.014437014058946073,0.09714170961911783,-0.014229195287347451,0,AAPL
2025-05-02,204.27069091796875,205.9020705063368,201.09745506032,205.0067917796952,101010600,205.68023834228515,214.45646484375,205.66315150780318,206.38244552071245,57.61424671222854,-0.7192940129092733,-2.944728972952935,2.225434960043662,-0.037361736221225184,0.020515332327238556,0.7608187470910317,-0.047495765320959116,0,AAPL
2025-05-05,197.8446350097656,203.02725796650907,197.1682163705072,202.03251395918383,69018500,206.25022583007814,213.52816986083985,204.46030281579738,205.75001511249417,46.32366465910868,-1.2897122966967913,-2.6137256377017066,1.3240133410049153,-0.03145853122308051,0.022341132270689776,-0.31672022540208655,-0.07344948847402899,1,AAPL
2025-05-06,197.4666290283203,199.5953806140849,195.98447015970467,197.1682179665783,51216500,206.12787170410155,212.56147735595704,203.38435300233937,205.1364309581109,46.32367905203136,-1.75207795577154,-2.4413961013156733,0.6893181455441333,-0.0019106203280500056,0.019530187771428058,-0.25793084462861404,-0.07101403563524722,1,AAPL
2025-05-07,195.218505859375,198.39174158064424,192.2342739226712,198.1231564563361,68536700,205.29725799560546,211.55101623535157,202.1280688264987,204.40176983968604,52.26231956197116,-2.273701013187349,-2.4078570836900086,0.13415607050265965,-0.01138482578047606,0.017673476979870616,0.3381761736940243,-0.07720364887213105,1,AAPL
2025-05-08,196.45201110839844,198.9985534894292,193.65676753221484,196.68079799363124,50478900,204.21497802734376,210.6981231689453,201.2548291775602,203.81289882255362,50.60302101741343,-2.5580696449934237,-2.4378995959506917,-0.12017004904273199,0.006318587695328448,0.016328826442931776,-0.2634763564630337,-0.06761385363230699,1,AAPL
2025-05-09,197.4865264892578,199.48595647897332,196.5017244580665,197.95405738682032,36453900,203.1456283569336,209.92679870605468,200.67509030243676,203.3442786497169,56.795730902427245,-2.6691883472801408,-2.484157346216582,-0.18503100106355896,0.005265995369670984,0.016389858230659016,-0.2778388594046225,-0.059260048233365836,1,AAPL
2025-05-12,209.95704650878903,210.435160708662,205.9330174500644,210.13634313336476,63775800,203.23778533935547,209.31456207275392,202.1030835649525,203.83411330594444,62.455786517536225,-1.7310297409919428,-2.3335318251716544,0.6025020841797115,0.06314618136852768,0.027174606423298088,0.7494918239200743,0.003069468409999221,0,AAPL
2025-05-13,212.08859252929688,212.55673652410627,208.17412935394688,209.598471364776,51909300,203.43665466308593,208.82075561523436,203.63931571331318,204.44555621137795,60.069417906489974,-0.806240498064767,-2.028073559750277,1.2218330616855098,0.01015229570024756,0.027310857531231178,-0.18606587451666623,0.015649004355121177,0,AAPL
2025-05-14,211.490966796875,213.09460539099956,209.7478820292828,211.5905625216416,49325800,203.44744110107422,208.35677551269532,204.84726203386114,204.96743847697033,55.354255578068184,-0.1201764431091874,-1.646494136422059,1.5263176933128717,-0.0028178117705190964,0.02728114637416139,-0.04976950180410833,0.015042425553320804,0,AAPL
2025-05-15,210.6144256591797,212.11846843107296,208.71196961705184,210.1164014721405,45029500,203.28900299072265,207.8790444946289,205.73451797621783,205.38573382380065,53.0937924802349,0.3487841524171813,-1.2474384786542112,1.5962226310713925,-0.0041445795580346,0.02728517220074835,-0.0871004626382137,0.01315852288623276,0,AAPL
2025-05-16,210.42518615722656,211.7300223691636,208.9410837213976,211.52084551122164,54737900,203.90445251464843,207.40568572998046,206.45615923483456,205.7590265892396,51.79655223564984,0.6971326455949622,-0.8585242538043766,1.555656899399339,-0.0008985115875175254,0.024043640611179876,0.21560088386502185,0.014558426480058895,0,AAPL
2025-05-19,207.95501708984372,208.65224804197356,203.45287334417097,207.08845970637492,46140500,204.91549072265624,206.80851684570314,206.68675275098983,205.92169255224732,47.32444037031126,0.7650601987425034,-0.5338073632950007,1.298867562037504,-0.011738942055810608,0.02156356028281117,-0.15706484903512918,0.00554377673428208,0,AAPL
2025-05-20,206.0425720214844,207.64621054867283,204.2198016310657,206.8493687913352,42496600,205.77308502197266,206.40368103027345,206.58764802337362,205.9306465870056,43.441103792986006,0.6570014363680059,-0.2956456033623994,0.9526470397304053,-0.009196436302054134,0.021950081021002908,-0.07897400331595883,-0.0017495279492427684,0,AAPL
2025-05-21,201.2914123535156,206.2218487675542,199.9168759316908,204.359243170771,59211800,206.38037567138673,206.03592376708986,205.77284253570315,205.58699960674707,37.78500715818021,0.18584292895607746,-0.19934789689870405,0.3851908258547815,-0.023059116479449693,0.023163925302787384,0.3933302899526079,-0.02302759308584268,0,AAPL
2025-05-22,200.5643310546875,201.94883789272,198.9108868600604,199.91690559460176,46742400,206.79160766601564,205.73041931152343,204.97153307708535,205.21495008437228,45.051130844107156,-0.24341700728692217,-0.20816171897634766,-0.035255288310574506,-0.003612083050771986,0.02323303457095329,-0.21058978109093118,-0.025110959643810826,0,AAPL
2025-05-23,194.49838256835935,196.91877297523905,192.6955373289648,192.9046989896,78432900,206.49279327392577,205.44882843017578,203.36027915266598,204.42113026837131,45.488575171487625,-1.0608511157053329,-0.3786995983221447,-0.6821515173831881,-0.030244403151994947,0.025348451866738623,0.677981875128363,-0.0533001134418154,1,AAPL
2025-05-27,199.4188537597656,199.94675818770216,196.64982526808052,197.51639769762104,56288500,205.43897399902343,205.18984771728515,202.7539060152967,204.05059126773386,52.34479550735264,-1.2966852524371575,-0.5622967291451473,-0.7343885232920102,0.025298262774380076,0.01562848954625656,-0.2823356015141605,-0.028125143722855905,1,AAPL
2025-05-28,199.6280212402344,201.92889064401075,199.1100718095576,199.79734764673603,45339700,204.1929168701172,204.9249038696289,202.2730006652871,203.72299348791907,55.56898533319255,-1.4499928226319696,-0.7398359478425118,-0.7101568747894578,0.0010488851807402,0.014893999975690879,-0.1945122005382982,-0.025847920527825807,1,AAPL
2025-05-29,199.15988159179688,203.0046291598645,197.72556941325453,202.77554227533128,51396800,202.95980834960938,204.67665954589845,201.79405926936553,203.38498519931744,53.487315512023024,-1.5909259299519078,-0.9100539442643911,-0.6808719856875167,-0.0023450598043757154,0.014905744491025401,0.13359373793827478,-0.02695362512922217,1,AAPL
2025-05-30,200.05633544921875,201.1619498266407,196.002410999174,198.5821728136608,70819900,201.90399932861328,204.39561248779296,201.5267171431891,203.13841855116198,53.32132451459536,-1.6117014079728733,-1.0503834370060876,-0.5613179709667857,0.0045011768949494435,0.015264600525936032,0.3779048501073996,-0.02122979542348724,1,AAPL
2025-06-02,200.9029693603516,201.3312780971428,199.32921098525784,199.488582384924,35423300,200.95177764892577,204.15417755126953,201.43075594582947,202.97282972221305,33.271988344452325,-1.5420737763835746,-1.148721504881585,-0.3933522715019895,0.004231977503895479,0.015503046030933713,-0.4998114936620921,-0.01592525918359644,0,AAPL
2025-06-03,202.4667816162109,202.96480586317463,200.16591202699755,200.55437033168948,46381600,200.4029541015625,203.8610577392578,201.59014451050354,202.935344677324,31.842137241565595,-1.3452001668204616,-1.1880172372693605,-0.15718292955110114,0.007783918081640584,0.015719520737542115,0.3093528835540449,-0.0068393450838962755,0,AAPL
2025-06-04,202.0185546875,205.42503857555045,201.30139858491117,202.10819540070028,43604000,200.00055236816405,203.51003173828124,201.656053768503,202.8674343077074,32.02270618529836,-1.2113805392044128,-1.192689897656371,-0.018690641548041897,-0.0022138294743112574,0.015546067426489294,-0.05988581678941651,-0.007328764277818589,0,AAPL
2025-06-05,199.83721923828125,203.9409342732031,199.35910500622677,202.69587362440456,55126100,199.85513305664062,203.05529693603515,201.3762330715458,202.64297393219437,30.5115808329503,-1.2667408606485537,-1.2075000902548076,-0.05924077039374609,-0.010797698521272103,0.014105132158453194,0.2642441060453169,-0.015848282444794526,0,AAPL
2025-06-06,203.11419677734372,204.8871617909174,201.2515910514923,202.19783403313104,46607700,200.11011962890626,202.71026824951173,201.643612103207,202.67787932813135,38.10757989661675,-1.0342672249243492,-1.172853517188716,0.1385862922643668,0.016398234280647683,0.015025219382268066,-0.1545257146796164,0.001992639698620513,0,AAPL
2025-06-09,200.65396118164065,205.1859847584805,199.22961916524451,203.5823461143216,72862600,200.72567749023438,202.26987884521483,201.4913581152737,202.52795946542835,38.11989893713174,-1.0366013501546547,-1.1456030837819038,0.10900173362724908,-0.012112573294913553,0.011457106840834159,0.5633167910023451,-0.007988918927522293,0,AAPL
2025-06-10,201.86915588378903,203.54252533508333,199.77746306778943,199.80734330812555,54672600,200.97070770263673,201.97216766357423,201.54948084889145,202.47915920012176,43.05144908721645,-0.929678351230308,-1.1024181372715847,0.1727397860412767,0.006056171007002176,0.008585458425970492,-0.24964796754439178,-0.0005100295797031418,0,AAPL
2025-06-11,197.99452209472656,203.69192080198684,197.62598900862736,202.6958722895077,60989900,200.80735778808594,201.51280822753907,201.00256411748146,202.1469638589814,44.34579309630145,-1.1443997414999387,-1.1108144581172554,-0.033585283382683295,-0.019193788036112824,0.010752413683214983,0.1155478246873205,-0.017459367291630556,0,AAPL
2025-06-12,198.412841796875,198.8909407818671,196.58011635566135,198.29332085025013,43904600,200.73265380859374,201.04072662353516,200.60414529892662,201.8703622247513,46.270673955339056,-1.266216925824665,-1.1418949516587373,-0.1243219741659276,0.002112784221112385,0.010772209050301835,-0.2801332679673192,-0.013071405335601916,1,AAPL
2025-06-13,195.6737060546875,199.57821397711425,194.92666975119656,198.94074360607505,51447300,200.2943908691406,200.49993621826172,199.8456161844283,201.41135065659842,52.302863675828036,-1.5657344721701065,-1.226662855761011,-0.33907161640909544,-0.01380523416418622,0.011398521329358004,0.1717974881903035,-0.024070981041711903,1,AAPL
2025-06-16,197.63592529296875,197.90486262143017,195.7832746273876,196.5203559282292,43020700,199.96768646240236,200.41021392822265,199.50566373958839,201.13168951855178,46.04855923880847,-1.6260257789633954,-1.306535440401488,-0.31949033856190745,0.010028016936178608,0.011895835226456418,-0.1637909083664254,-0.013843050116435274,1,AAPL
2025-06-17,194.86691284179688,197.60604600468164,194.4386193152405,196.42074594971083,38856200,199.20769958496095,200.55975463867188,198.79200975531276,200.6676319869403,40.523396299306306,-1.8756222316275455,-1.4203527986466997,-0.45526943298084577,-0.014010673651904004,0.011986939319640117,-0.09680223706262336,-0.028384766460904487,1,AAPL
2025-06-18,195.80319213867188,196.78928550519316,194.29916455806156,195.16572178414583,45394700,198.58616333007814,200.865693359375,198.33219166044492,200.30730310929079,43.44101192272229,-1.9751114488458654,-1.531304528686533,-0.44380692015933243,0.004804711498842984,0.012288801928578655,0.16827430371472252,-0.025203413963008847,1,AAPL
2025-06-20,200.2057342529297,200.90296511361447,196.08209436431653,197.45664606001856,96813500,198.62301483154297,201.43953277587892,198.62042898236567,200.29977949030106,50.256746983465504,-1.6793505079353963,-1.5609137245363058,-0.11843678339909047,0.02248452676471091,0.014300271590938073,1.1327049192967462,-0.0061249075886308235,1,AAPL
2025-06-23,200.70376586914065,201.5006076815208,198.1738094532141,200.83325703321927,55814300,198.38197174072266,201.49751037597656,198.94094234956182,200.32970440725214,49.65351041326613,-1.3887620576903146,-1.5264833911671076,0.13772133347679305,0.0024875991592816504,0.013191327607993414,-0.4234863939429935,-0.00393922736491803,1,AAPL
2025-06-24,199.50851440429688,202.63610603642124,199.4089034764897,201.78945874554145,54064000,198.26742706298828,201.69929748535156,199.02826112721337,200.26887551814434,44.78763440715672,-1.240614390930972,-1.4693095911198806,0.22869520018890865,-0.005955301634066434,0.012757520316670566,-0.031359346977387514,-0.010861629705050335,1,AAPL
2025-06-25,200.76353454589844,202.8651975026319,199.82724651799435,200.6539686022396,39525700,198.15686492919923,201.77239807128908,199.29522626854953,200.3055169276076,47.84982863775511,-1.0102906590580858,-1.3775058047075217,0.3672151456494359,0.006290559304443111,0.01277111033278018,-0.26890907073098547,-0.0050000076077511,1,AAPL
2025-06-26,200.2057342529297,201.8392530687452,198.6718263594232,200.63402778217431,50799100,198.37798614501952,201.74740142822264,199.43530441999263,200.2981256183722,50.668552747042845,-0.8628211983795779,-1.2745688834419329,0.41174768506235493,-0.0027783944640664693,0.011034792157936254,0.2852169601044383,-0.007641571412464798,1,AAPL
2025-06-27,200.2854156494141,202.41695863400852,199.20968154525065,201.09221242791352,73188600,198.56524353027345,201.73155883789062,199.56609076298054,200.29718413919014,44.19459915812663,-0.7310933762095999,-1.1658737819954663,0.4347804057858664,0.00039799757375447165,0.011031765435183898,0.4407459974684591,-0.007168651235370804,1,AAPL
2025-06-30,204.3592529296875,206.57048164253425,198.4726031076903,201.211736268348,91912800,199.43379821777344,201.95376525878908,200.3035003270893,200.59807812367143,57.131881209520955,-0.2945777965821321,-0.9916145849127995,0.6970367883306674,0.020340159402342017,0.011224667273648235,0.2558349251112879,0.01191108107252159,1,AAPL
2025-07-01,206.998779296875,209.35940906738605,205.32541013409477,205.8533145536732,78788900,200.37008361816407,202.17484771728516,201.3335432455179,201.0722041365013,59.360185680690954,0.26133910901657487,-0.7410238461269246,1.0023629551434996,0.012916108907951696,0.011420752569758694,-0.14278642365372396,0.023860196429258407,1,AAPL
2025-07-02,211.60055541992188,212.49699303139835,207.3175436349344,208.0845052704832,67941800,202.04344787597657,202.56396362304687,202.9130835800416,201.8520820093473,74.1855513514246,1.0610015706942875,-0.38061876276268214,1.4416203334569695,0.02223093362520312,0.010540745321729014,-0.137672946316042,0.044611053393935673,0,AAPL
2025-07-03,212.7061462402344,213.8017903991559,210.97301649264048,211.31166931275297,34955800,203.7337432861328,202.84428314208984,204.41970860468666,202.65608676719077,74.80124079543924,1.76362183749589,0.04822935728903227,1.7153924802068579,0.005224895644146521,0.010525994180471765,-0.48550376940263573,0.0486179001221172,0,AAPL
2025-07-07,209.120361328125,215.37554414763463,207.97491173225177,211.8395692407974,50229000,204.62520599365234,202.95619750976562,205.1428859467541,203.13492191985256,72.66619751928022,2.007964026901533,0.44017629121153246,1.5677877356900005,-0.016857928064098138,0.01192166692316713,0.43692892166679065,0.030371892526527944,0,AAPL
2025-07-08,209.1801300048828,210.59451698338924,207.6262968509882,209.26978591644843,42848900,205.47284240722655,202.99430389404296,205.76400041723545,203.58271511133628,70.79294861189048,2.1812853058991664,0.7883980941490594,1.392887211750107,0.0002858099344236198,0.011981700855383056,-0.14692906488283664,0.030472904865688655,0,AAPL
2025-07-09,210.3056640625,210.4949156952032,206.40115605631,208.70202548866368,48749400,206.55255737304688,203.0368167114258,206.46271790112232,204.080711329941,79.55755138861123,2.382006571181307,1.107119789555509,1.2748867816257983,0.005380692982602575,0.011437019736456902,0.13770481856010308,0.03580063689338342,0,AAPL
2025-07-10,211.5706787109375,212.6364427691049,209.20007826975964,209.67817732396117,44443600,207.63327178955078,203.08752075195312,207.24855802570926,204.63552372853334,79.81166804184372,2.613034297175915,1.4083026910795904,1.2047316060963245,0.006015124005702255,0.011434815869097217,-0.08832518964335967,0.04177094647457702,0,AAPL
2025-07-11,210.3256072998047,211.29177557167307,209.03074119537857,209.73794232575935,39765800,208.64525909423827,203.09203491210937,207.72195022172394,205.05701140047938,71.72794594615834,2.6649388212445615,1.6596299171125848,1.0053089041319767,-0.005884895859477379,0.011717831040305205,-0.10525249979749618,0.035617213598877706,1,AAPL
2025-07-14,207.79563903808597,210.0765986782557,206.71990480407712,209.1004601779456,38840100,209.39628143310546,203.02028564453124,207.73328696270272,205.25987270696876,64.00469582311592,2.4734142557339567,1.8223867848368593,0.6510274708970973,-0.012028817100299238,0.01286359730863346,-0.02327879735853422,0.02352155785021348,1,AAPL
2025-07-15,208.28370666503903,211.05272033529,208.09445501444367,208.39327261019983,42296300,209.78872680664062,202.94198364257812,207.81796691690832,205.48386040756654,67.82674034300038,2.3341065093417797,1.9247307297378435,0.4093757796039361,0.0023487866695008908,0.01147000712904273,0.08898535276685693,0.02632142904382362,1,AAPL
2025-07-16,209.3295440673828,211.5606828488181,207.8155461810567,209.4689902412225,47490500,210.0218032836914,203.0431607055664,208.05051724775052,205.76872586384923,67.5509537970552,2.281791383901293,1.9961428605705334,0.28564852333075974,0.005021215625020892,0.010889341619622702,0.12280506805559832,0.0309608230091154,1,AAPL
2025-07-17,209.1901092529297,210.9630743588066,208.7618004967043,209.7379389650813,48068100,209.7807586669922,203.2700701904297,208.22583909470114,206.0221616704478,68.72923656730755,2.2036774242533568,2.037649773307098,0.16602765094625882,-0.0006661019354642361,0.007991278526053846,0.012162432486497288,0.029124007567636,1,AAPL
2025-07-18,210.34552001953125,210.95311022715865,208.8713724594741,210.03674740882613,48974600,209.54469604492186,203.5276480102539,208.55194385236732,206.34241043704657,70.07153673373827,2.209533415320749,2.0720265017098285,0.13750691361092038,0.005523257149813832,0.008018095790758567,0.01885866094145605,0.033498505367358655,1,AAPL
2025-07-21,211.64036560058597,214.92732845073888,210.7937335563828,211.2618775331451,51377400,209.79669647216798,203.85608520507813,209.02708565978557,206.73485156027172,66.33882303634522,2.2922340995138484,2.1160680212706326,0.17616607824321573,0.006155802989930459,0.006049322304931311,0.04906216691917842,0.03818517552555223,1,AAPL
2025-07-22,213.55279541015625,214.1006251327807,211.39137195770533,212.2977797534573,46404100,210.2339630126953,204.19810089111328,209.72334869830414,207.23988443804095,65.20333456510627,2.4834642602631902,2.1895472690691444,0.2939169911940458,0.009036224276702809,0.006514926047608627,-0.09679937092963053,0.04581185857370573,0,AAPL
2025-07-23,213.30377197265625,214.29982043425815,211.57065737650467,214.15041924441525,46989300,210.53377380371094,204.51444580078126,210.27418304820446,207.68906129245687,54.950697928567884,2.5851217557475934,2.2686621664048343,0.3164595893427591,-0.0011660977652936388,0.006476345897015232,0.012610954635474014,0.042976554235375275,0,AAPL
2025-07-24,212.91531372070312,214.83769515517372,212.68622683006964,213.05475989741396,46022600,210.6682373046875,204.57361114501953,210.68051084397348,208.0761911019566,50.63443107620014,2.6043197420168838,2.335793681527244,0.26852606048963956,-0.0018211504107996657,0.006333147498305054,-0.02057276869414948,0.040776044031262115,0,AAPL
2025-07-25,213.03485107421875,214.3894775978428,212.5567368669443,213.8516029142824,40268800,210.9391616821289,204.59253631591798,211.04271703324198,208.44349924805007,65.03444783830739,2.599217785191911,2.3884785022601775,0.21073928293173338,0.0005614314509685414,0.005907648403390459,-0.1250211852437716,0.041264040762780896,0,AAPL
2025-07-28,213.2041778564453,214.001019671446,212.2180844005514,213.18425263148455,37858000,211.48001556396486,204.62680053710938,211.37524946758094,208.7961421079312,65.32624942756128,2.579107359649754,2.426604273738093,0.15250308591166117,0.0007948313685424147,0.0036567584036110096,-0.059867689129052715,0.041917174567660975,0,AAPL
2025-07-29,210.4351501464844,213.96115480223384,209.9869314052821,213.3336394454552,51411700,211.69515991210938,204.62321502685546,211.23061880279687,208.917550110787,50.43829837345138,2.313068692009864,2.4038971573924472,-0.09082846538258327,-0.01298768034379394,0.0061381252294734805,0.3580141581700036,0.02840310723720263,0,AAPL
2025-07-30,208.2239227294922,211.55072076453237,206.89917652304968,211.06265157316116,45512500,211.5845977783203,204.57918975830077,210.7680501761346,208.86617030476515,39.35352154653113,1.9018798713694594,2.3034937001878495,-0.40161382881839014,-0.010507880529716518,0.006933318009854364,-0.11474430917475986,0.017815756213999334,1,AAPL
2025-07-31,206.7498016357422,209.01082086651627,206.3414180888908,207.66616446381488,80698400,211.34056701660157,204.55508544921875,210.14985809299733,208.7094022552079,38.788269651051934,1.4404558377894432,2.1308861277081683,-0.6904302899187251,-0.00707949919695372,0.00723945906609498,0.77310409228234,0.010729218399550655,1,AAPL
2025-08-01,201.58029174804688,212.7360314354296,200.7037642416869,210.03673342752197,104434500,210.46404418945312,204.46583984375,208.83146327069724,208.1813199954182,33.279723890846796,0.6501432752790492,1.8347375572223446,-1.1845942819432953,-0.025003699383485234,0.010016771610898399,0.29413346485184344,-0.014112617041106779,1,AAPL
2025-08-04,202.5464630126953,207.0585613783641,200.88304868853191,203.70186769022783,75109300,209.55465393066407,204.4909408569336,207.86454015408157,207.76392318188317,34.95296149678016,0.10061697219839516,1.4879134402175547,-1.3872964680191595,0.004792984751981866,0.009868366881741468,-0.28079992722711367,-0.009508870349414167,1,AAPL
2025-08-05,202.1181488037109,204.52858421879685,201.3611574563388,202.59624780213056,44155100,208.41118927001952,204.52201721191406,206.98047994633225,207.34571767238893,30.45357389828372,-0.3652377260566766,1.1172832069627086,-1.4825209330193851,-0.0021146466969287347,0.008756584962737029,-0.4121220674403836,-0.011753592307435556,1,AAPL
2025-08-06,212.40733337402344,214.52892145014,204.77759854868276,204.8174489981037,108483100,208.32154541015626,204.88019622802733,207.81538047366936,207.7206521688063,55.625188756665835,0.09472830486305384,0.9127722265427777,-0.8180439216797238,0.050906782152972285,0.019936019060737675,1.4568645524526045,0.03673921288916837,1,AAPL
2025-08-07,219.16053771972656,219.9773047383464,215.7241736307253,218.0150880895572,90224800,208.9460678100586,205.27502990722655,209.56078928075507,208.5680510985041,62.88957024279292,0.9927381822509744,0.9287654176844171,0.06397276456655732,0.03179364967503995,0.02233098588135104,-0.16830547799611184,0.06764343339165757,1,AAPL
2025-08-08,228.4437255859375,230.08719950298996,218.38362983130105,219.95738825778145,113854000,210.48695526123046,205.85134399414062,212.46585640462928,210.04032328275844,69.91734813728546,2.425533121870842,1.2281189585217023,1.1974141633491397,0.04235793525056386,0.025488115783383062,0.26189251735664687,0.1097509550019744,1,AAPL
2025-08-11,226.53909301757807,228.91238364576836,224.12592192869852,227.27701087414155,61806100,211.82044677734376,206.39892822265625,214.63096972969834,211.26245437422656,65.39575596893738,3.3685153554717715,1.6561982379117162,1.7123171175600553,-0.008337425610942972,0.02590706084431255,-0.45714599399230593,0.09757882450433697,1,AAPL
2025-08-12,229.0021209716797,230.14888579943397,226.429412881848,227.36674823663387,55626200,213.6771438598633,206.97784393310548,216.84191607461855,212.5765037518157,67.6827291718014,4.2654123228028595,2.178041054889945,2.0873712679129146,0.010872419065924843,0.02500806235535199,-0.09998851246074414,0.10640886299739583,1,AAPL
2025-08-13,232.6717529296875,234.3370398551092,229.77992501054072,230.4181341091737,69878500,216.1219268798828,207.6132196044922,219.277275590783,214.06504072795437,70.72204289992527,5.2122348628286375,2.784879816477684,2.4273550463509537,0.01602444528652036,0.02412772806535202,0.2562155962478112,0.12069815868629341,0,AAPL
2025-08-14,232.1233062744141,234.4567012802976,230.19875827485632,233.39969406647396,51916300,218.65927734375,208.20635009765624,221.25358800364933,215.40269002769213,69.84287566496846,5.850897975957196,3.398083448373586,2.4528145275836097,-0.0023571690519696986,0.02376893865792484,-0.25704902080038927,0.11487140601398527,0,AAPL
2025-08-15,230.93667602539065,233.61908991261305,228.6930233233153,233.33988101583648,56038700,221.59491577148438,208.78471252441406,222.74329385314797,216.55335565715126,68.05153458322704,6.189938195996717,3.9564543978982125,2.2334837980985047,-0.005112068529734892,0.021010260058154474,0.07940473415863614,0.10609954739088612,0,AAPL
2025-08-18,230.23863220214844,232.46233685580373,229.46083388892836,231.0463446646661,37476200,224.3641326904297,209.3927407836914,223.89642282991727,217.56707984566955,71.04723298768168,6.329342984247717,4.431032115168113,1.8983108690796033,-0.0030226633346254195,0.021525021754048333,-0.33124430081354495,0.09955403105397731,0,AAPL
2025-08-19,229.9095764160156,232.21305735738468,228.7029984066048,230.6275464777077,39402600,227.14327545166014,209.92864837646485,224.8215233816247,218.48133885088038,74.00812145902447,6.340184530744324,4.812862598283356,1.5273219324609677,-0.0014291944969684334,0.021472210837794485,0.051403290621781395,0.09517961552212229,0,AAPL
2025-08-20,225.3723907470703,229.81981519856652,225.1330775565405,229.33119207499823,42263900,228.43978118896484,210.42301696777344,224.90627220707788,218.99178713948703,69.30753279330136,5.914485067590846,5.033187092144854,0.8812979754459915,-0.019734652812962272,0.019174886017691784,0.07261703542405828,0.07104438475752106,1,AAPL
2025-08-21,224.26551818847656,225.88095827873423,223.14868274098328,225.6316635652229,30621200,228.95027923583984,210.87094421386718,224.8076946657546,219.3824338838566,75.68317782680114,5.425260781898004,5.111601830095484,0.3136589518025197,-0.004911305040181113,0.01711351608665391,-0.2754762338544242,0.06352024469063178,1,AAPL
2025-08-22,227.11746215820312,228.44371192910324,224.77410085849388,225.53195134940427,42477800,228.8176528930664,211.45340301513673,225.16304351074666,219.9553989412156,76.67897879678216,5.207644569531055,5.130810377982598,0.07683419154845694,0.01271681885277487,0.010851877762429492,0.38720233041161034,0.07407806599331535,1,AAPL
2025-08-25,226.5191650390625,228.65312729963856,225.59178073979157,225.8410754675025,30983100,228.81566009521484,212.01552947998047,225.37167759202603,220.4416038373524,76.39697315742224,4.930073754673629,5.090663053320805,-0.1605892986471762,-0.0026343069945183872,0.010541338820320637,-0.2706048806670779,0.06840836421112972,1,AAPL
2025-08-26,228.6630859375,228.84258604761436,224.05612439304167,226.22996704217397,54575100,228.78175659179686,212.67531707763672,225.87804810671435,221.0506025114374,71.347530861971,4.8274455952769415,5.038019561712033,-0.2105739664350912,0.00946463359101557,0.010388915654283376,0.7614473696950919,0.07517453872668711,1,AAPL
2025-08-27,229.8397674560547,230.24859923631865,227.6160475796746,227.965066276898,31259500,228.4985580444336,213.31939392089845,226.48754339122826,221.70165176659424,66.4308184959807,4.785891624634019,4.98759397429643,-0.20170234966241107,0.005145918125483151,0.008988039424732946,-0.42722047233994986,0.07744431123445916,1,AAPL
2025-08-28,231.90391540527344,232.7515235304584,228.692998228932,230.16883391080088,38074700,228.47661895751952,214.06013397216796,227.32083139338906,222.45737499908898,56.84413090731731,4.863456394300073,4.962766458297159,-0.09931006399708586,0.00898081290311703,0.009523263104726891,0.21802012188294762,0.0833587324364915,1,AAPL
2025-08-29,231.485107421875,232.7216147258446,230.71727541448905,231.85405874294375,39418400,228.53146209716797,214.77377227783202,227.96148924392534,223.12609591929535,60.39397721253051,4.83539332462999,4.937291831563725,-0.10189850693373437,-0.001805954775134011,0.009384517220448611,0.03529115134196714,0.07780901255682715,1,AAPL
2025-09-02,229.07192993164065,230.19874691737337,226.3296880547272,228.60325464814517,44075600,228.4147918701172,215.35109619140624,228.13232627280462,223.56652806835797,50.14701052884594,4.565798204446651,4.86299310614031,-0.2971949016936595,-0.010424763463665943,0.009948665363184206,0.11814787003023963,0.06371378638369785,1,AAPL
2025-09-03,237.7972412109375,238.1761740423919,233.69883553511272,236.54080133953735,66427800,229.20355834960938,216.09296569824218,229.61923626328658,224.62065496780832,58.8988735468967,4.99858129547826,4.890110744007901,0.10847055147035967,0.038089831791702444,0.015705664962100543,0.5071331984136347,0.10043952815661639,0,AAPL
2025-09-04,239.10354614257807,239.2232027368954,236.0721290991865,237.77729643117493,47549400,230.57667388916016,216.8848663330078,231.07836086010064,225.693461721495,61.808346588318884,5.384899138605647,4.98906842292745,0.39583071567819683,0.005493356125531479,0.013420797838373829,-0.28419426806246784,0.10244458354902197,0,AAPL
2025-09-05,239.0138092041016,240.63921565449172,237.8171975861315,239.3229322237051,54870400,232.05150299072267,217.64987182617188,232.29919906687002,226.680154127614,64.1905806647398,5.619044939256014,5.115063726193163,0.5039812130628514,-0.00037530576155886397,0.013083010115797185,0.1539661909508847,0.09815736255058405,0,AAPL
2025-09-08,237.20892333984372,239.47250850410185,235.6732593017711,238.62491556233425,48999500,233.0606491088867,218.38993560791016,233.05454126271212,227.46006295814954,61.78754878954451,5.594478304562585,5.210946641867047,0.38353166269553807,-0.007551387387481956,0.013567872422281732,-0.10699575727532518,0.08617149723291528,0,AAPL
2025-09-09,233.6888885498047,238.10638391026916,232.70167593051625,236.33140663047269,66313900,233.77762145996093,219.05800506591797,233.15213315303407,227.9214574464203,55.76865477321189,5.230675706613766,5.2148924548163915,0.01578325179737483,-0.014839386058828619,0.01477044747821942,0.3533587077419158,0.06678999692106236,1,AAPL
2025-09-10,226.1501922607422,231.76431424305807,225.31256565050364,231.53496736029476,83440800,233.52633209228514,219.49382385253907,232.07491147729687,227.79025261785156,51.08756598065279,4.284658859445301,5.028845735742174,-0.7441868762968733,-0.03225954103271722,0.018284848453369598,0.2582701364269029,0.03032599410485015,1,AAPL
2025-09-11,229.3810577392578,229.7998710451417,226.010588238333,226.23995033725743,50208600,233.48046112060547,219.94146942138673,231.66047244067548,227.90809003425204,56.75179482883072,3.752382406423436,4.773553069878427,-1.021170663454991,0.014286370691166894,0.018843619587744487,-0.3982727874133517,0.04291863804813345,1,AAPL
2025-09-12,233.40966796875,233.84841389514688,228.3739115767776,228.5733443098202,55824200,233.63103637695312,220.37765167236327,231.92957944499463,228.31561432569634,58.05464641405862,3.6139651192982853,4.541635479762399,-0.9276703604641137,0.01756295951024689,0.0194846721194863,0.11184538107017516,0.05913492678359922,1,AAPL
2025-09-15,236.03224182128903,237.5180438551372,234.36695488957943,236.33139853346725,42699500,234.08574981689452,220.84417358398437,232.56075827211686,228.88721636240692,61.5776621051713,3.6735419097099395,4.368016765751907,-0.6944748560419676,0.011235926409398633,0.01972455035088027,-0.23510771314232892,0.06877278214237714,1,AAPL
2025-09-16,237.4781494140625,240.53949594661788,235.65332541334,236.51088466190768,63421100,234.9263717651367,221.41132934570314,233.31727998626235,229.52358177364067,60.9135836053682,3.7936982126216776,4.253153055125861,-0.4594548425041838,0.006125890181851723,0.019243310085418738,0.48528905490696617,0.07256548305743316,1,AAPL
2025-09-17,238.3157958984375,239.42266510979977,237.05934071942244,238.2958480596019,46508000,234.9782272338867,221.99404266357422,234.0862824342893,230.17485689399598,60.582678383433695,3.9114255402933225,4.184807552159354,-0.2733820118660315,0.003527257082143187,0.01504057752306547,-0.2666793858826163,0.07352338395674174,1,AAPL
2025-09-18,237.20892333984372,240.51954939992544,235.98238232851827,239.29302360434255,44249600,234.78876495361328,222.5321078491211,234.56668872745152,230.69589885294766,56.78573171231552,3.8707898745038563,4.122004016628255,-0.2512141421243985,-0.004644562289381371,0.01499477214479026,-0.04855938763223533,0.06595369824418174,1,AAPL
2025-09-19,244.80740356445312,245.60514967420656,239.5323342314529,240.54944568604057,163741300,235.36812438964844,223.1968423461914,236.14218331775947,231.74119549824437,64.39653568983465,4.400987819515109,4.177800777205626,0.22318704230948327,0.032032859968438965,0.018225294736541553,2.7004018115417994,0.09682288060662825,1,AAPL
2025-09-22,255.3575592041016,255.9160073848096,247.42002368458668,247.5995237986898,105517400,237.18298797607423,224.09748138427733,239.09839499258135,233.49055577275232,74.1568848850264,5.607839219829032,4.463808465730307,1.1440307540987247,0.043095737653501276,0.021794742451339087,-0.35558469366006007,0.1394932135190765,0,AAPL
2025-09-23,253.7122344970703,256.6140289111009,252.86464151383095,255.15815615601056,60275200,239.1853225708008,225.01581329345703,241.34667799327195,234.98845790047957,66.814183687386,6.358220092792379,4.842690791142722,1.5155293016496572,-0.00644321911659651,0.020980218660920848,-0.4287653031632698,0.12753068677083812,1,AAPL
2025-09-24,251.59820556640625,255.018537102084,250.33178410429736,254.49999981420797,42303700,241.7301239013672,225.88210327148437,242.92383608144644,236.2188095794371,62.979085737255225,6.705026502009332,5.2151579333160445,1.4898685686932875,-0.008332388601025364,0.016761606182942524,-0.29815745115735826,0.11384745370470584,1,AAPL
2025-09-25,256.1453552246094,256.44452717224715,250.9999233421493,252.4956917858775,55202100,244.40655364990235,226.8184194946289,244.95791594962535,237.694849997598,66.28745445899293,7.263065952027347,5.624739537058305,1.6383264149690415,0.018073060767529903,0.016890277624760683,0.30490004420417116,0.12929697594808842,1,AAPL
2025-09-26,254.73931884765625,256.87328100426123,253.06405044687503,253.38315498635407,46076300,246.53951873779297,227.72940368652343,246.46274716470703,238.95740324575047,66.79401721395828,7.505343918956555,6.000860413437955,1.5044835055185999,-0.005489212856193304,0.017491306561327795,-0.1653161745658227,0.11860530403141434,1,AAPL
2025-09-29,253.7122344970703,254.28063380560437,252.2962422052969,253.8418726304012,40127700,248.3075180053711,228.59673797607422,247.57805290814753,240.0503537088112,70.14444128553538,7.527699199336325,6.30622817061763,1.2214710287186952,-0.0040319034973952395,0.01792742443426807,-0.12910324830769837,0.10986813172996701,1,AAPL
2025-09-30,253.9116668701172,255.1980209495745,252.39595068950493,254.1410137555297,37704300,249.95086975097655,229.44216400146485,248.55245505614286,241.0771176466857,82.76837135047663,7.475337409457154,6.540050018385536,0.9352873910716184,0.0007860573749713939,0.018048422716225358,-0.06039219790817818,0.10664780370750049,1,AAPL
2025-10-01,254.72933959960935,258.0599285933123,254.21080232618837,254.32049261064776,48713900,251.59222412109375,230.2656948852539,249.50274498590693,242.08839334690228,81.72741041228578,7.41435163900465,6.714910342509359,0.6994412964952907,0.0032203038937570483,0.018054975423386826,0.2919985253671331,0.1062409436479288,1,AAPL
2025-10-02,256.40460205078125,257.4516276685696,253.43299812845933,255.85613542550084,42630200,253.5117919921875,231.1277114868164,250.56456914973373,243.1488532508933,80.58355278325266,7.415715898840432,6.855071453775574,0.5606444450648578,0.006576637201686886,0.017605936427761943,-0.12488632607941474,0.10936330568654751,0,AAPL
2025-10-03,257.2920837402344,258.5086431914624,253.23357360959045,253.9515436206674,49155600,254.76026000976563,232.01524688720704,251.59957139442614,244.19649995380743,79.64404633993247,7.403071440618703,6.9646714511442,0.43839998947450276,0.0034612549164674267,0.015449498547084365,0.15306988942111466,0.10894472321172732,0,AAPL
2025-10-06,255.96585083007807,258.3391414491699,254.33047806472084,257.2621712100349,44664100,254.8210891723633,232.87386688232422,252.27130669221876,245.06830372242007,75.86498401917507,7.203002969798689,7.012337754875099,0.19066521492359012,-0.005154581092729149,0.008000323834937218,-0.09137310906590501,0.09916090739122163,0,AAPL
2025-10-07,255.7564697265625,256.67385732493904,254.7094135633123,256.08552539236376,31955800,255.0255126953125,233.72491271972658,252.80748562057934,245.86001972272692,74.83676719072676,6.947465897852425,6.999363383470564,-0.05189748561813978,-0.00081800405341792,0.0076669348647629395,-0.28453052899308395,0.09426276707291059,0,AAPL
2025-10-08,257.3319702148437,257.7906639625656,255.3874592951906,255.7963062732735,36496900,255.59888916015626,234.66284912109376,253.5035601735431,246.70979383325408,78.27921019676455,6.793766340289011,6.958243974834254,-0.16447763454524278,0.006160158880694544,0.007090841391187059,0.1421056584407212,0.09660293982901358,0,AAPL
2025-10-09,253.32330322265625,257.2721380835156,252.42584836214985,257.08267167133846,38322000,255.31668395996093,235.56483673095704,253.47582833494513,247.19968341765423,63.31049799232804,6.276144917290907,6.8218241633255845,-0.5456792460346778,-0.015577803989300865,0.0067383924011444035,0.05000698689477745,0.07538674590886196,0,AAPL
2025-10-10,244.57806396484372,255.6567217403356,243.3116425485481,254.2207817432353,61999100,254.30055847167964,236.32140197753907,252.10694150877566,247.0054893841127,32.143985530067795,5.101452124662956,6.477749755593059,-1.3762976309301038,-0.03452204809648318,0.01257379408286503,0.6178461458170241,0.03493827439331709,1,AAPL
2025-10-13,246.96131896972656,248.98559082884384,244.86723728717817,248.6764678182016,38142900,253.62546691894528,237.22902252197267,251.31530727199888,247.00221750156558,39.084110194164204,4.313089770433294,6.0448177585611065,-1.7317279881278127,0.009744353055413102,0.01330227488951306,-0.3847830049145875,0.04102489798377218,1,AAPL
2025-10-14,247.07101440429688,248.1479694164288,244.00966795095763,245.90431694508948,35478000,252.94140167236324,238.11951354980468,250.66233913850627,247.00731356843457,42.17238926622117,3.6550255700717003,5.566859320863226,-1.9118337507915255,0.0004441806313149055,0.01329300635762327,-0.06986621363346779,0.03759247077673833,1,AAPL
2025-10-15,248.63658142089844,251.1095960297993,246.7718617608356,248.78616738422892,33893600,252.33212585449215,239.04988220214844,250.35068410502814,247.12800007602448,35.52470179876745,3.222684029003659,5.098024262491313,-1.8753402334876537,0.006336506208048043,0.013481017292130444,-0.04465866170584587,0.04010334215786471,1,AAPL
2025-10-16,246.75192260742188,248.33743345063007,244.4384754074267,247.54966879270205,39777000,251.3668579101562,239.73677398681642,249.7970284900118,247.10014248575763,34.88102073660043,2.696886004254168,4.617796610843884,-1.9209106065897164,-0.007579973963228515,0.013181189484751709,0.1735843935138197,0.029261879618815767,1,AAPL
2025-10-17,251.5782623291016,252.66519891282977,246.57243512001992,247.32031930793076,49147000,250.79547576904298,240.3851284790039,250.07106446525637,247.43185506674607,46.468615696949236,2.639209398510303,4.222079168377168,-1.582869769866865,0.019559481728368633,0.015015279023825899,0.23556326520350956,0.04656333742823593,1,AAPL
2025-10-20,261.5001525878906,263.6341297765207,254.90881548292631,255.16807648712648,90483000,251.34890594482422,241.04625701904297,251.8293857148924,248.47395117942347,59.50060768707919,3.3554345354689303,4.048750241795521,-0.6933157063265902,0.039438583313727404,0.0198607156766588,0.8410686308421673,0.08485464915238983,1,AAPL
2025-10-21,262.0286865234375,264.5415968076956,261.0913359303388,261.141213133835,46695900,251.97612762451172,241.75604888916016,253.39850891620702,249.47800564935045,59.20525779417112,3.9205032668565707,4.023100846807731,-0.10259757995116026,0.002021161098058055,0.019831167011364573,-0.48392626239183056,0.0838557617376181,1,AAPL
2025-10-22,257.72088623046875,262.1084670888602,254.70938662410157,261.9090191460537,45015300,252.01501922607423,242.33042419433593,254.06349004147808,250.08858939609996,51.556618515863924,3.9749006453781135,4.013460806521808,-0.038560161143694316,-0.01644018580608131,0.02065151121762382,-0.03599031178326151,0.06351023437234815,1,AAPL
2025-10-23,258.84771728515625,259.88479198943105,257.2821693476752,259.20671755765045,32754900,252.5674606323242,242.8539434814453,254.79952500204394,250.73741368417822,51.829313807255105,4.062111317865714,4.023190908790589,0.03892040907512495,0.004372292332100125,0.0198923484139181,-0.2723607306849005,0.06585758326355085,1,AAPL
2025-10-24,262.0785522460937,263.3848541030092,258.44880663072195,260.4531458541269,38253700,254.31750946044923,243.4530484008789,255.91937534728234,251.57749802209787,56.879923775084315,4.34187732518447,4.086928192069365,0.2549491331151046,0.012481604994716733,0.01521949800027871,0.16787717257570622,0.07650552731853799,1,AAPL
2025-10-27,268.0516357421875,268.3607587413759,263.9033682058253,264.13273028939324,44888200,256.4265411376953,244.19534759521486,257.78587694649855,252.79780451988228,62.24913456937037,4.98807242661627,4.2671570389787465,0.7209153876375236,0.022791195406501874,0.016015687076907544,0.17343420375022545,0.09769345887177794,1,AAPL
2025-10-28,268.2410888671875,269.12859257872884,267.39348082722177,268.2311073414233,41534800,258.5435485839844,244.95539672851564,259.394371088143,253.94175150857157,61.176952097347446,5.4526195795714045,4.504249547097278,0.9483700324741262,0.0007067784700340862,0.016001506872342915,-0.07470560191765319,0.09506094762418904,1,AAPL
2025-10-29,268.93914794921875,270.6443152614699,266.35642794866993,268.5203194424725,51086700,260.5738052368164,245.7359881591797,260.86279829753926,255.05266976343432,67.16357284070043,5.810128534104933,4.7654253444988095,1.0447031896061238,0.0026023570250897077,0.016097483736371654,0.2299734198792338,0.0944231244428424,1,AAPL
2025-10-30,270.63433837890625,273.36662916750566,267.72259312931254,271.2226702585742,69886500,262.96204681396483,246.64122711181642,262.3661121562111,256.20686743865446,83.89108484083958,6.159244717556646,5.044189219110377,1.115055498446269,0.006303249053230431,0.015177320488997156,0.36799793292579097,0.09727940275050773,0,AAPL
2025-10-31,269.60723876953125,276.53764389728985,268.4006608909581,276.2085578376442,86167100,264.7649444580078,247.5480615234375,263.4801316351834,257.1994875372379,80.53242155114066,6.280644097945469,5.291480194877396,0.9891639030680732,-0.0037951562818203666,0.015234278122796508,0.2329577243101315,0.08911068464983818,0,AAPL
2025-11-03,268.2909851074219,270.08592548154905,265.4988962118729,269.6571458353552,50194600,265.44402770996095,248.37153198242189,264.2202629386047,258.02107994984414,77.70839194446016,6.199182988760583,5.473020753654033,0.7261622351065498,-0.004882115436205092,0.010464283505441058,-0.41747372256928683,0.08020022651553216,1,AAPL
2025-11-04,269.2781982421875,270.7240893859628,266.8650119182292,267.5730004152706,49274800,266.1689788818359,249.22671264648437,264.9984068314636,258.8549405640918,77.36653753173584,6.143466267371821,5.6071098563975905,0.5363564109742303,0.0036796358788213634,0.010466948541639523,-0.01832468034410073,0.08045480110370495,1,AAPL
2025-11-05,269.3778991699219,270.93349568379296,266.17693326929896,267.8521863717013,43683100,267.3346801757813,250.04100891113282,265.6721748835341,259.6344189793385,81.48769470431446,6.037755904195649,5.6932390659572025,0.34451683823844625,0.00037025250608935245,0.0081245805288421,-0.11347991265312085,0.07733487535903194,1,AAPL
2025-11-06,269.0089416503906,272.6287059365568,267.1342708755924,267.1342708755924,51204000,268.3508026123047,250.82439239501954,266.18552361689666,260.3288280660831,77.69332700437386,5.856695550813583,5.725930362928479,0.13076518788510416,-0.0013696651457605347,0.008331960780767866,0.1721695575634512,0.07249912610864628,1,AAPL
2025-11-07,267.7126159667969,271.5218466038475,266.0173996929098,269.03885049148494,48227400,268.914208984375,251.54056640625,266.42046090149665,260.8757753179878,63.59678651769446,5.544685583508851,5.689681407044554,-0.1449958235357025,-0.004818894404181151,0.00814351495558672,-0.05813217717365826,0.06429201377573524,1,AAPL
2025-11-10,268.9303283691406,273.2223721938244,266.9639805623884,268.46119877683986,41312400,269.0020782470703,252.2894708251953,266.8065943580573,261.47240887733244,64.66280850489963,5.334185480724841,5.618582221780612,-0.2843967410557706,0.004548580566314353,0.003994248777361124,-0.14338322198584208,0.06595938185416905,0,AAPL
2025-11-11,274.73956298828125,275.3983427074405,269.2996575494418,269.3096487524697,46208300,269.6519256591797,253.20282348632813,268.0270510703994,262.455161033699,83.98847848187054,5.571890036700381,5.6092437847645655,-0.037353748064184344,0.021601262506795837,0.007832019511810345,0.11850921273031823,0.08505726439150862,0,AAPL
2025-11-12,272.962890625,275.2187095291286,271.19618380015726,274.49005224267427,48398000,270.05429992675784,253.90613647460938,268.78641100187644,263.2335113737954,77.47661796994554,5.552899628081036,5.59797495342786,-0.0450753253468239,-0.006466751071293797,0.008319005298286221,0.047387590541093205,0.07505432682717483,0,AAPL
2025-11-13,272.4438171386719,276.1868626363035,271.58539619817094,273.6016390736082,49602800,270.23524780273436,254.57294189453125,269.3490888690758,263.91575624526774,72.55865666506828,5.433332623808042,5.5650464875038965,-0.1317138636958548,-0.001901626573266424,0.008198239140272243,0.02489359064424157,0.07019942933112056,0,AAPL
2025-11-14,271.90484619140625,275.4482508823214,269.1000594959977,270.5473523374902,47431300,270.4650085449219,255.23076263427734,269.7422823032805,264.50754068572246,60.98411825704483,5.234741617558029,5.498985513514723,-0.2642438959566942,-0.001978282909578022,0.008107262311617113,-0.043777770609723654,0.06532944299124854,0,AAPL
2025-11-17,266.9639892578125,269.98836893107386,265.237217022597,268.3214829895084,45018300,270.3323089599609,255.82586395263672,269.3148526039777,264.6894998392106,47.13543306655423,4.625352764767115,5.324258963765202,-0.6989061989980874,-0.01817127205638569,0.010019932109560052,-0.05087357926095215,0.04353791728907397,1,AAPL
2025-11-18,266.94403076171875,270.2079555294705,264.8279672087311,269.48928956232544,45677300,270.09889221191406,256.490966796875,268.9501107820917,264.8565021297668,45.38449808111016,4.093608652324917,5.078128901477146,-0.9845202491522285,-7.47610048428271e-05,0.009917793443355152,0.01463849145791829,0.04075412126744382,1,AAPL
2025-11-19,268.0619812011719,271.7052065666708,265.0076580872151,265.0376012369211,40424500,269.96730041503906,257.3292025756836,268.8134754619502,265.09394502394497,43.88581575408345,3.719530438005222,4.806409208782761,-1.0868787707775391,0.004187958188325291,0.010041667601208648,-0.11499804060222474,0.041708358468688145,1,AAPL
2025-11-20,265.7562561035156,274.91922505965954,265.4268814706152,270.327749378444,45823600,269.64203186035155,258.05670654296875,268.343134022191,265.1430051039132,41.371161302233986,3.2001289182778123,4.4851531506817715,-1.2850242324039591,-0.008601462569680418,0.01037072938311457,0.13356009350764997,0.02983665746840347,1,AAPL
2025-11-21,270.98651123046875,272.8230952896135,265.17732758833057,265.4568071090486,59030800,269.96942138671875,258.8082434082031,268.74980743884913,265.575857409584,55.13852318726083,3.173950029265143,4.222912526398446,-1.048962497133303,0.019680647235321702,0.0121530027433538,0.2882182979949197,0.047055177462247855,1,AAPL
2025-11-24,275.4083557128906,276.48633959077114,270.397645153795,270.397645153795,65585800,270.6172241210937,259.5957656860352,269.77419948100936,266.3041906172363,60.33292009814764,3.470008863773046,4.072331793873365,-0.6023229301003195,0.016317581500066458,0.013041797771552444,0.11104372632591808,0.06091235727619604,1,AAPL
2025-11-25,276.45635986328125,279.8600396675645,274.7395483878858,274.75950033189645,46914200,270.7889038085938,260.37532989501955,270.802224155205,267.0562031539804,61.56175136753935,3.7460210012246193,4.007069635343616,-0.26104863411899704,0.0038052736187974556,0.011227568451836036,-0.2846896736793635,0.06176095859291042,1,AAPL
2025-11-26,277.0353088378906,279.0116481613461,276.11703191175064,276.4464065684995,33431400,271.19614562988284,261.1497201538086,271.76116026023357,267.79539616760337,63.02071369163135,3.965764092630195,3.998808526800932,-0.03304443417073699,0.002094178534708613,0.010944933652853435,-0.2873927297065707,0.060829430239197624,1,AAPL
2025-11-28,278.3328857421875,278.4826014787427,275.4781737009374,276.7458380127342,20135600,271.78505249023436,261.97219940185545,272.7721949497649,268.5759509509059,67.22795323965025,4.196243998859018,4.03829562121255,0.15794837764646807,0.0046837961187689015,0.01091319815001042,-0.3977039549644945,0.06245199443943816,0,AAPL
2025-12-01,282.57501220703125,282.89442609469603,275.6279276857388,277.4944549964911,46587700,272.85206909179686,262.72755157470704,274.2803206816521,269.61291845135963,70.15629719458482,4.667402230292453,4.164116943028531,0.503285287263922,0.01524119743713337,0.011523111161467895,1.3136981267009675,0.07554388762565911,0,AAPL
2025-12-02,285.6592712402344,286.86701880065203,282.10587559562896,282.47518456741903,53669500,274.7215972900391,263.3335858154297,276.0309284598955,270.80153717646147,67.54326528491008,5.22939128343404,4.3771718111096325,0.8522194723244079,0.010914832876105063,0.008638135689045624,0.1520100799137969,0.08478100260425103,0,AAPL
2025-12-03,283.623046875,288.0847586222564,282.77461708045536,285.6692634925469,43538700,276.3894989013672,263.93180206298825,277.1989466776039,271.75127863561244,66.98462926837807,5.447668041991449,4.591271057285995,0.8563969847054533,-0.007128157809805358,0.009508267131214245,-0.18876270507457682,0.07460732150539551,0,AAPL
2025-12-04,280.179443359375,284.20196835267484,278.0733405949076,283.5731318378766,43989100,277.6012451171875,264.50342681884763,277.6574846286456,272.3755871336689,61.27435064213018,5.281897494976704,4.729396344824137,0.5525011501525672,-0.012141479874668626,0.011139192730140846,0.010344819666181948,0.05926583533930363,0,AAPL
2025-12-05,278.26300048828125,280.6186397013617,277.5343433093784,280.01974631085085,47265800,278.85191955566404,264.9457797241211,277.75064091474337,272.8116918266031,58.909026534141354,4.938949088140248,4.77130689348736,0.16764219465288832,-0.006840055245008081,0.010921029002932282,0.07448890747935288,0.0502639475066442,0,AAPL
2025-12-08,277.3746643066406,279.15136205700173,275.6378704438954,277.6142094762677,38211800,279.49073486328126,265.39848663330076,277.6927983596506,273.1496897880874,66.4563098834242,4.543108571563209,4.7256672291025295,-0.1825586575393201,-0.003192433705098474,0.009759725628347059,-0.19155499325093406,0.04512526738664957,0,AAPL
2025-12-09,276.6659851074219,279.5107061083118,276.4064879695729,277.6441787437343,32193300,279.6164978027344,265.8575616455078,277.534827090077,273.4101561080381,65.04016293679024,4.124670982038879,4.6054679796897995,-0.48079699765092077,-0.0025549528865235205,0.008508686193590145,-0.15750370304460926,0.04065494092030342,0,AAPL
2025-12-10,278.26300048828125,279.2312028389952,275.92734368017386,277.23491184461454,33038300,279.7971618652344,266.3445883178711,277.6468537667238,273.7696260621302,65.55078859539674,3.8772277045935652,4.459819924670553,-0.5825922200769877,0.005772358970110858,0.008615954222671472,0.026247697502275402,0.044748092107604664,0,AAPL
2025-12-11,277.514404296875,279.07150890817053,273.3022288840155,278.5824273392719,33248000,279.84507141113284,266.8002896118164,277.6264769252086,274.0470170424817,68.81790697788003,3.579459882726894,4.283747916281822,-0.7042880335549278,-0.002690246960942222,0.008661721377191872,0.006347178880269366,0.04015780755203524,0,AAPL
2025-12-12,277.763916015625,278.70217518025987,276.30663218031253,277.3846158689452,39532900,279.7881744384766,267.2274758911133,277.6476214006573,274.3223428923441,62.903851830159695,3.325278508313147,4.092054034688087,-0.7667755263749401,0.0008990946591842519,0.008525971814721386,0.18903091915303172,0.03942873048280782,0,AAPL
2025-12-15,273.6016540527344,279.6304615267261,272.33402020742307,279.6304615267261,50409100,278.8908386230469,267.5536672973633,277.0251648855922,274.2689585338545,46.52578577967653,2.75620635173766,3.824884498098002,-1.0686781463603419,-0.014984890847580368,0.007779775411486101,0.2751176867874605,0.022604761192263068,0,AAPL
2025-12-16,274.1007385253906,274.9891026980292,271.2859911871425,272.3140798989353,37648600,277.7349853515625,267.9163650512695,276.57525313786886,274.2564977924868,45.372545211040816,2.318755345382044,3.5236586675548107,-1.2049033221727665,0.0018241281266524467,0.006347105372526092,-0.25313881818957296,0.023083224023801696,0,AAPL
2025-12-17,271.3358764648437,275.6478724530811,271.13626563598973,274.50001118897205,50138700,276.5062683105469,268.22795318603517,275.7691951881727,274.0401554719206,39.68935396356907,1.729039716252089,3.1647348772942667,-1.4356951610421778,-0.010087028861802239,0.006568860230770573,0.33175470004196694,0.01158687318712448,1,AAPL
2025-12-18,271.68524169921875,273.12257373871984,266.4549687260805,273.1025913325419,51630700,275.65684814453124,268.5150186157227,275.1408946514106,273.86571741468344,37.54673618495529,1.2751772367271315,2.78682334918084,-1.5116461124537084,0.001287574790797441,0.006170911148813122,0.029757452825861064,0.011806501922460688,1,AAPL
2025-12-19,273.1625061035156,274.09077415448866,269.399477884542,271.6453053723066,144632000,275.1467987060547,268.9118026733398,274.83652718250363,273.8136276879303,30.32955735461259,1.0228994945733234,2.4340385782593366,-1.4111390836860132,0.005437411303821804,0.006544569295707839,1.8012790839558637,0.015807054163923473,1,AAPL
2025-12-22,270.4674987792969,273.37210596231955,270.00836035897595,272.3539780142796,36571800,274.4560821533203,269.4295913696289,274.16436896662566,273.5657662872908,17.726869596336428,0.5986026793348742,2.066951398474444,-1.4683487191395699,-0.009865948891234266,0.0070219010965657655,-0.7471389457381492,0.00385223985380323,1,AAPL
2025-12-23,271.8549194335937,271.99467443806464,269.06012395403746,270.3377490962612,29642000,273.9749755859375,269.9274633789062,273.8090690384669,273.4390368907206,24.291310655274245,0.37003214774625803,1.7275675483288069,-1.3575354005825488,0.005129713035979089,0.007423762995880873,-0.18948479429505793,0.00714064449226437,0,AAPL
2025-12-24,273.3022155761719,274.9192064044749,271.69521595033444,271.8349404799371,17910600,273.47889709472656,270.45208740234375,273.73109158272916,273.4289019785318,33.54032730465228,0.30218960419733776,1.4424919595025132,-1.1403023553051754,0.005323781322749577,0.007374600707738202,-0.3957695162269752,0.01053838482521341,0,AAPL
2025-12-26,272.8930053710937,274.8593534534055,272.35399820928086,273.65160578690546,21521800,273.0167572021484,270.93721588134764,273.6021552424776,273.3892059335364,36.148318880555166,0.2129493089411767,1.196583429390246,-0.9836341204490693,-0.0014972809650133367,0.007367753514122837,0.20162361953256736,0.007218607762628615,0,AAPL
2025-12-29,273.2523498535156,273.8512128461511,271.8449608988494,272.1843267483383,23715200,272.5656005859375,271.4672244262695,273.54833902879113,273.37906844612746,39.06833182808452,0.16927058266367112,0.991120860044931,-0.8218502773812599,0.0013167962364344366,0.007384995821760367,0.10191526731035516,0.0065758414520162844,0,AAPL
2025-12-30,272.57354736328125,273.57169281796894,271.77504318392386,272.30405905646904,22139600,272.46278991699216,271.88713012695314,273.3983710802512,273.3194002177685,39.13033610598222,0.0789708624827199,0.808690860532489,-0.7297199980497691,-0.0024841597541549465,0.005745843483829658,-0.06643840237484822,0.0025246404123930866,0,AAPL
2025-12-31,271.3558349609375,273.17246717497864,271.24605357156486,272.553621806917,27293600,272.18829956054685,272.08424377441406,273.0841347542029,273.1739509394847,31.277070959416548,-0.0898161852817907,0.628989451369633,-0.7188056366514237,-0.004467463604312272,0.005823858906293357,0.23279553379464857,-0.0026771444144354506,0,AAPL
2026-01-02,270.5074462890625,277.3247672708593,268.5011639041959,271.7551282774649,37838100,272.10545654296874,272.2538189697266,272.6877211441813,272.9764320764905,31.108770775053713,-0.2887109323091863,0.44544937463386913,-0.7341603069430555,-0.00312648029845064,0.004969114372128752,0.38633599085499903,-0.006414502052800475,0,AAPL
2026-01-05,266.764404296875,271.00652312062255,265.64648609237463,270.1381413175191,45647200,271.6133728027344,272.4346893310547,271.7764416292111,272.51628187059305,25.045418291386284,-0.7398402413819554,0.20839145143070428,-0.9482316928126596,-0.013837112595369017,0.006499995387833019,0.20638192721093285,-0.02081337383320281,0,AAPL
2026-01-06,261.8734741210937,267.0538524025104,261.63392891626114,266.5048844877732,52352100,270.4844696044922,272.4952044677734,270.2529081664238,271.7279257410005,24.24385398892592,-1.4750175745766683,-0.12829035377077022,-1.346727220805898,-0.018334268354402772,0.007777501390382602,0.1468852415920363,-0.03897951293280799,0,AAPL
2026-01-07,259.84722900390625,263.1910228349833,259.3282042611396,262.7119324450406,48309800,269.4224426269531,272.45057800292966,268.65203444911344,270.84787413084536,20.665624077528705,-2.1958396817319112,-0.5418002193629985,-1.6540394623689127,-0.007737496605900951,0.007632507573431971,-0.0772137125349317,-0.04625921182258563,0,AAPL
2026-01-08,258.55963134765625,258.80916773471864,255.22581364132836,256.5433578451618,50419300,268.09291381835936,272.26073791503904,267.09935704888926,269.9376339246832,22.003562983490767,-2.8382768757939516,-1.0010955506491892,-1.8371813251447624,-0.0049552102640688656,0.006930317135516336,0.04366608845410247,-0.05032347547540372,0,AAPL
2026-01-09,258.8890075683594,259.7274461787287,255.74485516422808,258.5995368285105,39997000,266.65159301757814,272.0736962890625,265.836226359577,269.1192171575481,21.935175554493725,-3.282990797971138,-1.457474600113579,-1.825516197857559,0.0012738888084979916,0.006355816306128355,-0.20671250890036152,-0.048459990438381784,0,AAPL
2026-01-12,259.7673645019531,260.81540508500296,256.32375036738995,258.679389570116,45263800,265.3390289306641,271.8902606201172,264.9025553045579,268.42648733120774,19.829036799155517,-3.5239320266498453,-1.8707660854208323,-1.653165941229013,0.003392793467145605,0.006856549491567618,0.1316798759906994,-0.04458745999402347,0,AAPL
2026-01-13,260.5658874511719,261.3244878277737,257.9108470550362,258.24022168851656,45730800,264.0703826904297,271.6888916015625,264.2353756348062,267.8442206734273,25.6144928930471,-3.608845038621098,-2.2183818760608855,-1.3904631625602124,0.00307399257312313,0.007053156556556612,0.010317295498831314,-0.0409402242573198,0,AAPL
2026-01-14,259.4779052734375,261.334471811998,256.2339322781376,259.0087756526009,40019400,262.7608184814453,271.48630493164063,263.50345711767255,267.22449360676137,19.061807729628214,-3.7210364890888172,-2.518912798666472,-1.2021236904223453,-0.004175458991876879,0.0070137494939962455,-0.12489175785247575,-0.04423206415965186,0,AAPL
2026-01-15,257.7311706542969,260.55593980217856,256.57331808587395,260.16664839115424,39388600,261.3983520507812,271.2751086425781,262.615413046384,266.52128449917143,11.651915630486755,-3.905871452787437,-2.796304529490665,-1.109566923296772,-0.006731727764257678,0.007035135045452223,-0.015762355257699978,-0.04992694706142842,0,AAPL
2026-01-16,255.05612182617188,258.41986733264514,254.4572284259222,257.4217218192236,72142800,259.8532196044922,270.9906671142578,261.45244516635137,265.67201319006034,10.482061794889006,-4.219568023708973,-3.0809572283343267,-1.1386107953746465,-0.010379221191344046,0.0071796428660296265,0.8315654783363715,-0.058801085136144016,0,AAPL
2026-01-20,246.2425079345703,254.31750190322293,242.9685916985444,252.26132447540704,80267500,257.80102996826173,270.5279592895508,259.1124548230004,264.23279057854256,6.4671304291368585,-5.120335755542158,-3.488832933775893,-1.6315028217662646,-0.034555586545020445,0.011458089499205616,0.11261969316411347,-0.08977057831197155,1,AAPL
2026-01-21,247.1907501220703,251.09350304772093,244.72532928784557,248.2388060412761,54641700,256.3327575683594,270.0915954589844,257.2783464074727,262.97041721139647,9.441767089814945,-5.692070803923741,-3.929480507805463,-1.7625902961182782,0.0038508468560267684,0.01136344086232646,-0.31925499112343103,-0.08478918160336368,1,AAPL
2026-01-22,247.8894500732422,250.5345296526772,247.68980878155543,248.737864640942,39708300,255.13697967529296,269.6951321411133,255.8339008175911,261.85330853449614,11.871524377394039,-6.01940771690505,-4.347465949625381,-1.6719417672796695,0.002826561879143208,0.011640069564953838,-0.2732967678531232,-0.08085307990083279,1,AAPL
2026-01-23,247.58001708984372,248.94748685874612,244.22624741136653,246.8613663013417,41689000,254.0390182495117,269.2681259155273,254.5640725517838,260.7960276867441,12.08314912052262,-6.2319551349602875,-4.724363786692362,-1.5075913482679253,-0.0012482700788881695,0.011687770578084237,0.04988125908185448,-0.08054465693606616,1,AAPL
2026-01-26,254.93637084960935,256.0842321951532,249.33677343540955,251.01365072947277,55969200,253.6437545776367,268.8720620727539,254.62134921298772,260.3619790321415,32.527276546903195,-5.7406298191537815,-4.927616993184646,-0.8130128259691354,0.029713035188522863,0.015890287294795736,0.34254119791791604,-0.05183019431514502,1,AAPL
2026-01-27,257.7910461425781,261.4642450011371,257.73115984508394,258.6894015269614,49648300,253.4461227416992,268.5686251831055,255.10899489446317,260.1715395588405,43.5832840070647,-5.062544664377327,-4.954602527423183,-0.10794213695414445,0.011197599163490057,0.016338475268981564,-0.11293532871650835,-0.04012970254131287,1,AAPL
2026-01-28,255.9644470214844,258.3799421919039,254.03801819206552,257.1721946066941,41288000,252.98597869873046,268.2390377807617,255.2406029140049,259.8599030745919,43.85854145005445,-4.619300160586988,-4.887542054055944,0.2682418934689563,-0.007085580156587223,0.01639744112563437,-0.16839045848498335,-0.04575989707102068,1,AAPL
2026-01-29,257.801025390625,259.16847988830324,253.93820707645816,257.52154586161765,67253000,252.81829071044922,267.9569613647461,255.63451406425418,259.7073936165203,48.82058328414748,-4.072879552266102,-4.7246095536979755,0.6517300014318739,0.0071751307281611165,0.01659553286563151,0.6288752179810115,-0.03790137013942607,1,AAPL
2026-01-30,258.99884033203125,261.4143357105436,251.7123589200436,254.6968198516284,92443400,252.94505767822267,267.79765838623047,256.1521027208353,259.6549081880396,50.16626889639771,-3.5028054672043254,-4.480248736399246,0.9774432691949206,0.004646276870277299,0.016512449967176022,0.37456172958827105,-0.03285621729189714,1,AAPL
2026-02-02,269.50927734375,269.98836769074944,258.72928762151224,259.5477742456141,73913400,254.39037322998047,267.8489633178711,258.20705266282215,260.384861458833,61.41789117587936,-2.1778087960108223,-4.019760748321561,1.8419519523107386,0.040581019583889155,0.020195593810310813,-0.20044697620381768,0.006198694985832365,1,AAPL
2026-02-03,268.98028564453125,271.3758289780004,267.11372779647115,268.70080609664296,64394700,256.6641510009766,267.8673294067383,259.8644731215466,261.02155954666244,59.92469809045588,-1.1570864251158355,-3.4472258836804164,2.290139458564581,-0.0019627958800989553,0.014914857185488831,-0.12878179058195127,0.004154878611952739,1,AAPL
2026-02-04,275.97723388671875,278.432693698261,271.7850411492978,271.7850411492978,90545700,259.5427993774414,268.07174896240235,262.34335939311154,262.12938727555553,67.07998989069313,0.2139721175560112,-2.714986283433131,2.928958400989142,0.02601286642781786,0.015695866807790032,0.40610485024388643,0.029490182963759937,0,AAPL
2026-02-05,275.3983459472656,278.98168486317746,272.72332314901723,277.6142303156022,52977400,262.29368896484374,268.1599856567383,264.3518188629814,263.1122731030896,68.74210065577506,1.2395457598918256,-1.9240798747681398,3.163625634659965,-0.002097593092373451,0.016060257815601168,-0.4149098190195669,0.02699269345797517,0,AAPL
2026-02-06,277.6042175292969,280.3890519626743,276.4164219647768,276.6060720438839,50453400,265.2961090087891,268.2039028930664,266.39064942703,264.18575046799384,74.16049620092893,2.204898959036143,-1.0982841080072832,3.303183067043426,0.008009748840153375,0.015554272786629169,-0.04764295718551681,0.03504913438928736,0,AAPL
2026-02-09,274.3672180175781,277.9439398399519,271.4499228389202,277.6541982366954,44623400,267.23919372558595,268.16212005615233,267.61781382557587,264.9399332494445,84.22619080778134,2.677880576131372,-0.3430511711795521,3.0209317473109243,-0.01166048390953256,0.015708382941762737,-0.11555217289617747,0.02313935301572978,0,AAPL
2026-02-10,273.4280700683594,275.11651686144285,272.68876099546605,274.6369782150198,34376900,268.8028961181641,268.08997528076173,268.5116994013887,265.5686841249197,81.93641205162903,2.943015276468998,0.31416211835015795,2.62885315811884,-0.003422959769044165,0.01600175303883972,-0.22962167831227565,0.019911579245017297,0,AAPL
2026-02-11,275.24639892578125,279.92208361183503,274.1973776592452,274.44714753122867,51931300,270.73109130859376,268.0282455444336,269.547807020526,266.28555188794644,82.41569927537411,3.2622551325795826,0.9037807211960429,2.35847441138354,0.006650117732854843,0.015327139278965559,0.5106452297909352,0.0269305698236606,0,AAPL
2026-02-12,261.4891052246094,275.46621856633783,259.94051360693726,275.3363333447182,81077200,271.0998992919922,267.60652740478514,268.30800674423114,265.9302595425141,62.49807362508936,2.3777472017170567,1.1985740173002457,1.179173184416811,-0.04998173910671744,0.023756702926447642,0.5612395607273455,-0.02285976444409543,1,AAPL
2026-02-13,255.5445556640625,261.9886306947134,255.21485759663088,261.7688319830923,56290700,270.7544708251953,267.00423309326175,266.34439888574366,265.16094814411025,50.56071342757996,1.1834507416334077,1.195549362166878,-0.012098620533470328,-0.022733450234726726,0.02492553653812657,-0.30571480021510367,-0.04291945972705424,1,AAPL
2026-02-17,263.6371154785156,266.0449008431299,255.30478047881587,257.8124646511843,58469100,270.16725463867186,266.60451446533204,265.9278937461701,265.0480716503625,54.91505819639912,0.8798220958076399,1.1324039088950304,-0.25258181308739047,0.03166790148756515,0.023382635077302337,0.03869911015496341,-0.011130340357392132,1,AAPL
2026-02-18,264.106689453125,266.57441720150126,262.20844437502524,263.35737977838915,34203300,269.6798950195313,266.283059387207,265.647708470317,264.9783396357523,57.005407295884666,0.6693688345646933,1.039796894028963,-0.3704280594642697,0.0017811375828364895,0.023412394383443346,-0.4150192152778134,-0.008173144544344813,1,AAPL
2026-02-19,260.3401184082031,264.2365527856389,259.81060750150084,262.35827847824623,30845300,268.1161834716797,265.92460174560546,264.8311561530687,264.6347676929709,52.11436116819085,0.19638846009780764,0.8711152072427321,-0.6747267471449244,-0.014261551090285374,0.021527037924756826,-0.09817766121982385,-0.021000250825776057,1,AAPL
2026-02-20,264.3364562988281,264.5063132392292,257.9223826043077,258.73163460792017,42070500,267.00999450683594,265.66383758544924,264.75504848318553,264.61267055266404,54.24682028124201,0.14237793052149073,0.7253677518984838,-0.5829898213769931,0.015350449692731916,0.022526778798711507,0.36391930050931576,-0.004996469593623876,0,AAPL
2026-02-23,265.9349670410156,269.1819753311392,263.13755670993424,263.24744081710827,37308200,265.8430694580078,265.44921722412107,264.9365744151594,264.7106184406901,46.68619288058999,0.2259559744692865,0.6254853964126443,-0.39952942194335783,0.006047257970275721,0.022420177489738003,-0.1131980841682414,0.0018299161774677497,0,AAPL
2026-02-24,271.8895263671875,274.6369951599546,267.46358073991865,267.61343657617186,47014600,265.5953002929688,265.3217477416992,266.00625933085604,265.2423893982084,52.45066535320121,0.7638699326476512,0.6531623036596457,0.11070762898800557,0.02239103564464129,0.02368700711897829,0.26016800596115597,0.02475401538468036,0,AAPL
2026-02-25,273.97760009765625,274.6869380517792,270.8005039088116,271.5298429675081,33714300,265.65025329589844,265.25101165771486,267.2326194488253,265.8894420426119,48.16369677511928,1.3431774062133854,0.7911653241703936,0.5520120820429918,0.007679860855135612,0.0238025791612564,-0.2828972276697026,0.03289935968727753,0,AAPL
2026-02-26,272.6987609863281,275.8558253670768,270.55071567552415,274.6969199809464,32345100,265.39548950195314,265.1497085571289,268.0735643007488,266.39383603844277,47.5523833134853,1.6797282623060141,0.9688779117975177,0.7108503505084964,-0.0046676776162442035,0.02374449858629951,-0.040611847198369855,0.028470906003551955,0,AAPL
2026-02-27,263.93682861328125,272.5588900215503,262.6480379442022,272.5588900215503,72366500,265.6402618408203,264.95641204833987,267.4371434257538,266.21183548843084,38.924908489222716,1.2253079373229525,1.0201639169026047,0.20514402042034785,-0.03213044438249635,0.020001532123917927,1.237324973489029,-0.0038481176098980052,0,AAPL
2026-03-02,264.476318359375,266.2846497598317,259.960490133898,262.16844722421786,41827900,266.53343811035154,264.76392364501953,266.98163187708013,266.08327866405637,41.61870099886165,0.8983532130237677,0.9958017761268373,-0.0974485631030696,0.0020440108677830526,0.018170183380879938,-0.4219991294314358,-0.0010862706734552363,0,AAPL
2026-03-03,263.5072326660156,265.3155642216452,259.8905695547566,263.23749216234586,38568900,266.52044982910155,264.60735076904297,266.44710892153176,265.89246044197927,41.59759563542075,0.5546484795524975,0.9075711168119693,-0.3529226372594718,-0.003664168116717992,0.015314600747041754,-0.07791450204289485,-0.0041575492888992205,0,AAPL
2026-03-04,262.2783508300781,265.9050144519466,261.179387723623,264.4063951364299,39803100,266.3376159667969,264.41921295166014,265.8057615228466,265.62474861887546,38.906006630231204,0.1810129039711228,0.7622594742438,-0.5812465702726772,-0.0046635601744375865,0.015369488082341481,0.03199987554739692,-0.008096469608558254,0,AAPL
2026-03-05,260.0504150390625,261.3192350446657,257.0132047817476,260.549954795684,49658600,266.3086456298828,264.1569711303711,264.9203236022644,265.2118350203708,48.46676766145887,-0.2915114181064382,0.5515052957737524,-0.8430167138801906,-0.008494547048829904,0.014900432935715743,0.24760634221957578,-0.015545893313873127,0,AAPL
2026-03-06,257.2229919433594,258.53178361058343,254.13584003818684,258.39192833924307,41120000,265.59729919433596,263.89208099365237,263.7361187316636,264.6200688665181,51.9160330288295,-0.8839501348545014,0.26441420964810164,-1.148364344502603,-0.010872595974432131,0.014187056166394929,-0.17194604761310228,-0.025272031753212798,0,AAPL
2026-03-09,259.6407775878906,260.9095975388004,253.44647267699952,255.45463216869052,38218500,264.96788024902344,263.6477981567383,263.10606624800624,264.2512324755087,44.75890112704918,-1.1451662275024432,-0.01750187778200732,-1.127664349720436,0.009399570490431275,0.014452088251244334,-0.07056177042801559,-0.015198384347839378,0,AAPL
2026-03-10,260.58990478515625,262.2384104290217,256.71350175461305,257.4128391437035,30590800,263.8379180908203,263.393551940918,262.71896448449087,263.980023016964,45.44511673573155,-1.2610585324731574,-0.26621320872023735,-0.99484532375292,0.0036555398041986376,0.011881664356064603,-0.19958135457958837,-0.010644327224800909,0,AAPL
2026-03-11,260.5699157714844,261.888707997661,259.3110658747261,260.8496568052655,26218900,262.4971496582031,263.14709014892577,262.3883416055668,263.7274224802618,50.32961953238675,-1.3390808746950142,-0.4807867419151927,-0.8582941327798215,-7.670678451010549e-05,0.011258888872680022,-0.14291551708356764,-0.009793664737021701,0,AAPL
2026-03-12,255.52456665039065,258.71164792954545,253.94601921584928,258.4219063383753,40794000,260.77973022460935,262.79253448486327,261.33237622784736,263.119803529901,37.729559748427704,-1.7874273020536293,-0.7421148539428801,-1.0453124481107492,-0.01936274610273281,0.01214268283210422,0.555900514514339,-0.027656675440645873,0,AAPL
2026-03-13,249.8897705078125,256.0940459350445,249.29033192864068,255.2448374700317,36930000,259.3750244140625,262.3388589477539,259.571975347842,262.1398010838204,29.915017713874875,-2.5678257359783743,-1.1072570303499791,-1.4605687056283951,-0.022051876328148534,0.010000579572541605,-0.09471981173702015,-0.047454229578778206,0,AAPL
2026-03-16,252.58729553222656,253.6563027081548,249.6499992581203,251.8779423541949,32074200,258.18612213134764,261.9634881591797,258.4974092223627,261.43220807999865,23.69281473911613,-2.93479885763594,-1.4727653958071714,-1.4620334618287685,0.010794859745288043,0.011052697903527146,-0.1314865962632007,-0.03579198266460615,0,AAPL
2026-03-17,253.99598693847656,254.89516767044785,251.94787083452104,252.72716690012703,32361600,257.23499755859376,261.633258972168,257.80488271714944,260.88137688433034,22.25304005305658,-3.076494167180897,-1.7935111500819167,-1.2829830170989802,0.005577047742174601,0.011510328132366243,0.008960472903455141,-0.029190753743215336,0,AAPL
2026-03-18,249.7099456787109,254.70534343896443,248.7708084606242,252.3974721128864,35757900,255.97815704345703,261.2921697998047,256.5595077881589,260.05386346169183,20.537776343707506,-3.4943556735329366,-2.1336800547721206,-1.360675618760816,-0.016874444795081822,0.012257995100452935,0.10494845743102932,-0.04432671721455639,1,AAPL
2026-03-19,248.73085021972656,251.5982036354298,247.0723745163624,249.17043241392184,34864100,254.84620056152343,261.02931732177734,255.35509893147702,259.2151217400648,25.655801900458712,-3.8600228085877575,-2.478948605535248,-1.3810742030525094,-0.003920930967820202,0.012191240462605028,-0.024995875037404303,-0.0471152712968641,1,AAPL
2026-03-20,247.76173400878903,248.97061168291063,245.77356028907465,247.7517334570195,88331100,253.90007476806642,260.787607421875,254.18688894337117,258.3667226488592,23.60369651915127,-4.179833705488022,-2.8191256255258033,-1.3607080799622189,-0.0038962445152317393,0.01197569706524589,1.5335832561287974,-0.0499482070557673,1,AAPL
2026-03-23,251.25851440429688,254.3656523266213,250.0496214753341,253.73622734962268,40546100,253.06184844970704,260.64158508300784,253.7363697835136,257.84018870481754,32.08651331351706,-4.10381892130394,-3.076064284681431,-1.0277546366225092,0.014113480475494988,0.012622840952815493,-0.5409759416558834,-0.03599989877180454,0,AAPL
2026-03-24,251.4083709716797,254.5954370944537,249.32029842391177,250.1195650925759,45152300,252.14369506835936,260.4919723510742,253.37821612015455,257.36375776162214,33.58480827148236,-3.9855416414675915,-3.2579597560386633,-0.7275818854289282,0.0005964238375686381,0.012474319854590361,0.11360402110190626,-0.034870945532065045,1,AAPL
2026-03-25,252.3874664306641,254.76528059453105,251.3684162845015,253.86611511385965,28476700,251.32545013427733,260.34437438964846,253.22579309100217,256.99514358895857,37.97428282569963,-3.7693504979563954,-3.36023790442221,-0.4091125935341853,0.0038944425565474727,0.012657628664442247,-0.3693189494222886,-0.03056301092596514,1,AAPL
2026-03-26,252.6572265625,256.7634441190972,250.53918279672283,251.88793104116343,41796700,251.0387161254883,260.186201171875,253.13832131738647,256.6738164018135,42.2093915753056,-3.5354950844270263,-3.3952893404231737,-0.14020574400385266,0.0010688333127271132,0.011321702663349581,0.4677508278698024,-0.028936871269362396,1,AAPL
2026-03-27,248.57098388671875,255.2548282141602,247.8416601166152,253.666280215245,47900000,250.9068374633789,259.96806274414064,252.4356540203607,256.07360658588055,32.12904471791056,-3.6379525655198677,-3.4438219854425127,-0.19413058007735495,-0.016173068672430957,0.010209114670471607,0.14602348989274283,-0.04384030383239357,1,AAPL
2026-03-30,246.40298461914065,250.63907198816295,245.2840052006544,249.83982057534303,39446200,250.2884063720703,259.7414990234375,251.5075510355576,255.3572642179739,27.964008786391588,-3.8497131824162807,-3.5250002248372665,-0.3247129575790142,-0.008721851736991582,0.009664788011445678,-0.17648851774530272,-0.05135303543887393,1,AAPL
2026-03-31,253.55638122558597,255.24482803058763,246.8725521332485,247.6818040942864,49598100,250.24444580078125,259.7115042114258,251.82275568017735,255.223865477797,41.08231627463364,-3.401109797619654,-3.5002221393937445,0.09911234177409067,0.029031290418426448,0.013790227275229881,0.2573606583143624,-0.023699847276803965,1,AAPL
2026-04-01,255.3946990966797,255.9441806293992,253.096813183035,253.8461228128272,40059400,250.81292114257812,259.894548034668,252.37228543656232,255.23651981993646,49.82021128501081,-2.8642343833741393,-3.373024588189824,0.5087902048156847,0.007250134515282447,0.012584855357544677,-0.19231986709168292,-0.017314133643881013,1,AAPL
2026-04-02,255.68443298339844,255.89424639361263,250.4192795609811,253.9660149621701,31289400,251.5082794189453,260.06442169189455,252.88184659761404,255.2696985727855,59.415585542565374,-2.3878519751714578,-3.175990065586151,0.7881380904146931,0.0011344553655323608,0.012406382241324124,-0.218924896528655,-0.01684193739382467,1,AAPL
2026-04-06,258.6217041015625,261.9186847371787,256.2239194053331,256.2738916739028,29329900,252.59427642822266,260.27906677246096,253.7649015982215,255.51799527862084,59.72933968980934,-1.7530936803993313,-2.891410788548787,1.1383171081494559,0.011487876222620041,0.01243347049156562,-0.06262504234660937,-0.006367637211283528,1,AAPL
2026-04-07,253.26666259765625,255.96418954301225,245.47383916108728,255.92421782448065,62148000,252.7950912475586,260.3927996826172,253.68824944428837,255.3512298948457,48.95684880473123,-1.6629804505573134,-2.6457247209504926,0.9827442703931792,-0.0207060792616357,0.014157171816482897,1.118929829286837,-0.02736687455892295,1,AAPL
2026-04-08,258.66168212890625,259.51090582044134,256.29386854025813,258.2121146377317,41032800,253.52042236328126,260.4673059082031,254.45339293422958,255.59644857885016,62.40996518548076,-1.1430556446205742,-2.345190905684509,1.2021352610639346,0.021301735790709264,0.015555159454980387,-0.33975670978953465,-0.006932247304516692,1,AAPL
2026-04-09,260.2502136230469,260.879638597066,255.8342992320816,258.7615948993736,28121600,254.30669708251952,260.5164892578125,255.34521150173995,255.94117191545732,65.70415570918564,-0.5959604137173642,-1.99534480729108,1.3993843935737158,0.006141348347641795,0.015586405369590856,-0.3146555925990915,-0.001022106644858578,1,AAPL
2026-04-10,260.240234375,261.94865175168746,258.7815563792568,259.7406946341393,31291500,255.06499786376952,260.6020050048828,256.09829194377994,256.25962098653457,67.4685603039367,-0.16132904275463034,-1.62854165438379,1.4672126116291597,-3.834482173115106e-05,0.015606998696411469,0.11272118229403727,-0.001388211229902181,1,AAPL
2026-04-13,258.96142578125,259.9405042051452,256.4237552437805,259.49093671136296,36234700,256.10404205322266,260.6252130126953,256.5387740726215,256.459754675032,61.4972073349932,0.07901939758949084,-1.287029443989134,1.366048841578625,-0.004913954203973225,0.014425902096516646,0.15797261237077165,-0.006383830682430092,1,AAPL
2026-04-14,258.5917358398437,261.68888841493145,256.9532612999924,259.01136264890187,48370700,257.32291717529296,260.61707092285155,256.85461434450184,256.6176792057588,60.65184150065993,0.23693513874303562,-0.9822365274427002,1.2191716661857357,-0.001427586909096612,0.01387397012804959,0.3349275694293039,-0.007771306291779356,1,AAPL
2026-04-15,266.18475341796875,266.3146386359468,257.5726926972944,257.92237663273806,49913500,258.58575439453125,260.55058044433594,258.2900203558045,257.3263513696262,67.10429694342304,0.963668986178277,-0.5930554247185048,1.556724410896782,0.02936295529114563,0.013938245240823235,0.03189534160142404,0.02162410447915497,1,AAPL
2026-04-16,263.15753173828125,266.91408037974617,261.0294875448873,266.55439590858066,43323100,259.3620376586914,260.43412536621094,259.0388682608009,257.75829065619325,62.184078833866145,1.280577604607629,-0.2183288188532781,1.498906423460907,-0.011372633634406881,0.01481468414035045,-0.1320364230118104,0.010457179404737227,1,AAPL
2026-04-17,269.98126220703125,272.0493335842862,266.47448343207725,266.7142527536172,61436200,260.7917205810547,260.3142059326172,260.72231348329785,258.6636959562553,73.35950839191199,2.058617527042543,0.23706045032588613,1.8215570767166567,0.02593021154924191,0.016436057722456186,0.41809334973720724,0.03713610726614114,1,AAPL
2026-04-20,272.79864501953125,274.0275237795767,270.04120633500696,270.08114756253855,36590200,262.20941467285155,260.2622119140625,262.5802106427184,259.7107292202017,78.3963891440566,2.869481422516685,0.7635446447640459,2.105936777752639,0.010435475371396441,0.01639732556233226,-0.404419544177537,0.04816847214688336,0,AAPL
2026-04-21,265.9250183105469,272.5488901425708,265.1557075406741,271.250098918132,50209800,263.4752502441406,260.0286279296875,263.09479643776893,260.17104693059764,63.386732223738214,2.9237495071712942,1.1955856172454955,1.7281638899257987,-0.025196703995697067,0.017234027703369775,0.37221988401265915,0.02267592775382332,1,AAPL
2026-04-22,272.9185791015625,273.48803128351057,266.62435952726383,267.5734973129919,43249200,264.90093994140625,259.99965515136716,264.6061476168141,261.1153085728913,67.06230528206518,3.49083904392279,1.6546363025809545,1.8362027413418356,0.026298995241013978,0.017820981284182632,-0.13863030723085934,0.049688234942750764,0,AAPL
2026-04-23,273.1783142089844,275.5161566987003,271.39995382845746,274.79681820267325,33399600,266.19375,259.9946600341797,265.924942477148,262.00886454593524,67.04305274389995,3.916077931212783,2.10692462830732,1.8091533029054627,0.0009516944880663125,0.017876418259123443,-0.22774062872839262,0.05070740365618098,0,AAPL
2026-04-24,270.8104858398437,272.80864483253174,269.4017800912603,272.50893317942314,38157100,267.2507751464844,259.90594177246095,266.67656453294734,262.66083649363213,62.00790100295828,4.015728039315206,2.4886853105088975,1.5270427288063089,-0.008667702544387423,0.018348852595050584,0.1424418256506066,0.041955732112231914,1,AAPL
2026-04-27,267.3636474609375,268.1129570778125,264.8260075108844,265.84505761361925,41466800,268.09099731445315,260.0234326171875,266.78226959879197,263.0091928615807,64.43033403475798,3.7730767372112837,2.745563595849375,1.0275131413619087,-0.012727861582673916,0.01893430059117708,0.08673877207649427,0.028229051396904126,1,AAPL
2026-04-28,270.4608154296875,272.97851539952296,268.4127145556596,272.0893199684016,40018900,269.2779052734375,260.3217578125,267.34819972662206,263.56116490366264,62.67439695369168,3.787034822959413,2.9538578412713825,0.8331769816880303,0.011584102768505522,0.019015748909338902,-0.03491709029874501,0.03894817591271149,1,AAPL
2026-04-29,269.9213256835937,270.7905199823619,266.7942019267937,267.3037117460274,30047900,269.6515625,260.44744201660154,267.7440652584638,264.0322879243983,60.628044760111536,3.7117773340655162,3.1054417398302094,0.6063355942353068,-0.001994705758897819,0.016964335061069005,-0.24915727318841852,0.03637541453138282,1,AAPL
2026-04-30,271.1002502441406,275.7459641951834,267.893213328058,270.25102650288807,91848200,270.4458343505859,260.5873132324219,268.2604014101064,264.55584068882365,61.635642515457526,3.7045607212827463,3.225265536120717,0.4792951851620293,0.004367659937803081,0.01635401000891951,2.0567260940032415,0.04034324189198757,1,AAPL
2026-05-01,279.88214111328125,286.95561044034525,278.1137509144006,278.6032901046287,79915400,271.43592224121096,260.97815368652346,270.048361364441,265.69112220174645,69.31020379190164,4.357239162694555,3.4516602614354848,0.9055789012590698,0.03239351812191993,0.01744776760123415,-0.129918713703698,0.07243513359154385,1,AAPL
2026-05-04,276.5751647949219,280.3716851917065,274.60697695873915,279.4025768563376,46668400,271.81357421875,261.2229278564453,271.0524849691304,266.4973475790187,65.74527265877373,4.555137390111668,3.6723556871707217,0.8827817029409459,-0.011815603186417278,0.017912303682566248,-0.41602744902734645,0.05877063343732725,1,AAPL
2026-05-05,283.9184265136719,284.3080821831616,276.2455026895375,276.6750995896243,49311700,273.6129150390625,261.5825970458984,273.03186059136755,267.7877978704745,65.59480353022443,5.244062720893055,3.986697093915189,1.2573656269778661,0.026550690927708454,0.01677530562954398,0.05664003908426252,0.08538729150951241,1,AAPL
2026-05-06,287.245361328125,287.7648717000964,280.8112868075762,281.66051049385584,58336100,275.04559326171875,261.8897137451172,275.21855301240714,269.2290988673375,71.07150713426859,5.989454145069658,4.387248504146083,1.6022056409235752,0.011717924952267644,0.015464379975755095,0.18300727819158547,0.09681803542572531,1,AAPL
2026-05-07,287.1754150390625,291.8611003514943,285.5169394038565,289.00371711581823,45224300,276.44530334472654,262.15367004394534,277.0580702472772,270.5584556207986,67.0564850111163,6.499614626478603,4.809721728612587,1.6898928978660166,-0.00024350711440246364,0.015505734561915435,-0.22476305409514863,0.0954468613425199,1,AAPL
2026-05-08,293.0500183105469,294.4886952888782,289.7330669166447,289.7430674686918,52692800,278.66925659179685,262.56069519042967,279.5183699493187,272.2244973015207,68.94040026190156,7.2938726477979685,5.306551912449663,1.9873207353483053,0.020456497888878378,0.015363529850789795,0.1651435179759555,0.11612295243964055,1,AAPL
2026-05-11,292.67999267578125,293.8800048828125,290.2300109863281,291.9800109863281,42247300,281.2008911132813,263.1355584716797,281.5432349841591,273.7397191810956,78.48869137638235,7.803515803063476,5.805944690572426,1.99757111249105,-0.0012626705737772692,0.014010663265127564,-0.19823391431087356,0.11227837991831624,1,AAPL
2026-05-12,294.79998779296875,295.2699890136719,292.5599975585937,292.5599975585937,45748100,283.6348083496094,263.7420318603516,283.58273541628364,275.2997390782714,75.99753733875943,8.282996338012254,6.301355020060392,1.981641317951862,0.007243389265544797,0.013994978160190893,0.08286446707836959,0.1177588407640009,1,AAPL
2026-05-13,298.8699951171875,300.9200134277344,293.5,293.5,52684300,286.52967529296876,264.449287109375,285.934621524115,277.04568397004294,77.9903062204965,8.888937554072072,6.818871526862728,2.070066027209344,0.013805995565634221,0.013532500853286847,0.1516172256334143,0.1301599576389716,1,AAPL
2026-05-14,298.2099914550781,300.45001220703125,295.3800048828125,299.82000732421875,35324900,289.2406494140625,265.167919921875,287.8231399750324,278.6134104504159,81.0046902766718,9.209729524616478,7.297043126413478,1.9126863982029993,-0.00220833028705536,0.01400547445596078,-0.3294985413111686,0.12460810320848048,1,AAPL
2026-05-15,300.2300109863281,303.20001220703125,296.5199890136719,297.8999938964844,54862800,291.2754364013672,265.9715118408203,289.7318893613856,280.2146401197428,88.43187844140633,9.517249241642787,7.74108434945934,1.7761648921834468,0.0067738157309671365,0.011505816677948186,0.5530914454110274,0.12880514498865203,1,AAPL
2026-05-18,297.8399963378906,300.6600036621094,294.9100036621094,300.239990234375,34483000,293.40191955566405,266.78385192871093,290.97929043469406,281.5202220618278,82.55388569939822,9.459068372866284,8.084681154140728,1.3743872187255555,-0.007960612067346995,0.010847304931600025,-0.37146846314807114,0.11640938604289452,1,AAPL
2026-05-19,298.9700012207031,300.510009765625,296.3500061035156,296.9700012207031,42243600,294.9070770263672,267.5704364013672,292.2086305556185,282.81279829581854,84.06062206534973,9.395832259799988,8.346911375272581,1.0489208845274067,0.003793999787491842,0.008546721245381432,0.2250558246092278,0.11735065069832751,1,AAPL
2026-05-20,302.25,302.79998779296875,298.0799865722656,298.17999267578125,38229800,296.4075408935547,268.40363830566406,293.7534566239849,284.25259101464684,84.80910350227568,9.500865609338064,8.577702222085678,0.9231633872523854,0.0109709963070026,0.008486595068930458,-0.0950155763239875,0.12610246980255524,1,AAPL
2026-05-21,304.989990234375,305.5400085449219,300.3999938964844,301.0599975585937,42965100,298.1889984130859,269.2920397949219,295.48215410250646,285.78869466055266,82.43758772414012,9.693459441953792,8.800853666059302,0.8926057758944896,0.009065310949131433,0.008340116010929311,0.12386410601154063,0.13256221931639245,1,AAPL
2026-05-22,308.82000732421875,311.3999938964844,305.8399963378906,306.1199951171875,43670200,299.7659973144531,270.35794860839843,297.5341315212314,287.49471782082423,91.10259787648047,10.03941370040718,9.048565672928879,0.990848027478302,0.012557845216167651,0.0071091929874646685,0.016410994039348203,0.1422634655788535,0,AAPL
2026-05-26,308.3299865722656,311.82000732421875,307.6700134277344,309.5599975585937,48000500,301.33099670410155,271.5267529296875,299.1950322983136,289.03807106167176,87.70523176010981,10.156961236641848,9.270244785671473,0.8867164509703755,-0.001586751960143129,0.007142980646007561,0.09915915200754744,0.13554183241792161,1,AAPL
2026-05-27,310.8500061035156,313.260009765625,308.29998779296875,308.3299865722656,50430900,302.9359985351563,272.69200714111327,300.9881051914216,290.65376995366023,87.39092980737902,10.334335237761366,9.483062876089452,0.8512723616719136,0.008173125031610828,0.0071778394775125366,0.05063280590827168,0.1399307569094106,0,AAPL
2026-05-28,312.510009765625,312.79998779296875,309.57000732421875,310.67999267578125,48220400,304.3,273.86228759765623,302.7607058951452,292.2727506804724,88.20661368502246,10.487955214672752,9.684041343806111,0.8039138708666407,0.005340207912225559,0.00653900815920362,-0.04383225363814647,0.14112100832498675,0,AAPL
2026-05-29,312.0599975585937,315.0,309.5299987792969,311.7799987792969,70026800,305.6850006103515,275.1092886352539,304.1913661510604,293.73847267144436,84.2767544771921,10.452893479616023,9.837811770968093,0.6150817086479297,-0.001439992937726342,0.006455512629909172,0.45222354024437794,0.13431283656994175,0,AAPL
2026-06-01,306.3099975585937,310.94000244140625,305.0199890136719,309.6300048828125,48849900,306.2929992675781,276.26087158203126,304.51730944452703,294.66969673715914,70.58284606139246,9.847612707367887,9.839771958248052,0.007840749119834456,-0.018425943872925732,0.009634751166946932,-0.3024113625069259,0.10877083607419169,0,AAPL
2026-06-02,315.20001220703125,315.45001220703125,306.69000244140625,307.4599914550781,44534700,308.0290008544922,277.6096371459961,306.16080217722,296.19046084603855,75.5766793797329,9.97034133118143,9.865885832834728,0.10445549834670231,0.02902293336585271,0.012138514390003467,-0.08833590242764056,0.13540731311595722,0,AAPL
2026-06-03,310.260009765625,316.94000244140625,308.8500061035156,314.17999267578125,50836700,309.1580017089844,278.7896670532227,306.7914494985131,297.2326496548968,63.97543623155841,9.55879984361627,9.804468634991037,-0.24566879137476683,-0.015672595971098935,0.013917169913924757,0.1415076333735268,0.11288202695975258,0,AAPL
2026-06-04,311.2300109863281,313.5400085449219,309.6499938964844,313.2300109863281,44869100,310.0560028076172,279.9860998535156,307.4743051120231,298.2694912350028,65.85482415653253,9.204813877020285,9.684537683396888,-0.4797238063766027,0.0031264139436979477,0.01368727472059067,-0.11738763531071061,0.11159093665420827,0,AAPL
2026-06-05,307.3399963378906,315.1700134277344,307.1499938964844,312.8599853515625,65310500,310.29100341796874,281.0851504516602,307.453642223695,298.94138050188343,58.28088323734265,8.51226172181157,9.450082491079826,-0.9378207692682565,-0.012498841728371679,0.01431273972378793,0.45557856074670533,0.09340531096731008,0,AAPL
2026-06-08,301.5400085449219,317.3999938964844,301.1700134277344,308.739990234375,77949100,309.56300354003906,282.0628060913086,306.5438524269607,299.13387146803444,53.99223693291677,7.409980958926269,9.042062184649115,-1.632081225722846,-0.01887156849768501,0.014897361579143299,0.19351559090804704,0.06905271461884332,0,AAPL
2026-06-09,290.54998779296875,300.75,287.7799987792969,300.2799987792969,70108800,307.7850036621094,282.9023861694336,304.083257867885,298.4980282328444,42.508898681284684,5.585229635040605,8.350695674727413,-2.7654660396868085,-0.03644631040831148,0.018386255600479334,-0.10058230306700144,0.027032651534281804,1,AAPL
2026-06-10,291.5799865722656,294.75,287.3800048828125,290.739990234375,52793300,305.8580017089844,283.8059262084961,302.1596776685589,297.98558070243115,40.11122066118089,4.174096966127763,7.515375933007484,-3.341278966879721,0.003544996808021894,0.018051509331562465,-0.24698040759505224,0.02739217065558508,1,AAPL
2026-06-11,295.6300048828125,297.0,289.5899963378906,293.7200012207031,42572500,304.1700012207031,284.64739868164065,301.1551126245979,297.8110936046816,41.53097808438871,3.3440190199162885,6.681104550389245,-3.3370855304729563,0.013889904990249002,0.01884551061811018,-0.19360032428357388,0.03858319539204769,1,AAPL
2026-06-12,291.1300048828125,297.1400146484375,289.6199951171875,296.0299987792969,38742100,302.077001953125,285.36210479736326,299.6127883566309,297.3161981438024,34.185619391526714,2.296590212828505,5.804201682877097,-3.507611470048592,-0.015221729613622226,0.019028638404812063,-0.08997357449057486,0.02021256497790791,1,AAPL
2026-06-15,296.4200134277344,297.7799987792969,291.70001220703125,294.1199951171875,45732600,301.08800354003904,286.17681640625,299.1215922137238,297.2498140907603,40.19434131790692,1.8717781229634625,5.01771697089437,-3.145938847930908,0.018170605764429082,0.020027663993379633,0.18043678582214184,0.03579324541420359,0,AAPL
2026-06-16,299.239990234375,300.4800109863281,293.9700012207031,295.25,39874400,299.49200134277345,286.98918212890624,299.139807293824,297.3972345458429,40.48828077144443,1.7425727479811144,4.362688126311719,-2.6201153783306044,0.009513449426140408,0.01731823420613817,-0.12809680621700936,0.0426873515391466,0,AAPL
2026-06-17,295.95001220703125,302.07000732421875,294.3599853515625,300.8500061035156,42745100,298.0610015869141,287.84284912109376,298.64906958816357,297.2900328911161,36.78583743578457,1.359036697047486,3.7619578404588725,-2.4029211434113864,-0.010994446379867018,0.01706056986861538,0.07199355977770194,0.028165240549459902,0,AAPL
2026-06-18,298.010009765625,300.57000732421875,295.6199951171875,298.1099853515625,85962200,296.73900146484374,288.62981567382815,298.5507526923884,297.3433645114501,39.06956315289654,1.2073881809383238,3.251043908554763,-2.0436557276164393,0.006960626705947437,0.01729445949331528,1.0110422013283396,0.032499047507957846,0,AAPL
2026-06-22,297.010009765625,302.4200134277344,296.760009765625,297.3099975585937,44879900,295.7060028076172,289.36501159667966,298.31371531904017,297.31867156731494,42.18751281819903,0.995043751725234,2.799843877188857,-1.8048001254636232,-0.0033555919842641613,0.017046609103888333,-0.4779112214438439,0.026419912092209064,0,AAPL
2026-06-23,294.29998779296875,301.6400146484375,294.17999267578125,297.5400085449219,52010900,294.98200073242185,290.04620666503905,297.69621877656766,297.09506536180777,30.408685891091096,0.6011534147598923,2.360105784703064,-1.758952369943172,-0.00912434558954689,0.01631924592078007,0.15889072836615048,0.01466587402345243,0,AAPL
2026-06-24,293.0799865722656,299.70001220703125,292.94000244140625,295.3599853515625,53081900,295.23500061035156,290.72857788085935,296.986029206675,296.797652118138,32.68841765639637,0.18837708853703816,1.9257600454698591,-1.737382956932821,-0.004145434153267291,0.011206974505299686,0.02059183748022053,0.008087986081539933,1,AAPL
2026-06-25,275.1499938964844,288.79998779296875,273.75,287.3999938964844,107013700,293.5920013427734,291.0597430419922,293.62663915895337,295.19412187949695,22.904770329844595,-1.5674827205435804,1.2271114922671713,-2.7945942128107517,-0.06117781321571136,0.02251222492899522,1.0160111073642804,-0.05466145533981481,1,AAPL
2026-06-26,283.7799987792969,285.95001220703125,274.2099914550781,275.0,261775500,292.40700073242186,291.4116479492188,292.11177140823696,294.3486312794821,33.48289740669075,-2.2368598712451444,0.5343172195647081,-2.7711770908098527,0.03136472859984596,0.024755245376092583,1.446186796643794,-0.026188552254616027,1,AAPL
2026-06-29,281.739990234375,288.3699951171875,279.8500061035156,286.7300109863281,66427000,291.46799926757814,291.7832971191406,290.51611276610436,293.41465786873346,35.34635133053604,-2.8985451026291003,-0.15225524487405356,-2.7462898577550465,-0.007188697419469814,0.024472183645306844,-0.7462443964389334,-0.034420431134770335,1,AAPL
2026-06-30,289.3599853515625,289.94000244140625,280.70001220703125,281.1700134277344,65100200,290.7619964599609,292.1708715820312,290.338247010021,293.1143117563504,49.073062473792156,-2.776064746329382,-0.6770171451651193,-2.099047601164263,0.02704619642688466,0.025465992004186137,-0.01997380583196595,-0.009620692902233885,1,AAPL
2026-07-01,294.3800048828125,296.5899963378906,289.20001220703125,293.44000244140625,50164200,290.2759979248047,292.60249877929687,290.9600559135274,293.208066802755,52.05340081991905,-2.2480108892276007,-0.9912158939776157,-1.256794995249985,0.017348699838890536,0.025978730888427275,-0.22943093876823728,0.006074815187604887,1,AAPL
2026-07-02,308.6300048828125,309.4200134277344,293.67999267578125,294.1199951171875,75352800,291.5439971923828,293.4565985107422,293.67850960110974,294.350432586463,58.29293135375314,-0.6719229853532624,-0.9273573122527451,0.25543432689948264,0.0484068203126522,0.03000212184694118,0.5021230279761264,0.05170579380076501,1,AAPL
2026-07-06,312.6600036621094,314.20001220703125,307.0,307.3599853515625,53590000,293.0089965820313,294.2514270019531,296.59873945664816,295.7066971105849,63.817223570333205,0.8920423460632492,-0.5634773805895462,1.4555197266527955,0.01305770247720095,0.030116853393939762,-0.28881209457379153,0.06256070479493059,1,AAPL
2026-07-07,310.6600036621094,315.4800109863281,310.1499938964844,315.2900085449219,42490000,294.3739959716797,295.0010607910156,298.76201087287296,296.8143494477349,59.54167191515606,1.947661425138051,-0.06124961944402679,2.008911044582078,-0.006396724801939757,0.03022825392490886,-0.20712819555887296,0.05308097140093615,1,AAPL
2026-07-08,313.3900146484375,314.82000732421875,307.04998779296875,311.9100036621094,41323500,296.2829986572266,295.8526513671875,301.01247299219057,298.0421764996388,59.49283432970273,2.9702964925517676,0.5450596029551321,2.4252368895966354,0.008787777487112347,0.02983173073855098,-0.027453518474935268,0.059277357158054045,1,AAPL
2026-07-09,316.2200012207031,316.5299987792969,308.1600036621094,310.510009765625,48124500,298.5970001220703,296.8297784423828,303.352092719654,299.38868203453245,63.682988158427634,3.9634106851215734,1.2287298193884204,2.7346808657331527,0.009030238488741738,0.029588969551226047,0.1645794765690225,0.06532438517479844,1,AAPL
2026-07-10,315.32000732421875,316.9100036621094,312.1700134277344,314.7200012207031,34132300,302.61400146484374,297.7269622802734,305.19331035112555,300.5687802041388,61.87079237676195,4.624530146986729,1.9078898849080823,2.7166402620786463,-0.0028461004775477416,0.017851608029764186,-0.2907500337665846,0.05909120527479672,1,AAPL
2026-07-13,317.3099975585937,323.45001220703125,315.7799987792969,317.0199890136719,43257800,305.9670013427734,298.67473571777344,307.0574160753514,301.80887037854285,63.7347639286475,5.248545696808549,2.576021047288176,2.6725246495203727,0.0063110179758709695,0.01685221801045297,0.2673567266196535,0.062393164242821264,1,AAPL
2026-07-14,314.8599853515625,316.19000244140625,311.9100036621094,313.760009765625,36336800,309.2790008544922,299.54993041992185,308.2578113486146,302.7756196358036,63.95980001956044,5.482191712811016,3.1572551803927444,2.3249365324182714,-0.0077211944971219415,0.016918038145107187,-0.1599942669298947,0.05111019358334801,1,AAPL
2026-07-15,327.5,328.7300109863281,317.32000732421875,317.6199951171875,60957600,313.09300231933594,300.5022875976563,311.2181480642124,304.60705521833665,70.23277807815384,6.61109284587576,3.848022713489348,2.763070132386412,0.040144874663333496,0.018687020685145016,0.6775720481715506,0.08984195301198872,0,AAPL
2026-07-16,333.260009765625,334.67999267578125,326.7900085449219,328.010009765625,62970600,316.9810028076172,301.6359844970703,314.6092037105836,306.7294962959136,89.86142122479711,7.879707414670008,4.65435965372548,3.225347760944528,0.017587816078244334,0.0186939064124176,0.03302295365959296,0.1048416863169781,0,AAPL
2026-07-17,333.739990234375,334.989990234375,329.0,331.9800109863281,63407100,319.49200134277345,302.6324157714844,317.5524016373207,308.7302736246885,88.5850907018523,8.82212801263222,5.487913325506828,3.3342146871253915,0.0014402582208634662,0.014025323964657985,0.006931806271498031,0.1027899618208108,0,AAPL
2026-07-20,326.5899963378906,333.7099914550781,323.67999267578125,333.510009765625,53468000,320.88500061035154,303.4193084716797,318.94280082202374,310.05321604788867,82.10451122727844,8.889584774135074,6.168247615232478,2.721337158902595,-0.021423845225929217,0.016624962269521235,-0.1567505847136993,0.07636523853053867,1,AAPL
2026-07-21,327.739990234375,329.6000061035156,322.2200012207031,323.1300048828125,41338900,322.59299926757814,304.23059997558596,320.2962145777701,311.36334746910984,80.27769164247928,8.932867108660275,6.721171513918038,2.2116955947422374,0.0035212159263280363,0.016193474477510933,-0.226847834218598,0.077274903512913,1,AAPL
2026-07-22,325.8900146484375,329.0,323.3399963378906,327.8699951171875,38755900,323.84299926757814,304.88739990234376,321.15679920402664,312.4393968898008,76.16677479523159,8.717402314225865,7.1204176739796035,1.5969846402462613,-0.0056446440503478135,0.016506352015863326,-0.062483520364596035,0.06888646350364414,1,AAPL
2026-07-23,321.6600036621094,323.29998779296875,319.3500061035156,321.7300109863281,40840800,324.3869995117187,305.4670001220703,321.2342152745009,313.12240479886066,62.98067948620509,8.111810475640254,7.3186962343117345,0.7931142413285199,-0.012979872951588756,0.017219060527067467,0.053795680141604185,0.05301064774122266,1,AAPL
2026-07-24,333.0199890136719,334.3699951171875,321.6199951171875,321.7900085449219,47489400,326.15699768066406,306.23140014648436,323.0474112343734,314.5962999258837,67.69819197013608,8.451111308489658,7.545179249147319,0.905932059342339,0.035316748188238156,0.02006001325127505,0.16279308926367753,0.0874782561630627,0,AAPL
2026-07-27,336.9100036621094,339.57000732421875,334.0199890136719,334.5400085449219,49604300,328.11699829101565,306.9922003173828,325.1801177617174,316.2491668693078,72.0922503500714,8.930950892409555,7.822333577799767,1.1086173146097886,0.011681024493330971,0.02015118841091713,0.04453414867317762,0.09745460410328399,0,AAPL
2026-07-28,340.0799865722656,342.8900146484375,335.6000061035156,340.0299987792969,51859000,330.6389984130859,307.82960021972656,327.47240527103247,318.0144127732306,72.29740720174716,9.457992497801854,8.149465361800186,1.3085271360016684,0.009408990162653286,0.019556337746312123,0.04545372074598375,0.10476700853172982,0,AAPL
2026-07-29,338.19000244140625,344.57000732421875,337.3500061035156,339.7300109863281,56090800,331.70799865722654,308.58880004882815,329.1212663741669,319.5089008967992,68.64710797617651,9.612365477367689,8.442045384913687,1.170320092454002,-0.005557469435084728,0.016244775925147333,0.08160203629071128,0.09592442236365772,0,AAPL
2026-07-30,333.42999267578125,334.75,329.5899963378906,333.1000061035156,74817800,331.72499694824216,309.30059997558595,329.784147343646,320.54009288042755,64.42567892783418,9.244054463218447,8.60244720057464,0.6416072626438076,-0.014074957069287408,0.016243791376157824,0.3338693689517711,0.07801275749901526,0,AAPL
2026-07-31,308.9100036621094,310.69000244140625,300.0,304.8099975585937,132275300,329.24199829101565,309.49940002441406,326.57274062340963,319.67860479018174,45.07620275273704,6.894135833227892,8.260784927105291,-1.366649093877399,-0.07353864245054431,0.028370026167435516,0.7679656445391336,-0.0019043538121824577,0,AAPL
