Date,Close,High,Low,Open,Volume,sma_10,sma_50,ema_12,ema_26,rsi_14,macd,macd_signal,macd_hist,daily_return,volatility_10,volume_change,price_vs_sma50,direction,ticker
2021-10-11,61.09000015258789,62.1775016784668,60.41249847412109,60.8025016784668,4452800,61.193000411987306,64.03440010070801,62.02706498110218,63.06005953997173,42.77884862270859,-1.0329945588695537,-0.8844913173589306,-0.1485032415106231,-0.0026122424067283045,0.025598421788453566,-0.367751462486511,-0.04598153404247429,1,CRWD
2021-10-12,63.185001373291016,63.57500076293945,60.817501068115234,61.54750061035156,9260000,61.465000534057616,64.02855010986327,62.20520904143892,63.06931449058798,44.9244533629256,-0.8641054491490578,-0.8804141437169561,0.016308694567898296,0.03429368498068963,0.023362969025608207,1.0795903701042042,-0.013174571892145881,1,CRWD
2021-10-13,67.61000061035156,67.94999694824219,63.45249938964844,63.45249938964844,21948000,62.2367504119873,64.10905014038086,63.03671543665625,63.40566161057047,54.77110030853445,-0.36894617391421747,-0.7781205497564084,0.40917437584219096,0.07003243081246557,0.03046831357033205,1.3701943844492441,0.054609301842791336,1,CRWD
2021-10-14,69.00250244140625,69.22250366210938,67.06999969482422,67.51499938964844,19684000,62.992500686645506,64.16805023193359,63.95452882200241,63.8202424128546,57.8836849738387,0.13428640914781198,-0.5956391579755644,0.7299255671233764,0.020596092567428448,0.030255539174664895,-0.10315290687078549,0.07534048785959158,1,CRWD
2021-10-15,68.27749633789062,69.0,67.57250213623047,69.0,10210800,63.58850021362305,64.20550018310547,64.61960074752368,64.15040937026467,61.63898717457178,0.4691913772590084,-0.3826730509286499,0.8518644281876583,-0.010506953775064387,0.03106076124500828,-0.4812639707376549,0.06342129791329976,1,CRWD
2021-10-18,71.3375015258789,71.42749786376953,67.5250015258789,68.25,13160000,64.75025024414063,64.32855026245117,65.65312394419371,64.68278656697683,75.37634556036086,0.9703373772168788,-0.11207096529954419,1.082408342516423,0.04481718504798371,0.026966071594644026,0.2888314333842599,0.10895552961837662,0,CRWD
2021-10-19,70.5875015258789,71.32499694824219,69.72250366210938,70.80750274658203,9194000,65.68600044250488,64.42250030517579,66.41225895676067,65.12017286022883,74.7569279979881,1.2920860965318326,0.16876044706673116,1.1233256494651014,-0.010513404365976031,0.028273424236020046,-0.30136778115501517,0.09569639786563533,1,CRWD
2021-10-20,70.8324966430664,72.10124969482422,69.89250183105469,70.67725372314453,7101600,66.56425018310547,64.57580024719238,67.09229552388463,65.54330795525384,73.13044687906518,1.5489875686307926,0.44480587137954347,1.104181697251249,0.003470800239298466,0.02849658942630418,-0.227583206438982,0.09688918096134724,0,CRWD
2021-10-21,71.0250015258789,71.875,70.50250244140625,70.75,7804400,67.41975021362305,64.7969002532959,67.69732721649913,65.94935933085569,72.19883753204198,1.7479678856434475,0.7054382742323244,1.042529611411123,0.0027177480949536204,0.028634243245193734,0.09896361383350238,0.09611727178671958,0,CRWD
2021-10-22,70.84750366210938,72.68250274658203,70.08000183105469,71.05750274658203,10184000,68.37950057983399,64.98475028991699,68.18196974659301,66.31218483687448,82.36147838631933,1.8697849097185326,0.938307601329566,0.9314773083889666,-0.00249908989730685,0.026921522220772855,0.30490492542668246,0.09021737170700561,0,CRWD
2021-10-25,70.0250015258789,71.33100128173828,69.51499938964844,71.0,8338000,69.27300071716309,65.16615028381348,68.46551309725238,66.58720829531926,76.6434210346891,1.878304801933126,1.126307041450278,0.751997760482848,-0.011609472369742191,0.027713467475956936,-0.1812647289866457,0.07456096793970524,0,CRWD
2021-10-26,71.7699966430664,74.3499984741211,70.75499725341797,71.0,17573200,70.13150024414062,65.42800018310547,68.97389518122377,66.97111854330053,77.88293417649102,2.0027766379232332,1.301600960744869,0.7011756771783642,0.02491960127330528,0.027105639494763308,1.1076037419045335,0.09693092318598096,0,CRWD
2021-10-27,69.75,72.875,69.55500030517578,71.96475219726562,9276800,70.34550018310547,65.65900016784668,69.09329592257396,67.17696161416717,69.1276834672319,1.916334308406789,1.424547630277253,0.4917866781295359,-0.028145419221801693,0.021387376934230845,-0.47210525117793,0.06230676406426139,0,CRWD
2021-10-28,70.2925033569336,70.93250274658203,68.26000213623047,69.5,6153200,70.4745002746582,65.89595024108887,69.2777893740139,67.40774248400172,74.63560590313864,1.8700468900121905,1.5136474822242405,0.35639940778795,0.007777825905858071,0.02060711254449838,-0.33671093480510517,0.06671962540580068,0,CRWD
2021-10-29,70.44999694824219,71.125,69.88500213623047,70.25,4956000,70.69175033569336,66.13015014648437,69.45812900081826,67.63309466653804,75.5040752811182,1.8250343342802182,1.5759248526354361,0.24910948164478208,0.002240546058074999,0.020133357070402404,-0.1945654293700838,0.06532340834232131,0,CRWD
2021-11-01,67.2925033569336,68.88524627685547,65.80750274658203,68.88524627685547,19608000,70.28725051879883,66.28660018920898,69.12495582483601,67.60786568064141,60.57953152262319,1.5170901441945972,1.5641579109472685,-0.047067766752671325,-0.044818931555501984,0.019549427737580703,2.956416464891041,0.015175060492669035,1,CRWD
2021-11-02,67.02999877929688,67.71749877929688,66.07749938964844,66.6449966430664,9954400,69.93150024414062,66.39820014953614,68.80265474090692,67.56506072498627,48.09835465227972,1.2375940159206493,1.4988451319419447,-0.26125111602129536,-0.003900948315807784,0.01947819857178705,-0.49232966136270906,0.009515297528214006,1,CRWD
2021-11-03,67.6624984741211,67.875,66.45249938964844,67.4749984741211,8088400,69.6145004272461,66.42330009460449,68.62724608447833,67.57227833603329,45.376107091652266,1.054967748445037,1.4100696552425631,-0.35510190679752607,0.009436069018989413,0.019853650751449344,-0.18745479386000163,0.018656079685165583,1,CRWD
2021-11-04,69.90499877929688,70.04499816894531,67.7300033569336,68.17749786376953,8789600,69.50250015258788,66.47140007019043,68.82382342214272,67.7450724429417,55.08356472942147,1.0787509792010184,1.3438059200342543,-0.2650549408332359,0.03314244013666556,0.023125252497567833,0.08669205281637904,0.05165527889409183,1,CRWD
2021-11-05,68.35749816894531,70.92250061035156,67.55999755859375,70.25,9130000,69.25349960327148,66.44470008850098,68.75208107549697,67.79043731153456,39.72057285512244,0.9616437639624138,1.2673734888198862,-0.3057297248574724,-0.02213719529897007,0.024049450650648462,0.03872758714844826,0.02878782021585735,1,CRWD
2021-11-08,70.73249816894531,71.10375213623047,68.0425033569336,68.57250213623047,9019600,69.32424926757812,66.44780006408692,69.05676062833518,68.00836774541683,50.4497417978029,1.0483928829183498,1.223577367639579,-0.17518448472122916,0.03474381104659785,0.02660344888193369,-0.012092004381160981,0.06448216646338834,0,CRWD
2021-11-09,73.29499816894531,73.94249725341797,70.40750122070312,71.41899871826172,12702000,69.47674942016602,66.48185005187989,69.70879717304443,68.39996999901153,56.67797300300127,1.3088271740328992,1.240627328918243,0.06819984511465615,0.03622804320977657,0.027925302988234302,0.40826644197081907,0.10248132553093359,0,CRWD
2021-11-10,70.38999938964844,74.62000274658203,69.69625091552734,72.74749755859375,16156000,69.54074935913086,66.48465003967286,69.81359751406043,68.54737958350316,48.49881194197617,1.266217930557275,1.2457454492460494,0.020472481311225588,-0.039634338657064117,0.029515283209048924,0.27192568099511893,0.058740616783651056,0,CRWD
2021-11-11,70.2300033569336,72.1500015258789,70.18000030517578,71.36000061035156,5019200,69.53449935913086,66.53940010070801,69.87765995142553,68.67201838153504,48.538978445613296,1.2056415698904885,1.2377246733749372,-0.03208310348444865,-0.002272993807389767,0.029441514668486837,-0.6893290418420401,0.05546493131347474,0,CRWD
2021-11-12,71.07499694824219,72.38249969482422,70.37750244140625,70.98999786376953,6933200,69.59699935913086,66.59754997253418,70.06186564324348,68.85001679388371,52.48167482621515,1.211848849359768,1.2325495085719034,-0.020700659212135264,0.012031803373467653,0.02967500968065594,0.3813356710232707,0.06723140682434381,0,CRWD
2021-11-15,63.53749847412109,68.09249877929688,61.9375,67.71499633789062,50547600,69.22149887084962,66.47714988708496,69.05811684799389,68.45649691834574,34.72491973522533,0.6016199296481517,1.1063635927871531,-0.5047436631390014,-0.10604993032373977,0.0433914382360741,6.29065943575838,-0.04422047903613546,0,CRWD
2021-11-16,65.62750244140625,65.72000122070312,63.497501373291016,63.82749938964844,16866800,69.08124923706055,66.44129997253418,68.53033001621117,68.24694177190578,42.37068639311246,0.28338824430538523,0.9417685230907996,-0.6583802787854144,0.032894023489710156,0.04500992156756498,-0.6663184800069637,-0.012248368581956437,0,CRWD
2021-11-17,67.44499969482422,67.6449966430664,65.59774780273438,66.34750366210938,13475200,69.05949935913085,66.46404991149902,68.36335612061318,68.18753865508492,44.96773769048893,0.1758174655282545,0.7885783115782906,-0.6127608460500361,0.027694140197406902,0.04585006127977023,-0.20108141437617089,0.014759103374401672,0,CRWD
2021-11-18,66.18000030517578,68.74500274658203,66.13999938964844,67.6050033569336,10194800,68.68699951171875,66.46184989929199,68.0274552259305,68.0388321106472,42.73809755508932,-0.011376884716710833,0.6285872723192905,-0.6399641570360013,-0.01875601446174391,0.04468779843691597,-0.24343980052244119,-0.0042407726318676175,0,CRWD
2021-11-19,64.40750122070312,67.41500091552734,64.22750091552734,67.3499984741211,10338800,68.29199981689453,66.43999992370605,67.47053922512629,67.76984463731802,44.85096736611655,-0.29930541219172824,0.44300873541708674,-0.742314147608815,-0.026783002059521444,0.044914804295642076,0.014124847961705989,-0.030591491651668745,0,CRWD
2021-11-22,59.90999984741211,63.33250045776367,58.775001525878906,63.188751220703125,24297200,67.20974998474121,66.3680499267578,66.30737932086257,67.1876339121398,38.961238048904086,-0.8802545912772359,0.1783560700782222,-1.0586106613554582,-0.06982884428134495,0.046770978098531604,1.3500986574844278,-0.09730661193861578,0,CRWD
2021-11-23,57.64500045776367,59.192501068115234,56.01250076293945,57.75,29100000,65.64475021362304,66.23444999694824,64.97470564961658,66.48077217477861,35.21729286493462,-1.5060665251620264,-0.1585284489698275,-1.347538076192199,-0.03780669997358177,0.04342189153004534,0.19766886719457388,-0.1296825072085649,0,CRWD
2021-11-24,57.692501068115234,58.01499938964844,55.65499877929688,57.40999984741211,12521200,64.37500038146973,66.09044998168946,63.85436648323176,65.82978912984058,30.729779689491053,-1.9754226466088198,-0.521907288497626,-1.453515358111194,0.0008240196022961666,0.04356897369564917,-0.5697182130584193,-0.12706750999427152,0,CRWD
2021-11-26,58.15999984741211,59.07500076293945,56.96500015258789,58.93000030517578,8619200,63.168000030517575,65.92995002746582,62.97831007772104,65.26165659040143,33.3414967827908,-2.2833465126803887,-0.8741951333341786,-1.40915137934621,0.00810328501350499,0.044126445002691576,-0.3116314730217551,-0.11785160123459548,0,CRWD
2021-11-29,56.14250183105469,58.92124938964844,55.25749969482422,58.75,25586000,61.67475051879883,65.73735008239746,61.9266472705416,64.58616364526463,25.884291409221774,-2.659516374723033,-1.2312593816119497,-1.4282569931110833,-0.03468875553044204,0.04308172716979202,1.9684889548914053,-0.1459573323128519,0,CRWD
2021-11-30,54.28499984741211,57.2599983215332,54.122501373291016,56.70624923706055,20211600,60.74950065612793,65.53525009155274,60.75100920544475,63.82311447505333,17.828724212047447,-3.0721052696085778,-1.5994285592112756,-1.4726767103973022,-0.03308548645075016,0.032136184950983304,-0.21005237239115138,-0.17166715971059898,0,CRWD
2021-12-01,50.375,56.400001525878906,49.79574966430664,55.172000885009766,32288400,59.224250411987306,65.27220008850098,59.15470009691479,62.8269578472716,17.242213768977365,-3.6722577503568132,-2.013994397440383,-1.6582633529164301,-0.07202726090821765,0.0318363094579781,0.5975182568426052,-0.22823192826811767,1,CRWD
2021-12-02,52.337501525878906,53.150001525878906,50.29750061035156,51.993751525878906,37364800,57.713500595092775,65.01965019226074,58.10590031675542,62.049961082723996,22.347568898617297,-3.9440607659685796,-2.4000076711460228,-1.5440530948225568,0.038957846667571294,0.034054722861068976,0.1572205497949728,-0.1950510134840957,0,CRWD
2021-12-03,49.26250076293945,53.31499862670898,47.10749816894531,53.209999084472656,31360400,56.02175064086914,64.69345016479492,56.74537730847604,61.10274179977699,18.46310142908436,-4.357364491300956,-2.7914790351770096,-1.5658854561239464,-0.05875329683857722,0.03561695415162089,-0.1606966984969811,-0.23852413749070278,1,CRWD
2021-12-06,48.6775016784668,49.0,46.4275016784668,47.51250076293945,21101600,54.44875068664551,64.35825019836426,55.50416567309,60.18235364264291,23.10894639667137,-4.6781879695529085,-3.1688208220521896,-1.5093671475007189,-0.01187513982060684,0.03600707218313733,-0.3271259295162051,-0.24364783802490653,1,CRWD
2021-12-07,51.08000183105469,52.02750015258789,50.15499877929688,50.15499877929688,17729600,53.56575088500976,64.1131502532959,54.82352508200765,59.50810536030304,23.968860981865006,-4.6845802782953925,-3.47197271330083,-1.2126075649945625,0.04935545313022249,0.03978866034863987,-0.15979830913295678,-0.20328354433919282,0,CRWD
2021-12-08,52.29499816894531,52.75,50.01250076293945,51.401248931884766,15924400,53.03075065612793,63.94975021362305,54.43452094153652,58.97380112390617,22.293336585267838,-4.539280182369652,-3.6854342071145947,-0.8538459752550569,0.023786145151466265,0.040641192558586614,-0.10181842793971663,-0.18224859371217617,1,CRWD
2021-12-09,50.317501068115234,53.34999847412109,49.84999847412109,52.4900016784668,13551200,52.29325065612793,63.75825019836426,53.80113326870247,58.3325937123661,21.727114157279104,-4.531460443663626,-3.8546394544244014,-0.6768209892392245,-0.03781426847824976,0.0414386155293948,-0.14902916279420264,-0.2108079987834085,0,CRWD
2021-12-10,49.650001525878906,51.375,49.125,50.4370002746582,13306800,51.44225082397461,63.52235023498535,53.16249761596039,57.68943873558926,22.61804860730078,-4.526941119628873,-3.989099787465296,-0.5378413321635769,-0.013265753029601535,0.04078651529136006,-0.018035303146584858,-0.21838531883327827,1,CRWD
2021-12-13,49.66999816894531,51.04249954223633,48.58000183105469,49.647499084472656,16202400,50.79500045776367,63.269400177001955,52.6251900087273,57.095406101023045,27.21404909332567,-4.470216092295743,-4.085323048431386,-0.3848930438643574,0.000402752113833893,0.040406514296408576,0.21760303002975911,-0.21494438022189344,1,CRWD
2021-12-14,49.6775016784668,50.15499877929688,48.0,49.25199890136719,15366800,50.33425064086914,63.068550186157225,52.17169949637953,56.54593169935221,30.290658787328837,-4.374232202972678,-4.143104879339645,-0.23112732363303312,0.0001510672397442292,0.03978972244228009,-0.05157260652742801,-0.21232529474935669,1,CRWD
2021-12-15,52.6775016784668,53.04999923706055,48.6875,49.63750076293945,17976800,50.56450080871582,62.89750022888184,52.249515216700644,56.25938132743477,39.17547843052787,-4.009866110734123,-4.116457125618541,0.10659101488441802,0.06038951031429152,0.038154481305192965,0.1698466824582867,-0.16248656167931663,0,CRWD
2021-12-16,50.06999969482422,53.0724983215332,49.22999954223633,52.92375183105469,16326800,50.337750625610354,62.65790023803711,51.91420513641196,55.80090861390806,34.015014276662896,-3.8867034774960985,-4.070506395994053,0.18380291849795416,-0.04949934792956323,0.0396653529444088,-0.09178496729117525,-0.2008988570538034,1,CRWD
2021-12-17,51.275001525878906,51.712501525878906,48.29999923706055,49.053001403808594,21852400,50.5390007019043,62.43400024414063,51.81586611940688,55.46565623701701,40.0632841797961,-3.649790117610131,-3.986363140317269,0.33657302270713796,0.02406634388654183,0.035302332994489295,0.33843741578263953,-0.17873272054691036,1,CRWD
2021-12-20,51.5724983215332,52.4474983215332,50.0,50.05924987792969,13956000,50.82850036621094,62.24045021057129,51.77842491973401,55.17727416920339,44.08589969818431,-3.398849249469386,-3.8688603621476925,0.47001111267830664,0.005801985115576169,0.03482676328526569,-0.3613516135527448,-0.17139901547862157,1,CRWD
2021-12-21,52.57749938964844,52.70249938964844,50.00749969482422,51.83250045776367,11497600,50.978250122070314,62.0702001953125,51.901359453567,54.98469825960673,55.498688783883246,-3.083338806039734,-3.711756050926101,0.628417244886367,0.019487151113941836,0.031883959410319594,-0.1761536256807108,-0.15293491523781078,0,CRWD
2021-12-22,51.900001525878906,52.625,51.07749938964844,51.369998931884766,11457600,50.938750457763675,61.84450019836426,51.90115054161498,54.75620220525652,48.83286602383116,-2.8550516636415395,-3.5404151734691887,0.6853635098276492,-0.012885699617409263,0.03137727817094694,-0.003478986919009164,-0.16079843220639978,1,CRWD
2021-12-23,52.880001068115234,53.25,51.16249847412109,51.900001525878906,10672800,51.19500045776367,61.54990020751953,52.05174293030733,54.61722434324606,60.86500123738554,-2.5654814129387304,-3.3454284213630974,0.7799470084243669,0.018882456906049727,0.02887113511712526,-0.0684960201089233,-0.14085967824761958,0,CRWD
2021-12-27,52.40999984741211,54.27750015258789,52.28749847412109,52.869998931884766,10949200,51.471000289916994,61.218050155639645,52.10685937909268,54.45372623244354,61.28837022779053,-2.3468668533508605,-3.1457161077606504,0.7988492544097898,-0.008888071316369928,0.028589266277563582,0.025897608874897005,-0.14387995510856866,0,CRWD
2021-12-28,51.807498931884766,52.71749877929688,51.56999969482422,52.5,6074800,51.684750366210935,60.88865020751953,52.06080392567608,54.25770939536512,52.46902216059668,-2.1969054696890353,-2.9559539801463277,0.7590485104572924,-0.011495915231472642,0.02908179519027876,-0.4451832097322179,-0.14914358003806227,0,CRWD
2021-12-29,51.71749877929688,51.85749816894531,50.337501525878906,51.67250061035156,7702800,51.888750076293945,60.49625015258789,52.007987749310054,54.06954564602673,47.878010408385045,-2.0615578967166783,-2.7770747634603983,0.71551686674372,-0.0017372031934259624,0.029120003565386333,0.2679923618884572,-0.14511232268361474,0,CRWD
2021-12-30,52.23749923706055,53.397499084472656,51.5,51.75,7901200,51.84474983215332,60.129250106811526,52.04329720896398,53.933838504621825,57.90122604040754,-1.8905412956578473,-2.599768069899888,0.7092267742420408,0.010054632765261085,0.021799034902458932,0.025756867632549252,-0.13124645419213354,0,CRWD
2021-12-31,51.1875,52.244998931884766,51.14250183105469,52.23749923706055,6872400,51.956499862670896,59.73635017395019,51.9116360998926,53.730406022797986,56.134044781025906,-1.818769922905389,-2.4435684405009885,0.6247985175955995,-0.020100488200928468,0.015566099693774047,-0.13020806966030474,-0.14310968361903997,0,CRWD
2022-01-03,49.58250045776367,51.39374923706055,48.37749862670898,51.25,21246400,51.78724975585938,59.30750015258789,51.55330753956507,53.42315375872137,49.69010913530221,-1.869846219156301,-2.328823996232051,0.45897777707574994,-0.03135530241243134,0.016781383981972632,2.0915546242942784,-0.16397588281083308,0,CRWD
2022-01-04,47.29750061035156,49.36125183105469,45.83000183105469,48.97249984741211,26013600,51.359749984741214,58.836500091552736,50.89856801199376,52.96940167365693,42.741686484710605,-2.0708336616631726,-2.2772259293182753,0.20639226765510266,-0.04608480464510989,0.021136925837865184,0.2243768356050908,-0.196119746471083,1,CRWD
2022-01-05,44.8224983215332,47.84000015258789,44.747501373291016,46.25,20013600,50.584249877929686,58.33245002746582,49.96378805961521,52.3659273512774,25.252041595817133,-2.4021392916621878,-2.3022086017870578,-0.09993068987512999,-0.05232839488090579,0.022743545983592958,-0.23064858381769537,-0.2316026791189374,1,CRWD
2022-01-06,46.872501373291016,48.04249954223633,44.0625,45.0625,25474400,50.081499862670896,57.83450012207031,49.48820549248841,51.95900690846359,39.559191755223665,-2.470801415975181,-2.3359271646246826,-0.13487425135049858,0.04573602830105905,0.029936585845402628,0.27285445896790184,-0.18954082296279884,0,CRWD
2022-01-07,47.247501373291016,48.317501068115234,46.20249938964844,46.25,14127600,49.518249893188475,57.384450149536136,49.14348178184266,51.61000649845081,36.09528879354963,-2.4665247166081485,-2.362046675021376,-0.10447804158677254,0.008000426455023524,0.028962828453945568,-0.4454197154790692,-0.17664975005998318,0,CRWD
2022-01-10,48.125,48.29499816894531,43.71749877929688,45.65250015258789,28208000,49.08974990844727,56.94110008239746,48.98679227694379,51.35185786893594,38.55602506746154,-2.365065591992149,-2.362650458415531,-0.002415133576618267,0.018572381632969037,0.030430934563423637,0.9966590220561171,-0.15482841163307337,0,CRWD
2022-01-11,49.02750015258789,49.625,47.185001373291016,47.40250015258789,14652400,48.81175003051758,56.512650146484376,48.99305502704288,51.17968322328052,38.13503158726819,-2.186628196237642,-2.327446005979953,0.14081780974231117,0.01875324992390426,0.03153632545645012,-0.48055870674985823,-0.13245087559147384,0,CRWD
2022-01-12,46.99250030517578,50.16999816894531,46.42499923706055,49.15250015258789,24011200,48.33925018310547,56.10665008544922,48.68527737752486,50.86952152564314,34.96246437201229,-2.1842441481182746,-2.2988056344076173,0.1145614862893427,-0.0415073140804364,0.03351771850985053,0.638721301629767,-0.16244330692338227,0,CRWD
2022-01-13,43.72499847412109,47.122501373291016,43.38249969482422,47.03749847412109,30261600,47.488000106811526,55.6405500793457,47.92215754623198,50.340297595900765,25.39640133019188,-2.4181400496687857,-2.3226725174598513,-0.09546753220893445,-0.06953241070032634,0.037674761859861475,0.26031185446791505,-0.21415229698902238,0,CRWD
2022-01-14,44.17499923706055,45.375,43.04249954223633,43.46749877929688,18698800,46.78675003051758,55.170800094604495,47.3456716525133,49.88360882857926,27.84504268107952,-2.5379371760659595,-2.365725449181073,-0.1722117268848864,0.010291613004990596,0.03860973971358339,-0.3820948000105745,-0.199304719864291,0,CRWD
2022-01-18,43.212501525878906,45.970001220703125,42.51250076293945,43.182498931884766,18930400,46.1497501373291,54.63695014953613,46.70979932533878,49.389452732082944,27.315925537606432,-2.6796534067441655,-2.4285110406936914,-0.25114236605047413,-0.021788290386073328,0.03824724023678499,0.012385821550046083,-0.2090974805949014,0,CRWD
2022-01-19,43.9275016784668,45.47174835205078,42.880001068115234,42.9275016784668,17754000,45.812750244140624,54.14835021972656,46.281753533512315,48.98486376514841,30.097098355041226,-2.7031102316360958,-2.4834308788821726,-0.21967935275392314,0.01654614121702025,0.037342796557082225,-0.062143430672357725,-0.18875641639652851,0,CRWD
2022-01-20,43.47249984741211,45.625,43.3337516784668,44.33250045776367,12689200,45.67775039672851,53.6031502532959,45.84956065872767,48.576540511982756,27.531409393873034,-2.726979853255088,-2.5321406737567558,-0.19483917949833218,-0.010358017498585115,0.03384243419639926,-0.2852765573955165,-0.1889935639605601,0,CRWD
2022-01-21,41.182498931884766,43.3125,40.77750015258789,42.970001220703125,25272400,45.10875015258789,52.96090026855469,45.1315511622903,48.0288337282718,25.88576065627852,-2.8972825659814987,-2.6051690522017044,-0.29211351377979433,-0.05267700094462513,0.03253146293998886,0.9916464394918514,-0.22239805737711937,1,CRWD
2022-01-24,41.817501068115234,42.05500030517578,37.505001068115234,39.29375076293945,35025200,44.56575012207031,52.389450302124025,44.62169730164798,47.56873501270465,30.36663515885725,-2.947037711056673,-2.673542783972698,-0.2734949270839748,0.015419223036483354,0.03312677058176597,0.3859071556322311,-0.2017953838614751,1,CRWD
2022-01-25,39.647499084472656,42.23749923706055,39.375,41.75,21112000,43.71800003051758,51.777800216674805,43.856436037467155,46.98197679579858,30.544259582432545,-3.125540758331425,-2.763942378844444,-0.36159837948698126,-0.051892196525754386,0.03348143294686034,-0.39723399152610117,-0.23427610059601645,1,CRWD
2022-01-26,40.23500061035156,42.810001373291016,39.817501068115234,40.56499862670898,20196000,42.83875007629395,51.16100028991699,43.299292125603216,46.48220078206177,37.093838814138024,-3.182908656458551,-2.8477356343672655,-0.3351730220912854,0.014818123196804311,0.03301250266397819,-0.043387646835922666,-0.21356110352906388,1,CRWD
2022-01-27,39.95249938964844,41.942501068115234,39.59000015258789,41.040000915527344,15563600,42.13474998474121,50.68930030822754,42.784400935456325,45.99851919743856,28.38176125227828,-3.214118261982236,-2.9210121598902594,-0.2931061020919765,-0.0070212803881614105,0.032199207838270134,-0.22937215290156465,-0.21181592275473515,1,CRWD
2022-01-28,42.22499847412109,42.29249954223633,39.02999877929688,40.150001525878906,18070400,41.984749984741214,50.221250228881836,42.69833901832783,45.718999143859484,35.97262752142268,-3.0206601255316556,-2.9409417530185387,-0.07971837251311698,0.05688002300705741,0.033470794183603825,0.16106813333676007,-0.1592204837258745,1,CRWD
2022-01-31,45.15999984741211,45.220001220703125,42.560001373291016,42.67499923706055,19759200,42.08325004577637,49.77555023193359,43.07705606895618,45.677591788567085,42.57264882614986,-2.600535719610903,-2.872860546337012,0.2723248267261087,0.06950861999651292,0.04056576048577451,0.09345670267398609,-0.09272725993012465,0,CRWD
2022-02-01,45.53749847412109,45.72850036621094,44.060001373291016,45.50249862670898,12028000,42.31574974060059,49.3627001953125,43.45558566975078,45.66721450601553,41.02135306964728,-2.211628836264751,-2.74061420432256,0.5289853680578092,0.008359137023571384,0.039633049012722,-0.3912709016559375,-0.07749174388873192,0,CRWD
2022-02-02,44.2599983215332,46.25,43.52000045776367,45.75,14101600,42.348999404907225,48.9597501373291,43.57934146233269,45.562976270127955,42.6850471907074,-1.9836348077952621,-2.5892183250171006,0.6055835172218385,-0.028053806102543932,0.04080143050804059,0.17239773860991026,-0.0959921527910862,1,CRWD
2022-02-03,42.657501220703125,43.95000076293945,42.380001068115234,42.99325180053711,12871600,42.26749954223633,48.614700164794925,43.43751988669737,45.34775589609649,46.8626099450953,-1.9102360093991138,-2.4534218618935033,0.5431858524943896,-0.036206442873958244,0.04242257121827,-0.08722414477789753,-0.12253904526610238,1,CRWD
2022-02-04,44.3025016784668,44.65999984741211,42.25,42.72249984741211,8322400,42.57949981689453,48.347850189208984,43.57059400850805,45.27032965775355,50.350137062988644,-1.699735649245497,-2.302684619363902,0.6029489701184052,0.03856298214123477,0.039826164059441796,-0.3534292551042606,-0.0836717350391123,1,CRWD
2022-02-07,44.709999084472656,45.79750061035156,44.09000015258789,44.20000076293945,7954400,42.86874961853027,48.088200149536135,43.745887097117986,45.22882368936237,54.241600968817274,-1.4829365922443856,-2.138735013939999,0.6557984216956134,0.009198067616211558,0.03974655279201454,-0.04421801403441317,-0.0702501040704071,1,CRWD
2022-02-08,44.72499847412109,46.02999877929688,43.95750045776367,43.994998931884766,15286400,43.376499557495116,47.81950012207031,43.896519616656924,45.19150330304821,52.35215055275688,-1.2949836863912836,-1.969984748430256,0.6750010620389724,0.00033548177042219685,0.03412080727444655,0.9217539977873881,-0.0647121287351351,1,CRWD
2022-02-09,46.72499847412109,46.75,45.25249862670898,45.525001525878906,10286000,44.02549934387207,47.63115005493164,44.33167021011295,45.30509553794249,58.791724247160595,-0.9734253278295455,-1.770672864310114,0.7972475364805685,0.04471772092194137,0.03561057419466068,-0.3271142976763659,-0.019024348136996716,0,CRWD
2022-02-10,46.970001220703125,48.369998931884766,45.55500030517578,45.557498931884766,13861200,44.72724952697754,47.48485008239746,44.73756728866528,45.42842188481365,67.58851591437367,-0.6908545961483696,-1.5547092106777651,0.8638546145293955,0.005243504645970898,0.03494888499669678,0.3475792339101691,-0.010842381534340917,0,CRWD
2022-02-11,45.46500015258789,47.8125,44.65250015258789,47.122501373291016,13074800,45.05124969482422,47.38665008544922,44.84948003696107,45.43113138613026,60.52821080865627,-0.5816513491691921,-1.3600976383760506,0.7784462892068584,-0.03204175067067849,0.034945861051014146,-0.05673390471243467,-0.04055255919960887,0,CRWD
2022-02-14,45.150001525878906,46.65499877929688,44.977500915527344,45.015750885009766,10595600,45.050249862670896,47.24290008544922,44.8957141121792,45.41030695203757,67.78730523894177,-0.5145928398583735,-1.1909966786725152,0.6764038388141418,-0.006928376237804845,0.027569000305562037,-0.18961666717655334,-0.04430080616949528,0,CRWD
2022-02-15,47.32500076293945,47.375,45.602500915527344,46.27574920654297,9884000,45.229000091552734,47.20415008544922,45.26945051998847,45.55213612321549,70.78569806961295,-0.28268560322702285,-1.0093344635834167,0.7266488603563939,0.04817273894916463,0.031459497705933884,-0.06715995318811585,0.0025601706051578965,0,CRWD
2022-02-16,45.81999969482422,46.65299987792969,45.084999084472656,46.55899810791016,11019600,45.385000228881836,47.147000045776366,45.35415039304012,45.57197786926058,66.05115984351755,-0.21782747622045662,-0.8510330661108247,0.6332055898903681,-0.031801395538355925,0.03190687421768204,0.1148927559692432,-0.028146018827575947,0,CRWD
2022-02-17,42.462501525878906,45.470001220703125,42.2400016784668,45.46500015258789,14577600,45.36550025939941,46.97465003967285,44.90928133655378,45.341646288269345,50.61330692810264,-0.432364951715563,-0.7672994432317725,0.33493449151620946,-0.07327582259509646,0.03854935764630488,0.32287923336600244,-0.09605496815799952,1,CRWD
2022-02-18,41.23249816894531,42.744998931884766,41.02999877929688,42.26499938964844,13380400,45.05849990844727,46.753400039672854,44.34362238769094,45.037264946097196,38.87865707081759,-0.6936425584062533,-0.7525680662666687,0.058925507860415394,-0.02896681337023832,0.03696831628369862,-0.0821260015366041,-0.11808556952099203,1,CRWD
2022-02-22,41.6775016784668,42.720001220703125,40.3692512512207,40.375,13124800,44.75525016784668,46.580600051879884,43.933449970887224,44.78839359293939,39.11143498669862,-0.8549436220521685,-0.7730431774237687,-0.08190044462839974,0.010792543000866406,0.037047067216762423,-0.01910256793518883,-0.10526052407981401,1,CRWD
2022-02-23,40.45750045776367,42.900001525878906,40.40900039672852,42.653751373291016,14637600,44.32850036621094,46.39675003051758,43.39868850732976,44.467586694037486,39.23872324530437,-1.0688981867077274,-0.8322141792805605,-0.2366840074271669,-0.029272417289193053,0.03762970493858084,0.11526270876508593,-0.1280100345142139,1,CRWD
2022-02-24,45.720001220703125,46.08250045776367,38.375,38.375,38298800,44.22800064086914,46.31775009155273,43.75581354015643,44.56035814045717,57.1796952106628,-0.804544600300737,-0.8266802634845959,0.022135663183858845,0.13007478720622734,0.05630170056180086,1.6164671804120894,-0.01290539522468348,1,CRWD
2022-02-25,45.4375,45.92499923706055,43.56499862670898,45.62749862670898,21910800,44.07475051879883,46.2329500579834,44.01453453397852,44.62533161153441,52.84246901861338,-0.610797077555894,-0.7835036262988556,0.17270654874296165,-0.006178941670176519,0.05628132545490713,-0.42789852423574626,-0.017205262847942437,0,CRWD
2022-02-28,48.8025016784668,49.3125,46.682498931884766,46.837501525878906,33342800,44.40850067138672,46.1554500579834,44.75114486389979,44.93475161649237,58.926819591748966,-0.1836067525925813,-0.6635242515576008,0.47991749896501945,0.07405780860449629,0.05986342626247324,0.5217518301476898,0.057350792098397996,0,CRWD
2022-03-01,49.40999984741211,51.41999816894531,48.9635009765625,50.33250045776367,27459200,44.83450050354004,46.142250061035156,45.46789178444014,45.26625148544939,59.96172488802089,0.2016402989907533,-0.49049134144792994,0.6921316404386832,0.012448094832264722,0.05961560986706185,-0.17645788596038725,0.07081903856128613,0,CRWD
2022-03-02,50.4375,50.84249877929688,47.567501068115234,49.650001525878906,17182800,45.14575042724609,46.12550003051758,46.23244689452628,45.64930693097166,58.23444541766114,0.5831399635546148,-0.275765080447421,0.8589050440020358,0.020795388701902784,0.05831309051368771,-0.3742425125276774,0.0934840807499,0,CRWD
2022-03-03,47.755001068115234,51.20000076293945,47.27000045776367,50.0,20631200,45.339250564575195,46.04915008544922,46.46668599815535,45.80528427446377,51.57125624908469,0.6614017236915757,-0.08833171961962163,0.7497334433111973,-0.05318461327156909,0.060287972107340576,0.2006890611541774,0.03704413609155921,0,CRWD
2022-03-04,44.75749969482422,48.46500015258789,44.31999969482422,48.43999862670898,18886800,45.56875038146973,45.892750091552735,46.20373425918133,45.72767060189788,48.66370713393218,0.47606365728345423,0.02454735576099354,0.4515163015224607,-0.06276832386655251,0.058831998878395554,-0.08455155298770789,-0.024737031327688452,1,CRWD
2022-03-07,41.84999847412109,45.6150016784668,41.397499084472656,45.247501373291016,20489600,45.6305004119873,45.691750030517575,45.53392875378745,45.44043562946997,44.323065700443266,0.09349312431748302,0.03833650947229143,0.05515661484519159,-0.06496120740719924,0.062263084709307394,0.084863502552047,-0.08407976393617178,1,CRWD
2022-03-08,39.192501068115234,41.25249862670898,38.84000015258789,41.25,26687200,45.38200035095215,45.418000030517575,44.55832449445326,44.97762566196221,36.23826478219792,-0.41930116750894797,-0.053191025923956456,-0.3661101415849915,-0.06350053770370334,0.06559697563555562,0.3024754021552398,-0.13707118231140214,1,CRWD
2022-03-09,42.4474983215332,42.77000045776367,39.41749954223633,40.32749938964844,37148800,45.5810001373291,45.21875,44.23358200631171,44.79020882193043,44.61218803983642,-0.5566268156187206,-0.1538781838629093,-0.4027486317558113,0.08305153191833536,0.07028530157697298,0.39200815372163444,-0.06128545522525053,1,CRWD
2022-03-10,47.755001068115234,49.66749954223633,45.63750076293945,46.97499847412109,96541600,45.78450012207031,45.13770004272461,44.77533878505071,45.009823062388556,57.959242212414814,-0.23448427733784882,-0.16999940255789722,-0.0644848747799516,0.1250368798268986,0.06931635127839826,1.5987811180980276,0.05798481143064982,1,CRWD
2022-03-11,47.6349983215332,49.25,47.375,47.77999877929688,31932400,46.00424995422363,45.056050033569335,45.215286406048016,45.20428048899186,59.96110226472182,0.011005917056152725,-0.13379833863508725,0.14480425569123997,-0.0025128833399221673,0.06925162734819287,-0.6692368885537426,0.05723866797116939,1,CRWD
2022-03-14,45.77999877929688,47.97999954223633,44.5,47.00249862670898,23422000,45.70199966430664,44.92690002441406,45.30216523270169,45.24692628827371,56.11445943765475,0.05523894442797683,-0.09599088202247444,0.15122982645045127,-0.038941946207601275,0.06621879028558884,-0.2665130087309441,0.01898859601751357,1,CRWD
2022-03-15,47.15999984741211,47.2599983215332,44.540000915527344,45.875,20344000,45.47699966430664,44.846350021362305,45.587985942657134,45.38863544080249,59.94214720774268,0.19935050185464576,-0.036922605247050405,0.23627310710169616,0.030144191894109662,0.06695303837916122,-0.1314149090598582,0.05159059377067954,1,CRWD
2022-03-16,47.415000915527344,49.45500183105469,45.31999969482422,47.897499084472656,30955600,45.174749755859374,44.80300003051758,45.86906516925255,45.538736587078404,52.95296066981288,0.33032858217414685,0.03652763223718905,0.2938009499369578,0.005407147348182706,0.06652892823749085,0.5216083366103028,0.05829968714663303,1,CRWD
2022-03-17,51.032501220703125,51.27750015258789,46.630001068115234,47.31999969482422,26094000,45.50249977111817,44.87770004272461,46.663439946398796,45.945682115495046,58.73263708616464,0.71775783090375,0.17277367197050125,0.5449841589332487,0.07629442655965724,0.06851132320677825,-0.1570507436457378,0.13714609198151861,1,CRWD
2022-03-18,52.01499938964844,52.41875076293945,50.1875,50.400001525878906,26416400,46.22824974060059,45.02155006408692,47.48675678382182,46.39526117283974,55.416908683332856,1.0914956109820793,0.35651805977281686,0.7349775512092624,0.01925240083170232,0.06374516572319451,0.012355330727370273,0.1553355963001395,1,CRWD
2022-03-21,51.032501220703125,51.372501373291016,48.875,50.75,25228400,47.14650001525879,45.104750061035155,48.03225592795741,46.73876043564443,52.70169239038566,1.293495492312978,0.5439135462808491,0.7495819460321289,-0.018888747101299397,0.05862862157646926,-0.04497206280946686,0.13142188243248465,1,CRWD
2022-03-22,54.26499938964844,54.9375,51.00249862670898,51.04999923706055,25567600,48.65374984741211,45.245100021362305,48.99113953744833,47.29625961742251,55.93732972478082,1.6948799200258264,0.7741068210298446,0.9207730989959818,0.0633419505535413,0.05147157289572619,0.013445164972808454,0.19935638033792435,1,CRWD
2022-03-23,54.869998931884766,55.994998931884766,52.64125061035156,53.31124877929688,18499600,49.895999908447266,45.38,49.89557944428471,47.85727734441971,61.79737713777389,2.0383020998649997,1.0269458767968755,1.0113562230681241,0.01114898275207099,0.048847204654592774,-0.2764436239615764,0.2091229381199815,1,CRWD
2022-03-24,55.84999847412109,55.872501373291016,53.79999923706055,55.0,12221200,50.70549964904785,45.51644996643066,50.81164391041338,48.449330761434624,69.71123941781511,2.3623131489787568,1.294019331233252,1.0682938177455048,0.017860389307695845,0.03464762407042029,-0.3393803109256416,0.2270288767096651,1,CRWD
2022-03-25,55.48749923706055,56.4375,54.17499923706055,56.25,11226800,51.490749740600585,45.68634994506836,51.5310062683591,48.97067657444396,76.64355464717943,2.5603296939151434,1.5472814037696305,1.013048290145513,-0.006490586337768778,0.03490957998926528,-0.08136680522370965,0.21453123971988886,1,CRWD
2022-03-28,55.52999877929688,56.4375,54.227500915527344,55.03749847412109,10764800,52.465749740600586,45.92244995117188,52.14623588542645,49.45655229332195,85.55108208585403,2.689683592104501,1.7757618414366045,0.9139217506678965,0.0007659300350655318,0.029871614648450517,-0.04115153026686147,0.20921246227804602,1,CRWD
2022-03-29,55.75249862670898,56.36000061035156,53.38750076293945,56.11249923706055,17199600,53.32499961853027,46.153999938964844,52.701045537931456,49.922918688387654,83.3542253917118,2.7781268495438027,1.9762348430580443,0.8018920064857584,0.0040068404880830855,0.030017210501867432,0.597763079667063,0.2079667786202153,0,CRWD
2022-03-30,56.2400016784668,57.875,54.595001220703125,55.185001373291016,18206400,54.20749969482422,46.4145499420166,53.24550032878305,50.39085076172685,78.04958879455067,2.8546495670561995,2.1519177878576756,0.7027317791985239,0.008744057464077137,0.02988895765553597,0.05853624502895416,0.21168904467940863,0,CRWD
2022-03-31,56.77000045776367,58.087501525878906,55.75749969482422,56.26250076293945,16580800,54.781249618530275,46.67139991760254,53.78773111785699,50.863380368840694,79.40136617026893,2.9243507490162983,2.3064043800894,0.6179463689268982,0.009423875595291786,0.02164170630024236,-0.08928728359258287,0.2163766366123583,0,CRWD
2022-04-01,56.962501525878906,58.21500015258789,56.13249969482422,56.32500076293945,15636800,55.27599983215332,46.941199951171875,54.27615733447574,51.3151671212139,90.30457637260383,2.9609902132618444,2.437321546723889,0.5236686665379553,0.0033908942498328543,0.021543908964640996,-0.056933320467046244,0.21348626760992828,0,CRWD
2022-04-04,57.25749969482422,57.51750183105469,56.400001525878906,57.0,12022000,55.89849967956543,47.26269996643067,54.734825389913965,51.755339904444284,89.48193182614823,2.979485485469681,2.5457543344730476,0.4337311509966333,0.005178813448199593,0.01926497331062362,-0.2311726184385552,0.2114733126861683,0,CRWD
2022-04-05,54.9900016784668,57.59249877929688,54.47124862670898,57.497501373291016,14261200,55.97099990844727,47.5261499786377,54.77408328046055,51.994944480297804,75.59123330521284,2.779138800162748,2.5924312276109878,0.1867075725517604,-0.03960176445780761,0.015822393993099326,0.18625852603560134,0.1570472614167988,1,CRWD
2022-04-06,52.80500030517578,53.897499084472656,51.79999923706055,53.133750915527344,17562000,55.764500045776366,47.78930000305176,54.47114743810905,52.05494861547395,56.62988612548114,2.4161988226351028,2.557184746615811,-0.14098592398070808,-0.03973452094195207,0.019987708088710112,0.2314531736459764,0.10495446264757446,1,CRWD
2022-04-07,54.25749969482422,55.375,52.56999969482422,52.69499969482422,14176400,55.60525016784668,48.06974998474121,54.43827855452677,52.218100547277665,58.102985706629745,2.2201780072491033,2.4897833987424693,-0.26960539149336604,0.02750685316265522,0.02132874623726127,-0.19277986561895,0.12872439969101546,1,CRWD
2022-04-08,54.5525016784668,56.92499923706055,53.79999923706055,55.375,26921600,55.51175041198731,48.36175003051758,54.455851342825234,52.39101914958797,63.384034488350395,2.0648321932372653,2.4047931576414285,-0.33996096440416324,0.005437072944788124,0.021425325259673913,0.8990434807144267,0.12800925615890013,1,CRWD
2022-04-11,54.150001525878906,54.997501373291016,52.11000061035156,53.442501068115234,12635600,55.37375068664551,48.60025009155274,54.40879752483349,52.52131414042434,49.442839790842214,1.8874833844091512,2.301331202994973,-0.41384781858582187,-0.00737821621747492,0.021484825714997085,-0.530651967193629,0.11419182872251876,1,CRWD
2022-04-12,55.87749862670898,59.04475021362305,55.58250045776367,56.837501525878906,34805600,55.38625068664551,48.81460006713867,54.63475154050664,52.769920398667644,54.40244674091255,1.864831141838998,2.214031190763778,-0.34920004892477996,0.0319020692918075,0.02405252616214754,1.7545664630092754,0.14468823978596834,0,CRWD
2022-04-13,59.96500015258789,60.5,55.9375,56.02750015258789,32478800,55.75875053405762,49.10315010070801,55.454789788519136,53.3028892693284,64.14089998020555,2.1519005191907326,2.2016050564491687,-0.049704537258436154,0.07315111854210876,0.03333965849196432,-0.06685131128324173,0.22120475019632746,0,CRWD
2022-04-14,58.80500030517578,59.88750076293945,58.76499938964844,59.505001068115234,17425600,55.962250518798825,49.39405014038086,55.9702067910817,53.71045304976154,60.80795276461472,2.2597537413201607,2.213234793423367,0.04651894789679378,-0.01934461509981411,0.0343269118096491,-0.46347771469389265,0.1905280117351873,0,CRWD
2022-04-18,56.247501373291016,58.625,55.540000915527344,58.5,14405200,55.89075050354004,49.665850143432614,56.012867496036975,53.898382555208165,52.00840482754362,2.1144849408288096,2.1934848229044555,-0.0789998820756459,-0.043491181338530915,0.037483389974113206,-0.1733311908915618,0.1325186463304444,0,CRWD
2022-04-19,57.165000915527344,57.68999862670898,55.57500076293945,56.247501373291016,10841600,55.88150062561035,49.92310012817383,56.19011879134318,54.14035428560218,53.80574530545024,2.0497645057410026,2.164740759471765,-0.11497625373076259,0.016311827544965407,0.037838979191212596,-0.24738288951212062,0.145061119376811,0,CRWD
2022-04-20,55.622501373291016,58.0,54.375,57.33000183105469,13689600,55.94475059509277,50.141350173950194,56.10279303471977,54.250142958764314,48.425747739189596,1.8526500759554523,2.1023226227685026,-0.2496725468130503,-0.026983285533672574,0.036542153887612616,0.2626918536009446,0.10931399294844746,0,CRWD
2022-04-21,52.462501525878906,56.79999923706055,51.95500183105469,55.95249938964844,12722800,55.91050071716309,50.29610023498535,55.54274818720579,54.117725074846874,40.316961646529414,1.4250231123589145,1.966862720686585,-0.5418396083276704,-0.05681153794585525,0.039011205253266026,-0.07062295465170643,0.043072947619637425,0,CRWD
2022-04-22,51.40499877929688,53.5412483215332,50.91999816894531,52.25,11267200,55.62525062561035,50.38970024108887,54.9061713552198,53.916782386287615,37.97467664835547,0.9893889689321824,1.7713679703357046,-0.7819790014035222,-0.02015730694923834,0.038184102143182075,-0.11440877794196247,0.020148929907308988,0,CRWD
2022-04-25,53.64500045776367,54.125,50.505001068115234,50.709999084472656,12071200,55.53450050354004,50.52320022583008,54.712145063303474,53.89665039158214,42.79014271024763,0.815494671721332,1.58019331061283,-0.764698638891498,0.04357556135900431,0.04110599166216774,0.07135756887247946,0.061789439662960355,0,CRWD
2022-04-26,50.34999847412109,53.212501525878906,50.26750183105469,52.935001373291016,13348000,55.15450019836426,50.62090019226074,54.041045588044646,53.633935434733175,41.10429026095419,0.4071101533114714,1.3455766791525585,-0.9384665258410871,-0.06142234980940753,0.04537962777225839,0.10577241699251116,-0.005351578441133098,0,CRWD
2022-04-27,50.26499938964844,51.7400016784668,49.53499984741211,50.022499084472656,10423600,54.5932502746582,50.72320014953613,53.460115403676,53.38438461657875,44.70391876573084,0.07573078709724967,1.091607500741497,-1.0158767136442473,-0.0016881645888496832,0.04343708635665945,-0.21908900209769255,-0.009033356699436945,0,CRWD
2022-04-28,51.76499938964844,52.49250030517578,49.64250183105469,50.70249938964844,10404800,53.77325019836426,50.812000122070316,53.19932832459484,53.26443015532465,44.813235056438934,-0.0651018307298159,0.8602656344472345,-0.9253674651770504,0.02984183861959644,0.03573656275594697,-0.0018035995241567626,0.018755397647969962,0,CRWD
2022-04-29,49.68999862670898,53.04750061035156,49.45000076293945,51.65250015258789,11754800,52.86175003051758,50.88940010070801,52.659431447997015,52.99965744950127,40.57928405645173,-0.34022600150425575,0.6201673072569365,-0.9603933087611922,-0.040085014728202695,0.0366697907934113,0.1297478087036752,-0.02356878783450911,0,CRWD
2022-05-02,50.91249847412109,51.125,49.14250183105469,49.625,9114400,52.32824974060058,51.058400039672854,52.39067252893918,52.84505308095459,43.920753441142416,-0.45438055201541516,0.4052577354024662,-0.8596382874178814,0.02460253333062079,0.03733270098554137,-0.2246231326777146,-0.002857542841890881,0,CRWD
2022-05-03,49.84999847412109,51.95750045776367,48.77750015258789,50.91249847412109,13354400,51.596749496459964,51.23075004577637,51.999799597428705,52.62319718415211,38.39191350465,-0.6233975867234065,0.19952667097729165,-0.8229242577006981,-0.02086913885281172,0.0363388083277063,0.46519792855262,-0.026951617347423795,0,CRWD
2022-05-04,50.09749984741211,50.17499923706055,45.34749984741211,50.09000015258789,24749200,51.04424934387207,51.39915000915527,51.70713809742615,52.43610849254174,27.698049517164364,-0.7289703951155886,0.0138272577587156,-0.7427976528743042,0.004964922384491421,0.03637718798039872,0.8532618462828732,-0.02532435189125326,0,CRWD
2022-05-05,45.244998931884766,49.7599983215332,44.293251037597656,49.755001068115234,19947600,50.32249908447265,51.4948999786377,50.71296284118902,51.90343371027085,23.736203588784747,-1.1904708690818353,-0.2270323676093946,-0.9634385014724407,-0.09686113938434415,0.0436125220823362,-0.19401031144441028,-0.12136932102685238,0,CRWD
2022-05-06,41.20249938964844,44.72249984741211,40.185001373291016,44.6662483215332,33142400,49.302249145507815,51.4045499420166,49.24981461787508,51.11077190874327,22.445058242587578,-1.8609572908681855,-0.5538173522611528,-1.3071399386070328,-0.08934688115082534,0.049783202465163066,0.661473059415669,-0.19846590552540366,0,CRWD
2022-05-09,35.92250061035156,40.150001525878906,35.51499938964844,39.75249862670898,37101600,47.5299991607666,51.21424995422363,47.19945861671762,49.98571477552907,16.454802668293624,-2.7862561588114474,-1.0003051135712118,-1.7859510452402356,-0.1281475361328056,0.05452844592224521,0.11946026841749546,-0.29858387768131245,1,CRWD
2022-05-10,37.970001220703125,38.567501068115234,34.9275016784668,37.66749954223633,29572400,46.291999435424806,50.99759994506836,45.779542094253856,49.095661919616035,22.56159754872772,-3.316119825362179,-1.4634680559294053,-1.8526517694327738,0.05699771941159204,0.061291984735603385,-0.20293464432800745,-0.25545513393567154,0,CRWD
2022-05-11,34.349998474121094,38.18624877929688,34.20500183105469,37.08100128173828,25913200,44.70049934387207,50.69639991760254,44.021150768079586,48.003390553283076,22.243510135382394,-3.9822397852034896,-1.9672224017842221,-2.0150173834192673,-0.09533849434295583,0.06423829136602477,-0.1237369980116595,-0.32243712512228573,1,CRWD
2022-05-12,34.95249938964844,36.25,32.5,33.54999923706055,23956000,43.01924934387207,50.38669990539551,42.625973632936336,47.036657874495326,24.43081020129644,-4.4106842415589895,-2.4559147697391754,-1.954769471819814,0.017540056544143923,0.06295452325060685,-0.07552907398545916,-0.30631497090950277,1,CRWD
2022-05-13,39.0724983215332,39.43949890136719,35.76499938964844,35.76499938964844,24976400,41.95749931335449,50.21304985046387,42.0792851234897,46.44672012983146,28.602892907313603,-4.367435006341765,-2.8382188170596936,-1.5292161892820713,0.11787422942077064,0.07961129975918156,0.04259475705460014,-0.22186566165782795,0,CRWD
2022-05-16,36.59749984741211,39.41999816894531,36.20500183105469,38.5,16463200,40.52599945068359,50.049849853515624,41.23593354255468,45.717148257059655,29.308661993794345,-4.481214714504972,-3.1668179965487497,-1.3143967179562224,-0.0633437476599007,0.0788856342979422,-0.3408497621754937,-0.2687790282183752,1,CRWD
2022-05-17,36.817501068115234,38.71749877929688,35.20000076293945,37.83250045776367,21264000,39.22274971008301,49.94919990539551,40.55617470033323,45.05791513195266,29.849409363638742,-4.501740431619432,-3.433802483562886,-1.0679379480565454,0.006011372952261507,0.0796722625856966,0.2916079498517907,-0.26290108474513907,0,CRWD
2022-05-18,34.625,37.10499954223633,34.09000015258789,36.04499816894531,23580400,37.675499725341794,49.8578498840332,39.64368628489735,44.28510660365988,24.838524986935298,-4.641420318762528,-3.675326050602815,-0.9660942681597127,-0.059550512786268106,0.07941109834984024,0.10893528969149746,-0.3055256076919488,1,CRWD
2022-05-19,35.65999984741211,37.1974983215332,34.16999816894531,34.650001525878906,18328800,36.71699981689453,49.72209991455078,39.030811448361156,43.646209806900785,28.75530441557507,-4.615398358539629,-3.863340512190178,-0.7520578463494512,0.029891692344031995,0.07826676468694928,-0.22271038659225462,-0.28281388137880137,1,CRWD
2022-05-20,37.185001373291016,39.17625045776367,35.51250076293945,37.94499969482422,32790000,36.31525001525879,49.5106999206543,38.74684066758113,43.167601774781545,29.40206369676126,-4.420761107200413,-3.974824631192225,-0.44593647600818764,0.04276504577690221,0.0765304067480089,0.7889878224433677,-0.24895019797975815,1,CRWD
2022-05-23,37.317501068115234,38.49250030517578,36.21749877929688,36.93999862670898,17555200,36.454750061035156,49.304349975585936,38.5269422676633,42.73426098169515,30.655251645144972,-4.2073187140318495,-4.0213234477601505,-0.18599526627169904,0.0035632564187395577,0.06372844301050085,-0.4646172613601708,-0.2431194998698134,1,CRWD
2022-05-24,34.967498779296875,37.095001220703125,34.26250076293945,36.67250061035156,16977600,36.15449981689453,49.08809997558594,37.97933557714539,42.158945262998984,28.069288026895634,-4.179609685853592,-4.052980695378839,-0.12662899047475307,-0.06297319545938851,0.06427625967088582,-0.03290193219103177,-0.28765833681303565,1,CRWD
2022-05-25,36.65999984741211,37.20500183105469,34.42499923706055,34.70624923706055,18063200,36.38549995422363,48.87809997558594,37.77636084949412,41.75161597295551,36.30126496722051,-3.9752551234613946,-4.03743558099535,0.06218045753395529,0.04840211988846366,0.057924642159713866,0.06394307793798881,-0.24997084858610774,1,CRWD
2022-05-26,38.959999084472656,40.0625,36.31499862670898,36.42499923706055,22008800,36.78624992370605,48.708999938964844,37.95845903949082,41.544829536771594,46.21103350590615,-3.5863704972807753,-3.947222564252435,0.3608520669716597,0.06273865920986643,0.06045821722446972,0.2184330572656008,-0.20014783441885975,1,CRWD
2022-05-27,41.70500183105469,41.84000015258789,39.66749954223633,39.72249984741211,18088400,37.0495002746582,48.52244995117187,38.53485023819295,41.55669415116294,60.685575169985356,-3.0218439129699846,-3.7621468339959447,0.7403029210259602,0.07045695100326732,0.05263163165499117,-0.1781287485005998,-0.14050090477660504,1,CRWD
2022-05-31,39.997501373291016,42.63999938964844,39.51250076293945,41.89250183105469,23398400,37.38950042724609,48.28209999084473,38.7598734897465,41.44119838983909,53.79432839294473,-2.6813249000925907,-3.545982447215274,0.8646575471226834,-0.04094234223225046,0.04966014555701658,0.29355830255854576,-0.17158737128510648,1,CRWD
2022-06-01,40.36249923706055,42.0,39.587501525878906,40.75249862670898,19908400,37.74400024414062,48.06869995117187,39.00643129702558,41.361294748892526,62.812998176587314,-2.3548634518669473,-3.307758648145609,0.9528951962786616,0.009125516625727581,0.04964186201728116,-0.14915549781181614,-0.16031639553262877,1,CRWD
2022-06-02,43.505001068115234,44.13999938964844,40.247501373291016,40.25,33994800,38.63200035095215,47.85349998474121,39.698518954116295,41.52008780957569,66.4455333540383,-1.8215688554593967,-3.0105206896083665,1.1889518341489698,0.07785696848448032,0.04709621891805169,0.7075606276747504,-0.09087107354765189,0,CRWD
2022-06-03,40.525001525878906,42.70500183105469,40.17250061035156,41.46599960327149,37212800,39.118500518798825,47.5666000366211,39.82567011900285,41.44637771448704,52.9210714996432,-1.6207075954841912,-2.732558070783532,1.1118504752993408,-0.06849786160378624,0.05531022103177717,0.09466153647028364,-0.14803661614075692,1,CRWD
2022-06-06,42.24250030517578,42.837501525878906,40.6775016784668,41.869998931884766,27304000,39.624250411987305,47.29445007324219,40.197490147644835,41.50534975824176,61.709186430791156,-1.3078596105969282,-2.4476183787462116,1.1397587681492833,0.04238121442636089,0.05528836248583379,-0.2662739702467968,-0.10681908258247519,0,CRWD
2022-06-07,44.16999816894531,45.47249984741211,41.46049880981445,41.525001525878906,23163600,40.30950012207031,47.06810005187988,40.808645227844906,41.70273112199758,64.24212303000934,-0.8940858941526741,-2.136911881827504,1.2428259876748298,0.045629350768646715,0.05598412384451559,-0.1516407852329329,-0.06157252746000352,0,CRWD
2022-06-08,44.709999084472656,45.11750030517578,43.76250076293945,44.0,11572000,41.28375015258789,46.8517000579834,41.40885351347994,41.92549171181055,70.87126977610762,-0.516638198330611,-1.8128571451281255,1.2962189467975145,0.012225513649828601,0.0483693820681253,-0.5004230775872489,-0.04571234279354186,0,CRWD
2022-06-09,43.38750076293945,44.89500045776367,43.352500915527344,44.125,11658000,41.95650024414063,46.604400100708006,41.71326078262756,42.03378867856084,65.80427495714463,-0.32052789593328157,-1.5143912952891567,1.1938633993558752,-0.02957947547783546,0.05058079740615783,0.0074317317663326055,-0.06902565703704189,0,CRWD
2022-06-10,42.33000183105469,42.625,41.27000045776367,42.03125,16806800,42.29350051879883,46.32620010375977,41.80814402084712,42.05573039356038,60.72769090070604,-0.24758637271326478,-1.2610303107739784,1.0134439380607136,-0.024373354382929868,0.049536913609584975,0.4416537999656889,-0.08626216404010123,0,CRWD
2022-06-13,38.630001068115234,40.220001220703125,37.657501220703125,39.6775016784668,22481200,41.98600044250488,45.9634001159668,41.31919895119606,41.80197266574963,52.382248790125814,-0.48277371455357354,-1.1053789915298975,0.622605276976324,-0.08740847160145904,0.05296314319830223,0.3376252469238641,-0.15954866327010653,1,CRWD
2022-06-14,39.81499862670898,40.5625,38.3849983215332,39.0,13132000,41.96775016784668,45.6204500579834,41.087783516659584,41.65478940359847,59.18696219917457,-0.5670058869388868,-0.9977043706116954,0.4306984836728086,0.03067557664583731,0.05260797300016377,-0.41586748038360943,-0.12725546161635226,1,CRWD
2022-06-15,41.087501525878906,41.875,39.817501068115234,40.33250045776367,14540000,42.04025039672852,45.297050094604494,41.08774013346256,41.61276807932295,58.52672521673434,-0.525027945860387,-0.9031690856614338,0.3781411398010468,0.03196039038203802,0.05349739580669543,0.10721900700578746,-0.09293206864318526,1,CRWD
2022-06-16,39.3025016784668,40.36249923706055,38.43999862670898,39.2599983215332,15107200,41.62000045776367,44.983300094604495,40.81308806346321,41.44163723481508,50.67295926237339,-0.6285491713518709,-0.8482451027995213,0.21969593144765032,-0.043443864462964,0.048144369196903264,0.0390096286107291,-0.1262868309837294,1,CRWD
2022-06-17,40.97499847412109,41.37749862670898,39.48249816894531,39.625,17459200,41.66500015258789,44.7467000579834,40.83799735741058,41.4070714006896,48.50255674784552,-0.5690740432790236,-0.7924108908954218,0.22333684761639827,0.04255446152860598,0.04564975354918473,0.15568735437407333,-0.08429004996960421,1,CRWD
2022-06-21,41.15999984741211,42.712501525878906,40.77000045776367,41.25,18081200,41.55675010681152,44.48475006103516,40.8875362020262,41.38876980415053,52.54348280418599,-0.50123360212433,-0.7341754331412036,0.2329418310168736,0.00451498182258292,0.043451253737114386,0.03562591642228741,-0.07473910068194911,1,CRWD
2022-06-22,41.4275016784668,42.91749954223633,40.47425079345703,40.65250015258789,11946000,41.282500457763675,44.222250061035155,40.970607813786295,41.39163883187766,52.34015067008254,-0.42103101809136234,-0.6715465501312353,0.250515532039873,0.0064990726930604925,0.040365312409125165,-0.33931376236090527,-0.06319778796219255,1,CRWD
2022-06-23,43.72499847412109,44.150001525878906,41.66249847412109,42.147499084472656,17377200,41.184000396728514,44.01375,41.394360223068574,41.564480286858654,50.5020481153456,-0.1701200637900797,-0.5712612528630042,0.4011411890729245,0.05545825122369097,0.04458565299525598,0.45464590657960824,-0.006560484527651345,0,CRWD
2022-06-24,46.247501373291016,47.16999816894531,44.3224983215332,44.497501373291016,24527600,41.470000457763675,43.82115005493164,42.140997323102795,41.9113707377055,63.33760873512063,0.2296265853972983,-0.41108368521094374,0.640710270608242,0.057690176951358474,0.046918277756610796,0.41148171166816283,0.05536941215184532,0,CRWD
2022-06-27,45.48249816894531,46.40999984741211,44.33250045776367,46.255001068115234,11452000,41.78525009155273,43.531500015258786,42.65507437630934,42.175898695575114,57.90243381407203,0.47917568073422245,-0.2330318120219105,0.7122074927561329,-0.016541503467850216,0.04639113847927934,-0.5330974086335394,0.04481807778281599,1,CRWD
2022-06-28,43.54750061035156,45.98249816894531,42.9275016784668,45.36000061035156,12445200,42.27700004577637,43.22635002136231,42.79237072000814,42.27749883741041,48.48226851674449,0.5148718825977241,-0.08345107309798358,0.5983229556957077,-0.04254378357596311,0.037419950884901854,0.08672720922109667,0.007429509751124996,1,CRWD
2022-06-29,43.98500061035156,44.46500015258789,42.93000030517578,43.59375,8952400,42.694000244140625,42.98110000610352,42.97585224159943,42.40398045022087,48.22347827127369,0.5718717913785625,0.04761349979732564,0.5242582915812368,0.010046500806432102,0.036882563192051486,-0.2806543888406775,0.02335679180164041,1,CRWD
2022-06-30,42.13999938964844,43.70000076293945,40.88750076293945,43.40499877929688,16858400,42.79925003051758,42.680599975585935,42.84725949514543,42.384426297585875,47.01946894460263,0.4628331975595543,0.13065743934977136,0.33217575820978296,-0.041946145165425275,0.03944673255850633,0.8831151423082078,-0.012666189937506234,1,CRWD
2022-07-01,44.8125,44.907501220703125,41.86750030517578,42.060001373291016,14841600,43.3502498626709,42.46439994812012,43.14960418819997,42.56428360887581,55.50626106080128,0.5853205793241614,0.22159006734464937,0.363730511979512,0.06341956927052195,0.03987063938614631,-0.11963175627580314,0.055295731359647604,1,CRWD
2022-07-05,46.755001068115234,47.24250030517578,43.93000030517578,44.79999923706055,25536400,43.92825012207031,42.35024993896484,43.704280631263856,42.87470712437503,69.54534175717203,0.8295735068888277,0.3431867552534851,0.4863867516353426,0.043347304169935486,0.03993465443951266,0.720596162138853,0.10400767729820992,0,CRWD
2022-07-06,46.47999954223633,47.67499923706055,45.76750183105469,47.0724983215332,12828800,44.46025009155274,42.251749954223634,44.13131430987501,43.14176582199438,66.76729146425589,0.9895484878806258,0.47245910177891326,0.5170893861017125,-0.005881756381061143,0.04034212509821742,-0.4976269168716029,0.10007276840825918,0,CRWD
2022-07-07,47.54999923706055,48.20500183105469,46.33000183105469,46.33000183105469,13941200,45.07249984741211,42.12984992980957,44.657265837134325,43.4683016305178,66.42520334867227,1.1889642066165251,0.6157601227464357,0.5732040838700895,0.02302064770572798,0.040386649586860286,0.08671114991269646,0.128653420704826,0,CRWD
2022-07-08,47.595001220703125,48.712501525878906,46.025001525878906,46.25,12572800,45.45950012207031,42.07474998474121,45.10922512691414,43.77398308164264,73.12141783943879,1.3352420452714995,0.7596565072514485,0.575585538020051,0.0009464139719166376,0.037859914269887045,-0.0981551085989728,0.13120104666014387,0,CRWD
2022-07-11,46.34249877929688,47.09400177001953,45.26250076293945,47.0,9681200,45.4689998626709,41.99629997253418,45.29895953497302,43.96424350369111,65.32475821207636,1.3347160312819142,0.8746684120575416,0.46004761922437254,-0.02631584009417831,0.03511457234530475,-0.22998854670399593,0.1034900410180215,0,CRWD
2022-07-12,43.59749984741211,47.5525016784668,43.22499847412109,46.72499847412109,16498000,45.28050003051758,41.83294998168945,45.037196506117496,43.9370773069297,56.071736988700636,1.1001191991877945,0.9197585694835922,0.1803606297042023,-0.059232864092151116,0.03974142858427454,0.7041275874891542,0.042180861414148785,1,CRWD
2022-07-13,43.74250030517578,44.685001373291016,42.08449935913086,42.494998931884766,11796800,45.3,41.71400001525879,44.838012475203385,43.92266419568867,55.80199912998169,0.915348279514717,0.9188765114898173,-0.0035282319751003266,0.003325889288862127,0.03730875273570505,-0.28495575221238933,0.04862876466354171,1,CRWD
2022-07-14,43.1875,43.66749954223633,41.91249847412109,43.084999084472656,11882000,45.22024993896484,41.55950004577637,44.584087479018244,43.86820758860062,48.5239650617328,0.7158798904176251,0.8782771872753788,-0.16239729685775373,-0.012687896240583973,0.037393759533539794,0.007222297572222924,0.03917275117435115,1,CRWD
2022-07-15,44.47499847412109,44.80500030517578,42.782501220703125,43.51750183105469,11713200,45.45374984741211,41.452000045776366,44.56730455518791,43.91315506160214,44.778311626634725,0.6541494935857699,0.8334516485374571,-0.17930215495168722,0.029811831528129273,0.03554538730190573,-0.014206362565224673,0.07292768563655216,1,CRWD
2022-07-18,44.3125,45.880001068115234,44.1775016784668,45.880001068115234,10762000,45.40374984741211,41.33630004882812,44.52810385438977,43.94273616815013,46.42639592962316,0.5853676862396426,0.7838348560778943,-0.19846716983825163,-0.003653703871752567,0.02927696532013123,-0.0812075265512413,0.07199966972506666,1,CRWD
2022-07-19,45.13750076293945,45.1775016784668,43.625,45.087501525878906,10240000,45.241999816894534,41.33415008544922,44.62185722493587,44.031237249245635,55.209697026662134,0.5906199756902382,0.7451918800003631,-0.1545719043101249,0.01861778872641917,0.02600115550417002,-0.04850399553986251,0.09201473042575326,0,CRWD
2022-07-20,46.07500076293945,46.8849983215332,45.25749969482422,45.744998931884766,12326800,45.201499938964844,41.43160011291504,44.845417769244115,44.182627139148885,56.630708640261844,0.6627906300952304,0.7287116300193366,-0.06592099992410616,0.020769869491084947,0.027041401370748158,0.20378906250000006,0.11207389136238,0,CRWD
2022-07-21,47.25,47.310001373291016,45.40250015258789,45.88750076293945,10027600,45.171500015258786,41.658150100708006,45.21535349705272,44.40983994365637,66.931740446954,0.8055135533963451,0.7440720146947384,0.061441538701606735,0.025501882096671924,0.027291828820016694,-0.18652042703702498,0.13423183424549023,0,CRWD
2022-07-22,45.88249969482422,48.47999954223633,45.25,47.5,11206400,45.0002498626709,41.81640007019043,45.31799137363295,44.518925851150286,53.88102796724426,0.7990655224826639,0.7550707162523236,0.043994806230340355,-0.028941805400545584,0.028739370106636096,0.11755554669113244,0.09723696008763749,1,CRWD
2022-07-25,45.65499877929688,46.01874923706055,44.60749816894531,45.70000076293945,6795200,44.9314998626709,42.04250007629395,45.369838666812015,44.60307940138336,45.44323956513097,0.7667592654286537,0.7574084260875896,0.009350839341064066,-0.004958337428006332,0.02760864569389854,-0.39363221016561967,0.08592492588327016,1,CRWD
2022-07-26,42.29249954223633,45.65250015258789,42.025001525878906,45.54249954223633,14134800,44.80099983215332,42.189300079345706,44.89640187841575,44.43192533774284,36.18670736347875,0.4644765406729121,0.6988220490046542,-0.23434550833174206,-0.07365018786475885,0.03113083483282691,1.080115375559218,0.002446105118988351,1,CRWD
2022-07-27,44.2400016784668,44.67625045776367,42.875,43.82500076293945,11299600,44.85074996948242,42.29265014648438,44.79541723226976,44.417708770389055,39.67883753461417,0.37770846188070806,0.6345993315798649,-0.25689086969915687,0.04604840473629501,0.03475315070132513,-0.20058295837224438,0.04604467975493609,1,CRWD
2022-07-28,45.522499084472656,45.63750076293945,43.6875,44.19499969482422,10992400,45.084249877929686,42.471150131225585,44.90727597876251,44.49954508995081,44.00057245308071,0.40773088881170594,0.5892256430262331,-0.1814947542145272,0.028989542435530646,0.03533211469044351,-0.02718680307267518,0.07184521595999027,1,CRWD
2022-07-29,45.900001525878906,46.0,44.51499938964844,45.727500915527344,10540400,45.226750183105466,42.65280014038086,45.06000298601119,44.60328260372326,48.65071724920238,0.45672038228793355,0.5627245908785733,-0.10600420859063975,0.008292656356711614,0.03435252946343361,-0.04111931880208142,0.07613102480518763,1,CRWD
2022-08-01,45.82500076293945,46.91249847412109,44.747501373291016,45.19499969482422,9689600,45.378000259399414,42.87680015563965,45.17769495169246,44.693780245146684,58.11327906380904,0.4839147065457752,0.5469626140120136,-0.06304790746623845,-0.0016340034955590887,0.03431039157673192,-0.08071799931691392,0.06875980942136661,1,CRWD
2022-08-02,47.03499984741211,47.40999984741211,44.880001068115234,45.130001068115234,11085200,45.56775016784668,43.10430015563965,45.46343416641856,44.86720391938857,61.12894927877271,0.5962302470299861,0.5568161406156081,0.039414106414377925,0.0264047804544989,0.03476677704638088,0.14403071334214013,0.09119043059693843,0,CRWD
2022-08-03,48.83000183105469,49.28499984741211,47.70000076293945,47.76750183105469,12540400,45.8432502746582,43.33720016479492,45.98136765328566,45.16074450543792,67.59707282531937,0.8206231478477406,0.6095775420620346,0.21104560578570597,0.038163112351776496,0.03607162963472136,0.13127413127413123,0.12674565143508865,1,CRWD
2022-08-04,47.310001373291016,48.0,45.61249923706055,47.82749938964844,20145200,45.849250411987306,43.53705017089844,46.185772840978785,45.31994871787148,58.71503947325528,0.8658241231073021,0.6608268582710881,0.20499726483621394,-0.03112841287663004,0.03717183813484077,0.6064240375107652,0.08666069905017437,1,CRWD
2022-08-05,47.79249954223633,48.15250015258789,46.20500183105469,46.5,11004000,46.04025039672852,43.793550186157226,46.432961564249176,45.5031006307874,60.49140468468203,0.9298609334617751,0.7146336733092256,0.21522726015254956,0.010198650495446993,0.035729718192863746,-0.45376566129896945,0.09131366009561681,1,CRWD
2022-08-08,47.380001068115234,49.369998931884766,47.227500915527344,48.42250061035156,12755200,46.212750625610354,44.00795021057129,46.578659949459336,45.642130292811686,56.93306607062491,0.9365296566476502,0.7590128699769105,0.17751678667073967,-0.008631029514506783,0.035858359858655896,0.15914213013449663,0.07662367461809061,1,CRWD
2022-08-09,46.69499969482422,47.5,46.20500183105469,47.040000915527344,7286000,46.65300064086914,44.16265022277832,46.596558371823164,45.72012061888669,51.947232583644784,0.8764377529364751,0.7824978465688235,0.0939399063676516,-0.014457605695412101,0.024713927776320768,-0.4287819869543402,0.05734142899648176,1,CRWD
2022-08-10,50.20000076293945,50.435001373291016,48.33250045776367,48.334999084472656,15605200,47.249000549316406,44.33255020141601,47.150934124302594,46.05196359252023,58.08219218169075,1.0989705317823635,0.8457923836115315,0.25317814817083195,0.07506159312607807,0.030429002364887714,1.141806203678287,0.13235084683524545,0,CRWD
2022-08-11,49.51499938964844,51.432498931884766,49.01824951171875,51.0,11653200,47.648250579833984,44.522900161743166,47.51463647281734,46.30848476267787,60.338689868184254,1.2061517101394656,0.9178642489171185,0.28828746122234716,-0.013645445475704565,0.030941873193886745,-0.2532489170276574,0.1121243047907916,0,CRWD
2022-08-12,50.21749877929688,50.75,49.75749969482422,50.75,7068800,48.08000030517578,44.72000015258789,47.930461443044955,46.598041356501504,62.643755441637936,1.3324200865434506,1.000775416442385,0.3316446701010656,0.014187607761443566,0.03098593495754208,-0.3934026705111042,0.12293154311160825,0,CRWD
2022-08-15,50.45500183105469,50.72499847412109,49.0525016784668,49.81499862670898,9752000,48.54300041198731,44.85900016784668,48.31885227196953,46.88374213239433,77.35880128933765,1.435110139575201,1.0876423610689483,0.34746777850625277,0.004729487878351257,0.03079774106056188,0.37958352195563605,0.1247464643052616,0,CRWD
2022-08-16,50.102500915527344,50.26750183105469,48.94499969482422,50.0,11704800,48.84975051879883,45.05055015563965,48.59325975559381,47.12216870892271,72.00223913824674,1.4710910466711056,1.1643320981893799,0.3067589484817257,-0.006986441437613511,0.030641888240283147,0.20024610336341264,0.11213960190129368,0,CRWD
2022-08-17,49.22249984741211,49.62749862670898,48.567501068115234,49.09999847412109,8950400,48.88900032043457,45.19015014648438,48.69006592356586,47.277748793255256,64.318877747606,1.4123171303106048,1.213929104613625,0.19838802569697989,-0.01756401481033676,0.029333465344045875,-0.23532226095277153,0.0892307214704271,0,CRWD
2022-08-18,48.93999862670898,49.3125,48.45249938964844,48.83250045776367,6570400,49.05200004577637,45.28555015563965,48.7285171086648,47.400878410548124,61.85183279352548,1.3276386981166794,1.236671023314236,0.0909676748024435,-0.00573927008134234,0.027251569628064045,-0.2659099034680015,0.08069789278278705,1,CRWD
2022-08-19,47.630001068115234,48.375,47.13750076293945,48.185001373291016,8942400,49.035750198364255,45.3439501953125,48.55951464088795,47.4178504592568,56.41891763566996,1.1416641816311497,1.2176696549776187,-0.07600547334646901,-0.026767421237294697,0.028740891840719707,0.36101302812614144,0.0504157856330536,1,CRWD
2022-08-22,46.470001220703125,47.16249847412109,46.0,46.59000015258789,9882000,48.944750213623045,45.405600204467774,48.23805103778259,47.34763940454911,47.98358891249589,0.8904116332334766,1.1522180506287905,-0.26180641739531385,-0.02435439473858514,0.029681379736253986,0.10507246376811596,0.02344206466696197,1,CRWD
2022-08-23,48.09000015258789,48.47225189208984,47.522499084472656,47.8650016784668,13640800,49.08425025939941,45.52080017089844,48.215273978521864,47.40262908958902,47.32561791327418,0.8126448889328444,1.0843034182896012,-0.27165852935675683,0.0348611768738889,0.03134954574877745,0.380368346488565,0.056440132248201325,1,CRWD
2022-08-24,48.65499877929688,49.852500915527344,48.647499084472656,49.04999923706055,12892400,48.92975006103516,45.72130012512207,48.282923947871865,47.49539721475257,55.22126278908254,0.787526733119293,1.0249480812555396,-0.2374213481362466,0.011748775731259542,0.019367394384474584,-0.0548648173127676,0.06416481259601925,0,CRWD
2022-08-25,50.73500061035156,50.91749954223633,49.3849983215332,49.82374954223633,12169200,49.05175018310547,45.93970016479492,48.66016651133028,47.73536783664879,60.16232121123812,0.9247986746814902,1.0049181999407297,-0.08011952525923949,0.04275001301489589,0.02364613015030525,-0.05609506375849338,0.10438249331961114,0,CRWD
2022-08-26,48.63999938964844,50.67499923706055,48.630001068115234,50.65999984741211,14334400,48.89400024414063,46.09075012207031,48.65706387722538,47.802377581315426,53.89850785447219,0.854686295909957,0.9748718191345752,-0.12018552322461817,-0.04129301656647022,0.026928657655720476,0.17792459652236792,0.05530934647031116,0,CRWD
2022-08-29,48.01250076293945,49.29750061035156,47.67250061035156,47.751251220703125,10828000,48.6497501373291,46.264950103759766,48.55790032118139,47.817942261435725,54.090981776401115,0.7399580597456676,0.9278890672567938,-0.18793100751112612,-0.012900876533368688,0.02695357338910673,-0.24461435428061162,0.03777266927253575,0,CRWD
2022-08-30,48.32374954223633,49.53499984741211,47.27999877929688,49.08000183105469,29146800,48.471875,46.41192512512207,48.52187712442061,47.855409467420955,42.73263923365344,0.6664676569996573,0.8756047852053666,-0.2091371282057093,0.006482661272606105,0.027158190749125916,1.6917990395271518,0.041192525670076474,0,CRWD
2022-08-31,45.65250015258789,49.48500061035156,44.59624862670898,49.3025016784668,62945200,48.11487503051758,46.501775131225585,48.080434513369426,47.69223099965554,37.03424263727596,0.38820351371388284,0.7781245309070699,-0.38992101719318706,-0.05527818960558284,0.03161544441013942,1.1595921336132955,-0.018263280836937623,0,CRWD
2022-09-01,43.24250030517578,45.0,42.27000045776367,44.61249923706055,27545200,47.54512519836426,46.538075103759766,47.33613694287809,47.36262131858297,28.994133144128313,-0.026484375704875163,0.617202749584681,-0.6436871252895562,-0.05279009559951764,0.03474506558756804,-0.5623939553770582,-0.0708145919494152,1,CRWD
2022-09-02,43.11249923706055,44.282501220703125,42.727500915527344,43.56999969482422,17400000,47.093375015258786,46.525825119018556,46.68634652659847,47.047797460692415,27.74324622779723,-0.3614509340939449,0.42147201284895586,-0.7829229469429008,-0.0030063263501827198,0.034415181979759187,-0.3683109942930166,-0.07336411279598631,1,CRWD
2022-09-06,42.78749847412109,43.17250061035156,42.15499877929688,43.11249923706055,11859200,46.725124740600585,46.456625061035155,46.08652374929426,46.73221975798343,27.789576488073706,-0.6456960086891712,0.20803840854133046,-0.8537344172305017,-0.007538434762327184,0.034010550034230834,-0.3184367816091954,-0.07897961985171187,1,CRWD
2022-09-07,42.9900016784668,43.272499084472656,41.70000076293945,42.67250061035156,12818800,46.215124893188474,46.40677513122559,45.61013573839772,46.45501841875998,30.264414795516316,-0.8448826803622538,-0.0025458092393864096,-0.8423368711228674,0.004732765680802498,0.031025116050539595,0.08091608202914191,-0.07362660825056455,1,CRWD
2022-09-08,44.96875,44.970001220703125,42.290000915527344,42.54249954223633,12737200,45.84650001525879,46.43520011901855,45.51146100941346,46.34492446181479,38.64465200598181,-0.8334634524013325,-0.16872933787177563,-0.6647341145295569,0.046028105240208284,0.03537148770796776,-0.0063656504509002065,-0.0315805706718153,0,CRWD
2022-09-09,47.71500015258789,47.880001068115234,45.9275016784668,45.935001373291016,16698800,45.54449996948242,46.50980010986328,45.850467031440296,46.4464115500202,50.22459791711186,-0.5959445185799055,-0.2541723740134016,-0.3417721445665039,0.0610701910234972,0.03857966055864707,0.3110259711710579,0.025912819231167283,0,CRWD
2022-09-12,48.775001525878906,48.8224983215332,47.8125,47.81999969482422,12171600,45.55800018310547,46.64250015258789,46.300395415200086,46.61889969638011,56.12299121682394,-0.31850428118002583,-0.26703875544672645,-0.05146552573329938,0.022215265008932894,0.03722714150612898,-0.27110930126715693,0.04572013434774447,0,CRWD
2022-09-13,46.17499923706055,47.45000076293945,45.75,46.657501220703125,15614000,45.37425003051758,46.6697501373291,46.281103695486316,46.58601818087496,45.16475095490211,-0.3049144853886432,-0.2746139014351098,-0.03030058395353341,-0.053306042183081326,0.040902914051579135,0.2828223076670282,-0.010601104544436524,0,CRWD
2022-09-14,46.02750015258789,46.372501373291016,45.375,46.17499923706055,10806800,45.14462509155273,46.65520011901855,46.242087765809636,46.544646475075915,43.222858343813805,-0.3025587092662789,-0.2802028630013436,-0.02235584626493531,-0.003194349472869562,0.04076422376347596,-0.3078775457922377,-0.013454019376819337,0,CRWD
2022-09-15,44.71500015258789,46.28499984741211,44.470001220703125,45.45500183105469,11040400,45.05087509155273,46.619900131225585,46.00715120992936,46.40911711785458,33.832418086220045,-0.40196590792521647,-0.3045554719861182,-0.09741043593909826,-0.02851556125466015,0.03780232999470433,0.021616019543250653,-0.040860232932198204,0,CRWD
2022-09-16,42.75249862670898,43.79999923706055,42.34624862670898,43.53749847412109,19808400,45.001874923706055,46.52395011901856,45.506435427895454,46.13825648888083,34.074927363930286,-0.6318210609853736,-0.3700085897859693,-0.2618124711994043,-0.04388910922916178,0.03654243672772484,0.7941741241259375,-0.08106473080341148,0,CRWD
2022-09-19,43.84749984741211,43.962501525878906,42.5,42.55500030517578,8962000,45.07537498474121,46.44900009155273,45.251214569359554,45.968570811735,39.01200534751826,-0.7173562423754447,-0.43947812030386435,-0.27787812207158036,0.025612566654035218,0.03743755841885692,-0.5475656792068011,-0.05600766946571445,0,CRWD
2022-09-20,43.46749877929688,43.98775100708008,43.15499877929688,43.45000076293945,8626400,45.14337501525879,46.391500091552736,44.976796755503756,45.78330621673958,37.23467598979529,-0.8065094612358266,-0.5128843884902569,-0.2936250727455697,-0.008666424982897936,0.037472250560325826,-0.03744699843784871,-0.06302881576334873,0,CRWD
2022-09-21,42.3125,44.212501525878906,42.310001373291016,43.41749954223633,13520400,45.07562484741211,46.365800094604495,44.56690494696472,45.526209459944056,40.459872913222185,-0.9593045129793367,-0.6021684133880729,-0.3571360995912638,-0.02657154912826487,0.03853060028255418,0.5673282017991284,-0.08742003990730596,0,CRWD
2022-09-22,40.31999969482422,42.28125,39.91749954223633,41.7599983215332,14303200,44.61074981689453,46.29735008239746,43.91353490817387,45.1405642921574,41.448430008742285,-1.2270293839835276,-0.7271406075071639,-0.49988877647636365,-0.04709011060976731,0.03715074972231715,0.057897695334457655,-0.12910782964759504,1,CRWD
2022-09-23,40.09749984741211,40.41249847412109,39.26499938964844,39.77000045776367,11922000,43.84899978637695,46.2355500793457,43.3264525911336,44.76700396291701,41.225267761426565,-1.4405513717834069,-0.8698227603624125,-0.5707286114209944,-0.0055183494319488435,0.027721261615434704,-0.1664802282006823,-0.13275607668557998,1,CRWD
2022-09-26,39.837501525878906,41.45000076293945,39.78374862670898,39.997501373291016,10999600,42.95524978637695,46.14280014038086,42.78969088878673,44.401855634247525,41.381840486640684,-1.6121647454607952,-1.0182911573820892,-0.593873588078706,-0.006484152940273269,0.024523851247967677,-0.07736956886428448,-0.13664750720197427,1,CRWD
2022-09-27,40.64500045776367,41.27999877929688,40.040000915527344,40.98749923706055,8651600,42.40224990844727,46.06945014953613,42.45973851478318,44.12357006561909,43.383179855644286,-1.6638315508359085,-1.147399236072853,-0.5164323147630554,0.02026981866220212,0.024378546785788123,-0.21346230772028074,-0.11774504957548482,1,CRWD
2022-09-28,41.8125,41.97499847412109,40.64250183105469,41.02750015258789,9834000,41.980749893188474,46.00295013427734,42.36016335866269,43.95237969038805,40.6668158667018,-1.5922163317253606,-1.2363626552033546,-0.35585367652200595,0.028724308748613092,0.02759570827243187,0.13666836192149434,-0.09109090008457932,1,CRWD
2022-09-29,41.42499923706055,41.560001373291016,40.22249984741211,40.869998931884766,8384800,41.651749801635745,45.90995010375977,42.21629195533928,43.7651663234749,28.384881112559526,-1.5488743681356212,-1.298864997789808,-0.2500093703458133,-0.00926758177433673,0.02675831779795944,-0.14736628025218634,-0.09769017079223374,1,CRWD
2022-09-30,41.20249938964844,42.901248931884766,41.150001525878906,41.53749847412109,10392000,41.49674987792969,45.78900009155274,42.06032386830992,43.57533914319146,22.388327097213946,-1.5150152748815344,-1.3420950532081533,-0.17292022167338117,-0.005371149101025208,0.0234751462824756,0.239385554813472,-0.10016599385734193,1,CRWD
2022-10-03,42.32749938964844,42.67250061035156,40.97249984741211,41.657501220703125,10248800,41.34474983215332,45.717900085449216,42.10142779466969,43.482906568854936,34.2798770693273,-1.381478774185247,-1.349971797403572,-0.03150697678167491,0.027304168840850407,0.023712621881575382,-0.01377983063895305,-0.07415915187407862,0,CRWD
2022-10-04,43.76750183105469,44.67250061035156,43.25,43.64500045776367,11225200,41.3747501373291,45.68015014648437,42.35774687719046,43.503987699388254,41.64819701314619,-1.1462408221977967,-1.3092256023624171,0.16298478016462048,0.03402049405636309,0.026330360103092896,0.09526969011006159,-0.04187044721386246,0,CRWD
2022-10-05,44.17499923706055,44.584999084472656,42.587501525878906,42.75249862670898,8504400,41.56100006103516,45.71780014038086,42.63732416332432,43.55369225773435,47.861382512763,-0.916368094410025,-1.2306541007719387,0.31428600636191373,0.009310501832588525,0.024539307796045944,-0.24238320920785372,-0.03374617541926772,0,CRWD
2022-10-06,44.59749984741211,45.459999084472656,44.157501220703125,44.60499954223633,10627600,41.98875007629395,45.72495010375977,42.938889653183985,43.63101133845122,58.32206302699439,-0.6921216852672387,-1.1229476176709987,0.43082593240376,0.009564247145410487,0.016507774493254107,0.24965900004703445,-0.02465722223401512,0,CRWD
2022-10-07,42.970001220703125,43.80500030517578,42.58250045776367,43.61000061035156,10367200,42.27600021362305,45.67390014648438,42.94367604818693,43.582047626025435,46.22337468563831,-0.6383715778385053,-1.0260324097045002,0.38766083186599487,-0.03649304629805217,0.021840868801495605,-0.024502239451992924,-0.059200088389854244,0,CRWD
2022-10-10,40.27000045776367,43.1150016784668,40.0724983215332,42.935001373291016,14010800,42.31925010681152,45.561300125122074,42.53234134196797,43.336710798746786,38.52915086389401,-0.8043694567788151,-0.9816998191193632,0.1773303623405481,-0.06283455169274188,0.03107070291533671,0.3514545875453352,-0.11613583573838426,0,CRWD
2022-10-11,38.9474983215332,40.125,37.9375,39.68000030517578,13704800,42.14949989318848,45.42375007629394,41.98082703113185,43.01158394858282,38.07159947651695,-1.0307569174509652,-0.9915112387856836,-0.039245678665281614,-0.03284087710943895,0.03203440134375347,-0.021840294629856927,-0.14257413234009075,1,CRWD
2022-10-12,38.247501373291016,38.94499969482422,37.375,38.58000183105469,12282000,41.793000030517575,45.248000106811524,41.40646923761788,42.65868894300565,41.91219926406466,-1.2522197053877733,-1.0436529321061017,-0.2085667732816716,-0.01797283467254618,0.030114393509550412,-0.10381764053470321,-0.15471399215424486,0,CRWD
2022-10-13,38.150001525878906,38.85649871826172,35.59000015258789,36.36299896240234,14313200,41.46550025939941,45.034400100708005,40.90547420504265,42.32471209729256,42.325127459785186,-1.4192378922499103,-1.1187699241348634,-0.30046796811504684,-0.002549182140305639,0.030169219283139637,0.16538023123269818,-0.15286977420447234,1,CRWD
2022-10-14,36.494998931884766,39.1349983215332,36.45624923706055,38.9375,15993200,40.99475021362305,44.81810005187988,40.22693954763374,41.89288149244754,38.132425047600755,-1.6659419448138024,-1.2282043282706514,-0.437737616543151,-0.04338145551243233,0.032159922941210436,0.11737417209289336,-0.18570847738660456,1,CRWD
2022-10-17,37.90250015258789,38.5099983215332,37.0,37.337501525878906,12991200,40.55225028991699,44.62030006408691,39.86933348685746,41.59729768949498,40.660651142005705,-1.7279642026375228,-1.3281563031440258,-0.39980789949349704,0.038566961553557544,0.033827279096210194,-0.1877047745291749,-0.15055479012580442,1,CRWD
2022-10-18,39.220001220703125,40.375,38.699249267578125,39.31499862670898,14843200,40.097500228881835,44.45710006713867,39.769436215141404,41.42120165476965,41.26075161795069,-1.6517654396282495,-1.3928781304408706,-0.2588873091873789,0.034760268130367145,0.0339359990974709,0.1425580392881336,-0.11780117998084738,1,CRWD
2022-10-19,38.1349983215332,39.25249862670898,37.852500915527344,38.852500915527344,8131200,39.4935001373291,44.28590003967285,39.517984231509374,41.17777918564103,39.40759962054463,-1.6597949541316552,-1.4462614951790278,-0.21353345895262743,-0.027664529969396834,0.03356366207904703,-0.45219359706801765,-0.1388907465497925,1,CRWD
2022-10-20,38.470001220703125,39.61225128173828,38.025001525878906,38.025001525878906,8371200,38.880750274658205,44.051300048828125,39.356756076000714,40.977203040090075,41.265793458990046,-1.6204469640893606,-1.4810985889610944,-0.13934837512826626,0.00878465750399049,0.03350348084190293,0.029515938606847758,-0.12669997984028802,1,CRWD
2022-10-21,39.08000183105469,39.26250076293945,37.14725112915039,38.122501373291016,10774400,38.49175033569336,43.84260009765625,39.314178499855174,40.83666961719857,39.26625220080966,-1.5224911173433924,-1.489377094637554,-0.03311402270583841,0.015856526929957093,0.033715782101352,0.2870795107033639,-0.10862946668293438,1,CRWD
2022-10-24,39.49250030517578,39.67499923706055,38.55500030517578,39.52750015258789,8219600,38.41400032043457,43.62810012817383,39.341612623750656,40.7371015200117,34.84042668317356,-1.3954888962610426,-1.4705994549622516,0.07511055870120908,0.010555231698922363,0.02821698955355761,-0.23711761211761206,-0.09479211358844819,1,CRWD
2022-10-25,40.52750015258789,41.16749954223633,39.8025016784668,39.80500030517578,8500400,38.57200050354004,43.429550094604494,39.524056858956385,40.72157549279512,37.61671373896322,-1.1975186338387331,-1.415983290737548,0.2184646568988149,0.026207503688401967,0.027106835694569058,0.03416224633802134,-0.06682201256275833,0,CRWD
2022-10-26,40.442501068115234,41.83974838256836,39.1974983215332,39.51250076293945,9435600,38.79150047302246,43.23635009765625,39.665355968057746,40.7009033131892,35.56290217996985,-1.0355473451314552,-1.3398961016163295,0.30434875648487436,-0.002097318713284335,0.026102682247858285,0.11001835207754929,-0.06461805918470587,0,CRWD
2022-10-27,41.182498931884766,42.032501220703125,40.51250076293945,41.1875,9143200,39.094750213623044,43.0755500793457,39.898762577877285,40.736577062722205,43.380849988459154,-0.8378144848449196,-1.2394797782620477,0.4016652934171281,0.01829752968351772,0.026184899186849585,-0.030989020306074866,-0.04394723094595221,0,CRWD
2022-10-28,40.91249847412109,41.244998931884766,39.71500015258789,40.63750076293945,7490800,39.53650016784668,42.91500007629394,40.05472194653018,40.74960827838138,52.90132161231118,-0.6948863318512011,-1.1305610889798783,0.4356747571286772,-0.006556194130187598,0.02002194228947105,-0.18072447283226878,-0.04666204354218395,0,CRWD
2022-10-31,40.29999923706055,41.20249938964844,39.900001525878906,40.40499877929688,8760800,39.77625007629395,42.768400039672855,40.09245691430409,40.71630390495021,56.52593735689137,-0.6238469906461219,-1.029218269313127,0.4053712786670052,-0.014970956551283998,0.01917081289913785,0.1695413039995728,-0.057715528294782326,0,CRWD
2022-11-01,40.13249969482422,42.119998931884766,39.8849983215332,41.25,10324000,39.867499923706056,42.64165000915527,40.098617342076416,40.67305914864458,59.58798188660149,-0.5744418065681671,-0.9382629767641352,0.36382117019596805,-0.0041563162632095585,0.016522451256179172,0.17843119349831071,-0.05884271161627963,0,CRWD
2022-11-02,36.997501373291016,40.29249954223633,36.98500061035156,40.25,17731200,39.753750228881835,42.41980003356934,39.62152257764789,40.40079560972951,45.521663945660116,-0.779273032081619,-0.9064649878276321,0.12719195574601305,-0.07811619872602937,0.02940890311698787,0.7174738473459898,-0.1278247105358189,0,CRWD
2022-11-03,35.38249969482422,36.53499984741211,34.91749954223633,36.53499984741211,16001200,39.445000076293944,42.15435005187988,38.96936521105963,40.02906998640319,45.66361738781849,-1.0597047753435547,-0.9371129453308166,-0.1225918300127381,-0.04365164182770154,0.031732513888780275,-0.0975681284966613,-0.16064416480675092,0,CRWD
2022-11-04,31.88999938964844,35.29249954223633,31.604999542236328,35.2400016784668,32994000,38.72599983215332,41.77745002746582,37.880232007765606,39.426175868125064,29.840738172265958,-1.5459438603594577,-1.0588791283365449,-0.4870647320229129,-0.09870699739415711,0.041419353644286505,1.0619703522235833,-0.2366695581304521,1,CRWD
2022-11-07,31.170000076293945,32.474998474121094,30.725000381469727,32.45750045776367,21655600,37.89374980926514,41.42805004119873,36.847888633693046,38.814607290952395,21.882637638549255,-1.9667186572593494,-1.2404470341211058,-0.7262716231382436,-0.02257758943664978,0.04006716652488165,-0.34365036067163723,-0.24761121884094273,1,CRWD
2022-11-08,31.75,32.45750045776367,30.125,31.5,18299200,37.01599979400635,41.10280002593994,36.063598074663346,38.29130304717815,26.88269569041337,-2.2277049725148004,-1.4378986217998448,-0.7898063507149555,0.018607633053782546,0.039098198988956896,-0.15498993331978794,-0.22754654232892646,1,CRWD
2022-11-09,30.59000015258789,31.155000686645508,30.125,31.137500762939453,14873600,36.03074970245361,40.74812503814697,35.221506086651736,37.720836166097385,23.078223348718993,-2.4993300794456488,-1.6501849133290056,-0.8491451661166431,-0.03653542826494838,0.03852654921056378,-0.18719944041269565,-0.24929060848933293,1,CRWD
2022-11-10,33.939998626708984,34.02375030517578,32.66999816894531,33.122501373291016,20918000,35.30649967193604,40.513875007629395,35.02435109281439,37.440774126142685,35.208617377463085,-2.416423033328293,-1.8034325373288633,-0.6129904959994297,0.10951286228868118,0.0568435673843793,0.4063844664371772,-0.1622623454232025,1,CRWD
2022-11-11,35.779998779296875,36.20674896240234,33.834999084472656,34.1875,18480800,34.793249702453615,40.364624977111816,35.14060458304247,37.31775373008003,40.12763541849895,-2.177149147037561,-1.8781758592706028,-0.298973287766958,0.05421332430873793,0.06124686103836278,-0.11651209484654368,-0.1135802995918973,0,CRWD
2022-11-14,35.502498626708984,36.032501220703125,34.5724983215332,35.38750076293945,12174800,34.31349964141846,40.212424964904784,35.19628058976039,37.18329038908958,36.07646689372349,-1.9870097993291864,-1.8999426472823198,-0.08706715204686666,-0.007755733987013347,0.06124573565065157,-0.3412189948487079,-0.11712614552110123,0,CRWD
2022-11-15,37.07500076293945,37.85625076293945,36.50749969482422,37.247501373291016,15868400,34.00774974822998,40.09817501068115,35.48531446255717,37.175268935300686,41.37974976988774,-1.6899544727435156,-1.8579450123745591,0.1679905396310435,0.044292717331378295,0.0637067922879733,0.3033807536879456,-0.0753943102631579,0,CRWD
2022-11-16,35.912498474121094,36.907501220703125,35.523250579833984,36.67625045776367,10158000,33.89924945831299,39.95662494659424,35.55103507972085,37.08173038262072,36.79528946581626,-1.530695302899872,-1.7924950704796219,0.2617997675797499,-0.031355421844803,0.05940183191453249,-0.35985984724357845,-0.10121291470134175,0,CRWD
2022-11-17,34.807498931884766,35.342498779296875,34.467498779296875,34.904998779296875,15709600,33.841749382019046,39.75339992523193,35.436644903130684,36.91326879367732,35.31746206495666,-1.4766238905466338,-1.7293208344930244,0.25269694394639064,-0.030769219329938924,0.058516702444117066,0.5465249064776532,-0.12441454070971036,1,CRWD
2022-11-18,34.747501373291016,36.68000030517578,34.29999923706055,36.626251220703125,21619600,34.1274995803833,39.494049949646,35.33062282161689,36.752841577352406,36.281660103533575,-1.4222187557355142,-1.6679004187415223,0.24568166300600813,-0.0017236963423071794,0.04732628242989608,0.3762030860111014,-0.1201838905457081,1,CRWD
2022-11-21,33.88999938964844,34.377498626708984,33.595001220703125,34.27750015258789,11548800,34.39949951171875,39.196349906921384,35.1089884474679,36.54077919307804,35.08541439612222,-1.4317907456101366,-1.6206784841152453,0.18888773850510865,-0.02467809050298231,0.04748930178097949,-0.4658180539880479,-0.1353786903595311,1,CRWD
2022-11-22,33.95000076293945,34.07749938964844,33.119998931884766,33.95500183105469,15404800,34.619499588012694,38.951849937438965,34.93068264984814,36.348869679734435,41.46478139509441,-1.4181870298862975,-1.580180193269456,0.1619931633831584,0.001770474310168968,0.047424256402809686,0.33388750346356333,-0.12841108143857205,0,CRWD
2022-11-23,35.22249984741211,35.404998779296875,33.459999084472656,33.89500045776367,10312400,35.08274955749512,38.73574993133545,34.97557760331952,36.26543487734019,49.54311870961727,-1.2898572740206689,-1.5221156094196986,0.23225833539902974,0.0374815627651397,0.0454902619164314,-0.3305722891566265,-0.09069787186645584,0,CRWD
2022-11-25,35.01250076293945,35.342498779296875,34.630001068115234,34.962501525878906,4090000,35.18999977111817,38.54169994354248,34.981258089414894,36.17262494294014,60.97347099757778,-1.1913668535252455,-1.455965858240808,0.2645990047155624,-0.00596207212385258,0.031305648199938974,-0.6033900934796943,-0.09156833211230309,0,CRWD
2022-11-28,34.86249923706055,35.25,34.16524887084961,34.91999816894531,13528800,35.09824981689453,38.38389995574951,34.962987496744994,36.07557859435647,63.51820726726547,-1.1125910976114781,-1.387290906114942,0.274699808503464,-0.004284227707541555,0.025761644168538003,2.3077750611246945,-0.0917416084021836,0,CRWD
2022-11-29,34.5,35.08000183105469,34.0625,35.0,42218400,34.99799995422363,38.19694995880127,34.89175865109192,35.958869068848585,60.23065290348364,-1.0671104177566662,-1.323254808443287,0.25614439068662076,-0.010397970455175876,0.02583727572705199,2.120631541600142,-0.09678652255713482,0,CRWD
2022-11-30,29.412500381469727,29.45249938964844,27.22249984741211,28.07250022888184,154592000,34.23174991607666,37.91584999084473,34.04879584038081,35.47395286978349,46.61004859331753,-1.4251570294026763,-1.3436352526351647,-0.0815217767675116,-0.1474637570588485,0.048456114752519756,2.6617209557917874,-0.22426899598527383,0,CRWD
2022-12-01,31.01749992370605,31.22974967956543,29.64249992370605,29.65999984741211,57771200,33.74225006103515,37.68994998931885,33.58244262243085,35.143845244148125,40.64650955578716,-1.5614026217172778,-1.3871887264515874,-0.17421389526569042,0.0545686195127939,0.053876307264618124,-0.6262989029186503,-0.17703525920049612,0,CRWD
2022-12-02,31.0,31.387500762939453,30.1825008392334,30.4375,35404000,33.36150016784668,37.50354999542236,33.18514375744149,34.8368937445816,32.68116767304623,-1.6517499871401142,-1.4401009785892929,-0.21164900855082136,-0.0005641951720510852,0.05362460894446914,-0.38716869305120893,-0.17341158360251696,0,CRWD
2022-12-05,29.582500457763672,31.102500915527344,29.17300033569336,30.614999771118164,23122800,32.84500007629394,37.293250007629396,32.63089094210644,34.44767942703953,30.187425697675835,-1.8167884849330918,-1.5154384798580527,-0.30135000507503906,-0.04572579168504287,0.05465403785042487,-0.34688735736075016,-0.2067599243371997,1,CRWD
2022-12-06,28.457500457763672,29.700000762939453,28.247499465942383,29.584999084472656,18963600,32.30175018310547,37.06564998626709,31.98883086759217,34.003962466352434,20.269104282515784,-2.015131598760263,-1.6153771036384947,-0.3997544951217682,-0.03802923967181937,0.05509093376697113,-0.17987440967356894,-0.2322406198648279,1,CRWD
2022-12-07,28.299999237060547,28.747499465942383,27.58300018310547,28.582500457763672,18620800,31.736750030517577,36.81874996185303,31.421318309048843,33.58144667159007,21.77942662586719,-2.1601283625412293,-1.7243273554190417,-0.4358010071221876,-0.005534611900890107,0.05487919338332847,-0.018076736484633704,-0.23136990619232167,1,CRWD
2022-12-08,28.559999465942383,29.092500686645508,27.9375,28.38249969482422,17170400,31.070499992370607,36.55369995117187,30.98111541010939,33.20948761931987,25.29167686911491,-2.228372209210484,-1.8251363261773303,-0.4032358830331535,0.009187287487320894,0.0524575433950744,-0.07789139027324288,-0.21868375830373965,1,CRWD
2022-12-09,28.770000457763672,29.25,28.237499237060547,28.440000534057617,12058400,30.446249961853027,36.30059997558594,30.64094387897928,32.88063671846386,26.636703744589937,-2.239692839484583,-1.9080476288387809,-0.3316452106458021,0.007352976041603787,0.05300325773251049,-0.2977216605320785,-0.20745110336707906,0,CRWD
2022-12-12,29.63500022888184,29.645000457763672,28.600000381469727,28.690000534057617,12138400,29.923500061035156,36.06924999237061,30.486183317425827,32.64021920071704,33.378911014296634,-2.1540358832912148,-1.9572452797292677,-0.1967906035619471,0.030066032580988278,0.05507011249802538,0.006634379353811504,-0.17838601481455107,0,CRWD
2022-12-13,30.247499465942383,31.3799991607666,29.607500076293945,31.0575008392334,17820400,29.498250007629395,35.827649993896486,30.449462724889912,32.46298070184484,36.135549252880665,-2.0135179769549296,-1.9684998191744,-0.04501815778052953,0.020668102997468907,0.05620150920886987,0.46810123245238255,-0.15574983368724227,0,CRWD
2022-12-14,30.14249992370605,30.950000762939453,29.700000762939453,30.25,15744000,29.571249961853027,35.55514995574951,30.40223767855393,32.29109323679752,29.154697799105833,-1.8888555582435913,-1.9525709669882385,0.0637154087446472,-0.0034713461968833847,0.02971361161979289,-0.1165181477407915,-0.1522325187428495,0,CRWD
2022-12-15,28.747499465942383,30.272499084472656,28.667499542236328,29.725000381469727,12948800,29.34424991607666,35.246599960327146,30.147662568921387,32.02860480932677,26.570677248527787,-1.8809422404053855,-1.938245221671668,0.057302981266282416,-0.046280184500110066,0.02722000784641949,-0.17754065040650402,-0.1843894305181214,0,CRWD
2022-12-16,27.875,28.72875022888184,27.690000534057617,28.5004997253418,20167600,29.03174991607666,34.91214996337891,29.798022173702712,31.72093037900627,25.208444767347416,-1.9229082053035569,-1.935177818398046,0.01226961309448904,-0.030350447244152368,0.028026921569143524,0.5574879525515879,-0.20156736181416857,0,CRWD
2022-12-19,27.022499084472656,27.821250915527344,26.895000457763672,27.70499992370605,16856000,28.77574977874756,34.5931999206543,29.371018621513475,31.37289843126304,24.3613897452465,-2.001879809749564,-1.9485182166683497,-0.053361593081214354,-0.030582992485285843,0.026247505868708037,-0.16420397072532178,-0.2188493939140178,0,CRWD
2022-12-20,27.457500457763672,27.620500564575195,26.506750106811523,26.76275062561035,13815200,28.67574977874756,34.3369499206543,29.076631211705813,31.08286895174457,40.15609522603996,-2.006237740038756,-1.9600621213424312,-0.046175618696324916,0.016097747729815648,0.0250817731803053,-0.18039867109634555,-0.2003512099585908,0,CRWD
2022-12-21,26.837499618530277,27.280000686645508,26.087499618530277,27.209999084472656,27170800,28.529499816894532,34.09474994659424,28.732149428140346,30.76839714928425,26.634999076711438,-2.036247721143905,-1.975299241302726,-0.060948479841179015,-0.022580381640605163,0.02582002243732037,0.9667322948636285,-0.21285536158592355,0,CRWD
2022-12-22,25.99250030517578,26.417499542236328,25.467750549316406,26.1875,17511200,28.27274990081787,33.84964992523194,28.31066494768426,30.414627012683624,24.379645897830557,-2.103962064999365,-2.0010318060420538,-0.10293025895731134,-0.031485768993586016,0.02653240752677348,-0.3555140076847204,-0.2321190806230271,1,CRWD
2022-12-23,25.497499465942383,25.81999969482422,25.237499237060547,25.75,13300800,27.94549980163574,33.5965998840332,27.87787025818551,30.05039534255464,26.92090929408522,-2.1725250843691306,-2.0353304617074692,-0.13719462266166138,-0.019043987050943012,0.02602671748845903,-0.240440403855818,-0.24106905002431278,1,CRWD
2022-12-27,25.165000915527344,25.57999992370605,24.82749938964844,25.26749992370605,12407600,27.498499870300293,33.369999923706054,27.460505743930405,29.68851427388595,29.56873459563512,-2.228008529955545,-2.073866075357085,-0.15414245459846043,-0.013040437587190312,0.021521064041056918,-0.06715385540719354,-0.24587950335444497,1,CRWD
2022-12-28,24.989999771118164,25.420000076293945,24.674999237060547,24.899999618530277,14128000,26.97274990081787,33.11174991607666,27.08042790195929,29.340476162569818,29.50465404722712,-2.260048260610528,-2.1111025124077734,-0.14894574820275475,-0.006954148143948569,0.017729446733515557,0.13865695219059293,-0.24528302386746303,0,CRWD
2022-12-29,26.14249992370605,26.377500534057617,25.11750030517578,25.357500076293945,12571200,26.572749900817872,32.85019989013672,26.93613128992033,29.103589033765093,36.52077589665031,-2.167457743844764,-2.1223735586951715,-0.04508418514959267,0.0461184539073054,0.026996846461956856,-0.11019252548131375,-0.2041905373137367,0,CRWD
2022-12-30,26.32250022888184,26.546749114990234,25.747499465942383,25.875,12595600,26.330249977111816,32.61394992828369,26.841726511299022,28.897582455625592,36.30769394930458,-2.05585594432657,-2.1090700358214516,0.053214091494881544,0.006885351657305083,0.025057306683353466,0.0019409443808069415,-0.19290670750511385,0,CRWD
2023-01-03,25.81999969482422,27.114999771118164,25.42925071716309,26.875,13790000,26.12474994659424,32.36094989776611,26.684537770302896,28.669613362232898,27.755105853923595,-1.985075591930002,-2.084271147043162,0.0991955551131598,-0.019090152139357275,0.024204463910235327,0.09482676490202935,-0.20212479002025274,0,CRWD
2023-01-04,26.091249465942383,26.72249984741211,25.63500022888184,26.1924991607666,12152800,26.03162498474121,32.10117485046387,26.593262646555125,28.478623443989154,24.7609024897275,-1.8853607974340285,-2.044489077121335,0.15912827968730658,0.01050541341301936,0.023296093366850117,-0.11872371283538796,-0.18721823772859958,0,CRWD
2023-01-05,23.72249984741211,24.502500534057617,23.62874984741211,24.5,40006800,25.658124923706055,31.785774841308594,26.151606831302352,28.126317992390856,19.421299976470465,-1.9747111610885035,-2.030533493914769,0.05582233282626525,-0.09078712852070447,0.03500550483767742,2.2919820946613125,-0.2536755839413266,1,CRWD
2023-01-06,23.68000030517578,23.989999771118164,23.065000534057617,23.596250534057617,27089200,25.342374992370605,31.448824844360352,25.771359673436724,27.79696112667122,22.29361481578816,-2.025601453234497,-2.029547085778715,0.003945632544217759,-0.0017915288232561721,0.035053106473681865,-0.3228851095313796,-0.24703067849537585,1,CRWD
2023-01-09,24.14249992370605,24.950000762939453,23.950000762939453,24.26000022888184,25726800,25.157374954223634,31.122824821472168,25.52076586578585,27.52626029682195,28.63480824000574,-2.005494431036098,-2.0247365548301914,0.019242123794093402,0.019531233638927725,0.03558917460377965,-0.0502931057395567,-0.22428314067912858,1,CRWD
2023-01-10,23.917499542236328,24.00749969482422,23.0625,23.68000030517578,30820000,24.99937496185303,30.7775248336792,25.274109508316695,27.258944685371162,30.851071337997382,-1.9848351770544674,-2.0167562792750466,0.0319211022205792,-0.009319680322284696,0.03534847744802377,0.19797254225165983,-0.22289074019155986,1,CRWD
2023-01-11,24.25,24.625,23.71999931335449,24.229999542236328,21000400,24.907874870300294,30.444274864196778,25.116554199344893,27.036059893862188,29.96564628492378,-1.9195056945172944,-1.9973061623234964,0.07780046780620209,0.013901974041078402,0.035759193123955535,-0.3186112913692407,-0.20346271644923952,1,CRWD
2023-01-12,24.4950008392334,24.512500762939453,23.177499771118164,24.26499938964844,19219200,24.858374977111815,30.128174896240235,25.02093060548159,26.84783329722302,34.649420371080495,-1.8269026917414308,-1.9632254682070835,0.13632277646565272,0.01010312739106789,0.03596117166367936,-0.08481743204891334,-0.18697362440330945,1,CRWD
2023-01-13,24.88249969482422,24.982500076293945,24.03249931335449,24.107500076293945,16841200,24.732374954223634,29.823174896240236,24.99963354230353,26.702253030378664,42.262108637888595,-1.7026194880751326,-1.9111042721806935,0.20848478410556082,0.01581950774911456,0.032635876604434386,-0.12373043623043622,-0.16566563481605978,1,CRWD
2023-01-17,26.107500076293945,26.43975067138672,24.53249931335449,25.100000381469727,26614000,24.710874938964842,29.60537487030029,25.170074547532828,26.65819725600202,53.85954190808716,-1.4881227084691915,-1.8265079594383933,0.3383852509692018,0.04923140345600152,0.03675383878486936,0.5802911906514976,-0.11814999165963502,1,CRWD
2023-01-18,25.25,26.850000381469727,25.225000381469727,26.66625022888184,20896400,24.653874969482423,29.40272487640381,25.182370770989316,26.55388634815002,50.504295862021834,-1.3715155771607037,-1.7355094829828555,0.36399390582215174,-0.03284497074741255,0.037782749326681256,-0.21483429773803264,-0.1412360552928359,0,CRWD
2023-01-19,24.962499618530277,25.44750022888184,24.549999237060547,24.82749938964844,18950000,24.540999984741212,29.264174880981447,25.14854443984177,26.43600584965967,49.83899209812796,-1.2874614098178974,-1.6458998683498638,0.35843845853196643,-0.011386153721573145,0.03763960471679217,-0.09314523075745107,-0.1469945856989392,1,CRWD
2023-01-20,25.852500915527344,25.940000534057617,24.89249992370605,25.07999992370605,16538800,24.754000091552733,29.157824897766112,25.25684543610109,26.392783261946164,48.24826979154547,-1.1359378258450725,-1.5439074598489055,0.407969634003833,0.03565353272299698,0.02387508863904874,-0.12724010554089715,-0.11335975827511058,1,CRWD
2023-01-23,26.575000762939453,26.587499618530277,25.5,25.51749992370605,14615200,25.0435001373291,29.054324913024903,25.459638563306992,26.406280854612334,51.43140866321049,-0.9466422913053414,-1.4244544261401928,0.4778121348348514,0.02794700016732876,0.024246017200585307,-0.11630831741117853,-0.08533408218939487,0,CRWD
2023-01-24,26.149999618530277,27.252500534057617,26.033750534057617,26.78874969482422,20328800,25.244250106811524,28.96552490234375,25.565847956418267,26.387297059346995,51.887331084876955,-0.8214491029287281,-1.3038533614979,0.4824042585691719,-0.015992516734067874,0.02556431545759139,0.3909354644479719,-0.09720263289914188,1,CRWD
2023-01-25,25.20499992370605,25.48500061035156,24.315000534057617,25.43000030517578,30584800,25.373000144958496,28.79082492828369,25.51033287446254,26.29971949374396,45.294043057607006,-0.7893866192814194,-1.2009600130546039,0.41157339377318447,-0.03613765616098075,0.028818873211572286,0.5045059226319311,-0.12454749085897077,1,CRWD
2023-01-26,26.11750030517578,26.137500762939453,25.21999931335449,25.65749931335449,24278000,25.559750175476076,28.59757495880127,25.603743248418425,26.286221776072246,65.04396724537266,-0.6824785276538208,-1.0972637159744472,0.4147851883206264,0.03620314954301973,0.030352239435110607,-0.2062070047866914,-0.08672325038743245,1,CRWD
2023-01-27,26.087499618530277,26.460250854492188,25.6299991607666,25.90250015258789,24382800,25.71900005340576,28.409274978637697,25.67816730535871,26.271501616254323,65.14626038661504,-0.5933343108956137,-0.9964778349586805,0.40314352406306675,-0.0011486813935083218,0.030468166083370926,0.004316665293681465,-0.08172596315299407,1,CRWD
2023-01-30,25.342500686645508,25.895000457763672,25.21875,25.7450008392334,21072400,25.76500015258789,28.174624977111815,25.62652628709514,26.202686732579593,57.29040263348424,-0.5761604454844544,-0.9124143570638353,0.3362539115793809,-0.028557697854476927,0.03218151144184235,-0.13576783634365208,-0.10052038998804902,1,CRWD
2023-01-31,26.475000381469727,26.479999542236328,25.184999465942383,25.25,18593200,25.80175018310547,27.985875015258788,25.757060763152765,26.222858113978862,63.99452854634715,-0.4657973508260973,-0.8230909558162878,0.35729360499019047,0.0446877641960961,0.03146941892881776,-0.11765152521782052,-0.05398704285520051,1,CRWD
2023-02-01,27.625,27.90999984741211,26.274999618530277,26.475000381469727,21574800,26.03925018310547,27.842225036621095,26.044436030360032,26.326720475906356,66.95127764553325,-0.28228444554632404,-0.7149296537622951,0.4326452082159711,0.043437189875743076,0.031372207287264045,0.16035970139620948,-0.0078019998881331265,1,CRWD
2023-02-02,28.982500076293945,29.397499084472656,28.477500915527344,29.397499084472656,28503200,26.441250228881835,27.726925010681153,26.496445883580634,26.52344489074988,70.27331738864135,-0.02699900716924475,-0.5773435244436851,0.5503445172744403,0.04914027425498446,0.03271131877097193,0.3211339154940023,0.045283603036727405,0,CRWD
2023-02-03,28.38999938964844,29.35300064086914,28.05500030517578,28.11549949645996,16076400,26.695000076293944,27.616925010681154,26.787761807591068,26.661708186964585,65.55776798727861,0.1260536206264824,-0.4366640954296516,0.5627177160561341,-0.020443394637653656,0.033671545048286795,-0.4359791181341043,0.02799277539654721,0,CRWD
2023-02-06,27.354999542236328,28.780000686645508,27.206249237060547,27.84749984741211,15458800,26.772999954223632,27.48502498626709,26.875029151382645,26.7130631021699,55.62823911443281,0.1619660492127437,-0.31693806650117257,0.4789041157139163,-0.03645649417623775,0.03592298906702638,-0.038416560921599396,-0.004730774088643863,1,CRWD
2023-02-07,28.647499084472656,28.770000457763672,26.940000534057617,27.43375015258789,16461200,27.02274990081787,27.3535249710083,27.147716833396494,26.85635465641455,64.74928823241845,0.291362176981945,-0.19527801780454906,0.48664019478649406,0.04724911584226854,0.037641019823679435,0.06484332548451377,0.04730557084821152,1,CRWD
2023-02-08,28.6200008392334,29.79750061035156,28.59749984741211,29.582500457763672,20848400,27.364249992370606,27.22567497253418,27.374222065063712,26.986995114401132,66.2447316005023,0.38722695066257984,-0.07877702411112328,0.46600397477370314,-0.0009598829258419261,0.03437305560987721,0.2665176293344349,0.05121363815978275,1,CRWD
2023-02-09,28.354999542236328,29.44750022888184,28.280000686645508,29.26000022888184,14563600,27.58799991607666,27.095524978637695,27.525110907705653,27.088328775722257,61.768157528973035,0.43678213198339577,0.024334807107780534,0.41244732487561525,-0.009259304305602845,0.034014087164537944,-0.3014523896318183,0.04648275184155359,1,CRWD
2023-02-10,27.239999771118164,28.155000686645508,26.899999618530277,27.975000381469727,13846000,27.70324993133545,26.95032497406006,27.48124765592296,27.0995636642701,53.01586862216762,0.38168399165286004,0.09580464401679645,0.2858793476360636,-0.03932286330871948,0.03723999454480093,-0.04927353126974099,0.010748471394572023,1,CRWD
2023-02-13,28.042499542236328,28.32250022888184,27.1612491607666,27.5575008392334,10682800,27.97324981689453,26.92292495727539,27.567594099971174,27.16941076634167,58.29861966651124,0.398183333629504,0.15628038193933796,0.241902951690166,0.029460344268028793,0.0359360016463176,-0.22845587173190818,0.041584433590986736,1,CRWD
2023-02-14,29.07749938964844,29.165000915527344,27.602500915527344,27.98500061035156,15724000,28.2334997177124,26.884124946594238,27.799887221459983,27.310750664364395,66.8479443367795,0.4891365570955877,0.22285161697058792,0.26628494012499976,0.03690825940295528,0.03519635004770749,0.47189875313588203,0.08158623155529066,1,CRWD
2023-02-15,30.1299991607666,30.13999938964844,28.8125,29.177499771118164,16794000,28.48399963378906,26.86672492980957,28.15836598135331,27.519583886320113,67.24693582108813,0.6387820950331964,0.30603771258310963,0.33274438245008675,0.03619636465344911,0.034499035520194836,0.06804884253370647,0.12146155660887104,0,CRWD
2023-02-16,28.780000686645508,29.6825008392334,28.76499938964844,29.46500015258789,16876400,28.46374969482422,26.850674934387207,28.254002089859803,27.612948093751626,60.39375405509598,0.6410539961081767,0.373040969288123,0.2680130268200537,-0.044805791958964836,0.03521378003532836,0.004906514231272974,0.07185390151170634,1,CRWD
2023-02-17,28.5625,28.57250022888184,27.614999771118164,28.482500076293945,14853200,28.480999755859376,26.852774925231934,28.30146330680445,27.683285271992247,62.957746500494224,0.6181780348122032,0.4220683823929391,0.19610965241926415,-0.007557355158314238,0.03461914014187581,-0.1198833874523002,0.06367033126105492,1,CRWD
2023-02-21,28.107500076293945,28.6872501373291,27.877500534057617,28.0049991607666,14483200,28.556249809265136,26.848924942016602,28.271622809802835,27.71470859082941,56.948287014667144,0.5569142189734251,0.4490375497090363,0.10787666926438877,-0.015929975447039113,0.032697099058086945,-0.024910457005897668,0.046876183571423535,1,CRWD
2023-02-22,29.40749931335449,29.57749938964844,28.280000686645508,28.604999542236328,21040400,28.63224983215332,26.865874938964843,28.446373041118473,27.84010049620164,57.49106844413378,0.606272544916834,0.4804845487505959,0.12578799616623815,0.04625097335344219,0.03254886999698655,0.45274524966858154,0.09460419138270493,1,CRWD
2023-02-23,29.36000061035156,30.137500762939453,28.70974922180176,29.92250061035156,20244400,28.706249809265138,26.8776749420166,28.586931128692797,27.952685689842376,51.78276592053499,0.6342454388504208,0.5112367267705609,0.12300871207985997,-0.001615190142378431,0.03255860587409262,-0.037831980380601093,0.0923564137779811,1,CRWD
2023-02-24,29.31999969482422,29.700000762939453,28.825000762939453,28.94499969482422,19202400,28.802749824523925,26.87137493133545,28.699710908097632,28.05396820872992,54.633785116326436,0.6457426993677124,0.5381379212899912,0.10760477807772129,-0.0013624289746518858,0.03232225841795009,-0.051471024085673056,0.09112391047148694,1,CRWD
2023-02-27,30.162500381469727,30.809999465942383,29.575000762939453,29.658750534057617,22007600,29.094999885559083,26.869674949645997,28.92475544246257,28.210155777081017,64.262137320231,0.7145996653815523,0.5734302701083034,0.1411693952732489,0.028734675832695622,0.029247037876803657,0.14608590592842563,0.12254801883515576,1,CRWD
2023-02-28,30.17250061035156,30.670000076293945,30.022499084472656,30.049999237060547,14015200,29.307999992370604,26.870274963378908,29.11671623752241,28.355514653619576,58.90772173379821,0.7612015839028352,0.6109845328672098,0.15021705103562544,0.0003315450892782401,0.028606552079035116,-0.3631654519347861,0.12289511928974317,1,CRWD
2023-03-01,30.052499771118164,30.262500762939453,29.65250015258789,30.0575008392334,11073200,29.40550003051758,26.896374969482423,29.260682934998684,28.48121725491577,58.277948030179,0.7794656800829145,0.6446807623103508,0.13478491777256374,-0.003977159227970151,0.026837620046199155,-0.20991494948341805,0.11734387274183944,1,CRWD
2023-03-02,30.90999984741211,30.982500076293945,29.677499771118164,29.75,15396000,29.48350009918213,26.957074966430664,29.5144239984469,28.661127076582165,63.81828339841085,0.8532969218647359,0.6864039942212279,0.16689292764350805,0.028533402639538297,0.02589724840175946,0.3903839901744752,0.14663775227482878,0,CRWD
2023-03-03,31.51000022888184,31.780000686645508,30.424999237060547,30.825000762939453,19513200,29.756500053405762,27.046824989318846,29.821435726206122,28.872154717493252,74.45590310231478,0.9492810087128696,0.7389793971195562,0.2103016115933134,0.019411206225546485,0.02007072236430853,0.26742010911925185,0.1650166051403652,0,CRWD
2023-03-06,31.897499084472656,32.54750061035156,31.82875061035156,32.5,30331600,30.089999961853028,27.135624961853026,30.140830089016358,29.096254300232467,73.18099927192722,1.0445757887838916,0.8000986754524233,0.24447711333146827,0.012297646866902934,0.01918220938999155,0.5544144476559456,0.17548422523210072,0,CRWD
2023-03-07,31.232500076293945,32.150001525878906,31.127500534057617,31.75,39109600,30.402499961853028,27.223524971008302,30.308779317828293,29.254494728088872,63.56199677011006,1.0542845897394209,0.8509358583098229,0.20334873142959797,-0.020847998346755214,0.02000249424272797,0.2894011525933351,0.14726142590112778,1,CRWD
2023-03-08,32.22999954223633,33.7400016784668,31.25,33.220001220703125,98787600,30.68474998474121,27.348274955749513,30.604351660044912,29.474902492099794,63.30799145488203,1.1294491679451184,0.9066385202368821,0.22281064770823633,0.03193786803828447,0.017542813933671107,1.5259169104260848,0.178502102760983,1,CRWD
2023-03-09,30.420000076293945,32.522499084472656,30.3799991607666,32.02750015258789,32122400,30.790749931335448,27.44672496795654,30.575989877929377,29.54490972055862,59.82035742120937,1.0310801573707558,0.9315268476636568,0.09955330970709897,-0.05615884243406333,0.027167810459748896,-0.6748336835797205,0.10832895771020534,1,CRWD
2023-03-10,29.93000030517578,31.127500534057617,29.537500381469727,29.96999931335449,32198000,30.851749992370607,27.54202495574951,30.476606866736518,29.57343494904878,57.92983874963724,0.903171917687736,0.9258558616684727,-0.022683943980736698,-0.016107816235675032,0.027875499153527123,0.0023534978706447607,0.08670296948982226,1,CRWD
2023-03-13,30.352500915527344,30.899999618530277,29.5575008392334,29.77750015258789,25046800,30.87075004577637,27.649274978637695,30.45751364347357,29.631143539158305,63.06752792689815,0.8263701043152629,0.9059587101978308,-0.07958860588256789,0.014116291548400106,0.026700456694589297,-0.22210075159947817,0.0977684202923299,1,CRWD
2023-03-14,32.002498626708984,32.040000915527344,30.717500686645508,31.21999931335449,26229200,31.05374984741211,27.766474952697752,30.695203640894402,29.806799471569466,64.51342430436691,0.8884041693249358,0.9024478020232518,-0.014043632698315989,0.05436117820319564,0.03158109537058301,0.047207627321653955,0.15255892875230326,1,CRWD
2023-03-15,32.33000183105469,32.54750061035156,31.63249969482422,31.63999938964844,24494800,31.28150005340576,27.88662498474121,30.946711054765213,29.993703350049852,66.10629515988632,0.9530077047153611,0.9125597825616737,0.04044792215368742,0.01023367606904202,0.03138354354921127,-0.0661247769661294,0.15933720372202687,1,CRWD
2023-03-16,33.380001068115234,33.52225112915039,32.38750076293945,32.57500076293945,27759600,31.528500175476076,28.03782501220703,31.32106336451137,30.244540218054695,69.84360486297481,1.076523146456676,0.9453524553406742,0.13117069111600177,0.03247754956982307,0.031696598668153705,0.13328543201005938,0.19053461006987327,1,CRWD
2023-03-17,33.279998779296875,34.11750030517578,32.96500015258789,33.4375,22915600,31.705500030517577,28.18159999847412,31.622438043709142,30.46938900036893,66.42950209109719,1.1530490433402107,0.9868917729405816,0.16615727039962913,-0.0029958743444703506,0.031605672210069144,-0.17449819161659386,0.18091232510215205,0,CRWD
2023-03-20,33.185001373291016,33.321250915527344,32.55500030517578,33.07749938964844,16982800,31.834250259399415,28.3708500289917,31.862832402106353,30.670545472437233,65.73518564199108,1.1922869296691196,1.0279708042862894,0.16431612538283025,-0.002854489467858934,0.03162974988608792,-0.2588978687007977,0.16968653880232054,0,CRWD
2023-03-21,34.005001068115234,34.224998474121094,32.817501068115234,32.9375,18952000,32.111500358581544,28.577350044250487,32.19239681226156,30.917542183228196,69.2382690831931,1.274854629033367,1.077347569235705,0.19750705979766203,0.024709949100203854,0.030858058096224848,0.11595261087688713,0.1899284228754703,0,CRWD
2023-03-22,33.314998626708984,34.470001220703125,33.3125,33.92499923706055,14956400,32.22000026702881,28.760800018310547,32.36510478371501,31.09513154941196,61.90004397944102,1.2699732343030519,1.1158727022491746,0.1541005320538773,-0.020291204814965602,0.030958913407816094,-0.21082735331363445,0.15834742446312378,0,CRWD
2023-03-23,33.6349983215332,34.58250045776367,33.282501220703125,33.9900016784668,12843200,32.541500091552734,28.955149993896484,32.560473020302425,31.28326982882835,60.81424091689413,1.2772031914740758,1.1481388000941548,0.12906439137992098,0.009605274141229359,0.022703249513082627,-0.14129068492417962,0.16162404023543986,0,CRWD
2023-03-24,32.8849983215332,33.75,32.6974983215332,33.599998474121094,10805600,32.83699989318848,29.127849960327147,32.610399989722545,31.40191638384352,54.84662202238305,1.2084836058790245,1.1602077612511288,0.04827584462789569,-0.022298202391163757,0.023571854523907,-0.1586520493334994,0.1289881802578421,1,CRWD
2023-03-27,32.84749984741211,33.31100082397461,32.5724983215332,32.97999954223633,10251600,33.086499786376955,29.294899940490723,32.64687689090555,31.508996640404156,58.44665199444634,1.1378802505013965,1.1557422591011823,-0.017862008599785817,-0.0011402911976595709,0.023747791982604363,-0.051269712001184575,0.1212702523011886,1,CRWD
2023-03-28,32.15999984741211,32.90999984741211,31.88999938964844,32.75,10778000,33.10224990844726,29.44044994354248,32.5719727303681,31.55721910018252,49.621623271220436,1.0147536301855808,1.127544533318062,-0.11279090313248119,-0.020930055657011115,0.018925437498483105,0.05134808225057541,0.09237460395764585,1,CRWD
2023-03-29,32.400001525878906,32.849998474121094,32.170249938964844,32.77000045776367,10783200,33.109249877929685,29.56629997253418,32.545515621985146,31.619647428011884,62.89063072375167,0.9258681939732618,1.0872092654491021,-0.16134107147584031,0.007462738793704071,0.01878935119380343,0.00048246427908704703,0.09584227840403137,0,CRWD
2023-03-30,32.93000030517578,33.375,32.48749923706055,32.782501220703125,13703200,33.06424980163574,29.719899978637695,32.60466711170678,31.716710604098097,69.4300487411501,0.8879565076086848,1.0473587138810188,-0.15940220627233392,0.01635798624495588,0.016248899937450514,0.2707916017508718,0.1080118146038671,0,CRWD
2023-03-31,34.314998626708984,34.560001373291016,33.02750015258789,33.130001068115234,18113600,33.16774978637695,29.90694995880127,32.86779503709174,31.909176383550758,72.81887819548211,0.9586186535409809,1.0296107018130112,-0.07099204827203032,0.04205886148490312,0.021199379905168306,0.32185183022943553,0.14739211701561272,0,CRWD
2023-04-03,34.13750076293945,34.397499084472656,33.54249954223633,33.875,11152000,33.2629997253418,30.07264995574951,33.06313437952985,32.07423744869066,64.80584193712573,0.9888969308391893,1.0214679476182469,-0.032571016779057604,-0.005172602968760653,0.021286263630083672,-0.38433000618319935,0.13516769600188794,0,CRWD
2023-04-04,34.21500015258789,34.66749954223633,33.932498931884766,34.375,12183200,33.283999633789065,30.22544994354248,33.24034449846186,32.232812463794154,63.54166381203615,1.0075320346677046,1.0186807650281384,-0.011148730360433845,0.0022702127547828965,0.01988418792657348,0.09246771879483506,0.13199307922619563,0,CRWD
2023-04-05,31.950000762939453,33.90250015258789,31.424999237060547,33.842498779296875,31183200,33.14749984741211,30.341449966430662,33.04183007761226,32.21186344891603,41.25381586597642,0.8299666286962335,0.9809379377617575,-0.15097130906552403,-0.06619901737680167,0.028656966313594153,1.5595245912403968,0.05301496132480388,1,CRWD
2023-04-06,31.95499992370605,32.03499984741211,30.925249099731445,31.5,15956800,32.9795000076294,30.476449966430664,32.874625438549764,32.19283652112269,41.80074183657545,0.6817889174270704,0.9211081336948201,-0.23931921626774977,0.0001564682518693239,0.028319698488498506,-0.48828856563790757,0.048514507395184925,1,CRWD
2023-04-10,32.025001525878906,32.04499816894531,31.137500762939453,31.68000030517578,10694400,32.893500328063965,30.594599990844728,32.74391406736963,32.180404299252785,42.79950122397137,0.5635097681168446,0.849588460579225,-0.2860786924623804,0.0021906306474726023,0.02768470661314166,-0.32979043417226517,0.04675339881751084,1,CRWD
2023-04-11,32.46500015258789,32.93000030517578,31.8174991607666,31.88500022888184,16058800,32.85525035858154,30.72215000152588,32.701004234326284,32.201485473573904,39.96741476196772,0.49951876075238033,0.7795745206138561,-0.2800557598614758,0.013739222661814043,0.02814959067962345,0.5016083183722322,0.056729433030417775,1,CRWD
2023-04-12,33.75,34.290000915527344,32.789249420166016,33.125,22071200,33.01425037384033,30.890299987792968,32.862388198276086,32.31619025330917,52.629998491648024,0.546197944966913,0.7328992054844675,-0.18670126051755453,0.03958108243870373,0.02979866021816966,0.3743990833686204,0.09257598706833892,0,CRWD
2023-04-13,34.025001525878906,35.0525016784668,33.93000030517578,34.151248931884766,18993600,33.176750373840335,31.04130001068115,33.04125178713806,32.442768866092116,52.37084168740983,0.5984829210459424,0.7060159485967625,-0.10753302755082017,0.008148193359375,0.029805117279214918,-0.13943963173728657,0.0961203787911935,0,CRWD
2023-04-14,33.942501068115234,34.17499923706055,33.46500015258789,33.61249923706055,11650000,33.27800045013428,31.167650032043458,33.17990552267301,32.55386014031605,56.9963839220817,0.6260453823569634,0.6900218353488027,-0.0639764529918393,-0.0024247010746177855,0.029623021085570665,-0.3866354982731025,0.08902984450925722,0,CRWD
2023-04-17,34.342498779296875,34.486751556396484,33.6609992980957,34.165000915527344,9386000,33.28075046539307,31.274850006103517,33.35876602369207,32.68635189135166,59.43813129792759,0.6724141323404069,0.6865002947471236,-0.014086162406716674,0.0117845679780324,0.026633228492433735,-0.1943347639484978,0.09808676212978429,0,CRWD
2023-04-18,34.095001220703125,34.97249984741211,34.03125,34.76250076293945,7707600,33.27650051116943,31.38895004272461,33.472032977078385,32.79069628611844,62.93451514278356,0.6813366909599452,0.685467573989688,-0.004130883029742849,-0.007206742881008754,0.02668829274875687,-0.17881951843170685,0.08621031204596563,0,CRWD
2023-04-19,33.20750045776367,33.92150115966797,33.002498626708984,33.75,11436800,33.17575054168701,31.506000061035156,33.43133566641458,32.821570669203275,54.96770117710118,0.6097649972113075,0.670327058634012,-0.06056206142270448,-0.02603023115308023,0.02791705650264968,0.4838341377341844,0.05400559872507693,0,CRWD
2023-04-20,32.47249984741211,32.97999954223633,32.26750183105469,32.75749969482422,9783200,33.228000450134275,31.582500076293947,33.28382246349113,32.795713571292815,47.254720362878395,0.4881088921983121,0.633883425346872,-0.14577453314855993,-0.022133572241801347,0.018735300995823642,-0.14458589815332956,0.028180155749804037,0,CRWD
2023-04-21,33.0625,33.185001373291016,32.537498474121094,32.64500045776367,7750400,33.33875045776367,31.671350059509276,33.249772853723265,32.81547552897483,41.69154551145827,0.4342973247484352,0.5939662052271848,-0.1596688804787496,0.01816922489368844,0.019415373949619955,-0.207784773898111,0.04392455445937116,0,CRWD
2023-04-24,32.599998474121094,33.432498931884766,32.255001068115234,33.123748779296875,8217600,33.39625015258789,31.756250038146973,33.149807564553704,32.79951426565233,40.17256236037766,0.35029329890137717,0.5452316239620233,-0.19493832506064612,-0.013988703996337448,0.020202364628208656,0.06028075970272506,0.026569523635837866,0,CRWD
2023-04-25,30.537500381469727,32.11750030517578,30.45249938964844,32.04750061035156,24426400,33.20350017547607,31.822200050354002,32.74791415177155,32.6319576816388,31.251588647348584,0.11595647013275112,0.4593765931961689,-0.3434201230634178,-0.06326681561929037,0.02827760147644939,1.9724493769470404,-0.040371176940985354,0,CRWD
2023-04-26,31.030000686645508,31.47949981689453,30.718000411987305,30.95499992370605,10826800,32.93150024414062,31.881950073242187,32.48361977252139,32.513294200528186,44.27504472834577,-0.029674428006792652,0.36156638895557663,-0.3912408169623693,0.01612772162172882,0.024868424750627866,-0.5567582615530737,-0.02672199738847536,0,CRWD
2023-04-27,31.512500762939453,31.875,30.88999938964844,31.29750061035156,12389200,32.68025016784668,31.930650100708007,32.334216847970325,32.43916135329939,47.40088563726517,-0.10494450532906541,0.26826421009864826,-0.37320871542771367,0.01554947037115606,0.025507074921015283,0.14430856762847744,-0.013095547270404073,0,CRWD
2023-04-28,30.012500762939453,30.99250030517578,29.854999542236328,30.799999237060547,20764400,32.2872501373291,31.928300132751463,31.977029757965575,32.25940871697643,39.879299376986964,-0.2823789590108561,0.1581355762767474,-0.4405145352876035,-0.047600157514762764,0.028378311435307006,0.6760081361185548,-0.06000317467095029,1,CRWD
2023-05-01,29.69750022888184,29.98450088500977,29.22249984741211,29.63999938964844,14897600,31.822750282287597,31.946650123596193,31.626332907337307,32.06963771785831,35.90527038308424,-0.44330481052100623,0.03784749891719667,-0.4811523094382029,-0.010495644349856614,0.027164383016223207,-0.28254127256265527,-0.07040330945538176,1,CRWD
2023-05-02,29.184999465942383,29.787500381469727,29.01000022888184,29.725000381469727,12309600,31.331750106811523,31.95910011291504,31.250743147122705,31.855960810308986,24.76506083166305,-0.6052176631862807,-0.09076553350349881,-0.5144521296827819,-0.01725737045170661,0.027067270486404865,-0.17371925679304046,-0.08680158819151518,1,CRWD
2023-05-03,29.417499542236328,29.756999969482425,28.917499542236328,29.114999771118164,7634400,30.95275001525879,31.985300102233886,30.96870566944788,31.67533404971101,24.409871221902492,-0.7066283802631332,-0.2139381028554257,-0.49269027740770754,0.007966423866660133,0.027669165085561272,-0.3798011308247222,-0.08028064616527453,1,CRWD
2023-05-04,29.46999931335449,30.040000915527344,29.362499237060547,29.59749984741211,8520800,30.652499961853028,31.98655010223389,30.73813546081813,31.51197592109201,25.07660751422192,-0.7738404602738811,-0.3259185743391168,-0.4479218859347643,0.0017846442401667773,0.027700129859700075,0.11610604631667187,-0.07867528010479774,1,CRWD
2023-05-05,30.612499237060547,30.8075008392334,29.7549991607666,29.8075008392334,11990800,30.407499885559083,32.01160007476807,30.71880681100927,31.44534801857116,30.802884798500358,-0.7265412075618904,-0.4060431009836715,-0.3204981065782189,0.03876823720142841,0.030585555957671297,0.4072387569242324,-0.04370605763034974,1,CRWD
2023-05-08,33.102500915527344,33.220001220703125,31.350000381469727,31.5,24230800,30.457750129699708,32.08725009918213,31.085528980935127,31.56810008501236,45.84988521617514,-0.482571104077234,-0.421348701602384,-0.06122240247485,0.08133937902895272,0.04124659668049573,1.0207825999933284,0.03164031860652017,1,CRWD
2023-05-09,32.48500061035156,33.54249954223633,32.290000915527344,33.102500915527344,13555600,30.65250015258789,32.133700103759764,31.300832308537654,31.636018642444895,46.90909257071834,-0.3351863339072416,-0.40411622806335556,0.06892989415611395,-0.01865418890106063,0.035360568439405014,-0.44056325007841257,0.010932463596082798,1,CRWD
2023-05-10,33.45000076293945,33.98875045776367,32.75749969482422,33.087501525878906,15982400,30.894500160217284,32.199250106811526,31.631473609214854,31.770387688407453,54.101114496261644,-0.1389140791925989,-0.35107579828920427,0.21216171909660536,0.029706022301270618,0.036015199010684916,0.17902564253887698,0.038844092703368194,1,CRWD
2023-05-11,33.037498474121094,33.70249938964844,32.817501068115234,33.598751068115234,10231200,31.04699993133545,32.258950080871585,31.847785126892738,31.864247746608463,49.89351995664114,-0.016462619715724713,-0.28415316257450834,0.26769054285878363,-0.01233190670881501,0.03645191315882847,-0.35984583041345475,0.024134337642661263,1,CRWD
2023-05-12,32.557498931884766,33.23500061035156,32.3125,33.189998626708984,8105600,31.30149974822998,32.291900062561034,31.95697186612228,31.91559968625856,49.81926630001892,0.041372179863721215,-0.21904809408686243,0.26042027395058365,-0.014528931196540862,0.03239097250058925,-0.20775666588474473,0.008224937795830334,1,CRWD
2023-05-15,33.88750076293945,33.97999954223633,32.602500915527344,32.72249984741211,12562400,31.720499801635743,32.33945007324219,32.25397631178646,32.06166643267937,65.1927355063657,0.19230987910709274,-0.1367764994480714,0.32908637855516415,0.04085086000731364,0.03308466805108468,0.5498420844848007,0.04786880068124999,1,CRWD
2023-05-16,33.502498626708984,33.90250015258789,33.32500076293945,33.5,7854000,32.1522497177124,32.37155006408691,32.44605666792839,32.16839474334823,61.32354423603829,0.27766192458015837,-0.05388881464242546,0.3315507392225838,-0.011361184140540659,0.032518074555351516,-0.3748009934407438,0.0349364970285051,1,CRWD
2023-05-17,34.307498931884766,34.772499084472656,33.40250015258789,33.709999084472656,12590400,32.641249656677246,32.43305004119873,32.73243240084476,32.32684690546205,62.43325558009313,0.4055854953827094,0.03800604736260151,0.3675794480201079,0.024028067701613587,0.0325641545287689,0.6030557677616502,0.0577944068875722,1,CRWD
2023-05-18,35.462501525878906,35.4900016784668,34.307498931884766,34.36000061035156,15808400,33.240499877929686,32.49770008087158,33.152443035465396,32.55911761808552,75.01144933128202,0.593325417379873,0.14906992136605582,0.4442554960138172,0.033666184652146214,0.03258277675627021,0.2555915618248825,0.09123111597526345,1,CRWD
2023-05-19,36.18000030517578,37.084999084472656,35.59749984741211,35.685001373291016,24164000,33.797249984741214,32.61290008544922,33.6182210769593,32.82733115046258,78.68995022748877,0.7908899264967246,0.27743392239218956,0.5134560041045351,0.020232604819862443,0.03186187408039964,0.5285544394119581,0.10937697078089914,1,CRWD
2023-05-22,36.852500915527344,37.13999938964844,35.95500183105469,36.06499862670898,13733600,34.172249984741214,32.75135009765625,34.115802590585155,33.12549187380071,83.4605924553461,0.9903107167844425,0.4200092812706402,0.5703014355138023,0.018587634181289836,0.022712655889194404,-0.4316503890084423,0.12522081702410737,1,CRWD
2023-05-23,35.974998474121094,37.157501220703125,35.9474983215332,36.52750015258789,12892400,34.521249771118164,32.863800048828125,34.40183272651376,33.33656643678741,77.0914779387638,1.0652662897263525,0.5490606829617827,0.5162056067645698,-0.02381120465657527,0.023505964960270898,-0.06125123784004194,0.09466946672845,1,CRWD
2023-05-24,37.29999923706055,37.369998931884766,35.787498474121094,36.01250076293945,19463200,34.906249618530275,32.96975006103516,34.84770449736711,33.630154051622455,79.27099853273343,1.2175504457446564,0.6827586355183575,0.534791810226299,0.036831155500745894,0.024248942343584087,0.509664608606621,0.13134006681910027,1,CRWD
2023-05-25,37.40250015258789,37.782501220703125,36.79750061035156,37.66249847412109,14225600,35.342749786376956,33.07120002746582,35.240749982785694,33.90958709613841,77.52327936787741,1.3311628866472844,0.8124394857441428,0.5187234009031416,0.002748013877316602,0.0230616406572779,-0.2691027169221917,0.13096894341677645,1,CRWD
2023-05-26,38.52999877929688,39.54499816894531,37.5,37.5724983215332,22600400,35.93999977111817,33.174199981689455,35.74678825917203,34.25183981340941,74.73225007283467,1.494948445762617,0.9489412777478377,0.5460071680147793,0.03014500694095923,0.021467593094449122,0.5887133055899223,0.16144470101957453,0,CRWD
2023-05-30,39.647499084472656,40.19499969482422,38.727500915527344,39.8849983215332,26862800,36.51599960327148,33.30154998779297,36.34689761691059,34.65151827793262,81.2159138140285,1.6953793389779719,1.0982288899938646,0.5971504489841073,0.029003382833643787,0.020312672662042876,0.18859843188616132,0.1905601720942678,0,CRWD
2023-05-31,40.032501220703125,40.44874954223633,39.25249862670898,39.70750045776367,41110400,37.1689998626709,33.43849998474121,36.913913555955595,35.050109607026734,80.2157100546437,1.8638039489288616,1.251343901780864,0.6124600471479975,0.009710628542047184,0.01813427731355876,0.5303840254925027,0.19719787786446497,0,CRWD
2023-06-01,39.38750076293945,39.9474983215332,35.623748779296875,36.68000030517578,63368400,37.67700004577637,33.54614997863769,37.294465433953114,35.371397840798046,78.53930677163788,1.9230675931550678,1.385688640055705,0.5373789530993629,-0.016111920017380932,0.020909847500474858,0.5414201759165564,0.17412879832772332,0,CRWD
2023-06-02,37.83000183105469,39.84999847412109,37.63249969482422,39.665000915527344,31955200,37.913750076293944,33.63645004272461,37.37685564889182,35.55351665489113,71.6041721700067,1.8233389940006859,1.4732187108447012,0.35012028315598465,-0.03954297433743881,0.02559034602692214,-0.4957234205061197,0.12467284101037657,0,CRWD
2023-06-05,38.52000045776367,38.68999862670898,37.060001373291016,37.76250076293945,18722800,38.14775009155274,33.734150085449215,37.55272408102595,35.77325619584465,70.03241789457223,1.7794678851812975,1.5344685457120204,0.2449993394692771,0.018239455281827688,0.02548144968837959,-0.41409222912076904,0.14186959980292402,0,CRWD
2023-06-06,38.2599983215332,38.942501068115234,38.09999847412109,38.44499969482422,11577600,38.28849983215332,33.84165008544922,37.66153550264245,35.957459316266025,70.79779900035821,1.704076186376426,1.5683900738449017,0.1356861125315243,-0.006749795772083567,0.02541442280869254,-0.38163095263528957,0.1305594799582106,1,CRWD
2023-06-07,37.307498931884766,38.97499847412109,37.09999847412109,38.6875,13968400,38.421749877929685,33.93085006713867,37.6070683379105,36.0574622507563,62.94776979459588,1.5496060871541957,1.5646332765067608,-0.015027189352565085,-0.02489543730879773,0.02554843275375193,0.20650221116639034,0.09951559887432082,1,CRWD
2023-06-08,37.82500076293945,37.92250061035156,37.12749862670898,37.27999877929688,9106400,38.47425003051758,34.04415008544922,37.64059640329957,36.18839102943653,60.790125384039364,1.4522053738630376,1.5421476959780163,-0.08994232211497866,0.013871254998881977,0.023186405283989745,-0.3480713610721342,0.11105727909201657,1,CRWD
2023-06-09,37.38249969482422,38.45750045776367,36.709999084472656,38.38249969482422,14194400,38.47224998474121,34.143800048828126,37.600889217380285,36.27684352316895,55.63363064537229,1.3240456942113354,1.4985272956246802,-0.1744816014133448,-0.011698640031457486,0.02355692030389293,0.5587279276113502,0.09485469225348431,1,CRWD
2023-06-12,37.77750015258789,37.96500015258789,37.227500915527344,37.55875015258789,9784800,38.39700012207031,34.240750045776366,37.628060130489146,36.38800327349628,54.44924731806257,1.2400568569928652,1.4468332078983173,-0.2067763509054521,0.010566453848412927,0.02151658453535128,-0.31065772417291326,0.10329067272426129,1,CRWD
2023-06-13,38.27750015258789,38.567501068115234,37.64250183105469,38.26499938964844,12583200,38.260000228881836,34.320000076293944,37.7279739800428,36.527966005280845,61.49239022112856,1.2000079747619523,1.3974681612710445,-0.19746018650909214,0.013235391383242368,0.019494329182645476,0.28599460387539866,0.11531177352844857,0,CRWD
2023-06-14,38.4900016784668,38.5,37.66999816894531,38.28749847412109,10694800,38.105750274658206,34.40705009460449,37.84520901056957,36.6733019810724,56.68164842781467,1.17190702949717,1.3523559349162697,-0.18044890541909964,0.0055516040763319285,0.019227561559230378,-0.15007311335749252,0.11866613303482731,0,CRWD
2023-06-15,39.95249938964844,40.29750061035156,38.05524826049805,38.307498931884766,30272000,38.1622501373291,34.5218000793457,38.169407530427854,36.916205492818776,62.42083994665,1.2532020376090784,1.3325251554548316,-0.07932311784575319,0.037996821184859364,0.022668801503508414,1.8305344653476454,0.15731217079702353,0,CRWD
2023-06-16,38.78499984741211,40.5625,38.70249938964844,40.525001525878906,25407600,38.25774993896484,34.658500061035156,38.26411404073312,37.054634704270136,51.237268152195405,1.2094793364629837,1.3079159916564622,-0.09843665519347855,-0.029222190352847455,0.02073723750984346,-0.16068974630021138,0.11906169566224745,0,CRWD
2023-06-20,38.02000045776367,38.93000030517578,37.56499862670898,38.150001525878906,14381600,38.207749938964845,34.77980007171631,38.226558104891666,37.12614327860299,41.82367192809169,1.1004148262886773,1.2664157585829052,-0.16600093229422797,-0.019724104490346672,0.021046883954977235,-0.4339646405012674,0.09316328384194383,0,CRWD
2023-06-21,35.962501525878906,37.845001220703125,35.817501068115234,37.64500045776367,24980800,37.978000259399415,34.85855007171631,37.87824170812047,37.03994759321602,32.49462496849799,0.8382941149044498,1.1807914298472142,-0.34249731494276436,-0.05411622585776754,0.026957855565607366,0.7369972742949324,0.031669459914178244,1,CRWD
2023-06-22,36.45000076293945,36.73500061035156,35.375,35.63999938964844,13225600,37.89225044250488,34.93825008392334,37.65851233193878,36.996247828010354,37.19206316680283,0.6622645039284265,1.0770860446634567,-0.4148215407350302,0.013555765488386218,0.02667924710499377,-0.4705693972971242,0.04326921569869158,0,CRWD
2023-06-23,35.912498474121094,36.23749923706055,35.5525016784668,35.85749816894531,11681600,37.70100021362305,34.98150005340576,37.38989481535145,36.915970098092636,40.823149246919215,0.4739247172588108,0.9564537791825275,-0.4825290619237167,-0.014746290193904832,0.026320264996985636,-0.11674328574885073,0.026614022248731217,1,CRWD
2023-06-26,35.45249938964844,36.29499816894531,35.337501525878906,35.7599983215332,8744400,37.508000183105466,35.010050010681155,37.09183398062791,36.807564860430105,34.988988062903374,0.2842691201978056,0.8220168473855831,-0.5377477271877775,-0.012808885597423325,0.02635463558561698,-0.25143815915628,0.012637781974955686,1,CRWD
2023-06-27,36.06999969482422,36.26750183105469,35.51750183105469,35.622501373291016,10252400,37.3372501373291,35.05259998321533,36.93462870588888,36.75293040371856,39.64539731106248,0.18169830217032512,0.6939531383425316,-0.5122548361722065,0.01741768044021419,0.026887110162770823,0.1724532272082704,0.02902494286004642,1,CRWD
2023-06-28,36.272499084472656,36.505001068115234,35.609500885009766,35.97249984741211,9499200,37.136750030517575,35.091199989318845,36.83276261028639,36.71734289858924,44.732825613020836,0.11541971169715026,0.5782464530134553,-0.4628267413163051,0.005614066852279276,0.026439560602440442,-0.07346572509851357,0.03366368478460058,0,CRWD
2023-06-29,35.997501373291016,36.622501373291016,35.79249954223633,36.442501068115234,9800400,36.8875,35.1292499923706,36.70426088151787,36.6640213041227,40.46438805188229,0.04023957739516959,0.47064507788979826,-0.43040550049462867,-0.0075814382279317805,0.026179439955715166,0.031707933299646385,0.02471590999264084,1,CRWD
2023-06-30,36.71749877929688,37.33000183105469,36.21749877929688,36.272499084472656,12370800,36.56399993896484,35.19944995880127,36.70629748117618,36.667982598580046,46.62778200343714,0.038314882596132804,0.3841790388310652,-0.3458641562349324,0.020001316161906812,0.023245601739786875,0.2622750091832986,0.043127060856700705,1,CRWD
2023-07-03,36.4900016784668,36.88750076293945,36.25249862670898,36.79499816894531,5545600,36.33450012207031,35.279799995422366,36.67302120383627,36.654798826719805,43.35826746241777,0.018222377116465793,0.31098770648814533,-0.29276532937167954,-0.006195876854181548,0.02203656120822326,-0.5517185630678695,0.03430296325947024,1,CRWD
2023-07-05,36.27000045776367,36.817501068115234,36.220001220703125,36.38999938964844,12716400,36.15950012207031,35.343950004577636,36.611018012132796,36.626295243834164,39.335980624358655,-0.015277231701368521,0.24573471885024256,-0.2610119505516111,-0.006029082230296301,0.02149807809431975,1.293061165608771,0.02620110239704676,1,CRWD
2023-07-06,35.90250015258789,35.928749084472656,34.842498779296875,35.6875,15155200,36.15349998474121,35.410000038146975,36.502015264510504,36.572680792630734,36.47763610120972,-0.07066552812023019,0.18245466945614802,-0.2531201975763782,-0.010132349063621704,0.013059797921539515,0.19178383819319933,0.013908503640506886,1,CRWD
2023-07-07,36.01250076293945,36.70000076293945,35.869998931884766,35.877498626708984,9140000,36.109749984741214,35.51950004577637,36.426705341191884,36.531185975616566,26.019463100026,-0.10448063442468225,0.12506760867998198,-0.22954824310466423,0.003063870479327324,0.012237221023472081,-0.39690667229729726,0.013879720055961497,1,CRWD
2023-07-10,37.48749923706055,37.494998931884766,35.875,35.95000076293945,13807600,36.267250061035156,35.64865001678467,36.58990440209476,36.60202399498279,42.38778579485436,-0.012119592888026887,0.09763016836638022,-0.10974976125440711,0.04095795745567932,0.01707670024148775,0.5106783369803063,0.051582576602762664,1,CRWD
2023-07-11,37.6974983215332,38.185001373291016,37.317501068115234,37.6875,14082800,36.491749954223636,35.77234996795654,36.76030346662375,36.68317024139393,47.97613746810111,0.07713322522982224,0.09353077973906862,-0.016397554509246376,0.0056018429809008286,0.01596800633441643,0.01993105246386051,0.05381665882451481,1,CRWD
2023-07-12,36.532501220703125,38.48249816894531,36.084999084472656,38.29750061035156,18389200,36.53800010681152,35.90274997711182,36.725256967251354,36.672009573194615,54.02827247601454,0.05324739405673995,0.0854741026026029,-0.032226708545862945,-0.030903830564391055,0.01920386227105963,0.30579146192518536,0.01754047375180945,1,CRWD
2023-07-13,37.6875,38.3849983215332,36.88249969482422,36.994998931884766,16178800,36.67950019836426,36.06254997253418,36.87329435690499,36.74723108629131,57.99161134916563,0.1260632706136846,0.09359193620481923,0.03247133440886538,0.031615650193760336,0.021459657377414735,-0.12020098753616248,0.04505921041921357,0,CRWD
2023-07-14,37.34999847412109,38.060001373291016,37.23249816894531,37.61249923706055,10639600,36.81474990844727,36.22584995269776,36.94663345186132,36.79188052242685,59.529348812321075,0.1547529294344656,0.10582413485074851,0.0489287945837171,-0.008955264368262994,0.02154654354734768,-0.3423739708754666,0.03103166724566009,1,CRWD
2023-07-17,38.182498931884766,38.88999938964844,37.10749816894531,37.26750183105469,14750400,36.961249923706056,36.401149940490725,37.136766602634154,36.89488929349781,67.24575599303466,0.24187730913634198,0.1330347697078672,0.10884253942847477,0.022289169793152652,0.021747685743533397,0.3863679085679912,0.04893661310992159,0,CRWD
2023-07-18,38.23749923706055,38.556251525878906,37.685001373291016,38.25,9642800,37.13599967956543,36.576499938964844,37.3061100848536,36.99434188190987,64.73990238719188,0.31176820294373186,0.16878145635504016,0.1429867465886917,0.0014404585009979431,0.021477162533372833,-0.34626857576743686,0.04541165231411992,0,CRWD
2023-07-19,39.40250015258789,40.375,38.723751068115234,38.75,19150000,37.44924964904785,36.75229995727539,37.6286316337358,37.17272397603416,68.8214338964777,0.455907657701637,0.22620669662435955,0.22970096107727744,0.030467497581489367,0.022491591343030398,0.9859376944455966,0.0721097781198281,0,CRWD
2023-07-20,37.01750183105469,39.03499984741211,36.875,38.73249816894531,19167600,37.56074981689453,36.83059997558594,37.53461166409255,37.16122603936902,54.892092464676956,0.3733856247235323,0.2556424822441941,0.1177431424793382,-0.06052911140910333,0.03112912337178845,0.0009190600522193115,0.005074635102133573,1,CRWD
2023-07-21,37.72499847412109,38.09375,37.220001220703125,37.48249816894531,23805200,37.7319995880127,36.93539993286133,37.56390194255848,37.202986960461764,54.83793796243507,0.36091498209671613,0.2766969822146985,0.08421799988201761,0.01911249025651074,0.03151516368933566,0.24194995721947454,0.021377825682002527,1,CRWD
2023-07-24,37.435001373291016,37.946250915527344,36.78749847412109,37.74250030517578,10980400,37.72674980163574,37.01509994506836,37.5440710857481,37.22017321326393,54.51074234255756,0.32389787248417434,0.2861371602685937,0.03776071221558064,-0.007687133533723189,0.02902274093317131,-0.5387394350814108,0.01134405766419122,1,CRWD
2023-07-25,37.73500061035156,38.352500915527344,37.6349983215332,37.65499877929688,8984800,37.730500030517575,37.10904998779297,37.57344485876402,37.25830857601116,56.93984698548245,0.3151362827528601,0.291936984765447,0.023199297987413103,0.008013870069591755,0.029082167800620538,-0.18174201304141924,0.016867869772050126,1,CRWD
2023-07-26,38.657501220703125,38.73749923706055,37.11249923706055,37.56999969482422,11194400,37.94300003051758,37.23105003356934,37.7402227606008,37.36195247561797,62.39875677143761,0.37827028498283255,0.30920364480892415,0.0690666401739084,0.02444681583226216,0.0276773877916357,0.2459264535660226,0.038313482586379566,1,CRWD
2023-07-27,38.212501525878906,39.52000045776367,38.04875183105469,39.23749923706055,10684000,37.99550018310547,37.317550048828124,37.81288103218205,37.424956108970626,59.611197122892044,0.3879249232114219,0.3249479004894237,0.06297702272199823,-0.0115113414155672,0.026584627164098797,-0.04559422568427074,0.023982053373808876,1,CRWD
2023-07-28,38.900001525878906,39.2599983215332,38.375,38.875,8012400,38.15050048828125,37.425500106811526,37.980130338904644,37.53421873244532,56.62680574143361,0.44591160645932604,0.34914064168340414,0.0967709647759219,0.01799149421124402,0.026748781181614698,-0.25005615874204423,0.03939830903686481,0,CRWD
2023-07-31,40.415000915527344,40.852500915527344,39.415000915527344,39.47249984741211,15659200,38.37375068664551,37.54765014648437,38.354725812231216,37.74761000526621,61.35843196280487,0.6071158069650053,0.4007356747397244,0.20638013222528095,0.0389459982062097,0.02845077677043685,0.9543707253756677,0.0763656515882245,0,CRWD
2023-08-01,41.4900016784668,41.747501373291016,39.755001068115234,40.25,16073600,38.699000930786134,37.66820014953613,38.83707594549823,38.024824203281064,70.87809252505299,0.812251742217164,0.48303888823521235,0.32921285398195166,0.02659905328683143,0.029100934058186152,0.026463676305302997,0.10145962678754983,0,CRWD
2023-08-02,38.682498931884766,40.400001525878906,38.13999938964844,40.37825012207031,18434400,38.62700080871582,37.718250122070316,38.81329486648077,38.0735408498443,53.678370056440606,0.7397540166364678,0.5343819139154635,0.20537210272100426,-0.06766697114980158,0.03650609397324722,0.14687437786183555,0.025564516028548034,0,CRWD
2023-08-03,39.38750076293945,39.625,38.307498931884766,38.5,9828800,38.864000701904295,37.768950119018555,38.90163423516672,38.17087121377727,57.33310268037956,0.7307630213894498,0.5736581354102608,0.15710488597918904,0.018225343515063885,0.03025064660998131,-0.4668228963242633,0.04285400147000318,0,CRWD
2023-08-04,37.622501373291016,38.997501373291016,37.15625,38.807498931884766,17876400,38.853750991821286,37.801900177001954,38.70484456410892,38.1302512255931,48.111306327586966,0.5745933385158182,0.5738451760313723,0.000748162484445869,-0.04481115469273855,0.03386220396148846,0.8187774702913886,-0.004745761532381376,0,CRWD
2023-08-07,37.74250030517578,38.01250076293945,36.95000076293945,37.81499862670898,9319200,38.884500885009764,37.81075019836426,38.556791601196124,38.101528935191816,48.33781370386207,0.45526266600430887,0.5501286740259597,-0.0948660080216508,0.0031895521962810314,0.033753275320303915,-0.47868698395650133,-0.0018050393824620148,1,CRWD
2023-08-08,36.470001220703125,36.9275016784668,35.72249984741211,36.79249954223633,17134400,38.75800094604492,37.792100219726564,38.23574692727412,37.98067503041487,40.22337004448425,0.25507189685924914,0.4911173185926176,-0.23604542173336845,-0.03371528314720984,0.035377239360071595,0.8386127564597821,-0.034983475153183896,1,CRWD
2023-08-09,36.3650016784668,36.77750015258789,36.061500549316406,36.27750015258789,9980800,38.52875099182129,37.74880027770996,37.947939965919154,37.86099552286316,47.43463569514204,0.08694444305599092,0.4102827434852923,-0.3233383004293014,-0.0028790660466642137,0.03406727566300297,-0.41749929965449617,-0.03665808155657535,1,CRWD
2023-08-10,36.96500015258789,37.747501373291016,36.657501220703125,36.837501525878906,9399200,38.40400085449219,37.69515029907227,37.79671845617589,37.79462549543537,46.98652452554504,0.002092960740519345,0.32864478693633775,-0.3265518261958184,0.016499338551560605,0.03467008147077788,-0.05827188201346589,-0.019369869616950308,0,CRWD
2023-08-11,37.05500030517578,37.51950073242188,36.71500015258789,36.80500030517578,8184400,38.21950073242188,37.63560028076172,37.68260797140664,37.73983844430503,48.468972309478,-0.05723047289838945,0.25146973496939234,-0.3087002078677818,0.0024347396785169284,0.03397748108659485,-0.1292450421312452,-0.01542688229375011,0,CRWD
2023-08-14,38.09249877929688,38.13750076293945,36.64500045776367,36.837501525878906,8920800,37.98725051879883,37.609700241088866,37.74566809569745,37.7659614320822,51.3595671946748,-0.020293336384753502,0.1971171206985632,-0.2174104570833167,0.02799887911419563,0.03257614938134401,0.08997605200136838,0.012837074879968213,1,CRWD
2023-08-15,37.407501220703125,37.91999816894531,37.26499938964844,37.630001068115234,7859200,37.57900047302246,37.60125022888184,37.693642422621394,37.739408823831894,45.15879014667235,-0.04576640121049991,0.14854041631675058,-0.19430681752725049,-0.017982478979983618,0.030705334375112102,-0.11900278001972919,-0.005152727821531089,1,CRWD
2023-08-16,37.25,37.834999084472656,36.93999862670898,37.25,7504800,37.435750579833986,37.57585021972656,37.625389742218104,37.703156318362865,46.18735705271099,-0.07776657614476079,0.1032790178244483,-0.1810455939692091,-0.004210418113037573,0.023032141148595187,-0.04509364820846906,-0.008671798983153733,1,CRWD
2023-08-17,36.095001220703125,37.25,35.977500915527344,37.25,13436000,37.10650062561035,37.53255027770996,37.38994535429272,37.58403371853621,39.28571012255995,-0.19408836424349118,0.04380554141086041,-0.2378939056543516,-0.031006678638842322,0.02312789646765448,0.7903208613154249,-0.03830139562513479,1,CRWD
2023-08-18,36.70000076293945,36.82600021362305,35.130001068115234,35.415000915527344,12786800,37.01425056457519,37.520400314331056,37.28380003254606,37.51854979589942,34.74958447035671,-0.2347497633533564,-0.011905519541982955,-0.22284424381137344,0.016761311034097393,0.020407627915973652,-0.04831795177136056,-0.02186542639520417,1,CRWD
2023-08-21,38.47499847412109,38.77999877929688,37.62749862670898,37.68999862670898,16983200,37.087500381469724,37.533400268554686,37.46706133124991,37.589397846138056,38.29578905187248,-0.12233651488814701,-0.03399171861121577,-0.08834479627693123,0.04836505924474177,0.025991792891338607,0.32818218788125253,0.02508694119981625,0,CRWD
2023-08-22,38.08250045776367,38.75,37.90250015258789,38.584999084472656,6830400,37.24875030517578,37.547400283813474,37.56174427379049,37.625923965517735,47.133305678419035,-0.06417969172724725,-0.04002931323442207,-0.024150378492825177,-0.01020137834758894,0.023303571014111082,-0.5978143106128408,0.014251324190369452,0,CRWD
2023-08-23,38.45249938964844,38.86000061035156,37.89250183105469,38.369998931884766,7674000,37.45750007629395,37.56090026855469,37.69878352238402,37.6871517747126,45.384981820852076,0.011631747671415837,-0.02969710105325449,0.041328848724670325,0.00971572053928349,0.023195868923088392,0.12350667603654242,0.023737426811363704,0,CRWD
2023-08-24,36.36249923706055,38.88750076293945,36.3224983215332,38.88750076293945,13417200,37.39724998474121,37.52260025024414,37.493201324641944,37.58902936451615,43.974157080349926,-0.09582803987420618,-0.04292328881744483,-0.05290475105676135,-0.05435277773258418,0.029532683726259834,0.7483971853010165,-0.03091739392917059,1,CRWD
2023-08-25,37.39500045776367,37.61000061035156,36.17499923706055,36.5,11356400,37.43125,37.50070022583008,37.47809349896836,37.57465685290485,48.4715188567206,-0.09656335393648874,-0.05365130184125362,-0.04291205209523512,0.028394671498564117,0.030997021362266317,-0.15359389440419757,-0.0028186078507835832,1,CRWD
2023-08-28,36.00749969482422,36.997501373291016,35.59000015258789,36.505001068115234,23176000,37.22275009155273,37.421800231933595,37.251848298330806,37.458571137491475,47.986057448574215,-0.20672283916066903,-0.08426560930513671,-0.12245722985553231,-0.037103910842482435,0.03160837727945357,1.040787573526822,-0.03779349278612454,1,CRWD
2023-08-29,36.67499923706055,37.102500915527344,35.49274826049805,35.73249816894531,14480800,37.14949989318848,37.37960021972656,37.16310228890461,37.40052877449659,51.2868318890573,-0.23742648559198187,-0.11489778456250574,-0.12252870102947613,0.018537792068141767,0.032068943961498945,-0.37518122195374526,-0.018849880109048645,1,CRWD
2023-08-30,37.29499816894531,37.54249954223633,36.345001220703125,36.75,24775600,37.153999710083006,37.3651001739502,37.18339396275702,37.3927116926039,51.367585008687016,-0.20931772984688024,-0.13378177361938065,-0.07553595622749959,0.016905220034967305,0.03256275672173712,0.7109275730622617,-0.0018761358775576387,1,CRWD
2023-08-31,40.75749969482422,41.102500915527344,38.39500045776367,38.52750015258789,54908400,37.620249557495114,37.4610001373291,37.73325638307505,37.641955248323924,61.99190678370266,0.09130113475112722,-0.08876519194527908,0.18006632669640632,0.09284090885844454,0.04152403120799879,1.2162288703401734,0.08799817264382703,1,CRWD
2023-09-01,40.307498931884766,41.5625,40.07749938964844,40.77999877929688,16930000,37.98099937438965,37.53815010070801,38.12929369827655,37.83940292858769,57.45791565380208,0.28989076968885996,-0.013033999618451274,0.3029247693073112,-0.011040931517116603,0.04216892622880372,-0.6916683057601387,0.07377424896397655,1,CRWD
2023-09-05,41.35749816894531,41.397499084472656,40.025001525878906,40.25749969482422,13152800,38.26924934387207,37.647050094604495,38.62594053991789,38.10000257602159,62.98060433443985,0.525937963896304,0.09476039308449978,0.4311775708118042,0.02604972436605224,0.04048192889590157,-0.2231069108092144,0.09855879982672522,1,CRWD
2023-09-06,41.557498931884766,42.057498931884766,41.012001037597656,41.247501373291016,17074400,38.61674919128418,37.76915008544922,39.07694952329741,38.35611341719664,64.1160088317485,0.7208361061007693,0.21997553568775371,0.5008605704130156,0.004835900907797841,0.04000827034077243,0.2981570464083694,0.10030272955215458,1,CRWD
2023-09-07,41.65999984741211,41.98749923706055,40.79999923706055,41.09999847412109,12003600,38.93749923706055,37.880950088500974,39.474341880853515,38.60084574536074,69.58817107999857,0.8734961354927719,0.35067965564875736,0.5228164798440146,0.002466484224552312,0.040069118507414896,-0.29698261725155783,0.09976121903178692,1,CRWD
2023-09-08,42.022499084472656,42.307498931884766,41.5,41.618751525878906,10766000,39.50349922180176,37.995950088500976,39.86636606602569,38.85430154825792,69.05997920870122,1.0120645177677687,0.4829566280725597,0.529107889695209,0.008701373941149004,0.0334495479697809,-0.10310240261254955,0.10597310993916342,0,CRWD
2023-09-11,43.0724983215332,43.15999984741211,42.16749954223633,42.375,11870800,40.07124900817871,38.13745002746582,40.359617182257615,39.166760568500536,67.36543951798942,1.1928566137570797,0.6249366252094637,0.567919988547616,0.02498659670263459,0.03331566864167114,0.10261935723574211,0.1294016325295284,0,CRWD
2023-09-12,42.41999816894531,43.087501525878906,42.06874847412109,42.61000061035156,8440000,40.71249885559082,38.25150001525879,40.67659887251726,39.407741131496444,66.06778021806585,1.2688577410208168,0.7537208483717344,0.5151368926490825,-0.015148881026520011,0.03008825073900347,-0.28901169255652526,0.108976070272373,0,CRWD
2023-09-13,42.11750030517578,42.69499969482422,42.08250045776367,42.380001068115234,6822000,41.25674896240234,38.36404998779297,40.89827601600319,39.60846403325047,63.64482811707342,1.2898119827527168,0.8609390752479309,0.4288729075047859,-0.007131020198652083,0.031014930385936848,-0.19170616113744077,0.09783769749484539,0,CRWD
2023-09-14,42.682498931884766,42.95000076293945,42.14250183105469,42.337501525878906,8333600,41.79549903869629,38.49229995727539,41.17277184921574,39.83617032203819,76.54347057059289,1.3366015271775495,0.9560715656338548,0.3805299615436948,0.013414818605451684,0.031002573577891542,0.2215772500732922,0.10885810874539303,0,CRWD
2023-09-15,41.36249923706055,42.05274963378906,40.86000061035156,41.52999877929688,18910400,41.85599899291992,38.60149993896484,41.201960678114936,39.94923172315096,66.27024676255166,1.2527289549639775,1.0154030434998793,0.2373259114640982,-0.030926017169958908,0.018013728007379767,1.2691753863876354,0.07152569984226753,0,CRWD
2023-09-18,41.74250030517578,42.150001525878906,41.0,41.244998931884766,9781200,41.99949913024902,38.71609992980957,41.28512062073968,40.082066432930574,75.63702218220513,1.2030541878091086,1.0529332723617253,0.15012091544738326,0.009187091571458028,0.017564045991335146,-0.4827608088670784,0.0781690402920987,0,CRWD
2023-09-19,41.375,41.90499877929688,40.72249984741211,41.73749923706055,9390800,42.00124931335449,38.79384994506836,41.29894821754896,40.17783928975054,71.58934996637389,1.1211089277984243,1.066568403449065,0.0545405243493593,-0.008803984008840304,0.016013507303512857,-0.03991330307119778,0.06653503219161072,0,CRWD
2023-09-20,40.97249984741211,42.14125061035156,40.970001220703125,41.375,11120400,41.942749404907225,38.859349975585936,41.248725391374066,40.236703034762506,67.2369432213533,1.0120223566115598,1.055659194081564,-0.04363683747000424,-0.009728100364661985,0.01620198835600759,0.18418026153256384,0.054379444667854715,0,CRWD
2023-09-21,40.63249969482422,42.75,39.84000015258789,42.04750061035156,27168400,41.83999938964844,38.94134994506836,41.1539214380587,40.26602130587818,49.17163664456214,0.8879001321805191,1.022107381701355,-0.13420724952083596,-0.00829825258048944,0.016281484211374615,1.4431135570662925,0.04342812337377722,1,CRWD
2023-09-22,40.64250183105469,41.647499084472656,40.50249862670898,40.65999984741211,12537600,41.70199966430664,39.00044998168946,41.075241498519624,40.293908752187555,52.3575152762394,0.781332746332069,0.9739524546274979,-0.19261970829542896,0.00024616098703234,0.01585637637804438,-0.53852269548446,0.0421034077846838,1,CRWD
2023-09-25,39.97999954223633,40.5,39.8125,40.47499847412109,8706800,41.39274978637695,39.05305000305176,40.9067427360145,40.2706562181171,39.74694384233992,0.6360865178974038,0.9063792672814792,-0.27029274938407544,-0.016300726061901694,0.012770791033770604,-0.305544920877999,0.02373565032979852,1,CRWD
2023-09-26,40.119998931884766,40.25,39.397499084472656,39.52750015258789,9656400,41.1627498626709,39.09180000305176,40.78570522768685,40.25949641913693,39.203907349429066,0.5262088085499173,0.8303451755351668,-0.3041363669852496,0.0035017356491096052,0.0128666219239386,0.10906417972159699,0.026302163849010185,1,CRWD
2023-09-27,40.7599983215332,41.17250061035156,40.16749954223633,40.25749969482422,10524400,41.02699966430664,39.14224998474121,40.78175031904782,40.296570634129246,43.74564583702255,0.48517968491857744,0.761312077411849,-0.2761323924932716,0.015952128780836183,0.014504610472176771,0.0898885713102191,0.04132997815461903,1,CRWD
2023-09-28,41.3125,41.53499984741211,40.35749816894531,40.5724983215332,7263600,40.88999977111816,39.180449981689456,40.863404116117394,40.37182466123078,45.192966289140024,0.4915794548866117,0.7073655529068017,-0.21578609802019,0.013554997576506578,0.014522482345631757,-0.3098323894948881,0.0544161697812795,1,CRWD
2023-09-29,41.845001220703125,42.37874984741211,41.74250030517578,41.88249969482422,10398800,40.93824996948242,39.276999969482425,41.01441905528443,40.48094885082133,41.063004263237566,0.5334702044631001,0.6725864832180614,-0.13911627875496124,0.012889590818835117,0.011512845446598174,0.43163169778071486,0.06538180750098,1,CRWD
2023-10-02,42.3849983215332,43.00249862670898,41.76750183105469,42.0,11052000,41.00249977111817,39.37019996643066,41.22527740393809,40.621989552355544,49.7409338128952,0.603287851582543,0.6587267568909577,-0.055438905308414665,0.012904697934694065,0.011853670659293538,0.0628149401854059,0.07657564243191906,1,CRWD
2023-10-03,40.50749969482422,42.25,40.21500015258789,41.82749938964844,13016400,40.91574974060059,39.431649932861326,41.11485006407441,40.613508822168036,40.336132914464706,0.5013412419063741,0.627249653894041,-0.1259084119876669,-0.04429630060301648,0.018667447413945198,0.17774158523344186,0.027283914413794408,1,CRWD
2023-10-04,41.01250076293945,41.26124954223633,40.54750061035156,40.90499877929688,7942800,40.91974983215332,39.49719993591309,41.09910401774595,40.643063780743695,39.90328109922267,0.4560402370022558,0.593007770515684,-0.13696753351342816,0.012466853593033678,0.01895807171176414,-0.3897851940628745,0.038364765843782456,1,CRWD
2023-10-05,41.3224983215332,41.52750015258789,40.22999954223633,41.01750183105469,9639200,40.98874969482422,39.55049987792969,41.13347237217476,40.69339226524662,49.724511682112855,0.4400801069281357,0.5624222377981744,-0.12234213087003865,0.007558611467893606,0.018825196289505804,0.21357707609407273,0.044803439882496576,1,CRWD
2023-10-06,44.17250061035156,44.23625183105469,40.75,40.87749862670898,27588000,41.341749572753905,39.66969985961914,41.601015178048115,40.95110399451365,62.48715039468185,0.6499111835344635,0.5799200269454322,0.06999115658903132,0.06896974782701415,0.028323514114225606,1.8620632417628018,0.11350730574384671,1,CRWD
2023-10-09,45.45500183105469,46.3125,44.025001525878906,44.125,26734000,41.88924980163574,39.80079986572266,42.19393620158759,41.284726056479656,69.16392763509648,0.9092101451079344,0.6457780505779327,0.2634320945300017,0.02903392841659902,0.02748954712261371,-0.030955487893286948,0.14206252096459893,1,CRWD
2023-10-10,45.962501525878906,46.29999923706055,45.18999862670898,45.380001068115234,14224800,42.47350006103515,39.91174987792969,42.773715482247795,41.63122794310182,73.2093018964539,1.142487539145975,0.7451199482915412,0.39736759085443385,0.011164881187563758,0.027293605946669894,-0.4679135183661255,0.15160326636781085,1,CRWD
2023-10-11,47.05500030517578,47.165000915527344,45.82500076293945,45.962501525878906,14210400,43.103000259399415,40.02304985046387,43.43237468577518,42.032988858811,77.91784067453054,1.3993858269641777,0.8759731240260684,0.5234127029381093,0.023769349861903155,0.02746649572350183,-0.0010123165176312288,0.1756975163308403,0,CRWD
2023-10-12,46.88999938964844,47.59000015258789,46.220001220703125,47.05500030517578,12338000,43.660750198364255,40.18719985961914,43.96431694790953,42.39276741665081,76.79604076514491,1.571549531258718,1.0150884054725984,0.5564611257861196,-0.0035065543397562182,0.028075694411502875,-0.13176265270506105,0.16678941437680006,0,CRWD
2023-10-13,46.43000030517578,47.33124923706055,46.34749984741211,46.88999938964844,10760400,44.11925010681152,40.32804985046387,44.343652849027414,42.691821704689694,78.15365290211761,1.65183114433772,1.1424369532456227,0.5093941910920974,-0.00981017467392431,0.028996743626606127,-0.12786513211217376,0.15130784844141743,0,CRWD
2023-10-16,46.91749954223633,47.39500045776367,45.837501525878906,46.38249969482422,10161600,44.572500228881836,40.51394981384277,44.73962926336724,43.0048348778413,78.79687286882739,1.7347943855259444,1.2609084397016872,0.47388594582425725,0.010499660431968705,0.028987554752803745,-0.055648488903758175,0.1580578975344833,0,CRWD
2023-10-17,46.78499984741211,47.56999969482422,46.29999923706055,46.497501373291016,12704800,45.200250244140626,40.6947998046875,45.05430166091261,43.28484709780951,76.67110448253175,1.7694545631030962,1.3626176643819692,0.40683689872112705,-0.0028240996667978635,0.022505202859141038,0.2502755471579279,0.1496554860069148,0,CRWD
2023-10-18,46.9474983215332,47.345001220703125,46.49250030517578,46.55500030517578,8693600,45.79375,40.9043497467041,45.34556268562346,43.55615459586312,75.83677635719155,1.789408089760343,1.447975749457644,0.3414323403026991,0.0034733028673950006,0.022783766988167507,-0.31572319123480885,0.1477385317759765,0,CRWD
2023-10-19,46.130001068115234,47.997501373291016,45.9900016784668,47.9375,14072400,46.2745002746582,41.09964973449707,45.46624551369912,43.74680989010402,69.14657415024055,1.7194356235951034,1.5022677242851359,0.2171678993099675,-0.01741300990777206,0.024824899271081634,0.6187080150915616,0.12239401956255436,0,CRWD
2023-10-20,44.68999862670898,45.900001525878906,44.07500076293945,45.75,15359200,46.326250076293945,41.25414970397949,45.34682291570064,43.816675722445126,59.53267577903143,1.530147193255516,1.507843618079212,0.02230357517630388,-0.031216180534658133,0.018353741064572465,0.09144140303004455,0.0832849288467592,0,CRWD
2023-10-23,44.77000045776367,45.29249954223633,43.3224983215332,44.0,10136800,46.25774993896484,41.40844970703125,45.25808099909496,43.88729236950576,70.70682998550468,1.3707886295891996,1.4804326203812095,-0.10964399079200993,0.0017901506715840565,0.01559742756992619,-0.3400177092556904,0.08118030920055475,0,CRWD
2023-10-24,45.70500183105469,46.040000915527344,44.76324844360352,45.25,7303600,46.23199996948242,41.56069976806641,45.326838050165684,44.021937514805686,71.88156276471186,1.304900535359998,1.4453262033769674,-0.14042566801696932,0.020884551345339064,0.01672967020150712,-0.2794964880435641,0.0997168499596004,0,CRWD
2023-10-25,43.845001220703125,45.494998931884766,43.77999877929688,45.29750061035156,8200800,45.91100006103515,41.6894497680664,45.09886315332529,44.00883112264994,60.277051551320206,1.0900320306753528,1.3742673688366445,-0.28423533816129165,-0.0406957780513153,0.018673815538513196,0.12284352921846753,0.0517049628773909,1,CRWD
2023-10-26,42.90999984741211,44.61249923706055,42.54249954223633,44.02999877929688,10060000,45.513000106811525,41.80264976501465,44.762114952415565,43.92743621337306,43.90538005721217,0.8346787390425021,1.266349642877816,-0.4316709038353139,-0.021325153318721313,0.019159766688031224,0.22670958930836016,0.02648994952765449,1,CRWD
2023-10-27,43.20500183105469,43.92499923706055,42.80550003051758,43.55500030517578,7180400,45.190500259399414,41.94484977722168,44.52255908759082,43.873922555423555,37.99360010422224,0.6486365321672665,1.1428070207357062,-0.4941704885684397,0.006874900598732303,0.019765749187140084,-0.28624254473161037,0.030043069900737684,1,CRWD
2023-10-30,43.65250015258789,43.932498931884766,42.92074966430664,43.650001525878906,6677600,44.86400032043457,42.08389976501465,44.38870386682114,43.857520895954245,37.5939794170275,0.5311829708668938,1.0204822107619438,-0.48929923989505,0.010357558212428009,0.019751820267425765,-0.0700239540972648,0.03727317088796167,1,CRWD
2023-10-31,44.192501068115234,44.397499084472656,43.14500045776367,43.7912483215332,6604000,44.60475044250488,42.19824981689453,44.35851882086639,43.882334242040244,33.6568764491597,0.4761845788261425,0.9116226843747836,-0.43543810554864104,0.012370446449567973,0.02067253461097767,-0.011021924044566922,0.04725909865632105,1,CRWD
2023-11-01,44.587501525878906,44.907501220703125,43.70249938964844,44.52999877929688,8298800,44.368750762939456,42.328349838256834,44.39374692932985,43.93456885565792,37.19055865400126,0.45917807367192864,0.8211337622342126,-0.361955688562284,0.008938178383586903,0.02100536272872015,0.2566323440339189,0.05337207087577567,1,CRWD
2023-11-02,45.70000076293945,46.16749954223633,44.92850112915039,45.22249984741211,13408800,44.325750732421874,42.47329986572266,44.59470905757748,44.065341589530625,46.21369657892207,0.529367468046857,0.7627805033967415,-0.23341303534988456,0.02495092119962905,0.022434445790323727,0.6157516749409553,0.07597010139117644,1,CRWD
2023-11-03,47.060001373291016,47.185001373291016,44.587501525878906,45.66749954223633,13052000,44.56275100708008,42.687249908447264,44.97398479845649,44.28716824017955,50.67777297979889,0.686816558276945,0.7475877143727823,-0.060771156095837275,0.02975931263997822,0.02148728097428728,-0.02660939084780145,0.1024369448540754,1,CRWD
2023-11-06,46.69499969482422,47.375,45.900001525878906,47.244998931884766,7746400,44.75525093078613,42.87324989318848,45.2387563209746,44.465526125708784,49.581200104092,0.7732301952658176,0.7527162105513894,0.020513984714428224,-0.0077560915387893115,0.02187359301136762,-0.40649708856880173,0.08914066022886047,1,CRWD
2023-11-07,48.09000015258789,48.70750045776367,47.36249923706055,47.78749847412109,12263200,44.993750762939456,43.11489990234375,45.677409218145876,44.73400568325538,54.769363456388746,0.9434035348904928,0.7908536754192101,0.15254985947128263,0.029874728919171645,0.022790301237589194,0.5830837550345966,0.11539166880852925,1,CRWD
2023-11-08,48.45750045776367,48.69499969482422,47.8025016784668,48.130001068115234,6870400,45.455000686645505,43.350549926757814,46.10511556270246,45.00982011099674,60.09541118275185,1.0952954517057165,0.8517420306765116,0.24355342102920496,0.007641927719062469,0.016081134296943703,-0.4397547132885381,0.11780589957069099,1,CRWD
2023-11-09,47.68999862670898,48.54499816894531,47.27999877929688,48.36000061035156,9836400,45.933000564575195,43.55844993591309,46.348943726395774,45.20835185290135,63.81850282684418,1.1405918734944223,0.9095119992400937,0.23107987425432852,-0.015838659109618347,0.014940385197657701,0.43170703306939906,0.0948506821724504,1,CRWD
2023-11-10,49.07749938964844,49.23749923706055,47.54999923706055,48.09249877929688,8166000,46.52025032043457,43.72484992980957,46.76872152074234,45.494955374141874,67.70810038738159,1.2737661466004653,0.9823628287121682,0.2914033178882971,0.029094166552615208,0.01592520925655574,-0.16981822618030984,0.12241664564729993,1,CRWD
2023-11-13,50.2400016784668,50.38750076293945,49.29249954223633,49.5,12343600,47.17900047302246,43.92349998474121,47.30276462193071,45.84644028557335,68.30103261517125,1.456324336357362,1.077155130241207,0.3791692061161549,0.02368707255413982,0.01623984673874512,0.5115846191525839,0.14380688460436675,1,CRWD
2023-11-14,51.99250030517578,52.26675033569336,50.875,51.25,14946000,47.95900039672851,44.13620002746582,48.02426241935303,46.30170399072909,83.16708004817707,1.722558428623941,1.2062357899177538,0.5163226387061872,0.03488253519426365,0.01746133321306325,0.21082990375579258,0.17800128404395954,1,CRWD
2023-11-15,51.0724983215332,52.522499084472656,50.66749954223633,52.1775016784668,14774000,48.607500076293945,44.32650001525879,48.49322178891921,46.655096163381245,83.26876779853808,1.8381256255379625,1.3326137570417957,0.5055118684961668,-0.01769489788416645,0.020511536480062407,-0.011508095811588404,0.15218883295437724,1,CRWD
2023-11-16,51.067501068115234,51.77750015258789,49.71500015258789,50.08250045776367,12054000,49.144250106811526,44.51465003967285,48.889264754949366,46.981940971139316,82.82194169049222,1.9073237838100496,1.4475557623954467,0.45976802141460293,-9.78462691703097e-05,0.020536098608024553,-0.18410721537836738,0.1472066167565571,1,CRWD
2023-11-17,51.772499084472656,51.977500915527344,50.7599983215332,51.067501068115234,7430000,49.615499877929686,44.70965003967285,49.33283926718372,47.33679712768252,83.18347362122981,1.9960421395011991,1.5572530378165974,0.4387891016846017,0.013805218614810988,0.019543173931017396,-0.3836071013771363,0.15797146787175986,1,CRWD
2023-11-20,51.932498931884766,52.25674819946289,51.51625061035156,52.0,8918400,50.13924980163574,44.88685005187988,49.732786907906956,47.67721948354935,82.64443556332971,2.055567424357605,1.656915915124799,0.398651509232806,0.0030904408757832513,0.01874782849103649,0.20032301480484516,0.1569646538320595,1,CRWD
2023-11-21,52.244998931884766,52.33000183105469,51.462501525878906,51.935001373291016,9108400,50.55474967956543,45.083350067138674,50.119281065442,48.01557351675938,82.52280959958728,2.103707548682621,1.7462742418363635,0.3574333068462576,0.006017426590811281,0.01753587466701717,0.021304269824183653,0.1588535202925443,1,CRWD
2023-11-22,52.40250015258789,52.66249847412109,51.63750076293945,52.47499847412109,8799600,50.94924964904785,45.289050064086915,50.470545540387526,48.34053104533927,80.97987688592478,2.1300144950482576,1.8230222924787425,0.3069922025695151,0.003014665976134312,0.017620668714628147,-0.03390277106846429,0.15706776976851988,1,CRWD
2023-11-24,52.665000915527344,53.21500015258789,51.91875076293945,52.21500015258789,6632000,51.44674987792969,45.48870010375977,50.808154059639804,48.66086214683468,78.83228723556641,2.147291912805123,1.8878762165440186,0.2594156962611045,0.005009317535901836,0.01560540029229784,-0.24632937860811854,0.15776007657722535,1,CRWD
2023-11-27,52.51750183105469,53.28499984741211,51.89250183105469,52.40499877929688,16050000,51.790750122070314,45.71180015563965,51.07113063985748,48.946539160480604,80.63667792843421,2.1245914793768748,1.93521926911059,0.1893722102662847,-0.002800704109152896,0.014508442231215356,1.420084439083233,0.14888281914610602,1,CRWD
2023-11-28,53.087501525878906,53.67625045776367,51.80500030517578,52.23249816894531,28590400,52.075500106811525,45.93870018005371,51.38134154539924,49.253277113473075,78.79573844216185,2.1280644319261626,1.9737883016737046,0.154276130252458,0.0108535188261214,0.01338152060772925,0.7813333333333334,0.15561609966772982,1,CRWD
2023-11-29,58.61000061035156,58.907501220703125,54.70750045776367,55.0,51986000,52.7372501373291,46.28340019226074,52.49344294000729,49.94636774287149,86.6979931921479,2.547075197135804,2.0884456807661245,0.45862951636967964,0.10402635132076377,0.03327107029716292,0.8183026470423638,0.2663287564631436,1,CRWD
2023-11-30,59.247501373291016,59.619998931884766,57.29750061035156,57.79750061035156,29703200,53.55475044250488,46.64890022277832,53.53252885282017,50.63534060438404,92.17297303918566,2.89718824843613,2.250194194300126,0.6469940541360044,0.010876996353875734,0.03157120157861933,-0.4286307852114031,0.27007284395444087,1,CRWD
2023-12-01,58.75749969482422,59.16249847412109,57.45000076293945,58.93000030517578,15475600,54.32375030517578,47.01140022277832,54.33637052082079,51.23698201849072,87.79773555047525,3.099388502330072,2.420033055906115,0.6793554464239571,-0.008270419293794795,0.0321174215316954,-0.47899216246061027,0.24985640539067777,1,CRWD
2023-12-04,59.34749984741211,59.462501525878906,57.727500915527344,58.52000045776367,13794000,55.08125038146973,47.38550018310547,55.10731349414253,51.83776111692934,87.22664840476556,3.269552377213188,2.5899369201675295,0.6796154570456583,0.01004127397612642,0.03214931920440063,-0.10866137661867714,0.25244008437356324,1,CRWD
2023-12-05,59.74250030517578,59.76750183105469,58.33200073242188,58.4900016784668,10305600,55.86225051879883,47.78075019836426,55.82041915737842,52.42329735309575,85.63218390804597,3.397121804282669,2.751373896990558,0.6457479072921113,0.006655721955924898,0.03203215722281489,-0.2528925619834711,0.25034663660892087,1,CRWD
2023-12-06,59.85499954223633,61.15999984741211,59.44725036621094,60.0,15038800,56.623250579833986,48.17545021057129,56.441123831971936,52.97379381155061,93.61809593601538,3.467330020421329,2.8945651216767123,0.5727648987446168,0.0018830687782713795,0.03218075027496965,0.4592842726284738,0.24243778274234273,1,CRWD
2023-12-07,60.04249954223633,60.1775016784668,58.560001373291016,59.907501220703125,9910000,57.38725051879883,48.56110023498535,56.99518163355108,53.49740164345325,93.7804803615663,3.4977799900978255,3.0152080953609355,0.48257189473689,0.0031325704023719148,0.03217624702274205,-0.34103784876452914,0.23643202587447387,1,CRWD
2023-12-08,60.63750076293945,60.872501373291016,59.407501220703125,59.584999084472656,7546800,58.184500503540036,48.94760025024414,57.555538422687746,54.0262978745263,93.71301221417525,3.5292405481614466,3.118014585921038,0.41122596224040864,0.009909667739341543,0.03205882668437629,-0.23846619576185668,0.23882479330816642,1,CRWD
2023-12-11,61.74250030517578,62.31999969482422,60.34749984741211,60.657501220703125,11096400,59.10700035095215,49.34555023193359,58.19968640460898,54.59786842494478,94.24897973651237,3.6018179796642045,3.2147752646696715,0.387042714994533,0.01822303901600919,0.03147267278545658,0.4703450469072985,0.25122731462055103,1,CRWD
2023-12-12,62.13750076293945,62.5724983215332,60.817501068115234,61.15999984741211,11908800,60.012000274658206,49.74060028076172,58.80550399819828,55.15635970924068,94.29146566995526,3.6491442889576007,3.301649069527257,0.34749521943034356,0.006397545544986061,0.031596468745885224,0.073212933924516,0.24923101876943998,1,CRWD
2023-12-13,63.0099983215332,63.32500076293945,61.79499816894531,62.4375,10593200,60.452000045776366,50.1906502532959,59.452349278711345,55.73811071755865,94.63496083053016,3.7142385611526976,3.3841669678523454,0.3300715933003522,0.014041400891265488,0.007320109413730413,-0.1104729275829639,0.2554130700348016,1,CRWD
2023-12-14,63.16999816894531,64.34249877929688,61.96749877929688,63.45624923706055,15280400,60.8442497253418,50.633800201416015,60.024295261824264,56.28862089914284,94.58827819184626,3.735674362681422,3.454468446818161,0.28120591586326116,0.002539277125443551,0.007340843524421327,0.4424725295472567,0.2475855637471729,1,CRWD
2023-12-15,65.0199966430664,65.19225311279297,63.505001068115234,64.1500015258789,24078800,61.470499420166014,51.10775016784668,60.792864705092285,56.935389472766815,96.3656462450302,3.85747523232547,3.5350698039196233,0.32240542840584663,0.029286030200180724,0.008487490782684202,0.5757964451192377,0.2722140268262545,0,CRWD
2023-12-18,64.94999694824219,65.45249938964844,64.33499908447266,65.0425033569336,11387200,62.03074913024902,51.523300094604494,61.43242351173073,57.5290641005798,95.68648987272293,3.90335941115093,3.608727725365885,0.29463168578504506,-0.001076587179917765,0.009209637058126918,-0.5270860674119973,0.2605946596779374,0,CRWD
2023-12-19,64.5824966430664,65.19249725341797,64.05999755859375,65.02999877929688,11132000,62.51474876403809,51.90584999084473,61.917050147320836,58.051540585208436,88.15072819177243,3.8655095621124005,3.6600840927151888,0.20542546939721174,-0.005658203578802867,0.010327972684663216,-0.022411128284389514,0.2442238525032845,0,CRWD
2023-12-20,63.48749923706055,64.89250183105469,63.407501220703125,63.97499847412109,8991200,62.877998733520506,52.25634994506836,62.15865769958849,58.454204189049335,75.58841215510009,3.704453510539153,3.668957976279982,0.03549553425917118,-0.016955018200328742,0.012930886373507552,-0.19231045634207689,0.2149241059469007,1,CRWD
2023-12-21,64.33000183105469,64.42749786376953,62.65250015258789,63.5625,12712000,63.306748962402345,52.601849975585935,62.492710642890984,58.88944845882751,82.25762144763783,3.6032621840634746,3.655818817836681,-0.05255663377320641,0.013270369822699468,0.01307905026333225,0.4138268529228579,0.22296082477920698,0,CRWD
2023-12-22,63.907501220703125,64.24250030517578,63.43999862670898,64.24250030517578,7206800,63.63374900817871,52.94220001220703,62.710370731785154,59.261156070818295,76.91855236022644,3.4492146609668595,3.614497986462717,-0.16528332549585745,-0.006567707109058518,0.013694873517912673,-0.43307111390811837,0.2071183518245896,0,CRWD
2023-12-26,64.46749877929688,64.55999755859375,63.39574813842773,63.70750045776367,7257600,63.90624885559082,53.30294998168945,62.980698123710035,59.64681108626115,77.35959166146849,3.333887037448882,3.55837579665995,-0.2244887592110678,0.008762626419390296,0.013016772377790848,0.0070488982627519015,0.20945461370229324,0,CRWD
2023-12-27,64.33000183105469,64.88500213623047,63.932498931884766,64.56625366210938,6212000,64.12549896240235,53.65120002746582,63.18828330945537,59.99371410439401,75.83721888056596,3.194569205061363,3.4856144783402327,-0.29104527327886975,-0.0021328103439053336,0.013150436337356282,-0.14406966490299822,0.1990412478774386,0,CRWD
2023-12-28,64.03250122070312,64.3550033569336,63.77750015258789,64.35250091552734,4102400,64.22774925231934,53.99615005493164,63.31816298810887,60.29288352041691,72.74803273247815,3.025279467691959,3.3935474762105784,-0.3682680085186192,-0.0046246013039586975,0.012816454020416371,-0.3396007726980038,0.18587160668975944,0,CRWD
2023-12-29,63.83000183105469,64.29499816894531,62.970001220703125,63.95750045776367,7435600,64.29374961853027,54.33380012512207,63.396907425485146,60.554892284167856,69.0540405781316,2.8420151413172903,3.2832410092319213,-0.44122586791463103,-0.0031624469728345206,0.012900744492220294,0.8125,0.1747752169747816,1,CRWD
2024-01-02,61.72249984741211,63.0724983215332,60.75749969482422,62.86750030517578,15027200,63.96399993896485,54.64565010070801,63.13930625962776,60.64138173329706,49.893387677217824,2.4979245263306993,3.126177712651677,-0.6282531863209777,-0.03301742007184516,0.012827929671925994,1.0209801495508097,0.1295043564064473,1,CRWD
2024-01-03,61.09000015258789,62.20774841308594,59.65250015258789,60.08000183105469,12630400,63.57800025939942,54.97365013122558,62.82402839700624,60.6746127273186,44.55419075603054,2.1494156696876345,2.9308253040588688,-0.7814096343712342,-0.010247473715223165,0.012834862977165917,-0.15949744463373083,0.11125966725444258,1,CRWD
2024-01-04,61.41249847412109,61.90250015258789,60.90999984741211,61.5,8412000,63.26100044250488,55.306500091552735,62.6068699473316,60.729270930785454,41.19106146473538,1.8775990165461494,2.720180046556325,-0.8425810300101757,0.00527906892662755,0.013326953808288975,-0.33398783886496075,0.11040290693608634,1,CRWD
2024-01-05,61.8650016784668,62.369998931884766,61.16249847412109,61.25,9630000,63.09875068664551,55.629700088500975,62.49273636750625,60.8133991343174,43.028862514758515,1.6793372331888463,2.5120114838828296,-0.8326742506939833,0.0073682591587833635,0.013108171170515388,0.1447931526390871,0.11208583868052702,1,CRWD
2024-01-08,65.31999969482422,65.40975189208984,62.88999938964844,62.97499847412109,16036800,63.19775047302246,56.0592000579834,62.927699956324396,61.14722139805865,51.368003428879966,1.7804785582657487,2.3657048987594136,-0.5852263404936648,0.05584737610311907,0.022413942115456695,0.6652959501557631,0.16519678531377813,1,CRWD
2024-01-09,68.44249725341797,69.13999938964844,66.24749755859375,66.42375183105469,24267600,63.65125007629395,56.569850006103515,63.77613030972341,61.687612202159336,62.457648474583095,2.0885181075640773,2.3102675405203463,-0.22174943295626903,0.04780308593358984,0.026410213513008148,0.5132445375636037,0.20987588346148112,1,CRWD
2024-01-10,70.51000213623047,70.57875061035156,68.71749877929688,68.71749877929688,18696000,64.2555004119873,57.11595001220703,64.8121105907245,62.34112256764609,68.85638922705624,2.4709880230784123,2.34241163703196,0.12857638604645238,0.030207911250772712,0.027404297794495207,-0.229590070711566,0.23450633529094445,1,CRWD
2024-01-11,71.12999725341797,71.94000244140625,70.0875015258789,71.0,13842800,64.93549995422363,57.665499954223634,65.78409315421581,62.99215032214771,75.06970567823794,2.791942832068102,2.4323178760391886,0.35962495602891353,0.008793009479557634,0.027112664210901534,-0.25958493795464266,0.23349311650610516,1,CRWD
2024-01-12,70.8375015258789,72.5824966430664,70.62750244140625,71.75,10137600,65.61599998474121,58.198399963378904,66.56154059601013,63.573287448350015,72.14566714474284,2.9882531476601173,2.5435049303633743,0.44474821729674296,-0.004112129043067125,0.02708152452487777,-0.26766261161036786,0.21717266403291324,1,CRWD
2024-01-16,71.57250213623047,71.80000305175781,69.76499938964844,69.84750366210938,10763200,66.39025001525879,58.73809997558594,67.33245775604402,64.16582186967449,75.54150688400159,3.1666358863695336,2.668131121564606,0.49850476480492745,0.010375868636234298,0.026659075965091036,0.06171085858585856,0.21850216751953244,1,CRWD
2024-01-17,69.06749725341797,70.80750274658203,68.19975280761719,69.88500213623047,17678800,67.12474975585937,59.20544990539551,67.59938690948617,64.52890893513697,63.56931947588976,3.0704779743492026,2.7486004921215255,0.3218774822276771,-0.034999543233021235,0.027034295429451936,0.6425226698379665,0.16657330302837048,1,CRWD
2024-01-18,70.77749633789062,71.11499786376953,69.7925033569336,70.4175033569336,10823600,68.09349937438965,59.6797998046875,68.08832682154839,64.99176726126687,67.40449406268522,3.09655956028152,2.8181923057535245,0.2783672545279954,0.024758376261969417,0.026138008862396006,-0.38776387537615675,0.1859539839195552,1,CRWD
2024-01-19,72.63500213623047,72.7125015258789,70.94999694824219,71.25,12044800,69.21574974060059,60.198599853515624,68.78781533149947,65.55793280756048,71.41789888057914,3.229882523938997,2.9005303493906194,0.3293521745483776,0.026244299310506092,0.026100666319023292,0.1128275250378803,0.20658956043790044,0,CRWD
2024-01-22,74.66500091552734,75.5,73.84249877929688,75.12000274658203,16917600,70.49574966430664,60.73009986877442,69.69199772904221,66.23253044518765,74.72614621970703,3.459467283854565,3.0123177362834084,0.44714954757115644,0.0279479413449939,0.02604808918379249,0.40455632306057376,0.22945625113186807,1,CRWD
2024-01-23,74.31749725341797,74.92500305175781,72.9262466430664,74.5425033569336,11957200,71.39549942016602,61.2472998046875,70.40361304048464,66.83141687542694,81.25308701691321,3.5721961650577043,3.1242934220382677,0.44790274301943667,-0.0046541707339229355,0.023515846573100962,-0.2932094386910673,0.21340038647271364,1,CRWD
2024-01-24,75.06999969482422,76.88749694824219,74.63500213623047,75.1449966430664,17816800,72.05824966430664,61.79489982604981,71.12151867961381,67.44168226945636,84.48444490531105,3.6798364101574492,3.235402019662104,0.44443439049534517,0.0101255083825047,0.020137919283925856,0.4900478372863213,0.2148251701377184,0,CRWD
2024-01-25,73.36499786376953,76.57499694824219,72.69750213623047,76.40249633789062,17331600,72.34374923706055,62.28064979553223,71.46666932333008,67.88044638755363,77.60072275283136,3.5862229357764477,3.305566202884973,0.28065673289147464,-0.02271215982397612,0.02101656055917571,-0.027232724170445866,0.17797418788383368,1,CRWD
2024-01-26,72.57749938964844,73.4375,71.6875,72.62249755859375,11246000,72.48849945068359,62.72739974975586,71.63756625660983,68.22837623956065,74.36041925136362,3.409190017049184,3.3262909657178152,0.08289905133136877,-0.01073398074083487,0.021442818311206972,-0.3511274204343511,0.15703025598364473,1,CRWD
2024-01-29,75.1675033569336,75.17500305175781,73.4375,73.5,12526000,72.92149963378907,63.19089981079102,72.18063350281349,68.74238565566235,73.31044546462614,3.438247847151146,3.3486823420044813,0.08956550514666484,0.03568604580022994,0.02370963830614641,0.11381824648764005,0.18953051122872844,1,CRWD
2024-01-30,75.3375015258789,75.65374755859375,74.5999984741211,75.25,8589600,73.29799957275391,63.67619987487793,72.66630550636202,69.23091275715987,68.97358056416329,3.435392749202151,3.3660244234440153,0.0693683257581359,0.0022615912642205416,0.023689832655754826,-0.3142583426472936,0.18313438417988404,1,CRWD
2024-01-31,73.125,75.02874755859375,72.72250366210938,74.5,9976400,73.70374984741211,64.11734985351562,72.73687388999863,69.51936366403692,57.13894738157575,3.2175102259617177,3.336321583947556,-0.1188113579858383,-0.02936786435795058,0.022667816060392712,0.16145105709229757,0.14048693788909739,1,CRWD
2024-02-01,74.84249877929688,74.9749984741211,73.5425033569336,74.03500366210938,7414400,74.11025009155273,64.57874984741211,73.0608161806599,69.91366996887099,59.56213496345164,3.1471462117889075,3.2984865095158264,-0.15134029772691893,0.023487162793803362,0.02255393180780698,-0.2568060623070446,0.15893384365810959,1,CRWD
2024-02-02,75.89250183105469,76.30249786376953,74.17749786376953,74.9375,9498000,74.43600006103516,65.0579499053955,73.49646012687448,70.35654640310683,62.530974288172935,3.1399137237676484,3.266771952366191,-0.12685822859854268,0.014029502874485456,0.021637540654647677,0.2810207164436771,0.16653694039566758,1,CRWD
2024-02-05,75.62249755859375,76.94149780273438,73.89250183105469,76.25,9925200,74.5317497253418,65.52549987792969,73.82354280867744,70.74661685906882,60.27655504133729,3.076925949608622,3.2288027518146776,-0.15187680220605548,-0.0035577200111547302,0.02010043742989542,0.044977890082122496,0.15409264636628794,1,CRWD
2024-02-06,75.52749633789062,76.94249725341797,73.82749938964844,76.34249877929688,8350400,74.65274963378906,65.98799980163574,74.08568950547948,71.10075607972229,68.67589251014495,2.984933425757191,3.1800288866031803,-0.19509546084598917,-0.0012562560583180282,0.020014198202223433,-0.1586668278724862,0.14456411112522338,1,CRWD
2024-02-07,79.44499969482422,80.26750183105469,76.67749786376953,76.93250274658203,16069600,75.09024963378906,66.52359977722168,74.91019876537867,71.71884819935947,72.22148980825315,3.191350566019196,3.1822932224863836,0.00905734353281229,0.051868571671007,0.025535881680263935,0.924410806667944,0.19423783380446213,1,CRWD
2024-02-08,80.76000213623047,80.98224639892578,78.50749969482422,79.17749786376953,10124400,75.82975006103516,67.08844978332519,75.81016851474048,72.38856330579436,71.42666293245257,3.4216052089461186,3.2301556197783308,0.19144958916778787,0.01655236259623183,0.02357928159555913,-0.3699656494250012,0.20378399556198024,1,CRWD
2024-02-09,82.33499908447266,84.24749755859375,81.60749816894531,82.5,15480000,76.80550003051758,67.67339973449707,76.81398860239159,73.1253363264372,70.72410110946655,3.6886522759543823,3.3218549510135413,0.36679732494084094,0.019502190522300733,0.022556216021906304,0.5289794950811899,0.21665232436226667,0,CRWD
2024-02-12,80.32250213623047,82.66699981689453,80.15750122070312,82.42500305175781,13656400,77.32099990844726,68.10764976501464,77.35375991528988,73.65845971975521,64.88597145541668,3.6953001955346707,3.3965439999177676,0.29875619561690314,-0.02444278825068591,0.023793674594071734,-0.1178036175710594,0.17934626159263423,1,CRWD
2024-02-13,80.61000061035156,81.58499908447266,75.5,76.88500213623047,18125600,77.84824981689454,68.53489974975587,77.85472002222245,74.1733886746142,64.05734142540484,3.68133134760825,3.453501469455864,0.22782987815238576,0.0035793017706728936,0.02376872102755335,0.32726047860343876,0.176189078917252,0,CRWD
2024-02-14,83.63749694824219,83.7249984741211,81.63999938964844,81.94000244140625,9579600,78.89949951171874,69.03249969482422,78.74437801084088,74.87443373191998,74.42633966555121,3.8699442789208973,3.536790031348871,0.3331542475720264,0.03755732930117173,0.021711542360641753,-0.47148784040252456,0.21156697668464974,0,CRWD
2024-02-15,82.84500122070312,84.61325073242188,81.77825164794922,84.375,11679600,79.69974975585937,69.50244972229004,79.37524312005044,75.46484613849651,74.40865621095978,3.91039698155393,3.6115114213898827,0.29888556016404744,-0.009475363998871056,0.02255187380891755,0.21921583364649888,0.1919723916455569,0,CRWD
2024-02-16,82.30999755859375,83.09249877929688,81.28250122070312,82.94750213623047,8495600,80.34149932861328,69.9537996673584,79.82674380290327,75.97189439183705,68.81832132021184,3.854849411066212,3.660179019325149,0.19467039174106304,-0.0064578870689385726,0.023112738660040464,-0.2726120757560191,0.17663369180789412,0,CRWD
2024-02-20,80.92749786376953,81.75,78.76750183105469,81.75,16546800,80.87199935913085,70.37524963378907,79.99609058149808,76.33897613049872,63.84347613159891,3.6571144509993587,3.6595661056599913,-0.002451654660632574,-0.016796254839396174,0.024225288935043002,0.9476905692358397,0.1499426046073169,0,CRWD
2024-02-21,73.08999633789062,73.64974975585938,68.29000091552734,70.75749969482422,36060400,80.62824935913086,70.63619956970214,78.93361454402002,76.0983109606759,49.93220286887668,2.835303583344114,3.494713601196816,-0.6594100178527018,-0.0968459637671274,0.04095516270961533,1.1792975076752001,0.03473851627262503,1,CRWD
2024-02-22,77.72750091552734,78.41500091552734,74.25,76.23249816894531,19191600,80.45649948120118,70.9779995727539,78.74805860117499,76.2189916980723,55.02001271786648,2.529066903102688,3.3015842615779905,-0.7725173584753025,0.06344923806259084,0.042786006656475556,-0.4677929252032701,0.09509286516105697,1,CRWD
2024-02-23,77.87249755859375,79.25,77.1449966430664,78.44499969482422,11860800,80.1677490234375,71.30059951782226,78.61335690231634,76.34147361366648,53.55730434291535,2.2718832886498603,3.0956440669923646,-0.8237607783425043,0.0018654484109039693,0.042353556994791486,-0.3819796160820359,0.09217170802510255,1,CRWD
2024-02-26,80.25749969482422,80.82849884033203,77.37249755859375,78.29000091552734,15539600,79.95999908447266,71.66299949645996,78.86630194731755,76.63154961967817,57.7391921580677,2.2347523276393844,2.9234657191217686,-0.6887133914823842,0.03062701481271901,0.04314337804577271,0.3101645757453122,0.11992939534702018,0,CRWD
2024-02-27,80.30249786376953,82.27249908447266,80.17749786376953,80.8499984741211,11161600,79.95799865722657,72.00884948730469,79.08725516523324,76.90347171183308,57.98628878084585,2.183783453400167,2.7755292659774486,-0.5917458125772814,0.0005606724495084148,0.04239656449245866,-0.28173183350922804,0.1151754046275526,0,CRWD
2024-02-28,80.23500061035156,80.42250061035156,78.63749694824219,79.71499633789062,8290400,79.92049865722656,72.35014953613282,79.26383138755914,77.15025163024185,51.51660818292041,2.1135797573172823,2.6431393642454157,-0.5295596069281334,-0.0008405374080949768,0.042387481952814214,-0.2572391055045872,0.10898182138906187,1,CRWD
2024-02-29,81.0374984741211,82.24500274658203,80.26750183105469,81.22750091552734,15248400,79.66049880981446,72.67049957275391,79.53670324703022,77.43819584089958,50.5434181738209,2.0985074061306364,2.53421297262246,-0.4357055664918237,0.010001842807563888,0.04055712266716333,0.8392839911222618,0.1151361136989375,1,CRWD
2024-03-01,78.6500015258789,79.93000030517578,77.27999877929688,79.8125,23349600,79.24099884033203,72.94449966430665,79.40028759762232,77.52795922497212,43.006263954892574,1.8723283726502018,2.4018360526280085,-0.5295076799778067,-0.029461631876564143,0.04142811772036941,0.5312819705674039,0.07821702647669393,1,CRWD
2024-03-04,78.45249938964844,79.49749755859375,77.82250213623047,79.3324966430664,19186400,78.8552490234375,73.22189971923828,79.2544740271648,77.59644368161482,46.1883338335622,1.6580303455499887,2.253074911212405,-0.5950445656624161,-0.002511152350905932,0.041425026182728274,-0.1782985575770034,0.07143490800520524,1,CRWD
2024-03-05,74.38999938964844,77.125,72.44999694824219,76.88249969482422,52997200,78.2014991760254,73.43994972229004,78.50609331370075,77.35892928961731,39.012536954257584,1.1471640240834375,2.0318927337866115,-0.884728709703174,-0.05178292637718096,0.044022333914140656,1.7622274110828502,0.01293641500233833,1,CRWD
2024-03-06,82.39250183105469,91.25,81.00250244140625,90.01249694824219,92203600,79.13174972534179,73.80119972229004,79.10400231637058,77.73178651490898,48.129514478885746,1.372215801461607,1.8999573473216107,-0.5277415458600037,0.10757497657030246,0.045362631269409086,0.7397824790743661,0.11641141527635401,1,CRWD
2024-03-07,82.41999816894531,82.9625015258789,78.80249786376953,82.4375,38918000,79.60099945068359,74.17144966125488,79.61415552445901,78.079061452245,49.346450776971075,1.535094072214008,1.8269846923000903,-0.29189062008608224,0.00033372378893181676,0.041806884230739375,-0.5779123591703578,0.11120921251184934,0,CRWD
2024-03-08,80.7125015258789,85.43499755859375,80.60250091552734,82.75,24085200,79.8849998474121,74.49634971618653,79.78313183236976,78.27413108732898,47.628947837463905,1.5090007450407796,1.7633879028482282,-0.2543871578074486,-0.020717018696923106,0.04269374969910243,-0.3811295544478134,0.08344236775861424,0,CRWD
2024-03-11,79.34249877929688,80.875,79.0,79.7874984741211,13168000,79.79349975585937,74.79659965515137,79.715342131897,78.35326943488217,47.64662316268635,1.3620726970148382,1.6831248616815504,-0.32105216466671216,-0.016973860562886522,0.04209138267971248,-0.4532742098882301,0.060776815324550926,1,CRWD
2024-03-12,82.31749725341797,83.45249938964844,79.34249877929688,79.65249633789062,16626000,79.99499969482422,75.16229957580566,80.11567368905408,78.64691593995889,66.01302101331096,1.4687577490951895,1.6402514391642784,-0.17149369006908888,0.03749564886274248,0.043770282493683275,0.26260631834750914,0.09519663073102036,0,CRWD
2024-03-13,83.0425033569336,83.70625305175781,81.375,82.43250274658203,10923600,80.27574996948242,75.54654960632324,80.56595517642015,78.97251500788293,60.67269828157804,1.5934401685372137,1.6308891850388656,-0.03744901650165189,0.008807436179499861,0.04377491466236259,-0.3429808733309274,0.09922297960227344,0,CRWD
2024-03-14,82.14749908447266,84.44499969482422,81.3687515258789,83.25,11107200,80.38675003051758,75.95504959106445,80.80926962381284,79.20769901355625,58.33333581201887,1.6015706102565872,1.62502547008241,-0.02345485982582285,-0.010777664885823879,0.04396572704401693,0.01680764583104466,0.08152781844983092,1,CRWD
2024-03-15,78.9124984741211,81.84750366210938,78.9000015258789,81.3949966430664,17932400,80.41299972534179,76.31149955749511,80.51745867770641,79.18583230693142,47.462261847729955,1.3316263707749982,1.5663456502209279,-0.23471927944592963,-0.039380390716764246,0.04486210159523042,0.6144842984730625,0.03408397072142866,1,CRWD
2024-03-18,80.26499938964844,80.59249877929688,78.9749984741211,79.75749969482422,10946400,80.5942497253418,76.68854957580567,80.47861878723596,79.2657706093549,49.93257489810785,1.2128481778810567,1.495646155752954,-0.2827979778718972,0.017139248429333342,0.04511082195952452,-0.3895741785817849,0.046636034109727165,1,CRWD
2024-03-19,80.21499633789062,80.37000274658203,77.55500030517578,79.5374984741211,11734400,81.17674942016602,77.05554946899414,80.43806148733667,79.33608362628348,49.964008157052916,1.1019778610531858,1.4169124968130005,-0.3149346357598146,-0.0006229745485335503,0.04088942897675457,0.07198713732368622,0.04100219764402291,1,CRWD
2024-03-20,81.71749877929688,82.11750030517578,79.5157470703125,80.25,10115200,81.10924911499023,77.38349945068359,80.6348979937921,79.51248474872892,51.193401179301944,1.1224132450631714,1.3580126464630349,-0.23559940139986346,0.018730941968472248,0.022383818888859475,-0.1379874556858467,0.05600676319084452,0,CRWD
2024-03-21,82.36499786376953,83.30750274658203,80.51249694824219,81.47250366210938,13013600,81.10374908447265,77.66194946289062,80.90106720455785,79.72378201650972,56.9439144276189,1.1772851880481312,1.3218671547800542,-0.14458196673192303,0.007923628282131112,0.022546950029576962,0.286539069914584,0.06055794933561609,0,CRWD
2024-03-22,81.8949966430664,82.09750366210938,79.88749694824219,81.93250274658203,10406800,81.22199859619141,77.88964935302734,81.05397942586686,79.884612729588,56.3696834604075,1.169366696278857,1.2913670630798149,-0.12200036680095794,-0.005706322259371621,0.02147670906599233,-0.20031351816561138,0.051423357574575945,0,CRWD
2024-03-25,81.19000244140625,82.3125,80.25,81.5,6780800,81.40674896240235,78.09084945678711,81.07490604364214,79.98130826379676,64.36721021851687,1.093597779845382,1.2518132064329284,-0.1582154265875464,-0.00860851371339355,0.02082307824736431,-0.3484260291347965,0.03968650624467984,0,CRWD
2024-03-26,82.50250244140625,83.125,80.96499633789062,81.5,9670800,81.42524948120118,78.32414947509766,81.29453625868278,80.16806338806414,50.3240075723118,1.1264728706186418,1.2267451392700712,-0.10027226865142946,0.016165783477432694,0.017697996115760457,0.4262033978291646,0.05334693059944495,0,CRWD
2024-03-27,80.5625,83.45999908447266,79.38999938964844,83.33499908447266,12702400,81.17724914550782,78.50394943237305,81.18191529580851,80.19728091487421,45.08273469638362,0.9846343809342955,1.178322987602916,-0.19368860666862053,-0.023514467852463583,0.01889618471813013,0.3134797534847169,0.02622225483573004,0,CRWD
2024-03-28,80.14749908447266,81.9124984741211,79.98500061035156,80.6050033569336,9012400,80.97724914550781,78.72554946899415,81.02277434021838,80.1935933718815,48.394424801861405,0.8291809683368712,1.108494583749707,-0.27931361541283595,-0.005151291426250926,0.018717324864272345,-0.29049628416677165,0.01806211103091182,0,CRWD
2024-04-01,79.89749908447266,80.49749755859375,78.43000030517578,80.25,7323600,81.07574920654297,78.90794952392578,80.84965507010365,80.17166046170307,51.6843697801208,0.6779946084005815,1.022394588679882,-0.3443999802793005,-0.003119248920499751,0.013529595771682728,-0.18738626780879675,0.01254055600883186,0,CRWD
2024-04-02,79.88749694824219,79.92749786376953,77.73999786376953,78.2300033569336,8501200,81.03799896240234,79.05299942016602,80.70163074366342,80.15061131255781,41.006672182111316,0.5510194311056011,0.9281195571650258,-0.37710012605942467,-0.00012518710028575075,0.01233608318998142,0.1607952373149817,0.010556177933753297,0,CRWD
2024-04-03,80.01000213623047,80.88749694824219,78.62000274658203,79.14250183105469,8053600,81.01749954223632,79.15989944458008,80.59522634251988,80.14019581801506,38.25296397830967,0.45503052450482073,0.8335017506329848,-0.3784712261281641,0.0015334713524401966,0.012350645643081573,-0.052651390391944664,0.010739057245083394,0,CRWD
2024-04-04,77.29750061035156,81.49749755859375,77.22000122070312,81.07499694824219,10668000,80.5754997253418,79.21949951171875,80.0878839221863,79.92962580263259,33.53142970834239,0.1582581195537074,0.6984530244171294,-0.540194904863422,-0.03390203041440265,0.014432313676272393,0.3246250124168073,-0.024261689523585983,1,CRWD
2024-04-05,78.875,79.375,77.3324966430664,77.43000030517578,7077200,80.22649993896485,79.29559951782227,79.90128639569609,79.85150537280795,49.85652022875025,0.04978102288814057,0.5687186241113317,-0.5189376012231911,0.020408155208024636,0.01615494231921953,-0.33659542557180355,-0.005304197463413263,0,CRWD
2024-04-08,78.43250274658203,79.16000366210938,77.375,79.04499816894531,5829200,79.8802505493164,79.39694961547852,79.67531968044777,79.74639406716159,42.46351918941154,-0.07107438671381772,0.4407600219463018,-0.5118344086601195,-0.00561010780878568,0.016153975436927037,-0.17634092578986038,-0.012147152674848671,0,CRWD
2024-04-09,77.69249725341797,79.0,77.15750122070312,78.74749755859375,7443200,79.53050003051757,79.49924957275391,79.37027007628933,79.59425356243985,40.18292715515731,-0.2239834861505159,0.30781132032693825,-0.5317948064774541,-0.009434934080263191,0.016181169443263966,0.27688190489260966,-0.02272665879295488,0,CRWD
2024-04-10,78.13249969482422,78.77024841308594,76.33499908447266,76.49749755859375,7756000,79.09349975585937,79.55854949951171,79.17984386375623,79.48597549817202,34.790005729323454,-0.3061316344157916,0.1850227293783923,-0.49115436379418387,0.005663383942609679,0.015005140995919625,0.04202493551160802,-0.01792453248153103,0,CRWD
2024-04-11,79.44999694824219,79.47624969482422,77.53375244140625,78.38500213623047,7476000,78.9822494506836,79.64079940795898,79.22140587675406,79.48331042039945,38.297877553670645,-0.26190454364538596,0.09563727477363665,-0.3575418184190226,0.016862346124390637,0.014999257056648497,-0.03610108303249093,-0.002395787851643849,0,CRWD
2024-04-12,77.26249694824219,78.71749877929688,76.75,78.47250366210938,8705200,78.69374923706054,79.72354934692383,78.92003527236763,79.31880571875817,33.65674016038811,-0.39877044639054304,-0.0032442694591992977,-0.39552617693134373,-0.027533040705150058,0.01715485897908574,0.1644194756554307,-0.03086982979109676,0,CRWD
2024-04-15,74.875,78.0,74.59750366210938,77.50749969482422,10286400,78.19149932861328,79.72419937133789,78.29772215354184,78.98963492477608,30.08515274176814,-0.691912771234243,-0.14097796981420804,-0.5509348014200349,-0.030901110403428467,0.01920840764932727,0.1816385608601756,-0.06082468572373334,0,CRWD
2024-04-16,74.7874984741211,75.4124984741211,74.19999694824219,74.38749694824219,7313200,77.68149948120117,79.70209930419922,77.75768774132327,78.6783655580609,23.632954992868633,-0.920677816737637,-0.29691793919889387,-0.6237598775387432,-0.0011686347362792615,0.019173917140202557,-0.2890418416550008,-0.06166212525118764,1,CRWD
2024-04-17,73.42250061035156,76.19999694824219,72.92749786376953,76.0,9161200,77.02274932861329,79.65809936523438,77.09073587501993,78.28904222860095,24.59980306348109,-1.1983063535810174,-0.4771956220753186,-0.7211107315056988,-0.018251684995746476,0.01928385235188182,0.2526937592298857,-0.07827953220792327,1,CRWD
2024-04-18,73.5250015258789,74.375,72.54499816894531,73.25,8400000,76.64549942016602,79.61804946899414,76.54216135976746,77.9361503246956,25.905061906734076,-1.3939889649281412,-0.6605542906458832,-0.733434674282258,0.001396042285066068,0.017213953851759518,-0.08308955158712827,-0.07652847543681751,1,CRWD
2024-04-19,70.66000366210938,73.18250274658203,70.22000122070312,72.98750305175781,12466400,75.82399978637696,79.44234954833985,75.63721402166621,77.39717649783736,21.763740950955935,-1.7599624761711539,-0.8804359277509374,-0.8795265484202165,-0.03896630811712565,0.017762228757769363,0.48409523809523813,-0.11054992628190718,1,CRWD
2024-04-22,72.2874984741211,72.82250213623047,70.3499984741211,71.43499755859375,9933600,75.20949935913086,79.27289947509766,75.12187316819772,77.01868182941394,28.85952957085661,-1.8968086612162125,-1.0837104744439925,-0.81309818677222,0.023032758670580744,0.020749376456443088,-0.20317012128601686,-0.08811839919102393,1,CRWD
2024-04-23,74.9124984741211,75.70249938964844,73.0425033569336,73.05249786376953,10372000,74.93149948120117,79.12444946289062,75.08966167680131,76.86266824754038,37.55339925917261,-1.7730065707390708,-1.221569693703008,-0.5514368770360627,0.036313332947048194,0.02499057092204687,0.04413304340823054,-0.05323197845117311,0,CRWD
2024-04-24,74.40499877929688,76.20500183105469,73.68499755859375,75.9000015258789,6624800,74.55874938964844,79.00609939575196,74.98432892333909,76.68061865730012,42.08509184922664,-1.6962897339610237,-1.3165137017546114,-0.3797760322064123,-0.006774566396280823,0.02480063258228259,-0.3612803702275357,-0.05823728359765701,0,CRWD
2024-04-25,74.50499725341797,74.9625015258789,71.97750091552734,72.38999938964844,8088400,74.06424942016602,78.88399932861329,74.91058558950508,76.5194615162718,36.990160142421495,-1.6088759267667285,-1.3749861467570348,-0.23388978000969374,0.0013439752135164795,0.023772737177009163,0.22092742422412748,-0.055511917657133036,1,CRWD
2024-04-26,76.01750183105469,76.44499969482422,74.56749725341797,75.08499908447266,8031200,73.93974990844727,78.73159942626953,75.08088039589732,76.48227931736683,43.24097060088375,-1.4013989214695073,-1.3802687016995294,-0.021130219769977865,0.020300713152060945,0.02380470227220933,-0.0070718559912962276,-0.0344727862128158,1,CRWD
2024-04-29,76.01000213623047,78.46575164794922,75.51249694824219,78.14250183105469,7598400,74.05325012207031,78.59489944458008,75.22382220210243,76.44729582246784,45.08975369502002,-1.2234736203654109,-1.3489096854327056,0.12543606506729477,-9.865747549675508e-05,0.021433292719947438,-0.05388982966430922,-0.032888868445875574,1,CRWD
2024-04-30,73.13500213623047,75.76625061035156,73.0824966430664,75.5,7720800,73.88800048828125,78.41139953613282,74.90246526889136,76.2019407345984,37.23010039964909,-1.299475465707033,-1.3390228414875711,0.03954737578053802,-0.03782396946716593,0.024843865555641872,0.016108654453569127,-0.06729120295156743,1,CRWD
2024-05-01,73.86000061035156,75.625,72.13749694824219,72.61000061035156,8363200,73.93175048828125,78.27004959106445,74.74208609065447,76.02846368835789,35.27009476938912,-1.2863775977034209,-1.3284937927307412,0.042116195027320336,0.009913153113342732,0.024383013973228125,0.08320381307636504,-0.056344016692898014,1,CRWD
2024-05-02,75.88500213623047,76.98500061035156,74.51074981689453,75.93875122070312,15682000,74.16775054931641,78.32594970703126,74.91791932843539,76.01783690671883,46.338882735803644,-1.0999175782834385,-1.282778549841281,0.18286097155784242,0.0274167547948152,0.02579375172877393,0.8751195714559021,-0.03116397030525464,1,CRWD
2024-05-03,77.55249786376953,77.88749694824219,75.0,76.19000244140625,16323200,74.85699996948242,78.32244964599609,75.32323910310218,76.13151549612999,57.399472636425706,-0.8082763930278105,-1.187878118478587,0.3796017254507764,0.021973982744911025,0.02149564734804912,0.040887641882412895,-0.00983053754966301,1,CRWD
2024-05-06,79.45249938964844,79.4749984741211,76.07499694824219,76.84500122070312,11614000,75.57350006103516,78.35404968261719,75.95850991641699,76.37751430305728,61.71816877585054,-0.41900438664029593,-1.0341033721109287,0.6150989854706328,0.02449955292499406,0.021602536633786754,-0.28849735346010585,0.014019054681674525,1,CRWD
2024-05-07,78.13749694824219,80.37875366210938,77.9124984741211,78.92749786376953,12796000,75.89599990844727,78.31164962768554,76.29373869054395,76.5078833878858,61.87357681309113,-0.21414469734185104,-0.8701116371571133,0.6559669398152622,-0.016550800182600356,0.020822208217888473,0.10177372137075946,-0.002223841283784944,1,CRWD
2024-05-08,78.44000244140625,79.80750274658203,77.14250183105469,77.97000122070312,8292400,76.2995002746582,78.27439971923827,76.62393311375354,76.6510033177762,62.2538041404539,-0.027070204022663802,-0.7015033505302234,0.6744331465075596,0.003871451031563611,0.020455175170644456,-0.351953735542357,0.002115669015182231,1,CRWD
2024-05-09,79.48500061035156,79.5625,77.34500122070312,78.25749969482422,8633600,76.79750061035156,78.25939971923827,77.06409734399939,76.86092904315215,74.19796175721666,0.20316830084723847,-0.5205690202547311,0.7237373211019695,0.013322260790671336,0.020536318961789306,0.041146109690801236,0.015660749961157627,1,CRWD
2024-05-10,80.19000244140625,81.875,79.59750366210938,80.0,10629600,77.21475067138672,78.24244979858399,77.54500582052351,77.10752707265246,72.8231060931568,0.43747874787105445,-0.328959466629574,0.7664382145006284,0.008869621005738182,0.020005341157791,0.2311897702001482,0.024891253377619993,1,CRWD
2024-05-13,79.79499816894531,81.25,79.15750122070312,81.25,7577600,77.5932502746582,78.26534973144531,77.89115848951148,77.30659900571119,66.18596334150271,0.584559483800291,-0.146255676543601,0.7308151603438919,-0.004925854351352066,0.020213653578433226,-0.2871227515616769,0.01954438896329913,1,CRWD
2024-05-14,82.38749694824219,82.69750213623047,79.79499816894531,79.79750061035156,11794800,78.51849975585938,78.34404968261718,78.58290286777775,77.68296181626904,73.24885120301487,0.899941051508705,0.0629836690668602,0.8369573824418448,0.03248948980245503,0.015263412773018473,0.5565350506756757,0.051611415059670485,1,CRWD
2024-05-15,85.77999877929688,86.09249877929688,82.73249816894531,83.30249786376953,12572800,79.7104995727539,78.57184967041016,79.69014839262684,78.28274233204888,77.55374785353511,1.407406060577955,0.3318681473690792,1.0755379132088758,0.04117738682103589,0.017765339503795375,0.06596127106860661,0.09173958789468695,1,CRWD
2024-05-16,84.76499938964844,86.0199966430664,84.7074966430664,85.75,8298800,80.5984992980957,78.61929962158203,80.47089469986092,78.7629095215007,71.90981476966023,1.707985178360218,0.607091553567307,1.1008936247929109,-0.011832588063563909,0.01905855125870862,-0.3399401883430898,0.07817037034986929,1,CRWD
2024-05-17,86.48249816894531,86.56999969482422,84.67749786376953,85.0,8179600,81.49149932861329,78.70054962158203,81.39575677202775,79.3347309027929,74.16078452218305,2.0610258692348538,0.8978784167008165,1.1631474525340373,0.02026188629344361,0.018959335522898437,-0.014363522436978804,0.09888048539408478,1,CRWD
2024-05-20,87.1875,87.39749908447266,86.1624984741211,86.5,8700000,82.26499938964844,78.83004959106445,82.28679419171579,79.91641750258601,86.02740829963466,2.3703766891297704,1.1923780711866074,1.177998617943163,0.00815195959854731,0.01837305561639733,0.06362169299232234,0.10601858621541305,0,CRWD
2024-05-21,87.33000183105469,87.9124984741211,85.12999725341797,85.76374816894531,8397200,83.18424987792969,78.9897996520996,83.06267229007562,80.46557189728739,85.59722954783369,2.597100392788235,1.473322535506933,1.123777857281302,0.0016344296034946915,0.01629204337861118,-0.03480459770114941,0.10558581254400479,1,CRWD
2024-05-22,86.3550033569336,88.23500061035156,85.71499633789062,87.5,7630000,83.97574996948242,79.07054977416992,83.56918476189993,80.9018260794834,79.29489407230118,2.667358682416534,1.7121297648888534,0.9552289175276807,-0.0111645305585506,0.01768803766543694,-0.09136378792930977,0.09212600144514616,0,CRWD
2024-05-23,85.5875015258789,87.60250091552734,85.3187484741211,87.5,7344000,84.58600006103515,79.12144973754883,83.87969503328131,81.24891314958677,73.67411861921131,2.6307818836945387,1.8958601886499906,0.7349216950445481,-0.0088877517366579,0.018568870500551792,-0.037483617300131056,0.08172312071857135,0,CRWD
2024-05-24,87.86750030517578,88.9375,85.20249938964844,85.6675033569336,10680000,85.3537498474121,79.2358497619629,84.49320353664969,81.73917886481559,74.25070390453195,2.7540246718341024,2.067493085286813,0.6865315865472894,0.026639389381023948,0.01953156854984776,0.45424836601307184,0.10893617685862833,0,CRWD
2024-05-28,86.70500183105469,89.70999908447266,85.77749633789062,89.66000366210938,12941200,86.04475021362305,79.39169982910157,84.83348019732738,82.10701760305552,74.90914382248974,2.726462594271851,2.1992869870838208,0.5271756071880302,-0.013230130253888861,0.02036494392194069,0.2117228464419476,0.0921167076368905,0,CRWD
2024-05-29,87.37999725341797,88.38500213623047,85.48999786376953,85.50250244140625,10555600,86.54400024414062,79.53399978637695,85.22525205211055,82.49760868826755,75.44107844989112,2.7276433638430007,2.304958262435657,0.42268510140734383,0.0077849652051045215,0.01855246709398474,-0.18434148301548547,0.09864960253620891,0,CRWD
2024-05-30,78.9800033569336,86.65750122070312,78.53250122070312,86.5374984741211,24573200,85.8640007019043,79.50929992675782,84.26444456054486,82.23704533039096,48.986966206290916,2.027399230153904,2.249446455979306,-0.22204722582540226,-0.09613177112060167,0.03402696396148075,1.327977566410247,-0.006657039746442273,1,CRWD
2024-05-31,78.4175033569336,82.44249725341797,76.625,82.44000244140625,21607200,85.22925109863282,79.44330001831055,83.36491514460467,81.95411629532003,46.423888746420815,1.4107988492846317,2.0817169346403714,-0.6709180853557397,-0.0071220559140507955,0.03399564110828715,-0.12070060065437138,-0.012912311814092914,1,CRWD
2024-06-03,77.17250061035156,79.87000274658203,76.27749633789062,79.84249877929688,17458800,84.29825134277344,79.33945007324219,82.4122359854888,81.59992254087793,44.884427249797746,0.8123134446108793,1.8278362366344731,-1.0155227920235939,-0.015876592511688936,0.032645234249644044,-0.19199155836943238,-0.02731238319512186,1,CRWD
2024-06-04,76.3949966430664,78.09500122070312,75.87625122070312,77.5,33901600,83.21900100708008,79.22945007324219,81.48650685588535,81.21437247437338,37.41996222059852,0.2721343815119752,1.5166958656099736,-1.2445614840979984,-0.010074883684420444,0.03197011178165906,0.941805851490366,-0.035775250586183915,1,CRWD
2024-06-05,85.54499816894531,85.64749908447266,79.09750366210938,83.65249633789062,64142400,83.04050064086914,79.31654998779297,82.11089013481765,81.53515956286019,49.60270391445378,0.5757305719574646,1.328502806879472,-0.7527722349220074,0.11977226163945853,0.052844708518041676,0.8920168959577128,0.07852646367133875,1,CRWD
2024-06-06,85.12249755859375,87.33499908447266,84.04750061035156,85.73249816894531,18734000,82.91725006103516,79.36894989013672,82.57421435386013,81.80088830328489,50.616748368034706,0.7733260505752355,1.217467455618625,-0.4441414050433894,-0.004938928276287502,0.05274599810035133,-0.7079311032951683,0.07249116532877342,1,CRWD
2024-06-07,87.27999877929688,87.4800033569336,84.28250122070312,85.75,20387200,83.08649978637695,79.50329986572265,83.29818118854271,82.20674833854504,51.355256340909015,1.0914328499976733,1.1922605344944346,-0.10082768449676127,0.025345840201857595,0.05322867890472074,0.08824596989430988,0.0978160519966933,1,CRWD
2024-06-10,93.64250183105467,96.24500274658205,91.7750015258789,91.7750015258789,62362800,83.66399993896485,79.77319992065429,84.88961513354455,83.05384118984205,59.200401217397264,1.835773943702506,1.320963216336049,0.514810727366457,0.07289760702044146,0.05734151525867369,2.0589193219274837,0.1738591647846064,1,CRWD
2024-06-11,96.15750122070312,96.25,92.53500366210938,93.21499633789062,28046800,84.60924987792968,80.09839996337891,86.62313607003048,84.02448267360954,61.78492695214926,2.598653396420943,1.5765012523530277,1.022152144067915,0.026857456181445194,0.05710540466945028,-0.5502639393997704,0.20049216045097595,1,CRWD
2024-06-12,96.84249877929688,97.6762466430664,94.71749877929688,97.5625,23311200,85.55550003051758,80.4375,88.19534571760992,84.9739653481049,64.11032069017975,3.2213803695050274,1.9054770757834278,1.3159032937215995,0.007123703818192162,0.057111019233835277,-0.16884635680362825,0.20394714877136755,0,CRWD
2024-06-13,95.70249938964844,97.47250366210938,95.23500061035156,96.9625015258789,15878000,87.22774963378906,80.75134994506836,89.35029243638508,85.76867157340442,63.47408942704227,3.5816208629806567,2.240705833222874,1.3409150297577828,-0.011771684993862941,0.04416156910146631,-0.3188681835340952,0.185150458224546,0,CRWD
2024-06-14,96.35874938964844,97.08625030517578,95.2874984741211,95.5,13660000,89.02187423706054,81.13257492065429,90.42851658304099,86.55312178201508,61.82254827373682,3.875394801025905,2.5676436267834806,1.3077511742424246,0.0068571876825087585,0.0434147912619602,-0.13969013729688873,0.1876702974592508,0,CRWD
2024-06-17,97.60749816894533,98.66000366210938,94.1374969482422,95.6875,19412400,91.06537399291992,81.5072248840332,91.53297528856473,87.37196447734325,65.14340867742882,4.161010811221473,2.886317063671079,1.274693747550394,0.012959370967417616,0.04156588344164912,0.42111273792093695,0.19753185448062127,0,CRWD
2024-06-18,97.37750244140624,98.32250213623048,96.66500091552734,97.5,16371200,93.1636245727539,81.88612487792969,92.4321333120788,88.11311543764423,64.06020081387362,4.319017874434579,3.1728572258237793,1.1461606486107994,-0.0023563325754031306,0.04091908451018383,-0.15666275164327959,0.1891819595391777,0,CRWD
2024-06-20,95.53500366210938,98.3125,94.8000030517578,97.56500244140624,23392000,94.16262512207031,82.24297500610352,92.90949798131427,88.66288493575274,78.54802334365581,4.246613045561531,3.38760838977133,0.8590046557902014,-0.018921195687941594,0.026181480829361826,0.4288506645817045,0.16161901554533276,1,CRWD
2024-06-21,95.15750122070312,95.25,92.6750030517578,95.15750122070312,209024000,95.16612548828125,82.5834750366211,93.25534463352794,89.14396762352685,79.05240341773506,4.1113770100010925,3.5323621138172827,0.5790148961838097,-0.003951456816199128,0.026114764050955103,7.935704514363884,0.15225838072939113,1,CRWD
2024-06-24,94.48249816894533,95.44000244140624,93.5,93.7750015258789,21603600,95.8863754272461,82.88412506103515,93.44413748513061,89.53941433059488,80.64800671300137,3.9047231545357306,3.6068343219609726,0.29788883257475796,-0.007093534856408512,0.02621889010863141,-0.8966453612982241,0.1399347957086985,1,CRWD
2024-06-25,96.69000244140624,96.95249938964844,94.8862533569336,94.9375,12585200,96.19112548828124,83.27267517089844,93.94350132455763,90.06908752398832,84.20121643433488,3.8744138005693145,3.660350217682641,0.2140635828866735,0.023364160720154237,0.014875939145233068,-0.4174489436945694,0.1611252099559879,0,CRWD
2024-06-26,95.09249877929688,96.87750244140624,94.9375,96.39749908447266,11808400,96.08462524414062,83.67702514648437,94.12027016374829,90.44119206141859,71.58358129359718,3.6790781023296972,3.6640957946120527,0.014982307717644527,-0.01652191148797877,0.013507227297153918,-0.06172329402790577,0.13642303383549614,1,CRWD
2024-06-27,96.82250213623048,97.88500213623048,94.98500061035156,95.25,14665200,96.08262557983399,84.11772521972657,94.53599815951478,90.91388169658984,74.97331748721572,3.622116462924936,3.6556999282746294,-0.033583465349693586,0.018192847797057432,0.014654597256502436,0.2419294739338098,0.15103566915673672,1,CRWD
2024-06-28,95.79750061035156,98.32250213623048,95.44550323486328,97.3324966430664,33922000,96.0921257019043,84.56522521972656,94.7300754596435,91.27563124575738,69.10395342247094,3.45444421388612,3.6154487853969277,-0.16100457151080771,-0.010586397823480476,0.014552564448066442,1.3130949458582224,0.13282380980409014,1,CRWD
2024-07-01,98.0374984741211,98.18499755859376,94.4800033569336,96.31999969482422,11520800,96.26000061035157,85.05547515869141,95.23890976956314,91.77651029971025,62.094098075268576,3.4623994698528833,3.584838922288119,-0.12243945243523591,0.023382633675178344,0.016234362609979985,-0.6603737987146985,0.15263007221120817,0,CRWD
2024-07-02,96.2624969482422,96.79125213623048,95.36750030517578,95.56749725341795,12970800,96.12550048828125,85.56752502441407,95.39638472012915,92.1088056070089,50.301192426111385,3.2875791131202448,3.5253869604545445,-0.23780784733429972,-0.018105332689077547,0.016832800951375796,0.12585931532532468,0.12498867906693167,0,CRWD
2024-07-03,96.79499816894533,97.5199966430664,95.5957489013672,96.0625,5827200,96.06725006103515,86.05767501831055,95.61155601994702,92.45593098196716,49.86253630887252,3.15562503797986,3.451434575959608,-0.29580953797974807,0.005531761979843841,0.01696004154346303,-0.5507447497455824,0.12476891977793025,0,CRWD
2024-07-05,97.41999816894533,97.86624908447266,96.32749938964844,96.96749877929688,7636000,96.25574951171875,86.50782501220704,95.88977788902368,92.82363966248407,55.123035133649196,3.066138226539607,3.374375306075608,-0.308237079536001,0.006456945212283793,0.015747877421819895,0.31040637012630423,0.12614087980131838,0,CRWD
2024-07-08,97.67749786376952,99.27999877929688,94.94750213623048,97.59200286865234,11906000,96.50774917602538,86.97327499389648,96.16481173129226,93.18318471443114,54.02947831320973,2.9816270168611254,3.2958256482327117,-0.3141986313715863,0.0026431913330324797,0.015605278309929724,0.5591932949188057,0.12307485110367788,0,CRWD
2024-07-09,96.47000122070312,99.58174896240234,95.8000030517578,98.12750244140624,11870400,96.70649948120118,87.41257507324218,96.21176396043239,93.42665260378462,46.51555745845605,2.785111356647775,3.1936827899157247,-0.40857143326794976,-0.012362075907702774,0.01605607540164047,-0.002990089030740828,0.10361696975374324,0,CRWD
2024-07-10,93.6125030517578,96.25499725341795,91.39749908447266,96.25,23306800,96.39874954223633,87.76447509765624,95.81187766679014,93.44041930363449,40.065971070320785,2.3714583631556536,3.029237904563711,-0.6577795414080572,-0.02962058808735757,0.017009877904277496,0.9634384687963338,0.06663320150430341,0,CRWD
2024-07-11,92.60749816894533,94.94499969482422,91.875,93.92250061035156,12502000,96.15024948120117,88.09642501831054,95.31889620558324,93.37872144180565,41.9185575330533,1.9401747637775912,2.811425276406487,-0.8712505126288956,-0.010735797570296857,0.016595918128983266,-0.46359002522868864,0.05120608639564184,0,CRWD
2024-07-12,92.83000183105467,93.62249755859376,91.93875122070312,92.0500030517578,10438800,95.7509994506836,88.49032501220704,94.9359893787327,93.33807554471298,43.51942960274076,1.597913834019721,2.568722987929134,-0.9708091539094128,0.0024026527711982215,0.015088954852185112,-0.1650295952647577,0.0490412575414203,0,CRWD
2024-07-15,94.34249877929688,95.89250183105467,91.05249786376952,92.9175033569336,14089600,95.60549926757812,88.89997497558593,94.84468313266564,93.41247726579327,49.62756241120353,1.4322058668723656,2.34141956371778,-0.9092136968454145,0.01629319097714621,0.016161026802009204,0.34973368586427567,0.061220757432221884,0,CRWD
2024-07-16,92.2624969482422,94.83374786376952,92.125,94.55999755859376,10425200,95.02799911499024,89.22752487182618,94.44742371967742,93.32729353856726,38.14114667882958,1.1201301811101558,2.0971616871962553,-0.9770315060860995,-0.022047347250369054,0.014739682897514891,-0.260078355666591,0.03401385481414754,0,CRWD
2024-07-17,88.73500061035156,90.89924621582033,87.68000030517578,90.0,13994800,94.27524948120117,89.45117492675782,93.56858939516574,92.98712369203275,34.56730904570631,0.5814657031329915,1.7940224903836026,-1.2125567872506111,-0.03823326329298793,0.01766695967352337,0.34240110501477194,-0.008006315366932304,0,CRWD
2024-07-18,85.76249694824219,88.05000305175781,84.08499908447266,87.93499755859375,18211200,93.17199935913087,89.57737487792969,92.36765209563904,92.45196615545568,24.679479901753993,-0.08431405981663431,1.4183551803435552,-1.5026692401601895,-0.033498660524746926,0.01863805701074148,0.30128333380970074,-0.04258751648936099,0,CRWD
2024-07-19,76.23999786376953,79.1875,72.5250015258789,73.62750244140625,168582800,91.05399932861329,89.53942489624023,89.88647452150526,91.25107961533078,17.766787370576836,-1.3646050938255172,0.8617631255097409,-2.2263682193352583,-0.11103337033458227,0.035345049969627014,8.257094535231067,-0.14853152170546435,0,CRWD
2024-07-22,65.97750091552734,71.25250244140625,65.39749908447266,71.25250244140625,198270000,87.88399963378906,89.29017486572266,86.20817088981634,89.3789626746046,8.211682679245925,-3.17079178478825,0.05525214345014273,-3.2260439282383926,-0.13460778116205974,0.048291269233279296,0.17609862927890618,-0.26108890463316536,0,CRWD
2024-07-23,67.22000122070312,69.25,64.69249725341797,67.25499725341797,134332400,84.95899963378906,89.04487487792969,83.28691401764507,87.73755812246374,11.61192757102171,-4.4506441048186645,-0.8459271062036188,-3.6047169986150456,0.018832182000445563,0.05101502811927093,-0.32247742976748883,-0.24509971727340807,0,CRWD
2024-07-24,64.53500366210938,68.86000061035156,64.33999633789062,67.5,58945200,82.05124969482422,88.73177490234374,80.40200473217804,86.01885038465971,9.654829972111969,-5.616845652481672,-1.8001108154592296,-3.8167348370224423,-0.03994343216058727,0.051015949691243054,-0.5611989363697812,-0.2726956748793181,0,CRWD
2024-07-25,63.53749847412109,65.69750213623047,62.55500030517578,64.59750366210938,42045600,79.1442497253418,88.40662490844727,77.80746530786159,84.35356505795315,8.016852826850993,-6.546099750091557,-2.749308602385695,-3.7967911477058616,-0.015456808419985535,0.05078513780184168,-0.28670018932839314,-0.28130387807565693,0,CRWD
2024-07-26,64.04000091552734,65.13500213623047,62.81499862670898,64.98750305175781,38337600,76.26524963378907,88.03967498779296,75.68939386288709,82.84885660295865,8.571963896838227,-7.159462740071561,-3.6313394299228685,-3.5281233101486924,0.00790875394017787,0.05127201295183133,-0.08818996518066102,-0.27260066641083425,0,CRWD
2024-07-29,64.70249938964844,66.375,64.36250305175781,64.87750244140625,47168800,73.30124969482422,87.618125,73.99910240546576,81.5046819945653,10.342678391896612,-7.50557958909954,-4.406187461758202,-3.0993921273413374,0.010345072839629932,0.05063913142440419,0.2303534910896874,-0.2615397854080028,0,CRWD
2024-07-30,58.41249847412109,62.08250045776367,56.55500030517578,61.88750076293945,103299600,69.9162498474121,87.09107498168946,71.60116333910504,79.7941498819398,9.526275833307437,-8.19298654283476,-5.163547277973514,-3.029439264861246,-0.09721418762585965,0.05385210747578215,1.189998473567273,-0.32929409257605247,0,CRWD
2024-07-31,57.9900016784668,59.227500915527344,57.0525016784668,58.66749954223633,47921600,66.84174995422363,86.52122505187988,69.50713846823763,78.17902779279366,9.655618708283612,-8.671889324556034,-5.865215687290018,-2.806673637266016,-0.007232986204852576,0.055054407961042696,-0.5360911368485454,-0.32975981738937676,0,CRWD
2024-08-01,56.05500030517578,58.04999923706055,55.415000915527344,58.0,39656800,63.87100028991699,85.8985750579834,67.4375787508435,76.540210941859,8.78627895694386,-9.102632191015502,-6.512698988035115,-2.5899332029803865,-0.03336784475399546,0.05505619010739729,-0.17246502620947546,-0.3474280537559855,1,CRWD
2024-08-02,54.47249984741211,55.368751525878906,52.78499984741211,54.28749847412109,35912400,61.69425048828125,85.24142501831055,65.44295122723867,74.90556567560368,5.387716564202989,-9.462614448365017,-7.102682080101096,-2.3599323682639204,-0.028231209511162092,0.04912243229062116,-0.09442012466966576,-0.3609621162983728,1,CRWD
2024-08-05,55.51250076293945,56.02999877929688,50.20249938964844,50.383750915527344,43768800,60.64775047302246,84.62457496643066,63.91518961734648,73.46904234873966,7.898962309707628,-9.553852731393185,-7.5929162103595145,-1.9609365210336707,0.01909221934812222,0.035598210043293124,0.21876566311357637,-0.34401442152045714,1,CRWD
2024-08-06,57.92250061035156,58.810001373291016,55.38999938964844,57.54750061035156,42453600,59.718000411987305,84.07127494812012,62.99323746242418,72.31744666441462,13.77344409431727,-9.324209201990435,-7.939174808685699,-1.3850343933047355,0.04341364222995048,0.038997533248335096,-0.030048801886275123,-0.31103101926198706,1,CRWD
2024-08-07,57.66749954223633,60.875,57.525001525878906,59.59249877929688,37396000,59.03125,83.46727493286133,62.17389316701066,71.2322653961051,14.713644264208568,-9.058372229094445,-8.163014292767448,-0.895357936326997,-0.004402452681223856,0.037983746939632954,-0.1191324175099403,-0.30910048772261456,1,CRWD
2024-08-08,60.130001068115234,60.5099983215332,57.43000030517578,58.470001220703125,26700000,58.690500259399414,82.93577491760254,61.85944822871905,70.40987544588363,25.404587909659142,-8.550427217164575,-8.240496877646875,-0.30993033951770066,0.0427017218611212,0.04143829816258386,-0.2860198951759546,-0.2749811389854988,1,CRWD
2024-08-09,60.22499847412109,61.50249862670898,59.70000076293945,60.54499816894531,23755600,58.30900001525879,82.3926749420166,61.60799442031937,69.65544011464196,37.26336465610381,-8.04744569432259,-8.201886640982018,0.15444094665942742,0.0015798670267481718,0.04127234704729852,-0.11027715355805245,-0.26904911733349957,1,CRWD
2024-08-12,59.834999084472656,60.71749877929688,58.900001525878906,60.5,14917600,57.82224998474121,82.00977485656739,61.33522590711218,68.92800003833312,33.00736080219227,-7.592774131220942,-8.080064139029803,0.4872900078088609,-0.006475706094305922,0.04090356707402714,-0.37203859300543873,-0.2703918625661117,1,CRWD
2024-08-13,62.02750015258789,62.24250030517578,60.001251220703125,60.5,20507200,58.18375015258789,81.68197479248047,61.44172963718537,68.41685189864829,44.096521015180656,-6.975122261462921,-7.859075763516427,0.8839535020535054,0.0366424517700743,0.02796006302706331,0.3746983428969808,-0.24062193268253285,1,CRWD
2024-08-14,64.05500030517578,64.73999786376953,62.31399917602539,62.5,22855600,58.79025001525879,81.41962478637696,61.843771278414664,68.09375178061329,51.16201142584611,-6.249980502198625,-7.5372567112528674,1.2872762090542427,0.03268711696586557,0.028643239961062786,0.11451587735039404,-0.2132732068805432,1,CRWD
2024-08-15,65.12249755859375,65.9124984741211,64.37999725341797,65.0625,23592400,59.69699974060059,81.1941748046875,62.348190706134524,67.87365887527851,52.37051746900209,-5.525468169143984,-7.134899002831091,1.6094308336871066,0.016665322743456557,0.024177168606913085,0.0322371760093807,-0.19794125976098853,1,CRWD
2024-08-16,65.63500213623047,65.66000366210938,64.4625015258789,65.11000061035156,13982400,60.81324996948242,80.7959748840332,62.85385400307236,67.70783245016383,52.05555523788607,-4.853978447091478,-6.6787148916831685,1.8247364445916903,0.007869854456604486,0.01910751016670008,-0.40733456536850854,-0.18764514902584362,1,CRWD
2024-08-19,66.69499969482422,67.74500274658203,65.6500015258789,66.0,21866400,61.9314998626709,80.42742492675781,63.44479949411111,67.63280780162016,73.72869649150574,-4.188008307509051,-6.180573574848345,1.9925652673392937,0.016149882289843598,0.019128188806804742,0.5638516992790936,-0.1707430673609056,0,CRWD
2024-08-20,66.63249969482422,67.52999877929688,66.09874725341797,67.33999633789062,15506000,62.802499771118164,80.01447494506836,63.935214909605435,67.55871090482046,75.28154659866536,-3.6234959952150234,-5.66915805892168,2.045662063706657,-0.0009371017360518819,0.01785636651339033,-0.2908754984816888,-0.1672444299538446,1,CRWD
2024-08-21,68.30249786376953,68.6050033569336,66.41075134277344,66.75250244140625,21033600,63.86599960327148,79.50767486572266,64.60710459486145,67.61380623511299,86.39131779178047,-3.006701640251535,-5.136666775187652,2.129965134936117,0.02506281734279625,0.016838921394005137,0.35648136205339864,-0.14093201720308268,0,CRWD
2024-08-22,66.91000366210938,69.625,66.80750274658203,68.80999755859375,17682800,64.5439998626709,78.92272491455078,64.96139675905344,67.5616727111868,87.37793823523953,-2.6002759521333587,-4.629388610576793,2.0291126584434345,-0.02038716365011295,0.017999077966661187,-0.15930701354024035,-0.15220864795846212,1,CRWD
2024-08-23,67.88500213623047,68.4000015258789,66.70249938964844,67.5250015258789,12994400,65.31000022888183,78.34357498168946,65.41118220169606,67.58562303896781,87.32843059963234,-2.174440837271746,-4.138399055915784,1.9639582186440379,0.01457178928049041,0.01771944978132094,-0.2651390051349334,-0.1334962420071254,1,CRWD
2024-08-26,66.46749877929688,67.93499755859375,66.31749725341797,67.76499938964844,14233600,65.97325019836425,77.75887496948242,65.57369244440389,67.50279901973292,77.42298250674186,-1.9291065753290297,-3.696540559798433,1.7674339844694034,-0.020880950317847424,0.019861162534717577,0.09536415686757382,-0.14521012803512146,1,CRWD
2024-08-27,67.4574966430664,67.60749816894531,65.1875,65.45249938964844,14747600,66.51624984741211,77.18084991455078,65.86350847496735,67.49944328812799,80.00307233525774,-1.6359348131606453,-3.2844194104708757,1.6484845973102304,0.014894465444785121,0.017793283830135443,0.03611173561151082,-0.1259814226229613,0,CRWD
2024-08-28,66.05000305175781,67.68000030517578,65.37000274658203,67.44999694824219,28290400,66.71575012207032,76.54970001220703,65.89219994831973,67.39207734469316,69.39714467342932,-1.499877396373435,-2.9275110076513875,1.4276336112779524,-0.020864895102111092,0.01778689272193911,0.9183053513792074,-0.13716183027203077,0,CRWD
2024-08-29,67.9175033569336,71.43250274658203,65.3324966430664,65.50250244140625,52400800,66.9952507019043,75.96050003051758,66.20378508810647,67.4309977900443,72.58186180224524,-1.2272127019378303,-2.587451346508676,1.3602386445708459,0.028274038136113067,0.019093174579447054,0.8522466985267088,-0.10588393533945495,0,CRWD
2024-08-30,69.31999969482422,71.02749633789062,68.3375015258789,69.44499969482422,26468000,67.36375045776367,75.43619995117187,66.6832027199092,67.57092385706504,76.28154500776259,-0.887721137155836,-2.2475053046381084,1.3597841674822724,0.020649998432951122,0.019768845310912636,-0.4948932077372864,-0.08107778838682922,0,CRWD
2024-09-03,66.6500015258789,69.37750244140625,66.32250213623047,68.94499969482422,22012800,67.35925064086913,74.8660499572754,66.67809484390455,67.5027073880883,62.478084388670545,-0.8246125441837506,-1.962926752547237,1.1383142083634863,-0.03851699625937344,0.02370947762791939,-0.16832401390358165,-0.10974331404001181,0,CRWD
2024-09-04,64.83000183105469,66.79949951171875,64.60250091552734,65.11000061035156,17488800,67.17900085449219,74.27300003051758,66.39377284192764,67.3047291986784,52.11575864342841,-0.9109563567507593,-1.7525326733879416,0.8415763166371824,-0.027306821502735446,0.025263815320788467,-0.20551679023113822,-0.1271390437384099,0,CRWD
2024-09-05,64.10749816894531,64.75,63.16749954223633,63.84999847412109,15712000,66.75950088500977,73.62134994506836,66.04203827685343,67.06789727055002,47.17584812865284,-1.0258589936965876,-1.607197937449671,0.5813389437530834,-0.011144588025652102,0.023409066330693666,-0.10159645029962028,-0.1292268042248843,1,CRWD
2024-09-06,61.59749984741211,64.3499984741211,61.122501373291016,63.95000076293945,17280400,66.22825050354004,72.95144996643066,65.35826313386247,66.66268264661387,39.889804952090564,-1.3044195127514087,-1.5466422525100187,0.24222273975861008,-0.03915296015636882,0.02535548000299367,0.09982179226069254,-0.1556370726591889,1,CRWD
2024-09-09,61.64500045776367,62.375,61.04249954223633,62.278751373291016,12792800,65.60425033569337,72.24789993286133,64.7869919529242,66.29100248447682,36.678966418357255,-1.5040105315526233,-1.5381159083185396,0.034105376765916295,0.0007711451027920813,0.024349192550514126,-0.25969306266058656,-0.14675719965494838,1,CRWD
2024-09-10,61.935001373291016,62.58250045776367,60.88750076293945,62.1875,8796800,65.15100059509277,71.57064994812012,64.34822417144217,65.96833573550009,37.75576092859744,-1.6201115640579218,-1.5545150394664162,-0.06559652459150556,0.004704370401068303,0.024344545433453216,-0.31236320430242015,-0.1346312850562872,1,CRWD
2024-09-11,63.38249969482422,63.64500045776367,60.5625,61.932498931884766,10664400,64.74350090026856,70.87754997253418,64.1996511750394,65.77679232507965,37.025310216033574,-1.577141150040248,-1.5590402615811827,-0.018100888459065212,0.02337124871942642,0.02531108476352516,0.21230447435431077,-0.10574646387487119,1,CRWD
2024-09-12,64.2750015258789,64.59500122070312,63.119998931884766,63.91999816894531,10582800,64.56600074768066,70.23780006408691,64.21124353670702,65.6655485621759,42.862937822472254,-1.4543050254688836,-1.538093214358723,0.0837881888898393,0.01408120278234426,0.025430826459368623,-0.007651625970518716,-0.08489443764991766,1,CRWD
2024-09-13,64.78250122070312,65.3949966430664,64.0,64.25,8535600,64.25250053405762,69.59755012512207,64.29912933424488,65.60013764799274,41.378346037335184,-1.3010083137478574,-1.49067623423655,0.18966792048869263,0.00789575546909771,0.023435545428581415,-0.19344596893071775,-0.06918417237047103,1,CRWD
2024-09-16,66.95249938964844,67.51249694824219,64.8375015258789,65.19249725341797,14794400,64.01575050354003,68.98820014953613,64.70734011199927,65.70031259181908,51.293680805781825,-0.9929724798198123,-1.3911354833532026,0.3981630035333903,0.03349667160198844,0.02524730726787268,0.733258353249918,-0.029507955787731577,1,CRWD
2024-09-17,67.18000030517578,68.0999984741211,66.83000183105469,67.55000305175781,11101600,64.06875038146973,68.37825019836426,65.08774937248796,65.80991908910477,49.22842629256415,-0.7221697166168042,-1.257342330005923,0.5351726133891188,0.0033979450745122985,0.021999309816760987,-0.2496079597685611,-0.01752384551684738,1,CRWD
2024-09-18,66.77999877929688,68.00499725341797,65.86250305175781,67.37249755859375,12714400,64.26375007629395,67.78445014953613,65.34809543507394,65.88177684393382,52.15020852182097,-0.5336814088598771,-1.112610145776714,0.5789287369168368,-0.005954175707976073,0.019879444575688267,0.1452763565612163,-0.014818315528463799,1,CRWD
2024-09-19,69.34500122070312,70.99749755859375,68.4375,69.0,24876000,64.78750038146973,67.29910011291504,65.96300401747844,66.13831198295377,54.03875460310745,-0.17530796547532645,-0.9251497097164365,0.74984174424111,0.03840974076509651,0.02198588598577021,0.9565217391304348,0.030400125772193753,1,CRWD
2024-09-20,74.9625015258789,75.11250305175781,70.97000122070312,71.03250122070312,71500400,66.1240005493164,66.94620018005371,67.3475420956939,66.79195565280007,62.889778757190626,0.5555864428938264,-0.629002479194384,1.1845889220882104,0.08100800643577832,0.02579573324187054,1.8742723910596557,0.11974243981383759,0,CRWD
2024-09-23,73.28500366210938,75.53949737548828,73.14250183105469,74.44499969482422,22077200,67.28800086975097,66.55530021667481,68.26099772129628,67.27292217200817,65.87700593336376,0.9880755492881121,-0.3055868734978848,1.293662422785997,-0.022377826641636567,0.028610010923764015,-0.691229699414269,0.10111446306343153,0,CRWD
2024-09-24,72.13500213623047,73.8499984741211,71.31999969482422,73.72250366210938,16442800,68.30800094604493,66.11115028381347,68.85699840051693,67.63307624343204,68.05932781376512,1.2239221570848855,0.0003149326186692447,1.2236072244662162,-0.015692180779319442,0.030323363970283443,-0.25521352345406123,0.09111703285386441,0,CRWD
2024-09-25,71.61750030517578,72.93250274658203,71.38500213623047,72.5,11814000,69.13150100708008,65.69825035095215,69.28169100123367,67.92821876652417,68.75624508872123,1.3534722347094998,0.2709463930368354,1.0825258416726644,-0.007174073830029992,0.03100272188695779,-0.28150923200428146,0.09009752805597881,0,CRWD
2024-09-26,70.37000274658203,73.09375,69.47000122070312,72.8125,18128400,69.74100112915039,65.33095039367676,69.44912357744111,68.10909165393586,73.38398309433055,1.3400319235052507,0.48476349913051847,0.8552684243747322,-0.01741889277450237,0.03241588597301209,0.5344845099035043,0.07713116558905897,1,CRWD
2024-09-27,71.46499633789062,71.61250305175781,70.2874984741211,70.94999694824219,11585600,70.40925064086915,65.04500038146972,69.7592578482795,68.35767718608066,74.79171325490522,1.401580662198839,0.6681269317441826,0.7334537304546563,0.015560516535034319,0.03246276918169904,-0.36091436640850816,0.09870083663263163,1,CRWD
2024-09-30,70.11750030517578,71.35250091552734,69.55000305175781,71.0,11414800,70.72575073242187,64.92255043029785,69.8143720724174,68.48803445416178,69.61055056548966,1.3263376182556215,0.7997690690464705,0.526568549209151,-0.018855329206816207,0.032532094405916964,-0.014742438889656095,0.08001764934443445,1,CRWD
2024-10-01,68.7874984741211,70.74349975585938,68.1675033569336,70.56500244140625,12490400,70.88650054931641,64.97875038146972,69.65639151883335,68.51021697415877,63.02723560252555,1.1461745446745795,0.8690501641720924,0.2771243805024871,-0.0189681866191187,0.033418158888226204,0.0942285453972036,0.05861528684826056,1,CRWD
2024-10-02,70.05999755859375,70.5374984741211,68.71549987792969,68.72125244140625,10370400,71.2145004272461,65.03555030822754,69.71848475571956,68.62501553596877,63.69230324732429,1.0934692197507871,0.9139339752878314,0.17953524446295577,0.018498987646009324,0.033596226304427164,-0.16973035291103566,0.07725693450049231,1,CRWD
2024-10-03,70.9375,71.7249984741211,69.63999938964844,69.75,13345600,71.37375030517578,65.16360023498535,69.90602556253194,68.79631068145257,64.31728350190531,1.1097148810793698,0.9530901564461391,0.15662472463323063,0.012525013873606827,0.0317056846521422,0.2868934660186686,0.08860621181447126,1,CRWD
2024-10-04,73.05999755859375,73.13999938964844,70.94999694824219,72.04000091552734,12473600,71.18349990844726,65.3540502166748,70.39125202346452,69.11213933901858,64.23825558504905,1.2791126844459342,1.0182946620460982,0.260818022399836,0.029920670429515406,0.019425546740370066,-0.06533988730368057,0.1179107846624754,1,CRWD
2024-10-07,71.74250030517578,73.25,71.44750213623047,72.75,9257200,71.02924957275391,65.50810020446778,70.59913637449702,69.30698089206727,60.122022969268464,1.2921554824297488,1.0730668261228282,0.21908865630692054,-0.01803308646925894,0.018972326940503065,-0.25785659312467935,0.09516991152619014,1,CRWD
2024-10-08,73.25250244140625,73.8125,71.69499969482422,71.97000122070312,11545200,71.14099960327148,65.67910026550292,71.00734653863691,69.59924174757387,63.685391692401794,1.4081047910630389,1.1400744191108703,0.2680303719521686,0.021047525940792067,0.019566423085717866,0.24715896815451766,0.11530916448746109,1,CRWD
2024-10-09,74.58499908447266,74.69249725341797,73.125,73.43499755859375,10137600,71.43774948120117,66.00255027770996,71.55775462261164,69.96855710586267,61.68860409730914,1.5891975167489676,1.2298990386384898,0.35929847811047777,0.018190459010356097,0.019927454715993404,-0.12192079825381974,0.13003207861895483,1,CRWD
2024-10-10,78.7300033569336,78.88249969482422,74.25,74.43000030517578,31439600,72.27374954223633,66.4173503112793,72.66117750481502,70.61755312446051,58.99487572559885,2.043624380354501,1.3926441069816922,0.650980273372809,0.05557423507864412,0.024051425080246398,2.1012863005050506,0.18538308119713287,0,CRWD
2024-10-11,80.05249786376953,80.64749908447266,78.25,78.7300033569336,18427200,73.13249969482422,66.89730026245117,73.79830371388493,71.31643791996488,66.43594102228582,2.4818657939200506,1.610488444369364,0.8713773495506867,0.016797846442863973,0.024077540677116756,-0.41388567284571054,0.19664766066355366,0,CRWD
2024-10-14,77.62999725341797,80.98500061035156,77.4000015258789,80.39250183105469,17896800,73.88374938964844,67.36045021057129,74.38779502765925,71.78410898170215,62.5686157351307,2.6036860459571045,1.8091279646869123,0.7945580812701922,-0.030261399394108657,0.025886470344095743,-0.02878353737952588,0.15245662715649466,0,CRWD
2024-10-15,75.57749938964844,77.62999725341797,75.17250061035156,77.38749694824219,15061600,74.56274948120117,67.76175018310546,74.57082646796528,72.06510086377224,58.46335164672109,2.5057256041930316,1.9484474925881363,0.5572781116048953,-0.026439494221148663,0.026919614310723344,-0.15841938223593044,0.1153416076979017,1,CRWD
2024-10-16,76.55999755859375,76.8012466430664,74.81749725341797,75.9625015258789,11556800,75.21274948120117,68.1345001220703,74.87685278960042,72.39805617449977,63.38088981964862,2.4787966151006486,2.054517317090639,0.42427929801000985,0.012999876641590413,0.026777553576861096,-0.23269772135762468,0.12365978206970407,0,CRWD
2024-10-17,77.58499908447266,78.43499755859375,76.55999755859375,77.5,12313600,75.87749938964843,68.53285011291504,75.29349068111922,72.78227416783109,63.26974288664521,2.511216513288133,2.1458571563301376,0.3653593569579954,0.013388212624934281,0.02679073585208002,0.06548525543403017,0.13208481708616016,0,CRWD
2024-10-18,77.5374984741211,78.47000122070312,76.70249938964844,77.58499908447266,11588400,76.32524948120117,68.88100006103515,75.63872264927336,73.13451300533406,67.04963244961829,2.504209643939305,2.2175276538519713,0.28668199008733364,-0.0006122396199276237,0.02590717427652258,-0.058894230769230727,0.12567323943344988,0,CRWD
2024-10-21,77.38749694824219,79.24949645996094,77.02749633789062,77.41500091552734,13174000,76.8897491455078,69.22425003051758,75.90776484911473,73.44954885295688,70.89407409412036,2.458215996157847,2.2656653223131467,0.19255067384470026,-0.001934567516760577,0.02470166109492453,0.13682648165406786,0.11792467111056926,0,CRWD
2024-10-22,77.12750244140625,77.88999938964844,76.06500244140625,77.25,9036800,77.27724914550781,69.57010009765625,76.09541678639035,73.72198985950868,68.0593040257335,2.3734269268816632,2.28721764322685,0.08620928365481317,-0.0033596448662737144,0.024460129861463054,-0.31404281159860326,0.10863003406839433,1,CRWD
2024-10-23,74.82499694824219,77.0165023803711,74.58000183105469,76.78500366210938,12411600,77.30124893188477,69.82605003356933,75.8999675805214,73.80369408830376,59.25925522109897,2.096273492217648,2.2490288130250096,-0.15275532080736154,-0.029853235490326924,0.026323532387761753,0.3734507790368271,0.07159143202672325,1,CRWD
2024-10-24,76.11750030517578,76.47675323486328,75.25,75.52749633789062,7923600,77.03999862670898,70.06730003356934,75.93343415354515,73.97508714140538,57.58215245622061,1.9583470121397681,2.1908924528479616,-0.2325454407081935,0.017273684058118244,0.019286731486891563,-0.3615972155080731,0.08634841457723907,0,CRWD
2024-10-25,75.15499877929688,77.8375015258789,73.78250122070312,76.30500030517578,24183200,76.55024871826171,70.2679500579834,75.81367486519926,74.06248800347142,58.61415625629524,1.7511868617278452,2.1029513346239384,-0.35176447289609314,-0.012644943961900634,0.018105866929821798,2.0520470493210157,0.06954875896167168,1,CRWD
2024-10-28,75.33000183105469,76.25,73.82749938964844,75.28624725341797,13859200,76.32024917602538,70.46185005187988,75.73926362917702,74.15637791662573,55.62322094408292,1.5828857125512883,1.9989382102094084,-0.41605249765812014,0.002328561700489562,0.016105040622918152,-0.4269079360878626,0.06908918479418968,0,CRWD
2024-10-29,77.73500061035156,78.2874984741211,75.0999984741211,75.80999755859375,13819200,76.5359992980957,70.68265007019043,76.04630008781926,74.42146107912394,58.058328450704444,1.624839008695318,1.9241183699065905,-0.2992793612112725,0.031926174443625444,0.017161791509153337,-0.002886169475871614,0.09977484620565136,0,CRWD
2024-10-30,76.86250305175781,78.86900329589844,76.78375244140625,77.875,8335200,76.56624984741211,70.8872501373291,76.17186977457904,74.60227900302274,44.2617901052526,1.5695907715562925,1.853212850236531,-0.2836220786802386,-0.011223998864644869,0.01729490594682861,-0.39683918027092746,0.08429235021605308,1,CRWD
2024-10-31,74.21749877929688,76.85124969482422,73.66999816894531,76.52999877929688,13902800,76.22949981689453,71.00555015563965,75.8711973137664,74.57377676422823,33.41859576717329,1.2974205495381739,1.7420543900968597,-0.4446338405586858,-0.034412153747840346,0.019773838559994053,0.6679623764276803,0.0452351769209145,1,CRWD
2024-11-01,75.78250122070312,76.09500122070312,73.92749786376953,74.19750213623047,11903600,76.05400009155274,71.18300010681152,75.85755176098743,74.6633119091523,44.480971310759905,1.1942398518351354,1.632491482444515,-0.43825163060937955,0.02108670417552272,0.021345639005156024,-0.14379837155105446,0.06461516242628096,1,CRWD
2024-11-04,74.72000122070312,75.73249816894531,73.7699966430664,75.12999725341797,9287600,75.78725051879883,71.31970008850098,75.68254398555908,74.66751111741533,47.27735364025623,1.0150328681437486,1.5089997595843618,-0.49396689144061323,-0.01402038706674058,0.021675996175016657,-0.2197654491078329,0.04767688489972177,1,CRWD
2024-11-05,76.8949966430664,77.22250366210938,74.65425109863281,75.0,9040000,75.76399993896484,71.52825004577636,75.86907516363712,74.83251004524135,50.98878065323612,1.036565118395771,1.4145128313466437,-0.3779477129508728,0.029108610637450516,0.02397424709339315,-0.026659201515999875,0.07502974830022335,1,CRWD
2024-11-06,80.0,81.16600036621094,79.1875,79.2925033569336,16910800,76.28150024414063,71.77910011291505,76.5046020615391,75.21528707892718,56.34857887573602,1.289314982611927,1.3894732615997003,-0.1001582789877733,0.04037978402348452,0.024551483688962508,0.8706637168141593,0.11453055101210152,1,CRWD
2024-11-07,82.69499969482422,83.30500030517578,80.11274719238281,80.625,14300800,76.93925018310547,72.11200004577637,77.45697092819836,75.76933986528992,61.90146211061675,1.6876310629084372,1.449104821861448,0.23852624104698927,0.033687496185302646,0.02583142052785679,-0.15433923882962364,0.14675781620714745,1,CRWD
2024-11-08,82.50749969482422,83.2874984741211,80.80999755859375,82.63749694824219,11382800,77.6745002746582,72.40379997253417,78.2339753538331,76.26846281562581,61.79451857856059,1.9655125382072924,1.552386365130617,0.41312617307667554,-0.002267368047547569,0.025079640303372182,-0.20404452897739989,0.13954653935460293,1,CRWD
2024-11-11,85.6050033569336,85.69750213623047,82.97000122070312,83.5,13381600,78.70200042724609,72.72950004577636,79.36797966200241,76.96005841127824,67.27104917034964,2.407921250724172,1.723493342249328,0.6844279084748441,0.03754208615660781,0.02637465754793833,0.17559827107565806,0.1770327487890515,1,CRWD
2024-11-12,85.875,85.97250366210938,84.1312484741211,84.95249938964844,12734800,79.51600036621093,73.1140000152588,80.36905971400205,77.62042445488726,74.54464295398097,2.748635259114792,1.928521725622421,0.820113533492371,0.003153982039351577,0.025662253089089506,-0.04833502720153049,0.17453565640066193,1,CRWD
2024-11-13,86.97000122070312,89.86250305175781,86.02249908447266,86.4000015258789,18982800,80.52675018310546,73.55680000305176,81.38458917657144,78.31298569679954,74.31932146710001,3.0716034797718947,2.157138076452316,0.9144654033195789,0.012751105917940375,0.024522187860817547,0.49062411659390026,0.18235161422322443,1,CRWD
2024-11-14,86.08999633789062,87.77249908447266,85.88249969482422,86.97250366210938,10328400,81.71399993896485,73.99644996643066,82.10849797062055,78.88906055910259,74.59512405396241,3.2194374115179585,2.3695979434654446,0.8498394680525139,-0.010118487644714569,0.02014972151793033,-0.4559074530627726,0.1634341428128827,1,CRWD
2024-11-15,84.1875,85.75250244140625,83.1875,85.0999984741211,13842000,82.55449981689453,74.44824996948242,82.42834443667893,79.28153755472462,68.48585325961305,3.146806881954305,2.5250397311632167,0.6217671507910882,-0.022098924600061576,0.023137613921871112,0.3401882188915999,0.1308190593400096,1,CRWD
2024-11-18,85.74250030517578,86.82499694824219,84.1875,84.99250030517578,9537600,83.6567497253418,74.93019996643066,82.93821457029384,79.76012738809138,67.32662054638436,3.178087182202461,2.6556492213710654,0.5224379608313954,0.018470679200306206,0.021485388432240952,-0.3109666233203294,0.14429829819737727,1,CRWD
2024-11-19,88.32250213623047,88.58499908447266,84.63224792480469,85.38500213623047,12678000,84.7995002746582,75.45794998168945,83.76656650351487,80.394377369435,73.09086124038564,3.3721891340798607,2.7989572039128245,0.5732319301670361,0.03009011659179417,0.02156386665382512,0.3292652239557121,0.17048637231282737,1,CRWD
2024-11-20,87.5374984741211,89.32749938964844,86.11650085449219,89.32749938964844,9999600,85.55325012207031,75.9410499572754,84.34670988360814,80.92349745126361,79.01327424363333,3.4232124323445277,2.9238082495991655,0.49940418274536214,-0.00888792372411018,0.020509911454002525,-0.2112636062470421,0.1527032945076463,0,CRWD
2024-11-21,89.38749694824219,90.5999984741211,87.875,88.625,18215600,86.22249984741211,76.44329986572265,85.12221558585954,81.55046037696573,79.27063793410227,3.571755208893805,3.0533976414580937,0.5183575674357113,0.021133782737326134,0.019188355010388385,0.8216328653146125,0.1693306948451574,0,CRWD
2024-11-22,93.06500244140624,93.13999938964844,89.48750305175781,89.91999816894531,13770000,87.27825012207032,77.00894989013672,86.34418279440519,82.40338941877614,85.47668424972586,3.940793375629042,3.2308767882922833,0.7099165873367586,0.041141162004943777,0.02139633792199195,-0.24405454665231996,0.20849592903390524,0,CRWD
2024-11-25,90.91999816894533,94.3550033569336,90.19499969482422,93.75,20091200,87.80974960327148,77.48829986572265,87.04815439048829,83.03424932619609,77.15390271665329,4.013905064292203,3.3874824434922672,0.6264226207999357,-0.023048452331061897,0.02202929927531201,0.4590559186637617,0.1733384049785336,0,CRWD
2024-11-26,91.0749969482422,91.8375015258789,89.8125,90.75,27805200,88.3297492980957,77.96619979858399,87.66766863014274,83.62986026116246,74.20762745499584,4.037808368980279,3.51754762858987,0.5202607403904094,0.0017047820327587004,0.022056742803434677,0.38394919168591235,0.16813436057577724,0,CRWD
2024-11-27,86.89749908447266,89.80500030517578,85.12999725341797,89.80500030517578,43230800,88.32249908447265,78.3685498046875,87.54918100773196,83.87190758140767,58.62670034467336,3.677273426324291,3.549492788136754,0.12778063818753704,-0.04586876754048763,0.02727025607187564,0.5547739271790888,0.10883127608002519,1,CRWD
2024-11-29,86.49250030517578,87.54000091552734,86.18000030517578,87.375,9702000,88.36274948120118,78.71149978637695,87.38661474580024,84.06602556094604,58.10783037823152,3.3205891848541995,3.5037120674802433,-0.18312288262604381,-0.004660649426782459,0.027093689970762898,-0.775576672187422,0.09885468501955197,1,CRWD
2024-12-02,86.69999694824219,88.58499908447266,84.13999938964844,86.2249984741211,21861200,88.61399917602539,78.94624969482422,87.28098123848362,84.26113455259761,52.52477133811139,3.0198466858860087,3.4069389911613968,-0.38709230527538807,0.0023990131206090837,0.025873435694511712,1.2532673675530819,0.09821552364287056,1,CRWD
2024-12-03,87.48750305175781,87.98750305175781,85.8499984741211,86.25,14327600,88.78849945068359,79.23029968261719,87.31275382514119,84.50012481179466,53.6313522979058,2.8126290133465233,3.288076995598422,-0.4754479822518989,0.009083115700520228,0.025426159542822756,-0.34461054287962234,0.10421774753115343,0,CRWD
2024-12-04,91.04000091552734,91.61000061035156,87.125,88.2750015258789,20255600,89.06024932861328,79.60839965820313,87.88617645443136,84.98456007873783,58.25222593516504,2.9016163756935356,3.210784871617445,-0.3091684959239096,0.040605774994719734,0.026878758582313,0.4137468941064799,0.14359792818855222,0,CRWD
2024-12-05,91.20999908447266,91.5625,89.6500015258789,90.3000030517578,12764800,89.42749938964843,80.00024963378907,88.39753378213003,85.44570370879227,60.68893897281931,2.95183007333776,3.1589939119615082,-0.2071638386237482,0.001867290940638755,0.026547345743414684,-0.3698137798929678,0.14012143089549833,1,CRWD
2024-12-06,91.4124984741211,92.81749725341795,90.24749755859376,91.0,12952400,89.62999954223633,80.42109954833984,88.8613745039748,85.88768850622404,66.23594606002774,2.9736859977507635,3.1219323291193595,-0.148246331368596,0.0022201446297669403,0.025891149151822127,0.014696665831035238,0.13667307444826093,1,CRWD
2024-12-09,88.4000015258789,91.64749908447266,87.94249725341797,91.4124984741211,11410400,89.16349945068359,80.75979965209962,88.79039404580621,86.07378576693921,55.6047679885692,2.7166082788669996,3.040867519068888,-0.32425924020188823,-0.03295497878875964,0.024162937198391257,-0.11905129551280069,0.09460402213343855,1,CRWD
2024-12-10,86.6937484741211,89.31500244140625,86.1500015258789,88.4000015258789,9677200,88.74087448120117,81.09132461547851,88.46783318862389,86.11970893043417,46.43345208238524,2.3481242581897135,2.9023188668930535,-0.55419460870334,-0.019301504777217815,0.023877001067337124,-0.15189651545958072,0.06908783257898832,1,CRWD
2024-12-11,90.74250030517578,91.2249984741211,87.04750061035156,87.04750061035156,14115600,88.70762481689454,81.53042465209961,88.8177819757857,86.46213792115577,56.140437554010184,2.355644054629934,2.79298390444043,-0.4373398498104959,0.04670177379933316,0.02888829459556677,0.45864506262141935,0.11298942318018379,0,CRWD
2024-12-12,91.375,91.45999908447266,89.38749694824219,90.11750030517578,8759200,89.15537490844727,81.95672470092774,89.21120013335714,86.82605363069979,53.99417737480191,2.3851465026573493,2.711416424083814,-0.3262699214264648,0.006970269638780779,0.023979812347906845,-0.3794666893366204,0.11491766335759457,0,CRWD
2024-12-13,92.00499725341795,92.57250213623048,90.37999725341795,91.5,12476000,89.70662460327148,82.3780746459961,89.64101507490496,87.20967908423447,47.57241417388487,2.4313359906704903,2.6554003374011494,-0.22406434673065911,0.0068946347843277245,0.023723920564469925,0.4243309891314275,0.11686268037692926,0,CRWD
2024-12-16,97.0500030517578,97.25,91.22250366210938,92.19000244140624,20727200,90.74162521362305,82.85787475585937,90.78085937903616,87.93859197071768,62.39261161759519,2.8422674083184774,2.6927737515846153,0.14949365673386206,0.05483404107326817,0.02811728034770211,0.6613658223789676,0.17128279403394697,0,CRWD
2024-12-17,94.1050033569336,97.0,93.30999755859376,96.6875,15560000,91.40337524414062,83.30512481689453,91.29226614486653,88.39536318451145,55.504598981712434,2.896902960355078,2.7335995933387083,0.16330336701636972,-0.03034517879668286,0.031127152495433463,-0.2492956115635493,0.12964242672677462,0,CRWD
2024-12-18,87.29499816894531,94.79550170898438,86.36650085449219,94.1050033569336,19297600,91.02887496948242,83.58597473144532,90.67730184087866,88.31385466483988,50.65909301939011,2.3634471760387754,2.659569109878722,-0.29612193383994656,-0.07236602672610737,0.03768691915830691,0.24020565552699225,0.04437375348456207,1,CRWD
2024-12-19,87.75749969482422,91.25,87.4375,91.23249816894533,17503600,90.68362503051758,83.84942474365235,90.22810151071643,88.27264318557947,52.09350269973793,1.9554583251369593,2.5187469529303694,-0.5632886277934102,0.005298144631194157,0.037757245639243715,-0.09296492828123704,0.04660825000433566,1,CRWD
2024-12-20,90.57250213623048,91.36000061035156,86.26249694824219,86.75,20884400,90.59962539672851,84.08627471923828,90.28108622233398,88.44300310784992,55.89960911575081,1.8380831144840641,2.3826141852411085,-0.5445310707570443,0.032077058384700985,0.039379529968729274,0.19314883795333526,0.07713776640301329,0,CRWD
2024-12-23,90.375,91.43250274658205,88.55750274658203,89.62249755859375,11009200,90.79712524414063,84.29272476196289,90.29553449582107,88.58611398874993,54.47951592301203,1.709420507071144,2.247975449607116,-0.5385549425359719,-0.0021805971080871567,0.03770386746813314,-0.4728505487349409,0.07215658593565522,0,CRWD
2024-12-24,91.44750213623048,91.5,89.81500244140625,90.26750183105467,5158800,91.27250061035156,84.56907485961914,90.47276028665328,88.79806866634108,50.68487564990871,1.6746916203122026,2.1333186837481333,-0.4586270634359306,0.011867243554417595,0.036949202409121765,-0.5314100933764487,0.08133501859904735,0,CRWD
2024-12-26,91.2699966430664,91.66000366210938,90.48500061035156,91.4375,4926000,91.32525024414062,84.8829248046875,90.59541203379376,88.98117444239482,50.10081074193322,1.6142375913989468,2.029502465278296,-0.41526487387934896,-0.001941064425134864,0.03408255776001892,-0.045126773668294984,0.07524566163424873,0,CRWD
2024-12-27,88.74749755859375,90.4800033569336,87.4625015258789,90.2874984741211,13381600,91.0625,85.1266748046875,90.31111749914761,88.96386504359474,45.84599943155669,1.3472524555528764,1.893052463333212,-0.5458000077803355,-0.027637769006801927,0.03516147754243562,1.716524563540398,0.042534525895834285,1,CRWD
2024-12-30,87.32749938964844,88.21875,86.08499908447266,86.90249633789062,9861600,90.59475021362304,85.32152481079102,89.85209932845544,88.84265277293204,48.24093601849773,1.0094465555233967,1.716331281771249,-0.7068847262478524,-0.01600043052490341,0.03523795354987003,-0.2630477670831589,0.02351076804248242,1,CRWD
2024-12-31,85.54000091552734,87.96499633789062,84.93000030517578,87.96499633789062,8948800,89.44375,85.48157485961914,89.18869957262034,88.59801189460578,48.11271116932934,0.5906876780145609,1.4912025610199116,-0.9005148830053507,-0.020468907121059532,0.028522586208378647,-0.09256104486087446,0.0006834929749965912,1,CRWD
2025-01-02,86.83499908447266,87.625,85.25924682617188,86.62999725341797,10852000,88.71674957275391,85.67052490234374,88.82659180521301,88.46741835311444,42.97528255832901,0.3591734520985739,1.264796739235644,-0.9056232871370702,0.015139094635083783,0.028925933065527657,0.21267655998569635,0.013592471663460781,1,CRWD
2025-01-03,89.75499725341797,89.92250061035156,87.0,87.30750274658203,10645600,88.96274948120117,85.92307479858398,88.96942341262917,88.56279456795174,47.30896676500386,0.406628844677428,1.0931631603240008,-0.6865343156465729,0.03362697299167072,0.020860597090285475,-0.019019535569480328,0.04459712904614466,0,CRWD
2025-01-06,91.58999633789062,92.09750366210938,89.00749969482422,90.625,11596800,89.34599914550782,86.25837478637695,89.37258847805401,88.78703173609536,49.337165454079766,0.5855567419586549,0.9916418766509317,-0.4060851346922768,0.020444533904799167,0.02158506889497443,0.08935146915157444,0.06180990036872003,0,CRWD
2025-01-07,89.98249816894531,92.59249877929688,88.53125,91.51499938964844,10587200,89.2869987487793,86.53567474365235,89.46642073819113,88.87558480519534,37.319452999876845,0.5908359329957875,0.9114806879199029,-0.32064475492411537,-0.017551023400142807,0.020198906663636607,-0.08705849889624728,0.039831242265153666,1,CRWD
2025-01-08,89.68000030517578,91.26625061035156,87.82749938964844,89.04850006103516,10199200,89.21749877929688,86.82617477416993,89.49927913311186,88.93517113852722,41.22893561730182,0.5641079945846315,0.8420061492528487,-0.2778981546682172,-0.0033617411154953647,0.020213467809396445,-0.036648027807163364,0.03286826280702204,1,CRWD
2025-01-10,87.20999908447266,88.72750091552734,85.99749755859375,88.72750091552734,11326800,88.79374847412109,87.06377471923828,89.14708220255199,88.80738061600465,49.79650688106658,0.33970158654733495,0.741545236711746,-0.40184365016441104,-0.027542386399396213,0.021326374202537943,0.11055769079927846,0.0016795086786198787,1,CRWD
2025-01-13,85.36499786376953,86.2925033569336,83.88749694824219,85.71624755859375,13351600,88.2032485961914,87.21637466430664,88.56522307350853,88.55238930102426,44.62781714534755,0.012833772484270867,0.595802943866251,-0.5829691713819801,-0.021155844972731153,0.021924495329513558,0.17876187449235448,-0.021227399185795193,1,CRWD
2025-01-14,87.01000213623047,87.99299621582031,85.8125,86.24874877929688,10141200,88.02949905395508,87.4193246459961,88.32595831392729,88.43813839992843,41.55705798881274,-0.11218008600114615,0.45420633789277154,-0.5663864238939177,0.019270243233487028,0.02190584657077132,-0.24045058270169872,-0.0046822886292382515,1,CRWD
2025-01-15,90.50499725341795,91.3177490234375,88.23999786376953,88.75,11528400,88.34724884033203,87.74507461547852,88.66119507384893,88.59123905574246,50.26644244990068,0.0699560181064669,0.37735627393551063,-0.30740025582904373,0.04016773970095322,0.02485166760131958,0.1367885457342326,0.0314538753318534,1,CRWD
2025-01-16,90.84500122070312,92.25450134277344,90.16500091552734,91.56500244140624,9779600,88.87774887084962,88.04632461547851,88.99716525028803,88.75818440129511,48.72688652006403,0.2389808489929237,0.3496811889469933,-0.11070033995406958,0.0037567424739337607,0.023352437217769497,-0.15169494465840883,0.0317864103634895,1,CRWD
2025-01-17,89.25,92.7375030517578,87.38749694824219,92.53500366210938,19662000,89.11924896240234,88.33692459106446,89.03606290408987,88.79461518638436,45.972892523769616,0.24144771770551188,0.328034494698697,-0.08658677699318512,-0.01755739115274102,0.024246011094799753,1.0105116773692178,0.010336282513370376,1,CRWD
2025-01-21,91.60250091552734,92.5,89.57499694824219,90.21749877929688,10744000,89.30399932861329,88.63107467651368,89.4308995212341,89.00260672187645,55.73063791978139,0.4282927993576493,0.3480861556304875,0.0802066437271618,0.026358553675376317,0.023317354732286133,-0.4535652527718441,0.03352578370350123,1,CRWD
2025-01-22,94.49500274658205,95.37249755859376,90.75,92.19000244140624,14435600,89.59449996948243,88.92097473144531,90.20999232513378,89.40945087185463,63.5838215480767,0.8005414532791519,0.4385772151602204,0.3619642381189315,0.03157666878246124,0.024515704349466576,0.3435964259121369,0.06268518796573175,1,CRWD
2025-01-23,94.4250030517578,94.4875030517578,92.95999908447266,94.20249938964844,9516000,90.03875045776367,89.15557479858398,90.85845551384517,89.78097325555117,68.01135578032164,1.0774822582939976,0.5663582237869759,0.5111240345070217,-0.0007407766843711139,0.023473979170152464,-0.3407963645432126,0.05910374382172123,1,CRWD
2025-01-24,93.7300033569336,96.0749969482422,93.4175033569336,94.5749969482422,9126800,90.44375076293946,89.38002487182617,91.30023210508955,90.07349400380173,64.32579175765505,1.2267381012878218,0.6984341992871451,0.5283039020006767,-0.007360335423481579,0.023666964348901635,-0.04089953762084908,0.048668351696538936,1,CRWD
2025-01-27,93.4375,95.6125030517578,89.91500091552734,91.625,15134000,91.06650085449219,89.5366748046875,91.62904255046038,90.32267963314975,58.5889246321076,1.3063629173106364,0.8200199428918433,0.48634297441879304,-0.003120701445189389,0.021092875409032968,0.6581934522505151,0.04356678650197421,1,CRWD
2025-01-28,102.16999816894533,102.8249969482422,93.14250183105467,93.1675033569336,32988800,92.74700088500977,89.86257476806641,93.2507280302273,91.20025878394942,68.66948883741895,2.0504692462778706,1.0661098035690488,0.9843594427088218,0.09345817438336135,0.03222390604757351,1.1797806264041233,0.13695827693168305,0,CRWD
2025-01-29,99.26750183105467,101.0875015258789,97.55500030517578,101.0875015258789,17118000,93.97275085449219,90.10852478027344,94.17638553804689,91.79783234299427,65.66824524469669,2.3785531950526178,1.3285984818657628,1.049954713186855,-0.02840849946078272,0.03547396936015154,-0.48109661460859443,0.10164384638540125,1,CRWD
2025-01-30,99.21749877929688,100.7699966430664,97.7125015258789,99.93250274658205,11140800,94.84400100708008,90.37107482910156,94.95194142131612,92.34743726420186,66.2326528884432,2.6045041571142633,1.583779616915463,1.0207245401988003,-0.0005037202592536039,0.03443287084314934,-0.3491763056431826,0.09788999374993113,1,CRWD
2025-01-31,99.51750183105467,102.0250015258789,99.3375015258789,99.5999984741211,12483200,95.71125106811523,90.67767486572265,95.65433533050665,92.8785531580428,72.61783949774302,2.775782172463849,1.8221801280251402,0.9536020444387088,0.003023690936063028,0.034447815055820945,0.1204940399253196,0.09748625533707411,1,CRWD
2025-02-03,99.39250183105467,99.98500061035156,96.05999755859376,96.73625183105467,14220800,96.7255012512207,90.95067489624023,96.2294378690525,93.36106787456221,77.51838761887849,2.868369994490294,2.031418101318171,0.8369518931721229,-0.0012560604687625876,0.0333853903841196,0.1391950781850808,0.09281763928024911,1,CRWD
2025-02-04,101.87999725341795,102.11000061035156,99.0,99.12999725341795,11462800,97.75325088500976,91.22182479858398,97.09875469741642,93.99209968040337,78.23774037806784,3.106655017013054,2.246465484457148,0.8601895325559061,0.025026992746308707,0.03332126247167015,-0.19394126912691267,0.11683796589650575,1,CRWD
2025-02-05,104.30500030517578,104.84750366210938,101.25499725341795,102.0,12434400,98.73425064086913,91.55717483520507,98.20740786784094,94.75601824520132,77.31590996955487,3.451389622639624,2.4874503120936433,0.9639393105459808,0.023802543356237438,0.032880012523430424,0.0847611403845483,0.13923349527675666,1,CRWD
2025-02-06,105.12750244140624,105.40625,103.43099975585938,103.875,9653200,99.80450057983397,91.87197494506836,99.2720378022356,95.5242763338091,77.74108345815586,3.7477614684265035,2.7395125433602154,1.008248925066288,0.007885548476333604,0.032667954038803265,-0.22366981921122053,0.1442826009157152,1,CRWD
2025-02-07,105.39749908447266,107.8312530517578,104.83000183105467,106.0,14006000,100.97125015258788,92.11862487792969,100.21441646104131,96.25562616719158,83.06541796765511,3.958790293849731,2.983368093458119,0.9754222003916118,0.0025682779177305104,0.03218666456360772,0.4509178303567729,0.14414972242735247,1,CRWD
2025-02-10,107.2300033569336,107.97599792480467,106.12124633789062,106.1937484741211,9035200,102.35050048828124,92.44482498168945,101.29373752194782,97.06854299606137,82.6969307478799,4.225194525886451,3.2317333799437855,0.9934611459426654,0.01738660108995793,0.03174901760340422,-0.35490504069684425,0.15993516541539932,1,CRWD
2025-02-11,107.91000366210938,108.6959991455078,106.0199966430664,106.6624984741211,9295200,102.92450103759765,92.7815251159668,102.3116246204342,97.87161415650937,80.93151419432935,4.4400104639248354,3.4733887967399957,0.9666216671848398,0.006341511553555446,0.015311956494645715,0.028776341420223117,0.16305485954486754,1,CRWD
2025-02-12,108.65750122070312,109.39900207519533,106.05249786376952,106.3000030517578,8044000,103.8635009765625,93.2167251586914,103.28791332816789,98.67056875385705,81.82223862866408,4.617344574310835,3.7021799522541636,0.9151646220566709,0.006927045994126191,0.009611149633152122,-0.13460710904552886,0.16564383736636823,1,CRWD
2025-02-13,113.44249725341795,113.53250122070312,108.04924774169922,108.75,14725200,105.2860008239746,93.75572509765625,104.85015700897559,99.76478567975045,87.26017267048567,5.08537132922514,3.9788182276483592,1.1065531015767807,0.044037420140885075,0.013982389858270824,0.8305818000994529,0.20997941336655335,0,CRWD
2025-02-14,112.93499755859376,113.36499786376952,110.71749877929688,112.36750030517578,11382000,106.62775039672852,94.28042510986329,106.09397863199376,100.74035693003513,86.55667138339324,5.35362170195863,4.2537789225104135,1.0998427794482168,-0.004473629434395221,0.014788724370728706,-0.22703936109526524,0.19786262553433165,0,CRWD
2025-02-18,113.83999633789062,113.86000061035156,111.31749725341795,112.9175033569336,11013600,108.0724998474121,94.80747497558593,107.28567366367021,101.71070058987628,80.97133874032357,5.574973073793927,4.518017752767117,1.0569553210268108,0.008013448433709103,0.014081692808708364,-0.03236689509752244,0.20074916421100553,0,CRWD
2025-02-19,112.53500366210938,113.89749908447266,111.1449966430664,113.83999633789062,9660800,109.13800048828125,95.23737503051758,108.09326289419931,102.51250081744911,88.4732708910767,5.580762076750204,4.730566617563734,0.8501954591864704,-0.011463393515121711,0.015492476629810958,-0.12282995569114552,0.181626474123725,0,CRWD
2025-02-20,109.03500366210938,110.68250274658205,104.57749938964844,110.4800033569336,19075600,109.6110008239746,95.59387512207032,108.2381460892624,102.99564917631282,73.7223868688441,5.242496912949576,4.832952676640902,0.4095442363086743,-0.031101434096975522,0.019347075343646016,0.9745362702881748,0.14060658721989427,0,CRWD
2025-02-21,101.66999816894533,108.30750274658205,101.13500213623048,107.21499633789062,22392800,109.26525039672852,95.7990251159668,107.227661793829,102.89745280539671,53.87732496296282,4.33020898843229,4.73240393899918,-0.4021949505668907,-0.06754716600906996,0.02980683118285289,0.17389754450711914,0.061284267202840415,0,CRWD
2025-02-24,97.93000030517578,101.4749984741211,95.58499908447266,101.37249755859376,21537600,108.51850051879883,95.98962509155274,105.7972523340362,102.5294933609359,47.66913380292824,3.2677589731002996,4.439474945819405,-1.171715972719105,-0.03678565880914819,0.0315472078800306,-0.038190847057982924,0.020214426421317544,0,CRWD
2025-02-25,94.9375,97.25,92.32749938964844,96.81749725341795,18015200,107.28925018310547,96.15450012207032,104.12652120572294,101.96712348234806,39.11066052342048,2.1593977233748802,3.9834595013305,-1.8240617779556199,-0.03055754412182532,0.03109166204146739,-0.1635465418616745,-0.012656715187799872,1,CRWD
2025-02-26,98.63999938964844,100.4250030517578,95.43675231933594,96.17250061035156,13684000,106.36224975585938,96.31245010375977,103.28244092632686,101.72066984585179,41.4567901859566,1.5617710804750686,3.499121817159414,-1.9373507366843454,0.0389993352431699,0.03469861495247685,-0.24041920156312446,0.024166650141089097,0,CRWD
2025-02-27,95.05999755859376,101.63249969482422,95.0,100.41000366210938,12892400,105.00249938964843,96.38615005493165,102.0174496389833,101.2272867134623,35.98328235384595,0.7901629255209883,2.9573300388317287,-2.1671671133107404,-0.03629361165051237,0.03526517987694217,-0.0578485822858813,-0.013758745375576198,0,CRWD
2025-02-28,97.41500091552734,97.62999725341795,94.34500122070312,94.75,15092400,103.39974975585938,96.49435012817383,101.30938060460545,100.94489517287454,39.49602120950731,0.3644854317309125,2.4387611174115653,-2.074275685680653,0.024773863006697372,0.03221469599013148,0.1706431696193107,0.009540981271241256,0,CRWD
2025-03-03,95.68250274658205,101.1500015258789,94.58499908447266,99.75,20260000,101.67450027465821,96.46700012207032,100.44370708798647,100.5550883264825,34.76482193545786,-0.11138123849603687,1.928732646230045,-2.0401138847260816,-0.01778471644677826,0.03202221469132965,0.34239749807850317,-0.00813228746095096,0,CRWD
2025-03-04,97.54000091552734,99.04000091552734,92.6449966430664,94.2437515258789,32180400,100.04450073242188,96.53570007324218,99.9969830614543,100.33174851826361,36.73063905153759,-0.3347654568093077,1.4760330256221745,-1.8107984824314822,0.019413143632592167,0.03315397199604773,0.5883711747285292,0.010403413882358548,0,CRWD
2025-03-05,91.36000061035156,91.83000183105467,85.75,90.41999816894533,63832400,97.9270004272461,96.61700012207031,98.66821653051541,99.66717459915901,30.56787766773867,-0.9989580686436028,0.9810348067690191,-1.979992875412622,-0.06335862463778175,0.03646393178135273,0.9835800673702004,-0.0544107093480114,0,CRWD
2025-03-06,86.93250274658203,92.93000030517578,86.45500183105469,89.1449966430664,22454800,95.71675033569338,96.60050018310547,96.86272210221796,98.72386557304219,19.97735201391845,-1.8611434708242314,0.41259915125036906,-2.2737426220746,-0.04846210413956442,0.03744986788538503,-0.6482225327576592,-0.10008227098408207,0,CRWD
2025-03-07,83.375,86.93250274658203,79.51000213623047,86.13999938964844,27477600,93.88725051879882,96.45655014038086,94.78768793264597,97.58691256763166,18.686441239595595,-2.7992246349856913,-0.22976560599684304,-2.5694590289888484,-0.04092258515727487,0.0346767663678755,0.22368491369328614,-0.13562116954568915,1,CRWD
2025-03-10,77.21499633789062,80.98625183105469,75.94750213623047,80.6624984741211,27988000,91.81575012207031,96.19335006713867,92.08419691806823,96.07788173579898,15.089125229696293,-3.9936848177307525,-0.982549448343625,-3.0111353693871274,-0.07388310239411544,0.038547584412138916,0.018575130287943553,-0.19729382245240445,1,CRWD
2025-03-11,82.4375,84.75,77.0,77.60250091552734,33410000,90.56575012207031,96.01315002441406,90.60008969990389,95.06748308870276,23.30480569527792,-4.467393388798868,-1.6795182364346737,-2.7878751523641947,0.06763587269053084,0.047759828234127416,0.19372588252108036,-0.1413936530669191,1,CRWD
2025-03-12,86.69000244140625,86.93250274658203,84.19000244140625,85.89749908447266,20495600,89.3707504272461,95.92155014038086,89.99853781398117,94.44692896668079,30.44201728483108,-4.448391152699614,-2.233292819687662,-2.215098333011952,0.05158456335291883,0.049418969839480374,-0.38654295121221194,-0.0962406016735996,1,CRWD
2025-03-13,83.13249969482422,86.95874786376953,82.65625,86.64250183105469,17398400,88.17800064086914,95.80925018310546,88.9422242571878,93.60882309469142,32.61593836558207,-4.666598837503614,-2.7199540232508523,-1.9466448142527613,-0.04103705901942434,0.04970289108685245,-0.1511153613458498,-0.1323123859549482,1,CRWD
2025-03-14,88.43374633789062,88.625,84.28500366210938,84.62750244140625,17462000,87.27987518310547,95.83137512207031,88.86399688498824,93.22548407566914,41.34796983040201,-4.361487190680904,-3.0482606567368626,-1.3132265339440417,0.0637686423784567,0.054248218649109385,0.0036555085525105113,-0.07719422553163369,1,CRWD
2025-03-17,91.2074966430664,92.71499633789062,88.1415023803711,88.25,17020400,86.8323745727539,95.9447250366211,89.22453530930795,93.07600352510597,46.587996170508134,-3.851468215798022,-3.208902168549095,-0.642566047248927,0.031365292323789484,0.055505833682280216,-0.02528919940442098,-0.049374558025431226,1,CRWD
2025-03-18,90.7874984741211,92.11675262451172,89.17749786376953,90.5250015258789,12742400,86.15712432861328,96.02377502441406,89.46499118081768,92.90648463244042,42.358036712263576,-3.4414934516227476,-3.2554204251638255,-0.1860730264589221,-0.004604864560519006,0.05492611564779207,-0.25134544429038097,-0.054531042431539944,1,CRWD
2025-03-19,93.7624969482422,95.31500244140624,90.56400299072266,91.55500030517578,16226400,86.39737396240234,96.10392501831055,90.1261459142676,92.96989295212944,48.72224093871932,-2.8437470378618457,-3.1730857477034298,0.3293387098415841,0.032768812051464646,0.05206914123552728,0.27341788046207927,-0.024363500966503082,0,CRWD
2025-03-20,92.25749969482422,94.37249755859376,91.11499786376952,92.81999969482422,11532000,86.92987365722657,96.11727508544922,90.45404649589169,92.91712308121794,44.8344923054258,-2.463076585326249,-3.031083915227994,0.5680073299017452,-0.016051164403703466,0.04939306044606059,-0.28930631563378195,-0.040156937316352614,0,CRWD
2025-03-21,90.55999755859376,93.04750061035156,88.25749969482422,89.72750091552734,32478000,87.64837341308593,96.12882507324218,90.47034665938432,92.74252119065319,44.86594365527298,-2.272174531268874,-2.8793020384361703,0.6071275071672964,-0.018399611325318532,0.04743661821919876,1.81633714880333,-0.05793088088203968,0,CRWD
2025-03-24,93.16000366210938,93.40750122070312,90.41500091552734,92.5,16587600,89.24287414550781,96.19842514038086,90.88414004441894,92.77344581816847,45.6745050651904,-1.889305773749527,-2.681302785498842,0.7919970117493151,0.028710315521302432,0.03749646139067361,-0.4892665804544615,-0.03158493991806588,0,CRWD
2025-03-25,96.2375030517578,98.17350006103516,94.25,94.5199966430664,17033600,90.6228744506836,96.37897521972656,91.7077343532403,93.03004265028619,55.13124112492667,-1.3223082970458933,-2.409503887808252,1.087195590762359,0.03303455634040642,0.034002262901677086,0.026887554558826965,-0.0014678737519903118,0,CRWD
2025-03-26,92.85250091552734,96.19325256347656,92.58999633789062,95.97374725341795,13101200,91.2391242980957,96.52872528076172,91.88385228589983,93.01689141067442,56.36764133372637,-1.1330391247745837,-2.1542109352015184,1.0211718104269347,-0.035173420224857255,0.03499987270219148,-0.23086135637798233,-0.03808425268791005,1,CRWD
2025-03-27,91.63999938964844,92.86499786376952,90.06999969482422,92.18000030517578,10664400,92.08987426757812,96.62132522583008,91.8463364557073,92.91489940911693,59.36225265836088,-1.068562953409625,-1.9370813388431398,0.8685183854335148,-0.013058361529561635,0.031652453216750594,-0.18599822916984698,-0.05155513883233265,0,CRWD
2025-03-28,89.27749633789062,91.91000366210938,88.37000274658203,91.45500183105467,13830000,92.17424926757812,96.59677520751953,91.45113028373551,92.64546214458164,64.95010944113724,-1.194331860846134,-1.7885314432437387,0.5941995823976047,-0.02578026044841597,0.02717521397077717,0.29683807809159446,-0.07577146187235384,0,CRWD
2025-03-31,88.1449966430664,88.41000366210938,84.47250366210938,86.44625091552734,13188000,91.86799926757813,96.54277511596679,90.94249433901717,92.31209432965458,57.87186408874824,-1.3695999906374112,-1.7047451527224733,0.33514516208506206,-0.012685164137421823,0.02525951198585442,-0.04642082429501082,-0.08698505364915199,0,CRWD
2025-04-01,90.59500122070312,90.7925033569336,87.8125,89.73500061035156,10728400,91.84874954223633,96.56967514038087,90.88903385927654,92.18490224751002,55.66763047256609,-1.2958683882334867,-1.622969799824676,0.3271014115911892,0.02779516332115528,0.02706208213684295,-0.18650288140734006,-0.06186904854958364,0,CRWD
2025-04-02,92.87249755859376,94.06749725341795,88.25724792480469,88.29000091552734,9888000,91.75974960327149,96.59507507324219,91.19418212070995,92.23583523351623,64.68193572679002,-1.041653112806273,-1.5067064624209956,0.46505334961472267,0.025139315715028365,0.026130754973693285,-0.07833414115804782,-0.03853796388507191,1,CRWD
2025-04-03,86.84750366210938,90.22750091552734,85.45249938964844,87.7354965209961,17217600,91.21875,96.44212509155274,90.52546235784833,91.83669956156015,47.659977823407516,-1.3112372037118263,-1.4676126106791618,0.15637540696733554,-0.06487382222797644,0.03298954680610904,0.7412621359223301,-0.09948579441126137,1,CRWD
2025-04-04,80.40750122070312,83.5112533569336,77.57749938964844,82.00499725341797,28131200,90.20350036621093,96.16177505493164,88.96885295213369,90.99009227705221,35.62301127448043,-2.0212393249185254,-1.5783379535270345,-0.4429013713914909,-0.07415299426983935,0.03947929611519619,0.6338630238825389,-0.16383093828321094,1,CRWD
2025-04-07,81.08999633789062,85.44249725341797,74.5,75.01499938964844,25198400,88.99649963378906,95.90897491455078,87.75672116532706,90.25675183711432,37.18024775132321,-2.5000306717872576,-1.7626764971790794,-0.7373541746081782,0.008487953323088382,0.03769067821907616,-0.10425435104083725,-0.15451086397141656,1,CRWD
2025-04-08,81.26000213623047,87.76499938964844,79.59500122070312,85.67749786376953,21202400,87.49874954223633,95.66542495727539,86.75722593008143,89.59032593334516,32.148223839087166,-2.8331000032637235,-1.9767611983960083,-0.8563388048677152,0.0020965076583732145,0.034625701740422815,-0.15858149723791992,-0.15058128710010377,1,CRWD
2025-04-09,94.50250244140624,95.6624984741211,81.12249755859375,81.1500015258789,30628000,87.66374969482422,95.5120750427246,87.94880693182371,89.9541908598682,52.40081504201917,-2.0053839280444947,-1.9824857443257058,-0.022898183718788934,0.16296455767961993,0.06550034957745245,0.44455344677960995,-0.010570104364990174,1,CRWD
2025-04-10,92.15249633789062,93.99674987792967,88.5510025024414,92.25,18210400,87.71499938964844,95.36977493286133,88.59552837891093,90.11702830268469,51.67958469200317,-1.52149992377376,-1.8902885802153169,0.3687886564415568,-0.024867130952142436,0.06593889048024325,-0.40543293718166384,-0.03373478229591731,1,CRWD
2025-04-11,94.4749984741211,94.69750213623048,90.16349792480467,91.74500274658205,13533200,88.23474960327148,95.27492492675782,89.50006223971249,90.43984090797628,51.39507157108342,-0.9397786682637843,-1.7001865978250104,0.760407929561226,0.025202813038451843,0.0654862866591632,-0.25684224399244393,-0.008395980928367686,0,CRWD
2025-04-14,94.66500091552734,97.31324768066406,93.20500183105467,96.7387466430664,12192000,88.88675003051758,95.17787490844727,90.29466818983785,90.75281572335042,48.222860843031214,-0.4581475335125731,-1.451778784962523,0.9936312514499499,0.002011139925641725,0.06514672088255763,-0.09910442467413472,-0.005388584199986224,0,CRWD
2025-04-15,98.1999969482422,100.00499725341795,94.9175033569336,95.8499984741211,20819200,89.64724960327149,95.15402481079101,91.51087261420776,91.30445877704611,56.02297110222967,0.20641383716164796,-1.120140260537689,1.3265540976993369,0.03734216445916738,0.06552195388286143,0.7076115485564305,0.032010964785861074,0,CRWD
2025-04-16,94.95999908447266,98.8375015258789,93.37000274658205,96.52749633789062,16746800,89.85599975585937,95.01562484741211,92.04150745578698,91.57523954055918,53.57604403287574,0.4662679152278031,-0.8028586253845905,1.2691265406123935,-0.03299386929184156,0.06659322096959469,-0.19560790039963116,-0.0005854380585170738,1,CRWD
2025-04-17,93.90499877929688,96.23500061035156,93.27525329589844,95.9499969482422,8393200,90.56174926757812,94.80762481689453,92.32819842863466,91.7478142989842,55.1288469142325,0.5803841296504686,-0.5262100743775787,1.1065942040280472,-0.011109944348644096,0.062445065389703146,-0.498817684572575,-0.009520605956967354,1,CRWD
2025-04-21,90.67250061035156,93.02249908447266,88.91500091552734,90.9499969482422,11619600,91.58824920654297,94.51852478027344,92.07347568736034,91.66816143315955,52.67673167656636,0.40531425420078904,-0.3399052086619052,0.7452194628626942,-0.03442306811102347,0.05760805392095155,0.3844064242482008,-0.040690691892014796,1,CRWD
2025-04-22,92.1125030517578,93.67749786376952,90.7249984741211,92.20999908447266,10308400,92.69049987792968,94.25282485961914,92.07947989726765,91.7010756271298,51.642229155458494,0.3784042701378496,-0.1962433129019543,0.5746475830398039,0.01588135798299395,0.05758443274983954,-0.11284381562188028,-0.022708304085836684,1,CRWD
2025-04-23,96.4375,99.07624816894533,95.625,95.625,14322400,94.20824966430663,94.03697479248046,92.74994452845725,92.05192187697203,53.69430304808936,0.6980226514852177,-0.017390120024519923,0.7154127715097376,0.04695341897084271,0.05827887169391671,0.38939117612820606,0.02552746101006531,1,CRWD
2025-04-24,103.5124969482422,103.71224975585938,96.5,96.5,18499600,95.10924911499023,93.94902465820313,94.40572182380879,92.90085336373278,66.90161486261675,1.5048684600760112,0.2870615959955863,1.217806864080425,0.0733635458016042,0.0364236758514729,0.29165502988325986,0.10179426901803446,1,CRWD
2025-04-25,106.22000122070312,106.43374633789062,103.1500015258789,103.67250061035156,13342000,96.51599960327148,93.90027465820313,96.22330326948484,93.88745690869354,78.32336339940368,2.335846360791308,0.6968185489547307,1.6390278118365773,0.02615630336706798,0.034564052788590524,-0.2787952171938852,0.13120011211195903,1,CRWD
2025-04-28,105.7699966430664,107.0,103.8324966430664,106.20999908447266,11194800,97.64549942016602,93.7468246459961,97.69202532695893,94.76764503716561,77.21957923990824,2.9243802897933193,1.1423308971224486,1.7820493926708707,-0.0042365333502651925,0.03483584904140635,-0.16093539199520313,0.12825151190423623,1,CRWD
2025-04-29,107.74749755859376,108.09249877929688,105.7699966430664,106.12249755859376,9628400,98.95374908447266,93.6430746459961,99.23902105490275,95.72911559430842,78.09300536343456,3.509905460594325,1.615845809816824,1.8940596507775012,0.01869623691301303,0.034709224831365626,-0.1399221066923929,0.15061896425248067,1,CRWD
2025-04-30,107.21749877929688,107.3874969482422,103.60250091552734,104.75250244140624,12748800,99.85549926757812,93.51062469482422,100.46647916634801,96.5801069413446,68.46499187867425,3.886372225003413,2.069951092854142,1.8164211321492711,-0.004918896413428797,0.03405893817334906,0.3240829213576504,0.14658092734601658,0,CRWD
2025-05-01,107.97000122070312,109.90750122070312,106.9375,107.87750244140624,12320400,101.15649948120117,93.4193246459961,101.62086717471034,97.42380281388967,74.08817912814496,4.197064360820676,2.4953737464474486,1.701690614373227,0.007018466667976009,0.030720039452716008,-0.03360316265060237,0.15575660207184616,0,CRWD
2025-05-02,110.1449966430664,110.9250030517578,108.5999984741211,109.54499816894533,10834800,102.78049926757812,93.44152450561523,102.93227170830357,98.36611346790275,73.97123961972765,4.566158240400824,2.909530645238124,1.6566275951627003,0.020144441953995562,0.02952291740917685,-0.12058050063309633,0.17875855756663528,0,CRWD
2025-05-05,110.86750030517578,112.7874984741211,108.85099792480467,109.0,13124000,104.79999923706055,93.62547454833984,104.15307610782237,99.29214212251556,74.38850001515884,4.860933985306815,3.2998113132518623,1.5611226720549527,0.006559568606195665,0.024002567035815808,0.21128216487613982,0.1841595552921198,0,CRWD
2025-05-06,110.80249786376952,111.875,107.64250183105467,108.05049896240234,13724800,106.66899871826172,93.88292449951172,105.17606407027579,100.14476106631216,71.1824501515106,5.031303003963629,3.646109651394216,1.385193352569413,-0.0005863074501304411,0.024907219468290345,0.04577872599817123,0.18021992236027762,0,CRWD
2025-05-07,105.62999725341795,107.45999908447266,104.2655029296875,106.3550033569336,26693600,107.58824844360352,94.09677444458008,105.24589994460536,100.55107485794963,66.84027067004268,4.694825086655726,3.8558527384465178,0.8389723482092082,-0.04668216610704112,0.03022766173882729,0.944917230123572,0.12256767436412574,1,CRWD
2025-05-08,107.15750122070312,108.22650146484376,106.18000030517578,106.87124633789062,14476000,107.9527488708496,94.26712448120117,105.5399924486204,101.04043977370914,70.60881371826451,4.499552674911257,3.984592725739466,0.5149599491717911,0.014460891858403935,0.02062515313651042,-0.45769772529744956,0.136743077827441,1,CRWD
2025-05-09,102.64250183105467,105.0,101.15750122070312,104.73625183105467,18773200,107.59499893188476,94.41877456665038,105.09422466130259,101.1591110372162,67.90039873183464,3.9351136240863838,3.97469690540885,-0.039583281322466135,-0.042134235477825244,0.023460143566034507,0.2968499585520863,0.08709843251141902,1,CRWD
2025-05-12,107.36000061035156,107.36750030517578,103.7750015258789,104.92250061035156,13114000,107.75399932861328,94.61767456054687,105.44280557654089,101.6184361907818,70.76607934111138,3.8243693857590983,3.9446314014788997,-0.12026201571980133,0.04596048123477825,0.028114611015586908,-0.3014510046236124,0.13467173135449162,1,CRWD
2025-05-13,110.0500030517578,112.0,106.75,107.05249786376952,14938400,107.98424987792968,94.9050245666504,106.15160518811273,102.24299669900225,69.40346000591597,3.9086084891104775,3.937426819005215,-0.028818329894737538,0.02505590933414048,0.028605618430191805,0.13911849931371045,0.1595803652573875,1,CRWD
2025-05-14,108.98500061035156,111.36750030517578,107.81500244140624,110.625,11389200,108.16100006103515,95.13392456054687,106.58751217614947,102.74240439613924,59.413434024385666,3.8451077800102382,3.9189630112062197,-0.07385523119598147,-0.009677441270995235,0.028781557303300412,-0.23758903229261497,0.14559554978717748,0,CRWD
2025-05-15,107.95999908447266,108.46499633789062,105.52249908447266,105.89749908447266,10127600,108.15999984741211,95.4659245300293,106.79866400819918,103.12889289157134,53.17691575409767,3.6697711166278424,3.8691246322905446,-0.1993535156627022,-0.009404977934014402,0.02893231720076639,-0.11077160819021525,0.13087470336615525,1,CRWD
2025-05-16,109.81500244140624,110.22250366210938,107.95500183105467,108.96749877929688,8533600,108.12700042724609,95.92357452392578,107.26271607484641,103.62416026563318,57.025014806953074,3.63855580921323,3.823010867675082,-0.18445505846185206,0.017182320976884657,0.028721762367246204,-0.15739168213594534,0.1448176632952265,1,CRWD
2025-05-19,111.0875015258789,111.375,107.92250061035156,108.10749816894533,8062400,108.14900054931641,96.47782455444336,107.8511446057745,104.17700035898471,55.94623867102722,3.67414424678978,3.793237543498022,-0.11909329670824231,0.011587661577949104,0.028891437258800584,-0.055217024467985376,0.15143041459430062,1,CRWD
2025-05-20,110.5625,110.75250244140624,109.17375183105467,110.47250366210938,8530400,108.12500076293945,97.14477462768555,108.2682762048861,104.65000033239325,55.956195129797436,3.618275872492859,3.75824520929699,-0.13996933680413104,-0.0047260179468219254,0.02893956308971399,0.05804723159357006,0.13812091719538033,1,CRWD
2025-05-21,108.68499755859376,112.6675033569336,108.01499938964844,109.1999969482422,17284400,108.43050079345703,97.66972457885743,108.33238718237959,104.9488890158155,51.22409847542819,3.3834981665640953,3.6832958007504115,-0.2997976341863162,-0.016981367474561804,0.024830035128380223,1.026212135421551,0.11278083384828963,1,CRWD
2025-05-22,111.01750183105467,112.22000122070312,107.5,107.67874908447266,10363600,108.81650085449219,98.1562745666504,108.74548174371422,105.3984158910184,51.48574613398879,3.3470658526958204,3.6160498111394936,-0.2689839584436733,0.021461142980689907,0.02527951437953915,-0.40040730369581823,0.1310280705047664,1,CRWD
2025-05-23,113.89749908447266,114.98249816894533,109.3499984741211,109.625,17951200,109.94200057983399,98.77157455444336,109.5380997961386,106.02797760905206,54.806467166514345,3.5101221870865373,3.5948642863289026,-0.08474209924236531,0.025941830845741087,0.020176862530903852,0.7321394110154773,0.15314046169924955,1,CRWD
2025-05-27,118.05500030517578,118.55750274658205,114.9000015258789,116.0,15988800,111.01150054931641,99.36399963378906,110.84839218214431,106.9188681791353,60.18251837480753,3.929524003009007,3.6617962296649234,0.2677277733440837,0.03650212914350037,0.01848818978969154,-0.10931859708543157,0.18810636387699087,1,CRWD
2025-05-28,117.2074966430664,118.35250091552734,116.49500274658205,118.24624633789062,11573600,111.72724990844726,99.88399963378906,111.82671594536309,107.68098880609315,68.50178423465188,4.145727139269937,3.7585824115859263,0.38714472768401054,-0.007178888314078646,0.01832158415156101,-0.27614330031021717,0.1734361566696525,0,CRWD
2025-05-29,114.70249938964844,118.12249755859376,113.3562469482422,118.0,13296000,112.29899978637695,100.36229965209961,112.26914416756082,108.20110070117133,61.692228023381205,4.068043466389497,3.820474622546641,0.24756884384285627,-0.02137232963047131,0.019781914812367917,0.1488214557268266,0.1428843279524119,1,CRWD
2025-05-30,117.84249877929688,118.27999877929688,114.19125366210938,115.50749969482422,17954800,113.28724975585938,100.8438996887207,113.12658333859713,108.91527833658803,74.60341492426434,4.211305002009098,3.8986406984391326,0.31266430356996544,0.027375161015295246,0.020159451197046464,0.35039109506618527,0.16856348418740752,0,CRWD
2025-06-02,119.7925033569336,119.99250030517578,116.3812484741211,117.75,13933600,114.28499984741211,101.3945997619629,114.15210949526428,109.72099870846549,72.10417585100687,4.431110786798797,4.0051347161110655,0.4259760706877316,0.016547549465060207,0.020131731818673594,-0.22396239445719246,0.18144855483588063,0,CRWD
2025-06-03,122.19000244140624,122.8000030517578,119.3625030517578,120.19125366210938,30528800,115.39524993896484,102.02719985961915,115.38870841005536,110.64462861460925,71.81098083852564,4.744079795446112,4.152923731978075,0.5911560634680368,0.020013765613771772,0.020430118314824667,1.1910202675546882,0.197621836231215,0,CRWD
2025-06-04,115.13999938964844,117.7375030517578,111.31500244140624,113.6875,61814400,115.85299987792969,102.46679977416993,115.35044548383891,110.97761904238993,59.10098411579618,4.372826441448979,4.196904273872256,0.1759221675767222,-0.05769705303949468,0.02947002899968379,1.0247897067686904,0.12368103271898212,1,CRWD
2025-06-05,115.73500061035156,117.1500015258789,113.17749786376952,115.5812530517578,24713200,116.55800018310546,102.8567497253418,115.40960781099471,111.33001767705375,61.64444731881256,4.079590133940968,4.173441445885999,-0.0938513119450306,0.005167632654657028,0.02849561617903868,-0.600203188900968,0.1252056954881282,1,CRWD
2025-06-06,117.10250091552734,119.6165008544922,115.77999877929688,115.77999877929688,17372000,117.16650009155273,103.3417497253418,115.67005290399973,111.75760902805179,61.07606246186468,3.912443875947943,4.121241931898388,-0.20879805595044498,0.011815788637525415,0.028100052937455357,-0.29705582441772005,0.133157714348348,1,CRWD
2025-06-09,116.09750366210938,117.94249725341795,114.53199768066406,117.57749938964844,10898400,117.38650054931641,103.83089981079101,115.73581455909351,112.07908270464864,57.67698469983151,3.656731854444871,4.028339916407685,-0.3716080619628137,-0.008582201452238203,0.027451722389145443,-0.37264563665668893,0.11814020560037086,1,CRWD
2025-06-10,116.9124984741211,117.50250244140624,114.30750274658205,116.37249755859376,9890000,117.27225036621094,104.38359985351562,115.91684285371313,112.43711350238735,59.644588936313816,3.479729351325787,3.9186178033913053,-0.4388884520655183,0.007019916762238676,0.02482278763329419,-0.09252734346326064,0.12002746253422591,1,CRWD
2025-06-11,119.24500274658205,119.98500061035156,116.38800048828124,116.50499725341795,11026000,117.4760009765625,105.00559997558594,116.42886745261605,112.94140159454992,65.82022887492576,3.4874658580661304,3.8323874143262704,-0.34492155626014,0.019950854723862266,0.025507783783226462,0.11486349848331656,0.13560612742850675,1,CRWD
2025-06-12,120.43250274658205,122.18399810791016,118.25,118.50499725341795,14080800,118.04900131225585,105.60235000610352,117.04481134399543,113.49629797618192,64.6059570817605,3.548513367813513,3.775612605023719,-0.22709923721020608,0.009958488596152337,0.024205680896391264,0.2770542354434973,0.14043392727170745,0,CRWD
2025-06-13,120.15499877929688,121.37374877929688,118.26499938964844,118.75,10442800,118.28025131225586,106.14800003051758,117.5233017186572,113.98953507270896,60.560286166253405,3.5337666459482335,3.727243413208622,-0.19347676726038854,-0.002304228185551427,0.022966572195754792,-0.25836600193170844,0.13195725538636882,1,CRWD
2025-06-16,119.84750366210938,121.86499786376952,119.31999969482422,120.45999908447266,10841200,118.28575134277344,106.80800003051758,117.88087124841907,114.42345867192381,53.47687533907182,3.4574125764952583,3.6732772458659495,-0.21586466937069115,-0.0025591537623191885,0.022427768798985014,0.0381506875550619,0.12208358576011258,1,CRWD
2025-06-17,123.00749969482422,123.3000030517578,118.5,119.8625030517578,13594800,118.36750106811523,107.66,118.6695833170968,115.05931356250903,60.32396548221365,3.610269754587762,3.6606757476103122,-0.050405993022550444,0.02636680728556473,0.023127971966058192,0.25399402280190375,0.14255526374534844,1,CRWD
2025-06-18,121.29000091552734,122.67749786376952,119.70500183105467,122.67749786376952,11321200,118.98250122070313,108.46400009155273,119.0727244860861,115.52084595902892,62.06391729934083,3.551878527057184,3.6389163034996868,-0.08703777644250277,-0.013962553369167852,0.01251195416961992,-0.1672404154529673,0.11825122449059955,1,CRWD
2025-06-20,119.0749969482422,122.5,118.57250213623048,121.13500213623048,20732400,119.31650085449219,109.22029998779297,119.07307409564858,115.78411640267434,52.33626775636386,3.288957692974236,3.568924581394597,-0.27996688842036077,-0.018262049225539867,0.014562492844904242,0.831289969261209,0.09022770457095097,1,CRWD
2025-06-23,122.95249938964844,123.5749969482422,115.37750244140624,117.68875122070312,17726800,119.9015007019043,109.7892999267578,119.66990875626394,116.3151077350428,55.58204557259273,3.354801021221135,3.5260998693599044,-0.17129884813876917,0.03256353173027282,0.01720513486943347,-0.14497115625783796,0.11989510336318765,1,CRWD
2025-06-24,121.34500122070312,123.375,120.27999877929688,122.7249984741211,14534000,120.42625045776367,110.37315002441406,119.92761528925459,116.68769243768432,48.46447167100245,3.2399228515702703,3.4688644658019774,-0.2289416142317071,-0.013074139825746789,0.01765251238773517,-0.18011146963919034,0.09940688649243179,1,CRWD
2025-06-25,123.52249908447266,125.10250091552734,121.8862533569336,122.0199966430664,11830400,121.08725051879883,110.9541000366211,120.48067433467276,117.1939744115205,68.51054839667268,3.2866999231522556,3.432431557272033,-0.14573163411977763,0.017944685334083887,0.018151985868707754,-0.1860189899545892,0.11327566123021393,1,CRWD
2025-06-26,126.30500030517578,126.5875015258789,123.52249908447266,124.2699966430664,12068000,121.7932502746582,111.58690002441406,121.37672448398092,117.86886521845793,71.28474056211721,3.5078592655229954,3.4475170989222255,0.060342166600769964,0.02252627044729949,0.018393897342742695,0.020083851771706795,0.13189810163685478,1,CRWD
2025-06-27,124.8324966430664,126.34249877929688,123.89250183105467,126.14749908447266,13865200,122.23324966430664,112.11955001831055,121.90838173922484,118.38468976842893,65.50029373248314,3.523691970795909,3.4627520732969623,0.06093989749894657,-0.011658316444729366,0.01912232031216872,0.1489227709645342,0.113387421040128,1,CRWD
2025-06-30,127.32749938964844,127.50499725341795,124.93000030517578,125.65625,10811200,122.9504997253418,112.76690002441406,122.74209214698232,119.04712011074147,71.24880686965906,3.6949720362408414,3.5091960658857384,0.18577597035510296,0.019986804827880622,0.019629622966153108,-0.2202636817355682,0.12912121697130985,0,CRWD
2025-07-01,123.01750183105467,129.15499877929688,120.375,127.34249877929688,16356400,123.26749954223632,113.34915008544922,122.78446286760884,119.3412224603943,60.202209515066876,3.4432404072145317,3.496004934151497,-0.05276452693696543,-0.03384969923428938,0.023295032201302416,0.5129125351487347,0.08529708196591579,1,CRWD
2025-07-02,124.0250015258789,124.125,122.28600311279295,122.75,8452800,123.3692497253418,114.01620010375977,122.97531496888116,119.68816905783761,58.35810207246307,3.2871459110435524,3.4542331295299085,-0.1670872184863561,0.008189889079424528,0.021925775267975678,-0.4832114646254677,0.08778402905035154,0,CRWD
2025-07-03,128.52499389648438,129.4949951171875,124.99749755859376,124.99749755859376,10616000,124.0927490234375,114.74444992065429,123.82911172697396,120.34274867551515,62.68117648718524,3.4863630514588095,3.460659113915689,0.025703937543120503,0.03628294549681188,0.02378407432530457,0.2559151996971418,0.12009769522934932,0,CRWD
2025-07-07,126.36499786376952,127.03874969482422,124.72750091552734,126.9250030517578,13077600,124.82174911499024,115.34299987792969,124.21924805571174,120.78884120797844,59.189111749791856,3.430406847733309,3.4546086606792135,-0.02420181294590451,-0.01680603878849074,0.023622510076591,0.23187641296156736,0.09555844739173325,0,CRWD
2025-07-08,126.92749786376952,127.34625244140624,124.43499755859376,126.91000366210938,8573200,125.21924896240235,115.81129989624023,124.635901872336,121.24355651581482,60.39799701726332,3.39234535652119,3.442155999847609,-0.04981064332641871,0.004451390887581175,0.021735263262182943,-0.3444362880039151,0.0959854347329554,0,CRWD
2025-07-09,128.37750244140625,128.47999572753906,126.76000213623048,128.0,7477200,125.92249908447266,116.2544499206543,125.21153272911604,121.77199695474751,58.30370016797173,3.4395357743685366,3.4416319547517946,-0.002096180383257984,0.011423880577816181,0.021041745585774003,-0.12784024634908786,0.10428033102411272,0,CRWD
2025-07-10,121.77749633789062,128.625,121.64250183105467,128.24749755859375,16714800,125.74799880981445,116.57459991455079,124.68321943815829,121.77240431646182,50.65492757226937,2.910815121696473,3.3354685881407304,-0.4246534664442576,-0.05141092464022645,0.02715427929299376,1.2354357246027923,0.044631475700140255,0,CRWD
2025-07-11,119.6125030517578,122.3314971923828,119.36750030517578,122.0,13537600,125.07874908447266,116.81190002441406,123.90310922486591,121.61241163018744,50.72308625183661,2.290697594678477,3.12651438944828,-0.8358167947698032,-0.017778270626665815,0.02623570578330288,-0.19008304017996025,0.02397532294876137,0,CRWD
2025-07-14,119.04499816894533,120.17925262451172,115.875,116.70500183105467,13362000,124.49999923706055,117.04845001220703,123.15570752395504,121.42223285528061,44.22948913530898,1.7334746686744325,2.847906445293511,-1.1144317766190786,-0.004744528108126866,0.0261350719917993,-0.012971279990544815,0.017057450624336168,1,CRWD
2025-07-15,118.31999969482422,120.18000030517578,117.62999725341795,119.77249908447266,10116400,123.59924926757813,117.25544998168945,122.41175247331952,121.19243780635792,45.413189286039035,1.2193146669616084,2.5221880896271305,-1.302873422665522,-0.006090121258956249,0.024689606373329332,-0.24289776979494093,0.009078893248041009,0,CRWD
2025-07-16,117.6125030517578,119.1624984741211,116.20874786376952,118.95500183105467,7921600,123.05874938964844,117.40480010986329,121.67340640846388,120.92725745416531,40.6205419013746,0.7461489542985618,2.1669802625614167,-1.420831308262855,-0.005979518634983361,0.022829070076539185,-0.21695464789846186,0.0017691179721794903,0,CRWD
2025-07-17,117.4574966430664,118.57749938964844,116.73500061035156,117.5875015258789,9026400,122.4019989013672,117.5366000366211,121.02480490609503,120.67023813482466,34.680974956090225,0.3545667712703704,1.8044975643032075,-1.4499307930328371,-0.001317941585030069,0.022448404558669838,0.13946677438901234,-0.0006730107347842074,0,CRWD
2025-07-18,118.98999786376952,119.31500244140624,116.44000244140624,118.07749938964844,11613600,121.4484992980957,117.70035003662109,120.71175766881419,120.54577589252428,39.904969711798046,0.16598177628991095,1.4767944067005483,-1.3108126304106373,0.013047283183295955,0.01854022729585854,0.28662589736772137,0.010957043260680033,0,CRWD
2025-07-21,120.3949966430664,122.51000213623048,118.52749633789062,119.67874908447266,13664800,120.85149917602538,117.99565002441406,120.66302520331453,120.5346070592311,37.55273591126863,0.128418144083426,1.207119154177124,-1.078701010093698,0.01180770488714078,0.01914605467614264,0.17662051388027833,0.020334195524630783,0,CRWD
2025-07-22,117.80750274658205,121.36399841308594,117.5,120.375,7902400,119.93949966430664,118.20865005493164,120.22371405612492,120.3325993323682,40.02870697421781,-0.10888527624328503,0.9439182680930422,-1.0528035443363273,-0.02149170620566132,0.019528251928939495,-0.421696621977636,-0.0033935529097336437,0,CRWD
2025-07-23,115.37999725341795,118.0,113.51000213623048,117.80750274658205,12096000,118.6397491455078,118.4633999633789,119.47852685570845,119.96573991911262,34.307488024799625,-0.4872130634041696,0.6576920017935999,-1.1449050651977695,-0.02060569519401445,0.018735071992505042,0.5306742255517312,-0.026028315166660265,1,CRWD
2025-07-24,115.50749969482422,117.125,115.02999877929688,115.99500274658205,9944400,118.01274948120117,118.62634994506836,118.8675996001878,119.63549990249867,21.911771339167814,-0.7679003023108635,0.3725735409727072,-1.1404738432835706,0.0011050653877744399,0.01220029514964219,-0.17787698412698416,-0.02629137836314077,0,CRWD
2025-07-25,116.9800033569336,117.70249938964844,115.0749969482422,115.5,7178800,117.74949951171875,118.76494995117187,118.5772001781487,119.43879645467902,29.13055840953116,-0.8615962765303209,0.12573957747210157,-0.9873358540024224,0.012748121689065917,0.01251955060761685,-0.278106270866015,-0.015029237118965866,0,CRWD
2025-07-28,118.04499816894533,119.14250183105467,117.0,117.75,7303200,117.64949951171874,118.94614990234375,118.49532294596357,119.33555213721726,30.679726878589335,-0.8402291912536981,-0.06745417627305836,-0.7727750149806397,0.00910407575183747,0.012959148133462266,0.017328801470998023,-0.007576132007116487,0,CRWD
2025-07-29,116.37750244140624,120.18000030517578,114.5,118.46749877929688,10999600,117.45524978637695,119.11449996948242,118.1695044068009,119.11643734493497,24.143505595546486,-0.9469329381340685,-0.2433499286452604,-0.7035830094888081,-0.01412593293578246,0.01356105262501241,0.5061342972943368,-0.022977870274210277,0,CRWD
2025-07-30,115.7874984741211,116.66999816894533,113.3550033569336,115.87999725341795,8470000,117.27274932861329,119.23394989013671,117.80304195561939,118.86984928043023,32.5821518753137,-1.0668073248108385,-0.40804140787837606,-0.6587659169324624,-0.005069742475202199,0.013531208629528982,-0.2299719989817811,-0.028904950470828306,0,CRWD
2025-07-31,113.64250183105467,116.9749984741211,113.44000244140624,116.44000244140624,11331200,116.89124984741208,119.28504989624024,117.16295885953251,118.48263835825426,32.620086870691736,-1.3196794987217544,-0.5903690260470518,-0.7293104726747026,-0.018525287024365844,0.014563092534483188,0.3378040141676506,-0.047303061616637776,0,CRWD
2025-08-01,111.66500091552734,113.5,109.52249908447266,112.2375030517578,12057600,116.15875015258788,119.30709991455078,116.31711917583941,117.97762817731152,30.145284861531763,-1.6605090014721071,-0.8043970211320628,-0.8561119803400443,-0.01740106811857378,0.0139590737790363,0.06410618469358931,-0.06405401694028934,0,CRWD
2025-08-04,113.71499633789062,114.37249755859376,112.0,113.2249984741211,7531200,115.49075012207031,119.40769989013671,115.91679258538575,117.66187767068774,38.435448833422846,-1.7450850853019944,-0.9925346339660491,-0.7525504513359452,0.018358441817540205,0.015014235821825265,-0.3753980891719745,-0.04767450974672294,0,CRWD
2025-08-05,110.4375,114.4499969482422,109.625,113.65750122070312,12418400,114.75374984741208,119.39609985351562,115.0738244953264,117.12673858397014,34.041360286007375,-2.052914088643732,-1.2046105249015857,-0.8483035637421461,-0.028822023861759916,0.016021961830629334,0.648927129806671,-0.07503260043256632,0,CRWD
2025-08-06,112.92250061035156,112.9749984741211,110.50250244140624,111.25,8142800,114.50800018310547,119.3765998840332,114.74285158994566,116.81531354888727,40.860544390270924,-2.0724619589416164,-1.378180811709592,-0.6942811472320245,0.022501420354060553,0.017484576400409672,-0.3442955614249823,-0.0540650284892632,0,CRWD
2025-08-07,106.25,112.99624633789062,105.5,112.92250061035156,22840400,113.58225021362304,119.14049987792968,113.43625903764632,116.03269773045118,28.73121467901133,-2.5964386928048526,-1.6218323879286443,-0.9746063048762084,-0.05908920342966528,0.025026799723874327,1.8049810875865795,-0.10819578473430258,0,CRWD
2025-08-08,106.12249755859376,108.625,105.1050033569336,107.75,14528400,112.49649963378906,118.91879989624023,112.31106496394592,115.2986088288321,25.111164742543025,-2.9875438648861774,-1.894974683320151,-1.0925691815660263,-0.0012000229779410843,0.02411193889571814,-0.36391656888670953,-0.10760537735674747,1,CRWD
2025-08-11,106.60749816894533,108.5,104.93499755859376,105.95500183105467,10101600,111.35274963378906,118.75689987182618,111.43359314933045,114.65482285402567,28.923589186532,-3.2212297046952187,-2.1602256875951644,-1.0610040171000543,0.004570195967012358,0.023764904309292605,-0.30469976046915004,-0.1023048068448541,0,CRWD
2025-08-12,108.9499969482422,109.5749969482422,106.87249755859376,107.00250244140624,9244000,110.60999908447266,118.57904983520508,111.0515014260861,114.23224315730097,37.86104963327916,-3.180741731214866,-2.3643288963191047,-0.8164128348957611,0.02197311464513141,0.025710434978631243,-0.08489744198938787,-0.08120366034594506,0,CRWD
2025-08-13,108.02999877929688,110.6062469482422,106.96499633789062,110.0,9844400,109.83424911499023,118.34379974365234,110.58665486504161,113.77281764781918,36.293641259581335,-3.186162782777572,-2.528695673610798,-0.6574671091667739,-0.008444223907435044,0.02571506973294492,0.06495023799221111,-0.08715117299509112,0,CRWD
2025-08-14,106.21499633789062,108.75,104.95249938964844,108.08499908447266,11646400,109.09149856567383,118.02429962158203,109.91409201471069,113.21297903226892,30.5122883857194,-3.298887017558229,-2.6827339424002847,-0.6161530751579445,-0.01680091143122442,0.025631922816219527,0.18304823046605168,-0.10005823649498657,0,CRWD
2025-08-15,106.9749984741211,107.23300170898438,105.75,106.31999969482422,9057600,108.6224983215332,117.86099960327148,109.46192377769691,112.75090639833205,29.736405276642756,-3.2889826206351387,-2.803983678047256,-0.4849989425878829,0.007155318574909586,0.02564094106101432,-0.2222832806704218,-0.09236304770698911,0,CRWD
2025-08-18,106.58499908447266,107.24250030517578,105.42475128173828,106.5,9010800,107.90949859619141,117.6779995727539,109.01931997873933,112.29417252323135,31.195383714248806,-3.2748525444920205,-2.8981574513362087,-0.37669509315581173,-0.0036457059613119736,0.02442634622975003,-0.0051669316375199115,-0.0942657126103087,0,CRWD
2025-08-19,104.6500015258789,109.0,103.9749984741211,107.75,11147200,107.3307487487793,117.42894958496093,108.34711713983774,111.72793763453858,29.663105677837038,-3.380820494700842,-2.9946900600091357,-0.38613043469170627,-0.018154501808084533,0.023544684972800087,0.23709326585874724,-0.10882280821081802,0,CRWD
2025-08-20,104.7925033569336,105.23500061035156,102.32749938964844,104.3562469482422,8850400,106.5177490234375,117.20284957885742,107.80025348092941,111.2142017621234,32.56501293961087,-3.4139482811939814,-3.078541704246105,-0.33540657694787646,0.0013616992735490108,0.02166365964382466,-0.20604277307305874,-0.10588775159066244,1,CRWD
2025-08-21,103.51499938964844,104.48249816894533,103.41500091552734,104.44750213623048,7201600,106.24424896240234,116.93489959716797,107.14098362073234,110.6438904752734,33.488651894040444,-3.5029068545410524,-3.1634147343050945,-0.339492120235958,-0.01219079539434087,0.012196867424463957,-0.18629666455753413,-0.1147638579564364,1,CRWD
2025-08-22,105.1374969482422,105.99825286865234,103.13774871826172,103.75,8809200,106.14574890136718,116.65274948120117,106.83275490188771,110.2360094732711,32.316259094558276,-3.4032545713833855,-3.2113827017207526,-0.19187186966263292,0.01567403340733642,0.01350009346628793,0.22322817151744068,-0.09871394017004864,1,CRWD
2025-08-25,104.7074966430664,106.5,104.6312484741211,105.65249633789062,9653200,105.9557487487793,116.33824935913086,106.50579209283828,109.82649000436705,36.61527297042307,-3.320697911528768,-3.233245743682356,-0.08745216784641219,-0.004089885318341535,0.013391076079054043,0.09580892703083133,-0.09997359234933001,0,CRWD
2025-08-26,104.4000015258789,106.25,104.1750030517578,104.83000183105467,12586800,105.50074920654296,116.0231494140625,106.18182431330607,109.4245278948494,27.83773585055397,-3.2427035815433385,-3.2351373112545523,-0.007566270288786203,-0.0029367058429036197,0.010499444775348985,0.30389922512741885,-0.10017955853536609,0,CRWD
2025-08-27,105.65249633789062,106.85375213623048,104.99500274658205,105.4000015258789,32478400,105.26299896240235,115.73924926757813,106.10038924016523,109.1451181498895,47.836306813660926,-3.0447289097242702,-3.197055630948496,0.15232672122422564,0.011997076568061704,0.011522853049253254,1.5803540216734993,-0.08715066836460894,0,CRWD
2025-08-28,110.5,110.5425033569336,102.3125,102.5,39927200,105.69149932861328,115.48909927368165,106.77725243398596,109.2454797684162,61.813529366225765,-2.468227334430239,-3.0512899716448447,0.5830626372146059,0.04588158188526292,0.01793845626990233,0.22934627321542944,-0.043199741837614214,0,CRWD
2025-08-29,105.9250030517578,112.0,105.09750366210938,111.21624755859376,21940400,105.58649978637695,115.18179931640626,106.64613714441239,108.99951853014521,48.491222862385754,-2.353381385732817,-2.9117082544624395,0.5583268687296226,-0.0414026873144091,0.02290553458493467,-0.4504898916027169,-0.08036683156181545,1,CRWD
2025-09-02,103.375,104.50499725341795,101.92375183105467,104.27725219726562,15051200,105.26549987792968,114.8677993774414,106.14288527604126,108.58288752791223,37.78751874341097,-2.440002251870979,-2.8173670539441473,0.37736480207316836,-0.024073665124293653,0.024073557775318208,-0.31399609852144905,-0.10005240319506326,1,CRWD
2025-09-03,103.3000030517578,103.62000274658205,101.06999969482422,103.24624633789062,12146000,105.13050003051758,114.47474945068359,105.70551877999765,108.1915627519008,39.24022600784043,-2.4860439719031575,-2.7511024375359496,0.2650584656327921,-0.0007254843844469727,0.023460986275153285,-0.19302115445944512,-0.09761756590469706,1,CRWD
2025-09-04,103.11499786376952,103.87249755859376,100.66500091552734,103.3000030517578,11053600,104.96274948120117,114.11014938354492,105.30697710057794,107.81552090833553,42.38329556126665,-2.50854380775759,-2.702590711580278,0.19404690382268797,-0.0017909504600458481,0.02344614784829133,-0.08993907459245842,-0.09635559658079762,1,CRWD
2025-09-05,104.40750122070312,104.52799987792967,101.76499938964844,103.51750183105467,8677200,105.05199966430663,113.72784942626953,105.16859619598182,107.56307500554794,43.852514567366846,-2.394478809566124,-2.6409683311774472,0.24648952161132343,0.012534581619651597,0.023481434121672976,-0.21498878193529714,-0.08195308583240946,1,CRWD
2025-09-08,107.01499938964844,107.21125030517578,104.1050033569336,104.75,10183200,105.23974990844727,113.34204940795898,105.45265822577667,107.52247681177762,50.930736652769724,-2.069818586000949,-2.5267383821421476,0.4569197961411988,0.024974241682438336,0.02429266241951492,0.17355829069285034,-0.055822618801758206,1,CRWD
2025-09-09,105.87750244140624,107.75174713134766,105.15750122070312,107.0425033569336,8507200,105.35675048828125,112.96294952392579,105.51801887433507,107.40062685841679,52.751935955840636,-1.8826079840817158,-2.3979123025300617,0.5153043184483459,-0.010629322569077448,0.024562435470008574,-0.16458480634771,-0.06272363737296749,1,CRWD
2025-09-10,106.21749877929688,108.45175170898438,105.5425033569336,106.89125061035156,9115200,105.53850021362305,112.54074951171874,105.62563116740611,107.31298774144493,53.16665756790416,-1.687356574038816,-2.255801156831813,0.5684445827929969,0.0032112236315622322,0.024519206996316673,0.07146887342486363,-0.05618632148672009,1,CRWD
2025-09-11,108.34500122070312,109.56500244140624,106.7750015258789,107.0625,9647600,105.8077507019043,112.24729949951171,106.04399579099027,107.38943318435295,60.34262039581376,-1.3454373933626869,-2.0737284041379875,0.7282910107753007,0.020029679345273,0.025009857460957352,0.05840793400035116,-0.034765186300322215,1,CRWD
2025-09-12,109.0250015258789,110.75,108.75,108.84750366210938,11058800,105.66025085449219,111.94729949951171,106.50261205789621,107.51058639483635,58.674563627108604,-1.007974336940137,-1.8605775906984177,0.8526032537582806,0.006276249919371812,0.020079599863621938,0.14627472117417795,-0.026104229281971647,1,CRWD
2025-09-15,111.19249725341795,112.21749877929688,109.1875,110.3937530517578,11517600,106.1870002746582,111.60064956665039,107.22413285720725,107.78332053250907,63.42928879917789,-0.5591876753018141,-1.6002996076190972,1.041111932317283,0.01988072182713574,0.015188950869687575,0.04148732231345176,-0.0036572575053757106,1,CRWD
2025-09-16,111.24500274658205,112.08000183105467,108.6999969482422,111.1999969482422,11632000,106.9740005493164,111.29824966430664,107.84272822480338,108.03974143725522,64.32608077769366,-0.19701321245183578,-1.319642328585645,1.1226291161338091,0.0004722035610409403,0.011512535416959506,0.009932624852399874,-0.00047841648799684666,1,CRWD
2025-09-17,111.375,113.5,108.58499908447266,111.25,15491200,107.78150024414063,110.98719970703125,108.38615465175671,108.28679762708816,62.567262988651464,0.09935702466854934,-1.035842457934806,1.1351994826033553,0.0011685671284857868,0.011378373463934752,0.3317744154057771,0.0034940992654324265,1,CRWD
2025-09-18,125.65750122070312,126.05500030517578,115.52999877929688,117.2312469482422,40482000,110.03575057983399,110.93279968261719,111.04328489313308,109.57351641180038,73.53466579922599,1.469768481332693,-0.5347202700813063,2.0044887514139993,0.128237945864899,0.03935094417227368,1.6132255732286715,0.13273532787610032,0,CRWD
2025-09-19,125.6374969482422,126.79900360107422,123.95249938964844,124.75,28371200,112.15875015258788,111.00999969482422,113.28854828622678,110.76344089598126,85.64967738410417,2.525107390245523,0.07724526198405962,2.4478621282614634,-0.0001591968029491797,0.03984225509837177,-0.299165061014772,0.1317673839620772,0,CRWD
2025-09-22,123.28500366210938,125.0749969482422,121.5824966430664,124.0,15501600,113.78575057983399,111.08344970703125,114.82646449790103,111.6909640638426,86.26594877159778,3.1355004340584287,0.6888962963989336,2.446604137659495,-0.018724452040794537,0.041517589944119734,-0.4536149334536431,0.10984133088464754,0,CRWD
2025-09-23,121.0250015258789,123.76499938964844,120.2750015258789,123.28500366210938,10938000,115.30050048828124,111.12304977416993,115.7800855791284,112.38237424621566,79.90551239483676,3.397711332912735,1.2306593037016937,2.167052029211041,-0.01833152507684166,0.042112579724709456,-0.29439541724725193,0.08910799129282587,1,CRWD
2025-09-24,119.0824966430664,121.73999786376952,118.62000274658205,120.59750366210938,8872800,116.58700027465821,111.13829971313477,116.28814881973423,112.87867960894533,75.43202651580512,3.409469210788899,1.666421285119135,1.743047925669764,-0.016050442952459942,0.04310026534147053,-0.1888096544157981,0.07148028132909046,1,CRWD
2025-09-25,118.27249908447266,120.3874969482422,117.25,119.2249984741211,10859200,117.57975006103516,111.15149963378906,116.59343347584783,113.27822179231774,72.4280162460955,3.3152116835300944,1.996179364801327,1.3190323187287674,-0.006801986701887919,0.04339836834024737,0.22387521413758904,0.06406570738267292,1,CRWD
2025-09-26,120.3550033569336,120.9250030517578,117.57250213623048,118.0250015258789,9438800,118.71275024414062,111.2094497680664,117.17213653447641,113.80242783414113,71.95162585060146,3.3697087003352806,2.270885231908118,1.0988234684271627,0.017607679626128192,0.04344993695044034,-0.1308015323412406,0.08223719843898847,1,CRWD
2025-09-29,122.1125030517578,122.625,120.6624984741211,121.6050033569336,8791600,119.80475082397462,111.27189987182618,117.93219292175047,114.417988961372,76.18125794805368,3.5142039603784667,2.519548977602188,0.9946549827762787,0.014602630931861205,0.04335838815734693,-0.06856803830995462,0.09742444581622922,1,CRWD
2025-09-30,122.59500122070312,122.72025299072266,119.8134994506836,121.6050033569336,9152800,120.93975067138672,111.31589996337891,118.64954804466626,115.0236935731743,76.29023021305719,3.6258544714919623,2.740810076380143,0.8850443951118194,0.003951259345988722,0.04328553756289591,0.041084671732107836,0.10132515894885508,0,CRWD
2025-10-01,124.98999786376952,125.2092514038086,121.33999633789062,121.9375,10049600,122.30125045776367,111.45954986572265,119.62500186298983,115.76193833544062,76.4921154830197,3.8630635275492153,2.9652607666139574,0.8978027609352579,0.019535842564696093,0.04323287907932811,0.09798094572152793,0.12139334865740303,1,CRWD
2025-10-02,124.1999969482422,125.56749725341795,123.08625030517578,125.3062515258789,10355200,122.15550003051757,111.63594985961915,120.32884726072098,116.38697971416667,74.06819141611484,3.941867546554306,3.160582122602027,0.7812854239522791,-0.0063205130732809645,0.014680325376958006,0.030409170514249295,0.11254481288887841,1,CRWD
2025-10-03,122.47000122070312,125.46749877929688,121.5749969482422,124.95999908447266,7934000,121.83875045776367,111.77519989013672,120.6582555622567,116.83757389983604,68.13832475069952,3.820681662420654,3.292602030565752,0.5280796318549017,-0.013929112480252415,0.015221327627280134,-0.2338148949320148,0.09568134381399696,1,CRWD
2025-10-06,123.9875030517578,125.875,123.59500122070312,123.87750244140624,7797600,121.90900039672852,111.9153498840332,121.1704474837184,117.36719828145988,69.57223122861794,3.8032492022585274,3.394731464904307,0.40851773735422015,0.012390804408664913,0.014695161848788909,-0.017191832619107617,0.10786860944663768,1,CRWD
2025-10-07,121.15499877929688,124.46399688720705,119.12999725341795,124.25,11430000,121.92200012207032,111.97754989624023,121.16807075996124,117.64777609611448,63.870369344445656,3.520294663846755,3.419844104692797,0.10045055915395817,-0.022845078759901383,0.0153960775775937,0.46583564173591885,0.08195793613595392,1,CRWD
2025-10-08,127.4875030517578,127.5,122.5824966430664,122.94249725341795,14470000,122.76250076293945,112.19974990844726,122.14029111254533,118.37664475949546,53.35103698823276,3.7636463530498645,3.488604554364211,0.2750417986856535,0.052267791971147615,0.02137408887778123,0.26596675415573046,0.13625478805242475,0,CRWD
2025-10-09,127.28250122070312,127.86499786376952,125.4749984741211,127.4875030517578,8815200,123.6635009765625,112.4296499633789,122.93140035995421,119.03633783069603,52.992004262912914,3.8950625292581833,3.569896149343006,0.3251663799151774,-0.0016080151085197114,0.021061004762726262,-0.3907947477539737,0.13210795606107606,0,CRWD
2025-10-10,123.41500091552734,129.3524932861328,123.32174682617188,127.25,12570400,123.96950073242188,112.62509994506836,123.005800445427,119.36068324438725,50.224094461885265,3.645117201039753,3.5849403596823555,0.060176841357397315,-0.030385168959476072,0.0238074531438599,0.42599146928033393,0.09580369718403481,0,CRWD
2025-10-13,127.15249633789062,127.79499816894533,124.375,125.2874984741211,9362400,124.47350006103515,112.93484985351563,123.64375365965218,119.93785458464676,60.050838426061176,3.7058990750054193,3.6091321027469685,0.09676697225845077,0.030283963818316106,0.025152190372827423,-0.2552026984025966,0.12589246368872198,0,CRWD
2025-10-14,122.23500061035156,125.13500213623048,121.89749908447266,125.02375030517578,11074000,124.4375,113.10524993896485,123.42702242129823,120.10801354951377,54.71120717864359,3.3190088717844617,3.551107456554467,-0.23209858477000544,-0.038674000661941266,0.028599843817622678,0.18281637187046051,0.08071907074440321,1,CRWD
2025-10-15,122.25499725341795,123.875,121.19499969482422,123.5,6923200,124.16399993896485,113.3415998840332,123.24671085700896,120.2670493794326,56.0955057623043,2.9796614775763572,3.4368182607588453,-0.4571567831824881,0.00016359179422043013,0.027779258653002167,-0.37482391186563124,0.07864188769617342,1,CRWD
2025-10-16,120.55750274658205,124.57749938964844,118.84700012207033,122.43250274658205,8683200,123.79975051879883,113.49429992675782,122.83298653232791,120.2885644436659,50.31363661071107,2.544422088662003,3.258339026339477,-0.7139169376774741,-0.013884868062425615,0.02801602697510286,0.2542177027963948,0.06223398729612306,1,CRWD
2025-10-17,121.1624984741211,121.5,118.8550033569336,119.50375366210938,7707200,123.66900024414062,113.79254989624023,122.57598836952687,120.3533002977737,48.47413246528601,2.2226880717531685,3.0512088354222158,-0.8285207636690473,0.005018316685032609,0.02780628105546836,-0.1124009581721025,0.06476652983522224,1,CRWD
2025-10-20,125.90249633789062,126.11125183105467,121.6125030517578,121.63249969482422,11280400,123.86049957275391,114.18814987182617,123.08775882619821,120.76435185630088,54.67325585105605,2.3234069698973343,2.90564846231724,-0.5822414924199055,0.03912099802714075,0.030373697430200707,0.46361843471040065,0.10258810988017197,1,CRWD
2025-10-21,125.9875030517578,126.9000015258789,124.5875015258789,125.30999755859376,5763600,124.34375,114.57574996948242,123.53387332243815,121.15125194485324,51.50783075575714,2.382621377584911,2.8010430453707746,-0.4184216677858634,0.0006751789387799967,0.029125708810851473,-0.48906067160738986,0.09960007318577402,1,CRWD
2025-10-22,125.02749633789062,126.33999633789062,122.9175033569336,125.66999816894533,6721200,124.09774932861328,114.8972999572754,123.7636614786616,121.43838115915231,51.24445364375181,2.3252803195092895,2.7058905001984774,-0.38061018068918795,-0.007619856657312907,0.023844442758887332,0.16614615865084326,0.08816740153495473,1,CRWD
2025-10-23,130.4949951171875,130.6074981689453,124.99500274658205,124.99500274658205,12589200,124.41899871826172,115.3465998840332,124.79925126920405,122.1092414523401,60.848984404556596,2.690009816863949,2.702714363531572,-0.012704546667622996,0.0437303708339547,0.027837929569617177,0.8730583824317086,0.1313293607994006,1,CRWD
2025-10-24,131.8300018310547,133.8800048828125,130.46749877929688,132.1999969482422,10202000,125.26049880981445,115.85889999389649,125.88090520179645,122.82929777668932,60.654843568671744,3.051607425107136,2.772492975846685,0.2791144492604509,0.010230328854132109,0.025298362768434963,-0.18962285133288848,0.13784958978550255,1,CRWD
2025-10-27,132.4250030517578,133.5850067138672,131.30999755859375,133.13499450683594,7728800,125.78774948120117,116.36790008544922,126.88768948640589,123.54009076002772,66.3026232842969,3.347598726378166,2.8875141259529813,0.46008460042518484,0.004513397651815465,0.02392758805273401,-0.24242305430307787,0.1379856726341011,1,CRWD
2025-10-28,136.73500061035156,138.41000366210938,133.9949951171875,134.20249938964844,13469600,127.23774948120118,116.9709001159668,128.40266042855137,124.51749148968133,64.20834105045009,3.885168938870038,3.0870450885363927,0.7981238503336452,0.032546705374884466,0.019979830938914606,0.7427802504916676,0.16896596054907942,0,CRWD
2025-10-29,136.375,137.25,133.3249969482422,135.25,7122400,128.64974975585938,117.60540008544922,129.62917420877423,125.39582545340863,63.903968662485696,4.233348755365597,3.316305821902234,0.917042933463363,-0.002632834378503035,0.020173967683454745,-0.4712240898022213,0.15959811284952252,0,CRWD
2025-10-30,134.6699981689453,137.4949951171875,133.5262451171875,135.77749633789062,7819600,130.0609992980957,118.20294998168946,130.4046855872621,126.08280121011505,68.42966876655154,4.321884377147043,3.517421532951196,0.804462844195847,-0.012502304902325845,0.019987056456577553,0.0978883522408176,0.1393116516111208,0,CRWD
2025-10-31,135.75250244140625,137.375,134.3249969482422,135.6024932861328,7492400,131.5199996948242,118.84770004272461,131.2274266417458,126.79907537539589,65.42325071258756,4.428351266349921,3.6996074796309415,0.7287437867189794,0.008038199206796826,0.019904106674851138,-0.04184357256125637,0.14223920524002165,0,CRWD
2025-11-03,137.97999572753906,138.95249938964844,136.27499389648438,137.3300018310547,7642000,132.72774963378907,119.50455001831055,132.26628342417553,127.62729169777685,81.25246842236625,4.638991726398672,3.887484328984488,0.7515073974141839,0.016408487844224107,0.017575698674348463,0.019966899791789006,0.1546003537639169,1,CRWD
2025-11-04,133.47999572753906,137.3699951171875,132.77499389648438,134.94749450683594,10020400,133.47699890136718,120.08,132.45300839392377,128.0608253296111,68.91640761787316,4.392183064312661,3.988424076050123,0.4037589882625383,-0.03261342324495997,0.0219956108706607,0.3112274273750326,0.11159223623866632,1,CRWD
2025-11-05,133.53500366210938,133.79750061035156,131.5,132.97000122070312,6584800,134.32774963378907,120.66270004272461,132.61946920441386,128.46632002090726,73.15135494306303,4.153149183506599,4.0213690975414185,0.13178008596518076,0.0004121062056563485,0.021585426541641535,-0.342860564448525,0.10668005617997034,1,CRWD
2025-11-06,133.1300048828125,135.0,129.27499389648438,131.6699981689453,12399600,134.59125061035155,121.21225021362305,132.69801315493675,128.81177815882617,71.5030039131888,3.8862349961105735,3.9943422772552495,-0.10810728114467594,-0.003032903494889383,0.01734856567899497,0.8830640262422549,0.09832137138107533,0,CRWD
2025-11-07,134.95249938964844,135.56500244140625,129.77499389648438,131.6649932861328,9708400,134.90350036621095,121.70130020141602,133.04485719104625,129.26664639814635,68.1653877512017,3.7782107928998983,3.9511159803841793,-0.17290518748428108,0.013689584916940278,0.0175610672021142,-0.21703925933094614,0.10888297139226655,0,CRWD
2025-11-10,139.38250732421875,139.7449951171875,136.0625,136.9550018310547,8658000,135.59925079345703,122.37045028686524,134.01988028845741,130.01596942970727,72.8935140150747,4.003910858750146,3.9616749560573727,0.04223590269277322,0.032826423775817126,0.02003323555255781,-0.10819496518478844,0.13902095642757906,0,CRWD
2025-11-11,139.1824951171875,139.625,137.80250549316406,138.80499267578125,5423200,135.84400024414063,123.08660018920898,134.81412872364666,130.6949713324836,74.8376663364481,4.119157391163071,3.9931714430785124,0.12598594808455887,-0.0014349878680687267,0.017639690311889097,-0.3736197736197736,0.130768864386829,0,CRWD
2025-11-12,136.46499633789062,141.72500610351562,136.25,140.27499389648438,7966000,135.85299987792968,123.74990005493164,135.06810835660727,131.12238059214337,61.59447519182373,3.9457277644638964,3.983682707355589,-0.03795494289169277,-0.019524716646362905,0.018888271949877494,0.4688744652603629,0.1027483357749368,0,CRWD
2025-11-13,132.44500732421875,135.96249389648438,131.53500366210938,135.24749755859375,9624000,135.63050079345703,124.33650024414062,134.66455435162442,131.2203529426675,51.08161329848984,3.4442014089569284,3.875786447675857,-0.4315850387189286,-0.029458023094202757,0.020820142824612396,0.2081345719307055,0.06521421355882384,0,CRWD
2025-11-14,134.3874969482422,136.00999450683594,127.2624969482422,130.61749267578125,7769200,135.49400024414064,124.9361001586914,134.62193013571945,131.4549562023397,53.29526343352645,3.166973933379751,3.734023944816636,-0.5670500114368853,0.014666386172400792,0.021257350880256924,-0.19272651704073152,0.07564984642185735,0,CRWD
2025-11-17,132.44500732421875,135.16749572753906,131.64500427246094,134.25,5581200,134.94050140380858,125.44470031738281,134.28701893395012,131.52829332247887,42.17439784539795,2.758725611471249,3.5389642781475588,-0.7802386666763099,-0.014454392470540367,0.020713807549305192,-0.28162487772228806,0.055803927859245706,0,CRWD
2025-11-18,128.41749572753906,132.83250427246094,128.25,131.2050018310547,10292000,134.4342514038086,125.89550018310547,133.38401536373303,131.29786387100185,37.19732213217983,2.086151492731176,3.2484017210642824,-1.1622502283331064,-0.030408934833009882,0.020383271603025194,0.8440478750089586,0.020032451841134558,0,CRWD
2025-11-19,130.1475067138672,131.4949951171875,127.32274627685548,128.34249877929688,6087600,134.0955017089844,126.37410034179688,132.88609095606137,131.2126522297326,42.72969984310717,1.6734387263287545,2.933409122117177,-1.2599703957884225,0.013471770155046858,0.02108045931179425,-0.4085114652157015,0.029859016696178964,0,CRWD
2025-11-20,125.32749938964844,134.8300018310547,125.03250122070312,133.13999938964844,9932400,133.31525115966798,126.71375030517578,131.72323071507478,130.77671498231896,35.038749165124656,0.9465157327558131,2.536030444244904,-1.589514711489091,-0.03703495707232918,0.023770549350178083,0.631578947368421,-0.010940019628404296,1,CRWD
2025-11-21,122.6675033569336,125.25,119.3874969482422,124.47750091552734,12254800,132.08675155639648,126.98660034179687,130.33004189074535,130.17603263969784,28.294016381156155,0.15400925104751195,2.0596262056054258,-1.9056169545579138,-0.02122436054073662,0.02315138829080835,0.23382062744150467,-0.03401222627614253,1,CRWD
2025-11-24,126.70500183105467,127.29750061035156,123.50749969482422,124.54000091552734,10596800,130.8190010070801,127.2968504333496,129.7723434200237,129.918919246465,40.26861332682243,-0.14657582644130684,1.6183857991960795,-1.7649616256373863,0.032914165232277526,0.023169119702909722,-0.1352939256454614,-0.004649357782852692,1,CRWD
2025-11-25,128.0850067138672,128.42750549316406,123.25250244140624,125.9250030517578,6608800,129.70925216674806,127.63365051269531,129.5127531575381,129.78307387368,42.45884118533333,-0.2703207161418959,1.2406444961284844,-1.5109652122703803,0.010891479127655757,0.0239458975850003,-0.37634002717801596,0.003536341704235557,1,CRWD
2025-11-26,125.38500213623048,128.75,124.25,128.25,8855200,128.60125274658202,127.91385055541993,128.87771453887538,129.45729078201708,39.923237561937945,-0.5795762431417018,0.8766003482744472,-1.456176591416149,-0.021079786361477337,0.024033827407763275,0.33991042246701375,-0.019769934281618662,1,CRWD
2025-11-28,127.29000091552734,127.67250061035156,125.48500061035156,126.34249877929688,4075600,128.08575210571288,127.94650054931641,128.63345090451415,129.29675079190673,40.05193829608394,-0.6632998873925828,0.5686203011410412,-1.231920188533624,0.015193194934327803,0.02378621982809832,-0.5397506549823832,-0.005131047984669346,1,CRWD
2025-12-01,126.03250122070312,126.68499755859376,123.75250244140624,125.80374908447266,8234400,127.25025253295898,127.95440063476562,128.23330479931246,129.05495452737313,31.11205189195536,-0.8216497280606632,0.29056629530070033,-1.1122160233613636,-0.009879013950661597,0.022930681678510263,1.0204141721464324,-0.015020190040578418,1,CRWD
2025-12-02,129.1374969482422,130.25,126.75,128.36749267578125,20221200,126.91950149536133,128.07145050048828,128.3724112837632,129.06106878077082,36.867565104706934,-0.6886574970076254,0.0947215368390352,-0.7833790338466605,0.024636468351141527,0.02462890387020287,1.455698047216555,0.008323841446223446,1,CRWD
2025-12-03,131.04249572753906,131.25,121.5749969482422,124.49749755859376,22315200,127.18200149536133,128.2718003845215,128.78319350588256,129.2078411471981,42.75696077248432,-0.4246476413155449,-0.009152298791880814,-0.41549534252366405,0.014751709025771165,0.022977309320557762,0.10355468518188826,0.021600190647607764,0,CRWD
2025-12-04,128.27999877929688,131.3175048828125,127.56500244140624,130.9774932861328,9909200,126.9952507019043,128.4557504272461,128.70577893256169,129.13911208290912,44.2432505963265,-0.4333331503474369,-0.09398846910299204,-0.3393446812444449,-0.021080924420013414,0.023691531138240223,-0.5559439305943931,-0.0013681882466505257,1,CRWD
2025-12-05,128.00750732421875,131.72250366210938,127.08000183105467,129.03500366210938,10517600,127.26325149536133,128.650450592041,128.59835253127815,129.05528950819132,40.754979392567165,-0.4569369769131697,-0.1665781706650276,-0.29035880624814214,-0.0021241928412155664,0.02012686821415462,0.06139748920195376,-0.004997598258408509,0,CRWD
2025-12-08,128.79750061035156,130.0749969482422,127.2249984741211,128.25,6642000,127.87625122070312,128.81930053710937,128.62899069728945,129.03619403427726,44.53188549677691,-0.40720333698780564,-0.2147032039295832,-0.19250013305822244,0.006171460585760125,0.01835563460369575,-0.368487107324865,-0.0001692287309968954,0,CRWD
2025-12-09,129.4949951171875,132.4739990234375,127.93250274658205,128.0574951171875,8143200,128.1552505493164,128.96695037841798,128.76222214650454,129.07017929967802,51.79448696198427,-0.3079571531734757,-0.2333539937783617,-0.07460315939511403,0.005415435109614952,0.015563089607823068,0.22601626016260168,0.0040944190524792035,0,CRWD
2025-12-10,129.88499450683594,130.40249633789062,126.13500213623048,129.0,9437200,128.3352493286133,129.1127502441406,128.93495635578628,129.13053598168972,49.54238230388858,-0.19557962590343436,-0.22579912020337625,0.03021949429994189,0.003011694693648259,0.01527600715214933,0.15890558994007264,0.005981161901013499,0,CRWD
2025-12-11,129.41250610351562,132.04750061035156,128.12750244140625,129.16749572753906,8006000,128.7379997253418,129.20120040893553,129.00842554774465,129.15142265738052,58.393288003130145,-0.1429971096358713,-0.2092387180898753,0.06624160845400398,-0.0036377443377066943,0.01327603840011068,-0.1516551519518501,0.0016354777967331202,0,CRWD
2025-12-12,126.19499969482422,129.35899353027344,124.69000244140624,129.1024932861328,10710800,128.62849960327148,129.24110046386718,128.57559080114152,128.93242836385784,57.085468319854755,-0.35683756271632205,-0.23875848701516467,-0.11807907570115739,-0.02486240708543086,0.01517734200528881,0.33784661503872093,-0.023569133643322582,0,CRWD
2025-12-15,121.86750030517578,127.25250244140624,121.85749816894533,127.25250244140624,8739600,128.21199951171874,129.22905044555665,127.54357687868526,128.40910035951103,40.39510203389145,-0.8655234808257717,-0.3641114857772861,-0.5014119950484857,-0.03429216213093689,0.018423495953745907,-0.18403854053852187,-0.05696513372960399,0,CRWD
2025-12-16,122.13249969482422,122.86000061035156,120.5,121.62100219726562,7034800,127.51149978637696,129.19195037841797,126.71110346578357,127.94416697694163,37.633706770270805,-1.2330635111580648,-0.5379018908534419,-0.6951616203046229,0.00217448777553364,0.015840668536765426,-0.19506613574991993,-0.054643115634649186,0,CRWD
2025-12-17,117.50499725341795,122.61000061035156,117.45874786376952,122.35250091552734,9269200,126.15774993896484,129.11895034790038,125.29477943311193,127.1708951455695,34.84320905185818,-1.876115712457576,-0.8055446551742688,-1.0705710572833071,-0.03788919782178479,0.017080577112578158,0.3176209700346848,-0.08994770375060812,1,CRWD
2025-12-18,119.31500244140624,120.51000213623048,118.47750091552734,119.9250030517578,7340400,125.26125030517578,128.95550033569336,124.37481374208028,126.58897716748334,34.60423281638971,-2.2141634254030578,-1.0872684092200267,-1.1268950161830311,0.015403644358075397,0.01846037160923688,-0.20808699779916284,-0.07475833034799795,1,CRWD
2025-12-19,120.31999969482422,122.3012466430664,119.65750122070312,120.0,18650800,124.49249954223633,128.81625030517577,123.75099619634857,126.12460846580488,38.863420358661564,-2.3736122694563164,-1.3445371812672846,-1.0290750881890318,0.00842305856643244,0.01906528979306177,1.5408424609013132,-0.06595635713835224,0,CRWD
2025-12-22,120.78500366210938,121.46749877929688,118.7125015258789,119.94499969482422,9213200,123.69124984741211,128.76365036010742,123.29468965261947,125.72908218404966,31.848306625866,-2.4343925314301913,-1.562508251299866,-0.8718842801303253,0.003864727131520862,0.018914914910694254,-0.5060158277392928,-0.061963501933072984,0,CRWD
2025-12-23,119.70999908447266,120.89749908447266,118.375,120.62249755859376,8212000,122.71275024414062,128.61480041503907,122.7431987959815,125.28322417667358,24.450444072219867,-2.540025380692086,-1.75801167717831,-0.7820137035137757,-0.008900149398049395,0.01847139745544491,-0.10867016888811709,-0.06923620999939883,0,CRWD
2025-12-24,119.27749633789062,119.5,117.6685028076172,119.2074966430664,2980400,121.6520004272461,128.55565032958984,122.21001380242905,124.83835544787485,27.320801860500907,-2.6283416454458006,-1.9320776708318084,-0.6962639746139923,-0.0036129208076999264,0.01816192625914977,-0.6370677057963956,-0.0721722768926295,0,CRWD
2025-12-26,120.29750061035156,120.53874969482422,118.7874984741211,119.25,4602800,120.7404998779297,128.5165003967285,121.9157810036479,124.50199583028052,31.28184933993427,-2.5862148266326273,-2.0629051019919724,-0.5233097246406548,0.008551523160508445,0.018905850663551698,0.5443564622198362,-0.06395287578641662,0,CRWD
2025-12-29,118.97750091552734,120.82250213623048,118.65850067138672,119.5737533569336,5258400,120.01875,128.48490036010742,121.4637379131678,124.09277398474325,26.757405566187572,-2.6290360715754417,-2.1761312959086663,-0.45290477566677545,-0.010972794015893572,0.017942721299586604,0.1424350395411489,-0.07399623938636746,0,CRWD
2025-12-30,118.90750122070312,119.52999877929688,118.05924987792967,119.0,4672400,119.72275009155274,128.43980041503906,121.0704707297117,123.70867970592546,24.173710755029532,-2.638208976213761,-2.2685468319696853,-0.36966214424407573,-0.0005883439665951284,0.014885404911073949,-0.11144074243115776,-0.07421608538422952,1,CRWD
2025-12-31,117.19000244140624,119.01499938964844,117.0999984741211,118.99500274658205,6644000,119.22850036621094,128.26555053710936,120.47347560843393,123.22581472336849,20.916414742394053,-2.752339114934557,-2.3653052885626598,-0.3870338263718973,-0.014443990174421883,0.015246861128124782,0.4219672973204349,-0.08634857956266895,0,CRWD
2026-01-02,113.3949966430664,118.5,112.3637466430664,118.5,13300000,118.81750030517578,128.01370040893553,119.38447884453123,122.49760597667944,18.152916580833903,-3.1131271321482075,-2.5148696572797693,-0.5982574748684382,-0.0323833579595435,0.013930334208597957,1.0018061408789887,-0.11419640022255562,1,CRWD
2026-01-05,114.1374969482422,116.62249755859376,113.75125122070312,114.65750122070312,10462800,118.29974975585938,127.79590042114258,118.57725086048676,121.87833864123964,23.409438196500233,-3.30108778075288,-2.672113281974392,-0.6289744987784882,0.006547910641180765,0.012835986309057537,-0.2133233082706767,-0.10687669501048191,1,CRWD
2026-01-06,114.58000183105467,115.11499786376952,112.82250213623048,114.4437484741211,9360400,117.72574996948242,127.47760055541993,117.96228947134335,121.33772109974446,30.605489744444583,-3.3754316284011026,-2.812776951259734,-0.5626546771413685,0.0038769457421441444,0.012406605598523296,-0.10536376495775512,-0.10117541174426259,1,CRWD
2026-01-07,119.72750091552734,121.6374969482422,115.5709991455078,115.74250030517578,15868400,117.61999969482422,127.23555053710938,118.23386046275627,121.21844553054319,44.91973835108582,-2.9845850677869237,-2.847138574565172,-0.13744649322175162,0.04492493456286151,0.020040815948376218,0.6952694329302167,-0.059009055172769886,0,CRWD
2026-01-08,115.96749877929688,119.99749755859376,115.15750122070312,119.5500030517578,9822000,117.24574966430664,126.90640045166016,117.88518943453174,120.82948651193236,46.62866668027317,-2.94429707740062,-2.8665702751322617,-0.07772680226835815,-0.03140466565725197,0.022210098710243584,-0.3810340046885634,-0.08619661130905698,0,CRWD
2026-01-09,117.65249633789062,118.99500274658205,116.5625,118.04750061035156,9590000,117.08324966430663,126.52475036621094,117.84939049658695,120.59415390644779,46.334462391854665,-2.7447634098608376,-2.842208902077977,0.0974454922171395,0.014529912055795347,0.022880863551984834,-0.023620443901445687,-0.0701226756238651,0,CRWD
2026-01-12,116.74749755859376,117.15249633789062,114.9124984741211,115.0625,7755600,116.72824935913086,126.13220031738281,117.67986850612645,120.30921639919934,42.08836538334821,-2.6293478930728895,-2.7996367002769595,0.17028880720407003,-0.007692134102261328,0.02269250523709835,-0.19128258602711157,-0.07440370290199161,0,CRWD
2026-01-13,117.00499725341795,119.1374969482422,115.23500061035156,116.75,10773200,116.53099899291992,125.77890029907226,117.57604215955593,120.06445942543775,41.55117709832902,-2.4884172658818215,-2.737392813397932,0.2489755475161104,0.0022056121133984252,0.0225447780093064,0.3890865954922895,-0.06975655713948892,0,CRWD
2026-01-14,115.1750030517578,119.25,112.94000244140624,116.4499969482422,15019600,116.15774917602539,125.3673503112793,117.20665152758698,119.70227747183182,40.19460640750153,-2.4956259442448356,-2.6890394395673125,0.19341349532247687,-0.015640308060489216,0.022979673615872543,0.3941632941001745,-0.08129985386318317,0,CRWD
2026-01-15,113.75,118.07749938964844,112.5,115.98999786376952,11340000,115.81374893188476,124.88275039672851,116.6748589848813,119.2613680294739,38.5404902677207,-2.586509044592603,-2.668533360572371,0.08202431597976823,-0.012372502834815835,0.02287362041278384,-0.2449865509068151,-0.08914562148384708,0,CRWD
2026-01-16,113.47000122070312,114.9250030517578,110.90374755859376,114.1875,13751600,115.82124938964844,124.48255050659179,116.1818039442385,118.83237789549088,35.397286543417096,-2.650573951252383,-2.6649414787083736,0.014367527455990459,-0.002461527730082458,0.02038704839868234,0.21266313932980596,-0.08846661030861125,1,CRWD
2026-01-20,110.68250274658205,112.56625366210938,110.05774688720705,110.75650024414062,12926000,115.47574996948242,124.02550048828125,115.3357576061375,118.22868344001616,33.30650480702498,-2.8929258338786497,-2.710538349742429,-0.18238748413622075,-0.024565950860433117,0.02165418717827687,-0.0600366502806946,-0.10758269621302552,1,CRWD
2026-01-21,111.47000122070312,114.02999877929688,109.7925033569336,111.25,10747200,115.16474990844726,123.59230041503906,114.74102585453221,117.72804031265963,35.45232273838626,-2.987014458127419,-2.765833571419427,-0.22118088670799185,0.007114931941177183,0.021789902276210728,-0.16855949249574498,-0.09808296434023545,1,CRWD
2026-01-22,113.44249725341795,113.61750030517578,111.56999969482422,113.6125030517578,6058800,114.53624954223633,123.16210037231446,114.54125222359156,117.41059267864172,42.74231512217519,-2.869340455050164,-2.7865349481455746,-0.08280550690458943,0.017695308254365383,0.016178894309760137,-0.43624385886556494,-0.07891715949561184,0,CRWD
2026-01-23,113.12249755859376,114.71499633789062,112.35549926757812,113.67250061035156,7083200,114.25174942016602,122.63690017700195,114.32298227513036,117.09295600308262,49.39017748145369,-2.7699737279522623,-2.783222704106912,0.013248976154649927,-0.0028208096839524854,0.013318585264137761,0.1690763847626593,-0.0775818909698145,0,CRWD
2026-01-26,117.0824966430664,117.48999786376952,113.12249755859376,113.49749755859376,7828400,114.19474945068359,122.19490020751954,114.74752294712052,117.09218123567402,55.760956289462214,-2.3446582885535037,-2.6955098209962305,0.3508515324427268,0.03500629114400078,0.017214895013894886,0.10520668624350571,-0.04183810908451091,0,CRWD
2026-01-27,119.16500091552734,121.8000030517578,118.3499984741211,119.6187515258789,11338000,114.43649978637696,121.84890029907227,115.42713494226004,117.24572343418167,58.42831045028318,-1.8185884919216306,-2.520125555181311,0.7015370632596802,0.017786640464369174,0.017880609975829777,0.4483163864902151,-0.02202645552776783,0,CRWD
2026-01-28,117.29750061035156,121.75,117.22750091552734,119.86499786376952,9530000,114.46575012207032,121.54595016479492,115.7148835065818,117.24955878056463,44.92056591502852,-1.5346752739828275,-2.3230354989416147,0.7883602249587871,-0.0156715502943654,0.0187518646574136,-0.1594637502204974,-0.03495344393361688,0,CRWD
2026-01-29,111.15499877929688,115.3874969482422,107.84750366210938,115.18499755859376,20921200,114.06374969482422,121.08130020141601,115.0133627793072,116.79810989158183,40.85162667656745,-1.78474711227463,-2.2153778216082176,0.4306307093335877,-0.052366860326029885,0.024849269972530015,1.1952990556138512,-0.08198046606376841,0,CRWD
2026-01-30,110.35124969482422,112.18499755859376,109.5625,110.125,10381600,113.72387466430663,120.63942504882813,114.29611461246367,116.320564691822,35.639476796759126,-2.0244500793583313,-2.1771922731582403,0.15274219379990894,-0.0072308856398670684,0.024692599391782515,-0.5037760740301703,-0.08528037455284476,0,CRWD
2026-02-02,109.7125015258789,111.80999755859376,108.68599700927734,110.0,8294800,113.34812469482422,120.26532516479492,113.5909433683737,115.83107853138178,36.01669944785053,-2.240135163008077,-2.1897808511282078,-0.05035431187986905,-0.005788318398856074,0.024710663469007275,-0.20100947830777527,-0.08774618639625253,0,CRWD
2026-02-03,105.43250274658205,109.17725372314452,103.7624969482422,108.9800033569336,15339600,112.82312469482422,119.77102508544922,112.33579865732882,115.06081365843366,30.168797223686497,-2.725015001104836,-2.2968276811235335,-0.42818731998130266,-0.03901103994322197,0.026465827970579447,0.8493031778945845,-0.11971611939229487,0,CRWD
2026-02-04,103.83999633789062,105.49500274658205,100.3874969482422,102.98500061035156,18932000,112.06012420654297,119.34127502441406,111.02875214664601,114.2296420050601,30.416368767043508,-3.2008898584140866,-2.477640116581644,-0.7232497418324426,-0.015104511106211471,0.02631194668773375,0.23419124357871124,-0.129890339141695,1,CRWD
2026-02-05,94.29000091552734,104.07250213623048,93.62999725341795,103.69750213623048,24212800,110.1448745727539,118.77372497558594,108.45355964955084,112.7526315539836,23.748817201822106,-4.299071904432765,-2.8419264741518684,-1.4571454302808964,-0.09196837210286513,0.03604430394186944,0.27893513627720257,-0.20613754485759583,1,CRWD
2026-02-06,98.875,99.24749755859376,94.59249877929688,96.23500061035156,19772000,108.72012481689453,118.21712493896484,106.97993508808149,111.72465884628112,32.36040253405838,-4.744723758199626,-3.22248593096142,-1.522237827238206,0.048626567397960674,0.04164347327541711,-0.18340712350492305,-0.16361525412626243,1,CRWD
2026-02-09,102.01000213623048,102.6875,96.5634994506836,99.04624938964844,11303600,107.21287536621094,117.6956248474121,106.21533001856595,111.00505464553663,39.60568003341625,-4.789724626970681,-3.535933670163273,-1.2537909568074084,0.03170672198463187,0.04123567922358421,-0.42830265021242164,-0.13327277654982872,1,CRWD
2026-02-10,103.34750366210938,104.72000122070312,100.19499969482422,100.30249786376952,12485600,105.63112564086914,117.2548748779297,105.77412596372648,110.43782864676425,40.3915570985721,-4.663702683037769,-3.7614874727381724,-0.9022152102995968,0.013111474344375651,0.040873996272911765,0.10456845606709364,-0.11860804278115378,1,CRWD
2026-02-11,103.95249938964844,104.14749908447266,101.0999984741211,103.4250030517578,9883600,104.29662551879883,116.7881248474121,105.49387572156063,109.95743388697788,38.39853605168589,-4.463558165417254,-3.901901611273989,-0.5616565541432652,0.005853994592042389,0.04130384456143379,-0.20840007688857565,-0.10990522773213351,1,CRWD
2026-02-12,102.88500213623048,105.1675033569336,100.5719985961914,104.7249984741211,13990800,103.4696258544922,116.32517486572266,105.09251055458675,109.43355005358919,37.709351524807275,-4.341039499002434,-3.989729188819678,-0.35131031018275616,-0.010269086935722593,0.03870751263741296,0.4155570844631511,-0.1155396735487958,0,CRWD
2026-02-13,107.41000366210938,108.2125015258789,103.1449966430664,104.22750091552734,14146800,103.17550125122071,115.890625,105.44904795574408,109.28365772829439,38.54309430699434,-3.8346097725503085,-3.9587053055658044,0.12409553301549581,0.04398115791344703,0.04192844962169457,0.011150184406895969,-0.07317780310435484,0,CRWD
2026-02-17,103.57125091552734,106.47049713134766,100.00499725341795,105.89800262451172,17712400,102.56137619018554,115.34120010375976,105.16015610340304,108.86051648290425,32.267235252309874,-3.7003603795012054,-3.907036320352885,0.2066759408516794,-0.035739247888474046,0.043285940770426086,0.2520428648174853,-0.10204462219609556,0,CRWD
2026-02-18,103.94000244140624,105.44000244140624,100.5,102.4375,11010800,102.41212615966796,114.85440017700195,104.97244015540353,108.49603396131181,34.274196156093026,-3.523593805908277,-3.830347817463964,0.3067540115556868,0.0035603656672993367,0.04161762250128097,-0.3783564056818952,-0.09502812011360084,0,CRWD
2026-02-19,105.53500366210938,106.0,102.49250030517578,104.40499877929688,8001600,102.58162689208984,114.40495010375976,105.05898838720444,108.27669838359311,42.59015752292791,-3.2177099963886775,-3.7078202532489066,0.49011025686022913,0.015345402955924348,0.04155433006880083,-0.2732953100592146,-0.07753114208437462,0,CRWD
2026-02-20,97.1500015258789,107.97000122070312,96.77749633789062,104.81999969482422,33443200,102.867626953125,113.77200012207031,103.84222117776974,107.45249861635503,35.494330569987795,-3.6102774385852854,-3.6883116903161826,0.07803425173089718,-0.07945233188295198,0.03846945031381413,3.1795640871825634,-0.14609920348026784,0,CRWD
2026-02-23,87.5824966430664,96.27749633789062,85.68000030517578,96.23999786376952,60305200,101.73837661743164,112.93375015258789,101.3407250955077,105.98064661833365,29.672070303247068,-4.639921522825958,-3.878633656818138,-0.76128786600782,-0.09848177799836577,0.04663049766242137,0.8032126112333748,-0.2244789841413104,1,CRWD
2026-02-24,87.5625,90.2249984741211,86.26249694824219,87.2750015258789,28554800,100.29362640380859,112.08730026245117,99.22099815773728,104.61633946142005,32.19143972114031,-5.39534130368277,-4.181975186191064,-1.2133661174917059,-0.00022831780130572188,0.04441891720893498,-0.5264952276088961,-0.21880088292809818,1,CRWD
2026-02-25,90.82749938964844,91.49500274658205,86.625,87.39250183105469,22791600,99.0416259765625,111.31560012817383,97.92969065495438,103.59494390054809,37.45057706446156,-5.6652532455937035,-4.478630798071592,-1.1866224475221117,0.03728764470690571,0.04667322982243236,-0.20182946474848362,-0.18405417313417405,1,CRWD
2026-02-26,95.2750015258789,96.27249908447266,91.16500091552734,91.81199645996094,24799200,98.17387619018555,110.69720016479492,97.52127694278892,102.97865187279481,51.05364544381139,-5.457374930005898,-4.674379624458453,-0.7829953055474448,0.04896647123522313,0.05033418483357668,0.08808508397830783,-0.1393187778548779,1,CRWD
2026-02-27,92.99500274658205,93.375,89.82250213623047,92.26499938964844,20503200,97.1848762512207,110.11975021362305,96.8249270664494,102.23912230789016,43.38397047100763,-5.414195241440751,-4.822342747854913,-0.5918524935858382,-0.02393071364766719,0.0506022910823354,-0.17323139456111492,-0.1555102280364824,1,CRWD
2026-03-02,96.21499633789062,96.7874984741211,93.27149963378906,93.9749984741211,15086000,96.06537551879883,109.60140014648438,96.73109156974806,101.79289075455685,43.49204793362454,-5.061799184808791,-4.870234035245689,-0.1915651495631021,0.034625447563922274,0.049593009241772595,-0.2642124156229272,-0.1221371605718774,1,CRWD
2026-03-03,97.8550033569336,98.7300033569336,91.99749755859376,92.375,30852800,95.49375076293946,109.20840026855468,96.90400107546891,101.50119539176995,43.873396827363614,-4.597194316301042,-4.8156260914567595,0.2184317751557172,0.01704523287911952,0.04933434421714521,1.0451279331830836,-0.10396083894372521,1,CRWD
2026-03-04,101.91999816894533,102.10250091552734,95.02749633789062,96.54624938964844,33410000,95.29175033569337,108.86050018310547,97.67569293600374,101.53221781970888,47.89530799777273,-3.8565248837051342,-4.623805849906434,0.7672809662012998,0.041541001201383265,0.05144300369936528,0.08288388736192509,-0.06375592618521952,1,CRWD
2026-03-05,106.54000091552734,107.42250061035156,101.75,101.8249969482422,23784800,95.39225006103517,108.58490020751952,99.03943262516123,101.90316471569544,53.525438277086884,-2.8637320905342136,-4.27179109803199,1.4080590074977763,0.04532969809245646,0.053323443646252904,-0.28809338521400774,-0.01883226201879007,1,CRWD
2026-03-06,107.24749755859376,108.42749786376952,105.05750274658205,106.48999786376952,18416800,96.40199966430666,108.31415008544921,100.3022118456893,102.29904122257679,49.830793326679476,-1.99682937688749,-3.81679875380309,1.8199693769156,0.006640666763532144,0.04495655804347113,-0.22569035686657024,-0.009847767129354423,1,CRWD
2026-03-09,108.53250122070312,109.56999969482422,106.37999725341795,106.3937530517578,15401600,98.49700012207032,108.09060012817383,101.56841021107604,102.76077900021578,55.45596980074851,-1.192368789139735,-3.291912760870419,2.099543971730684,0.011981665692547327,0.023595973305260677,-0.16372008166456709,0.004088247192681749,0,CRWD
2026-03-10,109.0824966430664,111.9875030517578,107.1374969482422,111.25,13267200,100.64899978637696,107.88670013427735,102.72442350830534,103.22905438116767,55.63283236190418,-0.5046308728623359,-2.7344563832688022,2.2298255104064664,0.005067564242759337,0.023097665352926768,-0.13858300436318305,0.011083817628129822,0,CRWD
2026-03-11,110.50749969482422,113.0,109.05374908447266,110.62750244140624,11622000,102.61699981689453,107.6909001159668,103.92181984469286,103.76819847847555,55.46698469859971,0.15362136621730826,-2.15684083337158,2.3104621995888883,0.01306353535728677,0.02263491276318328,-0.12400506512301013,0.026154480794796653,0,CRWD
2026-03-12,110.38500213623048,112.50749969482422,109.5824966430664,110.25,9440000,104.12799987792968,107.51905014038086,104.91615558185251,104.2583320827537,67.781810980425,0.6578234990988108,-1.593907966877502,2.251731465976313,-0.0011084999564013875,0.021002979082919922,-0.18774737566683875,0.026655294965010734,0,CRWD
2026-03-13,110.44499969482422,112.66000366210938,108.6449966430664,110.99749755859376,8908400,105.87299957275391,107.34980010986328,105.76674698384815,104.71660375772188,91.25690177207447,1.0501432261262664,-1.0650977282767484,2.115240954403015,0.0005435299853480124,0.017004461044664302,-0.05631355932203386,0.02883283976116635,0,CRWD
2026-03-16,105.95999908447266,110.87999725341795,105.94249725341795,110.74749755859376,14665600,106.84749984741211,107.12520004272461,105.79647807625193,104.80870711525898,78.59197000270107,0.9877709609929468,-0.6545239904228094,1.642294951415756,-0.04060845328212481,0.02384113544318941,0.6462664451528894,-0.010877001469189684,0,CRWD
2026-03-17,108.3000030517578,109.75250244140624,104.9000015258789,106.02249908447266,11726000,107.89199981689453,107.02330017089844,106.1816357647913,105.06732162907372,77.95824470318917,1.1143141357175779,-0.3007563651947319,1.41507050091231,0.02208384284167142,0.024059996298176352,-0.20044185031638662,0.01192920493780969,0,CRWD
2026-03-18,108.95249938964844,110.60749816894533,106.99749755859376,107.19249725341795,11196400,108.59524993896484,106.91960021972656,106.60792247630778,105.35511257430147,74.91121385850305,1.2528099020063053,0.009956888245475498,1.2428530137608298,0.006024896763657583,0.02143980730444814,-0.045164591506054896,0.019013344286212597,0,CRWD
2026-03-19,107.04499816894533,110.17749786376952,105.84500122070312,109.75,9439200,108.64574966430663,106.76890014648437,106.6751648905597,105.48028928501584,75.94165145999546,1.1948756055438565,0.2469406317051517,0.9479349738387048,-0.017507640773629984,0.017830242654765505,-0.15694330320460148,0.002585940494677308,0,CRWD
2026-03-20,102.25,106.07749938964844,100.90249633789062,105.9187469482422,36446000,108.14599990844727,106.41935012817383,105.99437029201205,105.2410085972369,60.53045527691603,0.7533616947751511,0.3482248443191516,0.4051368504559995,-0.04479422907156816,0.02266351094628684,2.8611322993474024,-0.03917849642148885,0,CRWD
2026-03-23,103.32749938964844,104.35749816894533,101.75,102.76499938964844,14413200,107.6254997253418,106.16655014038086,105.58408246087919,105.09926717445256,59.74014017395868,0.48481528642662397,0.3755429327406461,0.10927235368597787,0.010537891341305006,0.022550988390971423,-0.604532733358942,-0.026741480692161868,0,CRWD
2026-03-24,98.24749755859376,102.71499633789062,97.6500015258789,102.60124969482422,14545200,106.54199981689453,105.77845016479492,104.45537709129682,104.59172868438895,43.691487002703404,-0.13635159309212952,0.27316402757409103,-0.40951562066622055,-0.04916408372468173,0.026178333490473243,0.009158271584380984,-0.0711955279593196,0,CRWD
2026-03-25,96.46499633789062,100.08000183105467,95.875,99.74500274658205,12514800,105.13774948120117,105.37280014038086,103.22608774461895,103.98974851057426,30.82412283007298,-0.7636607659553079,0.06579906886821124,-0.8294598348235191,-0.01814296816710348,0.024942029450418048,-0.1395924428677502,-0.08453608322662953,1,CRWD
2026-03-26,98.15499877929688,98.875,95.29750061035156,95.7925033569336,9834800,103.91474914550781,104.99580017089843,102.44592021149248,103.55754482677594,33.31804795019087,-1.1116246152834606,-0.16968566796212314,-0.9419389473213374,0.01751933349467638,0.026587847200500253,-0.2141464506024866,-0.06515309546159942,1,CRWD
2026-03-27,92.3949966430664,93.61499786376952,90.45175170898438,92.7125015258789,24128000,102.10974884033203,104.5402000427246,100.89962427788846,102.73068940576042,24.56858543538945,-1.8310651278719519,-0.501961559944089,-1.3291035679278629,-0.05868271822998983,0.030019039389823914,1.4533289949973565,-0.1161773499064912,1,CRWD
2026-03-30,95.01499938964844,97.62174987792967,94.09750366210938,94.89250183105467,17526800,101.0152488708496,104.16550003051758,99.99429737200538,102.15915681197434,29.188558585992865,-2.1648594399689642,-0.8345411359490641,-1.3303183040199,0.028356543555095648,0.03192393088425073,-0.2735908488063661,-0.08784578999945569,1,CRWD
2026-03-31,97.60250091552734,98.22000122070312,94.75,95.4749984741211,11906400,99.94549865722657,103.84815002441407,99.62632868639338,101.82162674557087,31.543197510059386,-2.195298059177489,-1.106692520594749,-1.0886055385827398,0.027232558464456602,0.03254118248332527,-0.32067462400438185,-0.06014213163564697,1,CRWD
2026-04-01,98.32749938964844,99.23500061035156,96.59249877929688,99.1875,8475600,98.88299865722657,103.6010499572754,99.42650879458647,101.56280249698402,33.04745144488095,-2.136293702397552,-1.3126127569553097,-0.8236809454422422,0.007428072716584966,0.03262022782305093,-0.2881475508969966,-0.050902481874476546,1,CRWD
2026-04-02,99.77999877929688,100.1999969482422,96.6875,97.79499816894533,7960400,98.15649871826172,103.36724990844726,99.4808918691573,101.43074296234053,35.5702906436251,-1.9498510931832271,-1.4400604242008932,-0.5097906689823339,0.014772056633846953,0.03335306128688467,-0.060786257020151946,-0.03470394280903888,0,CRWD
2026-04-06,99.65249633789062,101.25,98.18250274658205,101.25,6382800,97.89674835205078,103.09144989013672,99.50729255665475,101.29902099015906,40.32517744962635,-1.7917284335043178,-1.5103940260615782,-0.2813344074427395,-0.001277835668131,0.030519123448736186,-0.19818099592985272,-0.03335828098170057,1,CRWD
2026-04-07,105.80750274658205,105.93250274658205,98.8947525024414,99.46624755859376,18507200,98.14474868774414,102.94514999389648,100.47655566279741,101.63298260174595,46.57741247492755,-1.1564269389485418,-1.439600608638971,0.28317366969042923,0.06176469867670664,0.036581160535271946,1.8995425205239078,0.027804639197235304,0,CRWD
2026-04-08,106.62750244140624,112.4749984741211,105.8375015258789,109.99749755859376,18908800,98.9827491760254,102.73605010986329,101.42285516719876,102.00294703431338,46.82203955436679,-0.5800918671146178,-1.2676988603341004,0.6876069932194826,0.007749920124172638,0.03166384836757315,0.021699662833924105,0.03787815793367111,0,CRWD
2026-04-09,98.66999816894533,106.75499725341795,97.70249938964844,106.49500274658205,21682000,99.20324935913087,102.32615005493165,100.999338705929,101.756061933175,40.17710996595677,-0.7567232272459989,-1.1655037337164802,0.40878050647048125,-0.07462900368348868,0.04072173497459264,0.14666187172110345,-0.0357303766830237,1,CRWD
2026-04-10,94.75499725341795,99.5124969482422,91.11750030517578,99.02549743652344,35756000,98.86324920654297,101.87529998779297,100.03867079015806,101.2374645494893,41.02395372733635,-1.198793759331238,-1.1721617388394319,-0.02663202049180624,-0.03967772360575106,0.04244007088682095,0.6491098607139563,-0.069892336368366,1,CRWD
2026-04-13,100.55999755859376,100.76499938964844,94.5625,95.0250015258789,16666000,99.6797492980957,101.66339996337891,100.11887490837894,101.18728180942297,47.02275249995816,-1.0684069010440282,-1.1514107712803512,0.08300387023632294,0.06126326287204242,0.04180389363836728,-0.5338964089942947,-0.010853487146629037,1,CRWD
2026-04-14,99.62249755859376,102.86000061035156,98.3499984741211,101.1624984741211,12748000,100.14049911499023,101.4488249206543,100.04250916225814,101.0713718649171,51.62395097005985,-1.0288627026589552,-1.126901157556072,0.09803845489711671,-0.009322792589108286,0.041592789872011406,-0.23508940357614305,-0.018002449643837237,1,CRWD
2026-04-15,102.79000091552734,102.99500274658205,100.5124969482422,101.75,12432400,100.65924911499023,101.31037490844727,100.46520020122264,101.19867772051785,57.23353281082829,-0.7334775192952065,-1.048216429903899,0.3147389106086924,0.03179506069972393,0.04188132614676471,-0.02475682459993722,0.014604881369920886,1,CRWD
2026-04-16,104.5500030517578,106.44249725341795,102.77249908447266,105.4625015258789,11964400,101.28149948120117,101.29272491455077,101.09363140899728,101.44692404135043,57.30189631904126,-0.35329263235314556,-0.9092316703937483,0.5559390380406027,0.01712230879029586,0.042030330601126126,-0.03764357646150385,0.03215707880259733,1,CRWD
2026-04-17,105.9875030517578,107.95999908447266,105.08999633789062,107.23999786376952,11625200,101.90224990844726,101.33567504882812,101.84653473865275,101.78326322730652,67.21986311074991,0.06327151134622966,-0.7147310340457528,0.7780025453919824,0.013749401798566874,0.04201043942825455,-0.028350773962756204,0.04590513657394801,1,CRWD
2026-04-20,108.2874984741211,108.45249938964844,104.25499725341795,105.63500213623048,11540400,102.76575012207032,101.615625,102.8374522364171,102.26505843077427,66.95190525775641,0.5723938056428324,-0.4573060661080358,1.0296998717508683,0.021700628433902525,0.04214446088833789,-0.007294498159171492,0.06565794851058682,1,CRWD
2026-04-21,112.40249633789062,114.7874984741211,109.125,109.9375,14684400,103.42524948120118,101.88617492675782,104.30899748279765,103.01597975722734,68.1929828345702,1.2930177255703086,-0.1072413077723669,1.4002590333426754,0.03800067340878632,0.03943075099059687,0.27243423104918363,0.10321637276787166,1,CRWD
2026-04-22,116.66999816894533,116.9875030517578,113.15750122070312,113.8324966430664,11569600,104.42949905395508,102.1793748474121,106.21068989605115,104.02738852846572,70.74121440149023,2.183301367585429,0.3508672272991923,1.8324341402862365,0.03796625493286432,0.04065257658451176,-0.21211625943177792,0.14181554098537563,0,CRWD
2026-04-23,111.34750366210938,113.5,109.12750244140624,113.40249633789062,12902000,105.69724960327149,102.3393748474121,107.00096893698318,104.56961927910599,62.027556725241574,2.431349657877192,0.7669637134147922,1.6643859444623996,-0.0456200787723392,0.03453315602784143,0.11516387774858239,0.088022120792983,1,CRWD
2026-04-24,112.03250122070312,112.7612533569336,108.88999938964844,111.98374938964844,9086800,107.425,102.5009748840332,107.77505082678626,105.12242534885392,62.72484715333975,2.6526254779323324,1.1440960663183004,1.508529411614032,0.006151889679290923,0.02948158957274926,-0.29570609207874743,0.09298961641539161,1,CRWD
2026-04-27,113.65249633789062,114.49500274658205,110.65499877929688,113.3874969482422,9188400,108.73424987792968,102.7163247680664,108.67927321311001,105.75428245915295,58.89253552442797,2.9249907539570614,1.5002750038460526,1.4247157501110088,0.01446004596466266,0.02511508974721638,0.011181053836333943,0.10646965411309361,1,CRWD
2026-04-28,113.74749755859376,115.92250061035156,112.58000183105467,114.40625,7491600,110.1467498779297,102.8430746459961,109.45900003549212,106.34637246651893,58.205596425816836,3.1126275689731955,1.8227455168714815,1.289882052101714,0.0008358920724511609,0.02432275618921801,-0.1846676243959775,0.10602972490012186,1,CRWD
2026-04-29,113.09500122070312,113.29000091552734,110.80999755859376,112.58000183105467,7659200,111.17724990844727,103.03354965209961,110.0183848332169,106.8462708927548,69.99031100367168,3.172113940462097,2.0926192015896046,1.0794947388724925,-0.005736357738811093,0.024100619110304873,0.02237172299642265,0.09765218807443543,1,CRWD
2026-04-30,111.4375,112.50274658203124,108.1374969482422,111.75250244140624,9770800,111.86599960327149,103.18349960327149,110.23671024349123,107.18636193773594,74.66185116285571,3.0503483057552927,2.2841650224227426,0.7661832833325501,-0.014655830963461791,0.025110983099930036,0.2756945895132652,0.07999341395149595,1,CRWD
2026-05-01,113.91000366210938,114.49250030517578,111.39125061035156,113.67250061035156,6088000,112.65824966430664,103.35099960327149,110.80183230789403,107.6844094728747,71.89244076645282,3.117422835019326,2.4508165849420593,0.6666062500772667,0.022187357596046065,0.025513278477280438,-0.3769189830924796,0.10216644347292458,1,CRWD
2026-05-04,117.30999755859376,117.95249938964844,113.8499984741211,114.2249984741211,8734400,113.56049957275391,103.75419952392578,111.80308850030939,108.39741599774278,76.83788562003427,3.4056725025666026,2.641787768466968,0.7638847340996344,0.029848071171780344,0.02613854845443149,0.4346911957950066,0.13065300582403916,1,CRWD
2026-05-05,119.13249969482422,120.16500091552734,116.5,118.59750366210938,8900000,114.23349990844727,104.38519958496094,112.93069022254244,109.19260738271177,75.85226230407231,3.7380828398306676,2.861046782739708,0.8770360570909594,0.015535778485718188,0.024199954844234192,0.018959516394944087,0.14127769232131593,1,CRWD
2026-05-06,117.01750183105467,118.8239974975586,114.36499786376952,117.0999984741211,8795600,114.2682502746582,104.97429962158203,113.55943047000585,109.77222919370014,69.5033353336264,3.7872012763057086,3.0462776814529087,0.7409235948527999,-0.017753323981175795,0.022394184285825097,-0.011730337078651676,0.11472524468261969,1,CRWD
2026-05-07,126.43000030517578,126.69750213623048,121.52249908447266,121.52249908447266,20458000,115.77649993896485,105.68634963989258,115.53951813695508,111.00613816492056,75.59312546982288,4.533379972034524,3.343698139569232,1.189681832465292,0.08043667252194897,0.028246701377660676,1.3259356951202874,0.1962755903289639,1,CRWD
2026-05-08,131.9425048828125,132.22874450683594,123.0824966430664,124.7937469482422,16164800,117.76750030517579,106.41969970703126,118.06305455939469,112.55698014402365,77.41021313688441,5.506074415371032,3.776173394729592,1.7299010206414396,0.04360123834794494,0.029665479118403733,-0.2098543357121908,0.23983158424656725,1,CRWD
2026-05-11,135.56500244140625,135.66749572753906,130.5,130.94500732421875,11173200,119.95875091552735,107.27109970092773,120.755661925858,114.26127809197791,77.14940365238095,6.494383833880093,4.319815482559692,2.174568351320401,0.02745512192459243,0.02983204994502849,-0.30879441749975256,0.2637607223134846,1,CRWD
2026-05-12,136.5449981689453,138.1074981689453,133.25,135.5,14181600,122.2385009765625,108.07769973754883,123.18479057864067,115.91192402360512,75.24131339599884,7.272866555035549,4.910425697054864,2.362440857980685,0.007228972890423124,0.029485662478837073,0.26925142304800764,0.2633965980079631,1,CRWD
2026-05-13,140.6425018310547,142.09249877929688,134.5919952392578,135.2100067138672,11203600,124.99325103759766,108.93344970703124,125.8705923097813,117.7438186760088,88.3995367759123,8.126773633772501,5.553695284398391,2.57307834937411,0.030008449354106626,0.028322370595509096,-0.20999041010887343,0.2910864588361306,1,CRWD
2026-05-14,144.9875030517578,145.94500732421875,138.75,139.92625427246094,11263600,128.34825134277344,109.7947998046875,128.8116555008546,119.76186937050873,89.41515082497115,9.049786130345879,6.2529134535878885,2.7968726767579906,0.030893941476684672,0.025192423012119734,0.005355421471669786,0.3205316035884591,1,CRWD
2026-05-15,148.52000427246094,149.5625,140.17250061035156,143.29249572753906,15437600,131.8092514038086,110.63439987182618,131.8437091580248,121.89210158546815,89.87820541906476,9.951607572556654,6.992652277381643,2.958955295175011,0.02436417723148243,0.025156131540269504,0.37057423914201504,0.34243964304526053,1,CRWD
2026-05-18,154.70750427246094,155.2624969482422,146.84249877929688,147.37374877929688,18799200,135.54900207519532,111.58360000610351,135.36121609870727,124.32287215487501,91.11625047329508,11.03834394383226,7.801790610671767,3.2365533331604928,0.041661054551607624,0.025570238040995428,0.2177540550344612,0.3864717060929974,1,CRWD
2026-05-19,154.22000122070312,158.55999755859375,153.32249450683594,154.9949951171875,17860000,139.0577522277832,112.49735000610352,138.2625676559374,126.53747430789932,91.41907187105716,11.725093348038087,8.586451158145032,3.138642189893055,-0.003151127374527718,0.027238609314705835,-0.049959572747776515,0.3708767469841374,1,CRWD
2026-05-20,162.52749633789062,162.75,153.51600646972656,153.5749969482422,17533200,143.6087516784668,113.56625,141.99563360700714,129.20340186567645,95.3770299312968,12.792231741330681,9.427607274782162,3.36462446654852,0.053867819034048026,0.023472936432623694,-0.01829787234042557,0.4311249718810881,1,CRWD
2026-05-21,162.0574951171875,164.8874969482422,160.5124969482422,162.6300048828125,10584400,147.17150115966797,114.59724990844727,145.08207383934257,131.63703840282543,94.34083459406712,13.445035436517145,10.231092907129158,3.213942529387987,-0.0028918258835785027,0.019460870370165487,-0.3963224054935779,0.41414820378897943,1,CRWD
2026-05-22,165.86500549316406,168.7100067138672,162.39999389648438,162.625,11113600,150.56375122070312,115.70684997558594,148.2794479399305,134.17244337248013,94.38299551999819,14.10700456745036,11.006275239193398,3.1007293282569623,0.02349481196919201,0.018368384408236283,0.049998110426665576,0.4334933975660167,1,CRWD
2026-05-26,167.8874969482422,169.375,162.0,166.25,8319600,153.7960006713867,116.8556999206543,151.29607086428612,136.6698547484625,94.40345710230599,14.62621611582361,11.730263414519442,2.895952701304168,0.012193599542378974,0.01861649267443541,-0.2514036855744314,0.4367078119615797,1,CRWD
2026-05-27,161.33999633789062,165.1649932861328,158.2725067138672,160.25250244140625,13091600,156.27550048828124,117.96329986572266,152.84129016791758,138.4972726439757,87.3509386215206,14.344017523941886,12.253014236403931,2.091003287537955,-0.03899933425280666,0.026638840747850643,0.5735852685225251,0.3677134881911879,1,CRWD
2026-05-28,167.75,169.375,160.3800048828125,162.33250427246094,9488400,158.9862503051758,119.1522998046875,155.13493783439182,140.66414133701454,86.67672000289302,14.470796497377279,12.696570688598602,1.7742258087786773,0.039729786832801484,0.027328903610360503,-0.2752299184209722,0.4078620410598288,1,CRWD
2026-05-29,182.75,182.87249755859372,168.73500061035156,169.35874938964844,19256800,162.7625,120.62824981689454,159.38340893679307,143.78161234908754,88.5972509954987,15.601796587705536,13.27761586841999,2.324180719285547,0.08941877794336817,0.03543394712168917,1.029509717128283,0.5149850907843068,0,CRWD
2026-06-01,195.54249572753903,196.4149932861328,183.5,183.95249938964844,18361200,167.46474914550782,122.3981997680664,164.94634536613862,147.61575185860247,89.99165917335264,17.33059350753615,14.088211396243222,3.242382111292928,0.06999997662128066,0.03831236257363245,-0.04650824643762208,0.5975929065793002,0,CRWD
2026-06-02,192.2375030517578,194.7050018310547,186.34500122070312,191.2124938964844,16741200,171.2177490234375,124.19794982910156,169.14498501008,150.92106676179915,86.01778812146324,18.223918248280853,14.91535276665075,3.3085654816301027,-0.016901659475525244,0.040496175096142104,-0.08822952748186397,0.5478315327771497,0,CRWD
2026-06-03,186.90249633789065,191.75,185.52999877929688,191.4187469482422,20986400,174.48599853515626,125.8694497680664,171.8769098297432,153.58635784150965,79.44620796281484,18.290551988233545,15.59039261096731,2.7001593772662353,-0.027752164011570435,0.04291451962591878,0.2535779991876328,0.4848916610208984,0,CRWD
2026-06-04,179.7725067138672,180.2400054931641,167.77749633789062,168.5175018310547,29799200,176.21049957275392,127.49994995117187,173.09161704268533,155.52607257279539,71.38378761699471,17.565544469889943,15.985422982751839,1.5801214871381042,-0.03814817759915601,0.04472401541776811,0.41992909693896996,0.4099809982883438,0,CRWD
2026-06-05,167.7550048828125,176.55499267578125,167.52499389648438,174.18499755859375,20955200,176.7802505493164,128.92575012207033,172.27059978732026,156.43191941057444,60.707527449089376,15.838680376745828,15.956074461550639,-0.11739408480481117,-0.06684838549969274,0.0510580513042072,-0.29678649091250775,0.3011753255185843,1,CRWD
2026-06-08,164.69749450683594,171.0,163.00250244140625,168.37625122070312,13349600,176.6634994506836,130.25660003662108,171.10550666724575,157.04418423251974,55.76190446016381,14.061322434726009,15.577124056185713,-1.5158016214597048,-0.018226045643838895,0.05104881668858542,-0.36294571275864707,0.2644080565632141,1,CRWD
2026-06-09,161.2324981689453,166.21749877929688,154.43499755859375,164.69749450683594,14962400,175.9979995727539,131.63335006713868,169.58658228289184,157.354429709292,53.91027812884959,12.232152573599848,14.90812975966854,-2.6759771860686925,-0.021038549179306476,0.05128029697726592,0.12081260861748677,0.2248605546140836,1,CRWD
2026-06-10,161.93499755859375,165.53250122070312,158.9875030517578,159.75750732421875,10109600,176.05749969482423,132.97175003051757,168.4094154022306,157.69373103146248,49.63899541246192,10.715684370768116,14.069640681888455,-3.3539563111203385,0.004357058270674008,0.04969519758832775,-0.3243329947067315,0.2178150435820314,1,CRWD
2026-06-11,172.88250732421875,174.1074981689453,160.25,161.32000732421875,14136000,176.57075042724608,134.4773501586914,169.09758339022875,158.81882557166665,55.84882818644675,10.278757818562099,13.311464109223184,-3.0327062906610855,0.06760434699524298,0.05276716699830293,0.398274907019071,0.2855882951307931,0,CRWD
2026-06-12,170.6999969482422,175.54249572753906,169.5,172.6649932861328,9243600,175.36575012207032,135.92480010986327,169.34410855300004,159.6989123403019,52.65907221066207,9.645196212698153,12.578210529918179,-2.9330143172200263,-0.012624240646183726,0.04352316886718815,-0.34609507640067916,0.2558414418139394,0,CRWD
2026-06-15,173.2274932861328,174.37374877929688,167.21499633789062,173.16749572753906,10184000,173.13424987792968,137.39375,169.94155235809737,160.7010294474005,52.92058387308802,9.240522910696882,11.91067300607392,-2.6701500953770374,0.014806657194358364,0.03559860549843461,0.10173525466268551,0.2608105775272369,0,CRWD
2026-06-16,169.87249755859375,175.21749877929688,166.49000549316406,173.27450561523438,8576000,170.8977493286133,138.79815002441407,169.93092854278913,161.38039745563702,54.83551069356034,8.550531087152109,11.238644622289558,-2.6881135351374486,-0.019367570723876737,0.0356488615263152,-0.1578947368421053,0.2238815685130804,0,CRWD
2026-06-17,170.74000549316406,172.7324981689453,167.72500610351562,170.0,8393200,169.28150024414063,140.0968000793457,170.05540191976988,162.0737017547131,51.808069800852394,7.981700165056765,10.587255730843,-2.6055555657862346,0.005106818037281746,0.035521442393408285,-0.02131529850746272,0.21872880320223698,0,CRWD
2026-06-18,171.21499633789062,173.9774932861328,165.22999572753906,171.6875,21517600,168.42574920654297,141.3885499572754,170.23380106101922,162.75083468680032,41.53829002174645,7.482966374218904,9.96639785951818,-2.483431485299276,0.002781954020410149,0.03404507686713583,1.5636944192918079,0.21095376103388963,1,CRWD
2026-06-22,168.86000061035156,178.0449981689453,168.2987518310547,171.2675018310547,13743200,168.53624877929687,142.7923500061035,170.02244714553188,163.20336549595226,26.887268028619317,6.81908164957963,9.33693461753047,-2.517852967950841,-0.013754611324416355,0.026523692424530704,-0.36130423467301187,0.1825563526556837,1,CRWD
2026-06-23,170.22999572753906,172.72500610351562,165.5,167.25250244140625,9488000,169.0894989013672,144.30184997558592,170.0543776966099,163.72385662421794,30.275594966207066,6.330521072391946,8.735651908502767,-2.4051308361108212,0.008113200948925758,0.02570128255919173,-0.30962221316723904,0.17967992618486783,1,CRWD
2026-06-24,168.2550048828125,171.7864990234375,167.25,170.12249755859375,7018000,169.7917495727539,145.65575012207032,169.77755110987184,164.0594972359657,32.215922055666525,5.718053873906143,8.132132301583443,-2.4140784276772997,-0.011601896811932133,0.024855506961574413,-0.26032883642495785,0.15515525299758037,1,CRWD
2026-06-25,169.66250610351562,173.18499755859375,167.500244140625,170.09500122070312,12028800,170.5645004272461,147.05655029296875,169.75985187812472,164.4745349298583,39.17674744246632,5.285316948266427,7.56276923092004,-2.2774522826536128,0.008365285904472497,0.02488449178827711,0.7139925904816187,0.1537228757611333,1,CRWD
2026-06-26,175.2725067138672,176.2100067138672,168.40249633789062,171.5500030517578,13329200,170.80350036621093,148.50620040893554,170.6079526220851,165.27438469163673,59.32750383670644,5.333567930448368,7.116928970825706,-1.7833610403773381,0.033065647438502044,0.016049533428304633,0.1081072093641926,0.1802369613607131,1,CRWD
2026-06-29,185.7274932861328,188.9949951171875,176.02999877929688,177.375,19759200,172.30625,150.12975021362305,172.93403580116936,166.78942977271052,72.04634553503844,6.144606028458838,6.922464382352333,-0.7778583538934942,0.059649894716993,0.023521670328877222,0.4823995438585962,0.23711318390829872,1,CRWD
2026-06-30,190.78500366210935,191.3249969482422,183.0,184.125,14752000,174.06200103759767,151.82570022583008,175.68033854900628,168.56687969044378,79.97972202142034,7.113458858562495,6.9606632775943655,0.15279558096812984,0.027230811585794212,0.024197505818223136,-0.25341106927405965,0.256605458616888,1,CRWD
2026-07-01,193.18499755859372,196.5,191.25,193.75,10740400,176.39325103759765,153.52365020751952,178.37336301201975,170.3904439769734,80.64627731529032,7.982919035046365,7.165114429084765,0.8178046059615998,0.012579573081828332,0.021894784316333116,-0.2719360086767896,0.25834030976636857,1,CRWD
2026-07-02,193.97999572753903,199.52999877929688,190.6100006103516,191.2550048828125,10423900,178.71725006103514,155.1552001953125,180.77438342979195,172.137818180719,75.83420310261931,8.636565249072959,7.459404593082405,1.177160655990554,0.00411521691121064,0.02193748111321743,-0.02946817623179765,0.2502319966288795,0,CRWD
2026-07-06,199.3800048828125,209.5,188.5500030517578,189.50999450683597,10190000,181.53375091552735,156.80940032958983,183.63678673025663,174.1557579364296,82.5539453087248,9.481028793827022,7.863729433231328,1.6172993605956938,0.027837969245334993,0.02206435709778983,-0.0224388184844444,0.2714799269925505,0,CRWD
2026-07-07,194.6199951171875,201.3699951171875,192.22000122070312,200.69000244140625,9551200,184.10975036621093,158.4748501586914,185.32651109747678,175.6716273572265,73.11079600246475,9.654883740250284,8.221960294635121,1.4329234456151632,-0.023874057824518236,0.0237275813637992,-0.06268891069676152,0.22808126918751825,1,CRWD
2026-07-08,191.1199951171875,195.66000366210935,185.3000030517578,193.50999450683597,7980600,186.1987503051758,160.0566000366211,186.21781633127844,176.8159508950014,72.88245331734738,9.401865436277035,8.457941322963503,0.9439241133135319,-0.017983763682105414,0.025853853133106723,-0.1644400703576514,0.1940775642707584,1,CRWD
2026-07-09,198.3999938964844,198.75,187.0,188.30499267578125,6283500,189.21324920654297,161.75154998779297,188.09199749515628,178.41476889511125,76.1733519187992,9.677228600045026,8.701798778379809,0.9754298216652177,0.03809124615576254,0.025600941117288997,-0.21265318397112998,0.22657244342608895,1,CRWD
2026-07-10,187.17999267578125,198.0,186.47999572753903,196.6000061035156,9269800,190.96499786376953,163.2201998901367,187.95168906140628,179.06404473071643,62.55406029988197,8.887644330689852,8.738967888841817,0.14867644184803552,-0.056552427247337556,0.03464209205211832,0.4752606031670248,0.14679428650235593,1,CRWD
2026-07-13,187.91000366210935,189.25,181.0,186.8600006103516,6475300,192.22874755859374,164.71649993896483,187.9452759230529,179.71930094785665,65.37282197186578,8.225974975196237,8.636369306112702,-0.41039433091646416,0.003900048161624703,0.03373929361170067,-0.30146281473170944,0.14080862410103911,1,CRWD
2026-07-14,210.72999572753903,211.0,189.4600067138672,190.9949951171875,12139500,194.72899780273437,166.7023498535156,191.45061743143538,182.01638945005533,74.27766348270637,9.434227981380047,8.795941041166172,0.6382869402138756,0.12144107083550204,0.04728902667326876,0.8747393943137769,0.26410932966878575,0,CRWD
2026-07-15,206.7700042724609,217.5,205.1000061035156,212.3800048828125,12002800,196.32749786376954,168.55954986572266,193.80744617620854,183.8499905480113,72.5510846435247,9.957455628197238,9.028243958572386,0.929211669624852,-0.018791778747047294,0.048056819020592195,-0.01126076032785539,0.22668816117020563,0,CRWD
2026-07-16,203.75999450683597,207.69000244140625,200.07000732421875,207.1699981689453,8026800,197.38499755859374,170.2885498046875,195.33860745784352,185.32480565607239,69.59681794288457,10.013801801771137,9.225355527212137,0.788446274559,-0.01455728443889115,0.04860012997558674,-0.3312560402572733,0.19655722443193357,0,CRWD
2026-07-17,203.0800018310547,209.5,199.5200042724609,200.3999938964844,9102600,198.2949981689453,171.9674998474121,196.52959120756833,186.64000537273773,66.94184266774951,9.889585834830598,9.358201588735831,0.5313842460947669,-0.0033372236656517007,0.04869546638824076,0.13402601285692928,0.18092082522132902,0,CRWD
2026-07-20,198.4900054931641,208.25,197.82000732421875,203.0800018310547,7379300,198.20599822998048,173.5969499206543,196.83119340535228,187.51778315943596,58.374075492069714,9.313410245916316,9.34924332017193,-0.03583307425561344,-0.022601912037154115,0.04875037515869803,-0.1893195350778898,0.14339569666337804,0,CRWD
2026-07-21,191.1499938964844,200.0,189.67999267578125,199.80999755859372,9880300,197.85899810791017,174.89134979248047,195.9571627116803,187.78683580662474,50.232522240285725,8.17032690505556,9.113460037148656,-0.9431331320930951,-0.036979250307555,0.04964847567409788,0.33892103587061095,0.09296425536938124,0,CRWD
2026-07-22,188.4199981689453,193.4900054931641,185.0500030517578,192.55999755859372,9080600,197.58899841308593,176.02089965820312,194.7975989358749,187.83373672235217,46.97709933418146,6.963862213522731,8.683540472423472,-1.7196782589007409,-0.014281955609255714,0.049519228365738965,-0.08093883788953782,0.07044105861757743,0,CRWD
2026-07-23,183.4199981689453,190.2079925537109,181.7769927978516,189.50999450683597,6592300,196.09099884033202,176.9779995727539,193.04719881788571,187.5067931258035,43.64008969269227,5.540405692082203,8.054913516355219,-2.514507824273016,-0.026536461355427865,0.048140445740089834,-0.2740237429244764,0.03639999667610194,1,CRWD
2026-07-24,183.27999877929688,185.8350067138672,181.8300018310547,185.0,5779200,195.70099945068358,177.91269958496093,191.54455265810282,187.19369724828448,39.64763112039058,4.350855409818337,7.314101895047843,-2.963246485229506,-0.000763272222473188,0.044858708494027746,-0.12334086737557448,0.030168162288902955,1,CRWD
2026-07-27,180.11000061035156,188.5,179.5,187.90499877929688,6580300,194.9209991455078,178.70204956054687,189.78539080460263,186.66897897880798,40.47525610106179,3.1164118257946427,6.474563881197203,-3.3581520554025603,-0.017295930761995315,0.0450884581187289,0.13861780177187155,0.007878762740925804,0,CRWD
2026-07-28,181.8000030517578,184.6649932861328,174.13999938964844,181.3300018310547,8475300,192.0279998779297,179.43829956054688,188.55686961185725,186.3083140953228,43.733195273715296,2.248555516534452,5.629362208264654,-3.3808066917302018,0.009383168262057762,0.013440297764449827,0.2879807911493397,0.013161646632825041,0,CRWD
2026-07-29,179.3800048828125,186.38999938964844,176.4600067138672,182.625,7152500,189.28899993896485,180.05549957275392,187.14504426892728,185.79510600550722,36.31655466642309,1.3499382634200572,4.773477419295735,-3.4235391558756776,-0.01331132083785691,0.01336080337141123,-0.15607707101813506,-0.0037515915456304283,0,CRWD
2026-07-30,185.22000122070312,185.4600067138672,177.7469940185547,180.5800018310547,8958800,187.43500061035155,180.66574951171876,186.8488837999697,185.75250565107729,48.47162226736294,1.096378148892427,4.038057565215073,-2.9416794163226463,0.03255656248702765,0.019873161858405392,0.25254106955609923,0.025208163258907845,0,CRWD
2026-07-31,190.8600006103516,191.6450042724609,184.16000366210935,187.22000122070312,7879000,186.21300048828124,181.39854949951172,187.46597869387463,186.1308386110235,52.136750436399744,1.335140082851126,3.497474068742284,-2.162333985891158,0.03045027185227145,0.023537170404320313,-0.12052953520560794,0.05215836144745656,0,CRWD
