Date,Close,High,Low,Open,Volume,sma_10,sma_50,ema_12,ema_26,rsi_14,macd,macd_signal,macd_hist,daily_return,volatility_10,volume_change,price_vs_sma50,direction,ticker
2021-10-11,408.21783447265625,413.48498490722807,408.1897691180608,410.5754099108231,2829000,407.5657135009766,414.89973876953127,409.60169799117983,411.71868985710466,50.98625871093918,-2.116991865924831,-2.1935185374795765,0.07652667155474546,-0.007460841526531925,0.01099794814244462,-0.07443153934238511,-0.016104865037253502,1,IVV
2021-10-12,407.1886291503906,409.55556867297287,406.4776308158205,409.2000837810429,4986700,407.544189453125,414.8510186767578,409.2304566310584,411.3831298047555,45.47287435788261,-2.15267317369711,-2.185349464723083,0.032676291025973025,-0.0025212159669485423,0.008990440648270277,0.7627076705549665,-0.01847021986545372,1,IVV
2021-10-13,408.6388549804688,409.5276102684474,405.3082995702769,408.2459114542247,5343000,407.59752197265624,414.76587463378905,409.1394409925062,411.1798501881417,40.92751559419496,-2.0404091956355046,-2.1563614109055673,0.11595221527006272,0.003561557780000113,0.009048590118688868,0.07145005715202446,-0.01477223664731342,1,IVV
2021-10-14,415.6366882324219,415.7489781880133,411.9132184006344,412.418394722586,3592600,408.8558380126953,414.8600201416016,410.13901749095476,411.5099863395699,48.5658420590008,-1.3709688486151208,-1.999282898447478,0.6283140498323572,0.017124737813509094,0.00930934238822716,-0.32760621373760057,0.0018721208434477887,1,IVV
2021-10-15,418.8269653320313,419.1263481471655,417.1055569710842,417.7697893947061,3719900,409.9532409667969,414.9668963623047,411.4756248511204,412.05198478345596,53.13556498476199,-0.5763599323355493,-1.7146983052250924,1.138338372889543,0.00767563882095379,0.008954808726194747,0.03543394755887097,0.009302113020495995,1,IVV
2021-10-18,420.043212890625,420.3332310814436,416.3197139349261,416.9933110186024,2692900,411.70179138183596,415.0837432861328,412.79371531873653,412.6439276062092,64.78439850187694,0.1497877125273135,-1.3418011016746112,1.4915888142019247,0.002903938044269694,0.007076611128738038,-0.2760826903949031,0.011948118144134323,1,IVV
2021-10-19,423.3456726074219,423.3456726074219,421.053564050046,421.680395013116,2727800,413.35865783691406,415.27241882324216,414.41709336314966,413.4366494581509,66.80415826272004,0.980443904998765,-0.8773521003399359,1.857796005338701,0.007862190401959346,0.0068671077894786525,0.012960005941550001,0.01944086199381334,1,IVV
2021-10-20,424.9734497070313,425.22603784687306,423.5981905109151,423.682386557529,2735800,415.0052185058594,415.48395751953126,416.04114818528524,414.29122725436423,76.14362337155603,1.7499209309210073,-0.3518974940877473,2.1018184250087546,0.003845030680445616,0.006866782606890288,0.0029327663318425845,0.02283961153194225,1,IVV
2021-10-21,426.077392578125,426.2738785714337,423.8975743416925,424.3185545758305,4878900,416.4235076904297,415.69800354003905,417.5851857841837,415.16427653760576,73.83736850466745,2.420909246577935,0.20266385404538917,2.2182453925325456,0.0025976749179383862,0.006703824551452449,0.7833540463484172,0.024968580435066334,1,IVV
2021-10-22,425.5628967285156,427.04105284720174,423.6450025119792,425.6751581361736,3756600,417.8511596679688,415.8823718261719,418.81252592946555,415.93454469989535,84.39161791166799,2.877981229570196,0.7377273291503506,2.1402539004198453,-0.00120751736321012,0.006682547562884445,-0.23003135952776244,0.023277074380036344,1,IVV
2021-10-25,427.7895812988281,428.20122556283474,424.8987353657261,426.6762745689991,2065700,419.80833435058594,416.09021057128905,420.19361137090596,416.81269555907556,83.40280324684522,3.3809158118303912,1.2663650256863588,2.1145507861440325,0.005232327788512459,0.005479539296516467,-0.45011446520790077,0.028117390004143372,1,IVV
2021-10-26,428.2760009765625,430.62424019125183,427.90178675388313,429.3986721953157,2550500,421.9170715332031,416.2863427734375,421.43705592562236,417.6618292937042,82.71910373427217,3.7752266319181444,1.768137346932716,2.0070892849854287,0.0011370535866197518,0.005048477038671213,0.2346904197124462,0.02880146901588443,1,IVV
2021-10-27,426.3674621582031,429.37059761105127,426.3019953699102,428.7250659567542,2507100,423.68993225097654,416.5011560058594,422.195579961404,418.30669098737076,75.18721121674014,3.88888897403325,2.192287672352823,1.696601301680427,-0.004456329128897041,0.005882963256301349,-0.01701627131934913,0.023688544461578642,1,IVV
2021-10-28,430.4651794433594,430.5400394175045,427.79885674105634,427.81758600995,2464700,425.1727813720703,416.88758361816406,423.467826035551,419.20731976188847,79.76192393045254,4.260506273662543,2.6059313926147674,1.6545748810477754,0.009610764537270944,0.0043351146566376125,-0.016911970005185295,0.03256896189460834,1,IVV
2021-10-29,431.2791442871094,431.65338709204127,427.901822813124,428.2012056367825,4175200,426.4179992675781,417.278173828125,424.66956730502153,420.1015289859789,88.47939595832243,4.568038319042614,2.9983527779003367,1.5696855411422774,0.0018908959019694471,0.004098484629970113,0.6939992696879944,0.03355308601583196,1,IVV
2021-11-01,432.16790771484375,432.7105140752239,430.3716394084339,432.3456644735771,2914800,427.63046875,417.62092651367186,425.82315813730185,420.9953348177467,91.87592152802009,4.8278233195551365,3.364246886231297,1.4635764333238397,0.0020607614337657676,0.0041080078273809766,-0.3018777543590726,0.03483297956980058,1,IVV
2021-11-02,433.8705749511719,434.14186383075946,432.1491667826838,432.2988296228015,3282800,428.682958984375,417.9254083251953,427.0612222625126,421.9490563091115,91.94410651904596,5.1121659534011314,3.713830699665264,1.3983352537358673,0.003939828029645431,0.0037485684026069346,0.12625222999862773,0.038153140030120714,1,IVV
2021-11-03,436.5368041992188,436.8736169162832,432.8601009629618,433.2904743542502,2916100,429.83929443359375,418.26867614746095,428.519004098929,423.0296302268972,90.58876241479003,5.489373872031763,4.068939334138564,1.4204345378931986,0.00614521795663836,0.003909761194824634,-0.1117034239064213,0.0436755824510211,0,IVV
2021-11-04,438.5389709472656,438.6418677214384,436.7520673942268,437.0982162538469,3039900,431.0854522705078,418.6344647216797,430.06053746021155,424.17847028025784,90.13345030998396,5.882067179953708,4.431564903301593,1.4505022766521147,0.004586478685845385,0.003954582563488716,0.042453962484139796,0.04754626745511503,0,IVV
2021-11-05,440.0826416015625,442.0847319752236,438.5764200546903,440.8123693390048,4361100,432.5374267578125,419.08070983886716,431.602399635804,425.35655704479893,90.26326632722136,6.245842591005044,4.794420440842284,1.4514221501627596,0.0035200307305927048,0.003683046719990782,0.4346195598539426,0.05011428889382752,0,IVV
2021-11-08,440.54107666015625,441.6730839692679,439.7832550251655,441.1772436974491,2963000,433.8125762939453,419.4626800537109,432.97758071647354,426.48133627556615,89.00692968549889,6.49624444090739,5.134785240855305,1.3614592000520842,0.0010417022060342784,0.003685594124233132,-0.32058425626562104,0.05025094629096993,0,IVV
2021-11-09,439.0068054199219,441.0556620542609,437.59411588692257,440.8498399272724,3519000,434.8856567382812,419.77649963378906,433.9051537477733,427.4091488047777,81.96960195553055,6.496004942995569,5.407029181283358,1.088975761712211,-0.003482697349963426,0.004192443539400321,0.18764765440431996,0.04581082028867556,1,IVV
2021-11-10,435.5359191894531,439.0068014099155,433.9829028910378,437.3415236888442,4230300,435.80250244140626,420.03003479003905,434.1560407388009,428.0111317962352,69.45005403193721,6.144908942565735,5.554605133539834,0.590303809025901,-0.007906224203401035,0.004908033648792197,0.2021312872975276,0.03691613245506353,1,IVV
2021-11-11,435.7135620117188,437.0139612183618,435.60127206771085,436.9671951547247,3460000,436.3273406982422,420.28339599609376,434.3956593961729,428.5816821825673,71.16657099984351,5.813977213605597,5.606479549552986,0.20749766405261028,0.00040787180675305734,0.004157058375324059,-0.1820911046497884,0.03671371784520483,1,IVV
2021-11-12,438.9224548339844,439.4463603272072,435.93804931863946,436.9297296130047,2710400,437.0916717529297,420.57558349609377,435.0920894635285,429.34766534193153,72.3011915911275,5.744424121596978,5.634068463961785,0.11035565763519362,0.007364684283523104,0.004592709019932339,-0.21664739884393058,0.04362324409177454,1,IVV
2021-11-15,439.0348510742188,440.3446152095892,437.9496097761355,440.2604191456065,2947100,437.7783660888672,420.8737469482422,435.69866817286544,430.06523465543427,71.87981758647148,5.633433517431172,5.633941474655662,-0.0005079572244905961,0.0002560731149581219,0.004615318238939172,0.08733028335301052,0.04315095502549848,1,IVV
2021-11-16,440.7843322753906,441.9350689374379,438.7448403335302,438.8290363989408,3959200,438.46974182128906,421.23430114746094,436.48107803479235,430.8592418865421,79.5098884349662,5.621836148250225,5.631520409374575,-0.009684261124350613,0.00398483445423814,0.004617888443674786,0.3434223473923519,0.046411299067228295,0,IVV
2021-11-17,439.7458190917969,440.7187702899033,439.0909228366714,440.5691074522816,4846100,438.7906433105469,421.58526916503905,436.98334588971613,431.51750686470916,71.71622968754016,5.4658390250069715,5.598384132501055,-0.13254510749408333,-0.002356057390317856,0.004466527231600381,0.2240099009900991,0.04307681329265911,1,IVV
2021-11-18,441.1959838867188,441.4860020782163,438.0899512963449,440.7750035526342,2910900,439.0563446044922,422.00289428710937,437.63144404310117,432.23443108856173,72.53398942905534,5.397012954539434,5.558109896908731,-0.16109694236929695,0.003297734127221341,0.0043606015434904085,-0.39933142114277465,0.045480943044318156,0,IVV
2021-11-19,440.4756164550781,442.3467162792271,440.0826729296911,441.0650174677998,3349800,439.09564208984375,422.47023315429686,438.0690090295592,432.8448892638593,69.02315115685894,5.224119765699925,5.49131187066697,-0.2671921049670454,-0.0016327606278158102,0.004282639228195245,0.15077810986292906,0.04261929453904334,0,IVV
2021-11-22,439.1564331054688,444.853927936232,438.9973770778567,442.2624652799289,4285400,438.957177734375,422.8918029785156,438.2363050412376,433.3124110299044,62.32002606163473,4.923894011333175,5.377828298800211,-0.45393428746703623,-0.002994906642565187,0.0043730380779255906,0.2793002567317451,0.0384604998545679,0,IVV
2021-11-23,439.7644958496094,440.5971487985983,436.2561844255332,438.9505721673375,8482500,439.03294677734374,423.3700830078125,438.47141131944863,433.7903432387714,58.321308813278094,4.681068080677221,5.238476255175613,-0.5574081744983923,0.0013846153632333102,0.00424931718981618,0.9793951556447473,0.03872359786341906,0,IVV
2021-11-24,440.9059143066406,441.0836710549977,436.9485283231808,437.8466766993157,4664100,439.5699462890625,423.8020367431641,438.8459502405551,434.3174225771321,56.38562033387013,4.528527663423006,5.0964865368250925,-0.5679588734020866,0.0025955220755737862,0.003195778634173386,-0.45015030946065426,0.04035817688587939,0,IVV
2021-11-26,430.9329223632813,435.713596444204,429.9786718941321,434.3102718156662,7263800,439.0918823242188,424.05018798828127,437.62856133635916,434.0667188575876,33.032640116625274,3.5618424787715526,4.789557725214385,-1.2277152464428323,-0.02261931994956934,0.008212734494993575,0.55738513325186,0.016230942869409182,0,IVV
2021-11-29,436.4339904785156,438.2302586929603,433.7209017140869,435.88201951149887,5483000,438.84303588867186,424.4890710449219,437.4447812043832,434.24207231098967,43.58374866865441,3.202708893393549,4.472187958850218,-1.269479065456669,0.01276548583261139,0.008971697011018293,-0.24516093504777114,0.02813952171769718,0,IVV
2021-11-30,428.1356201171875,435.8539052564482,427.6678452602626,434.0108711781356,9778400,437.75311279296875,424.9017889404297,436.0126025755839,433.78974251885614,35.97969768505432,2.222860056727768,4.022322378425728,-1.79946232169796,-0.019014033146752873,0.01068881876371037,0.7834032463979572,0.007610773267916704,1,IVV
2021-12-01,423.1399230957031,436.4434454138432,422.9341009509496,433.5806646600034,7936500,435.988671875,425.21925170898436,434.03219034790993,433.00086700603003,34.618157747647956,1.0313233418798973,3.424122571116562,-2.392799229236665,-0.01166849191412056,0.010786051605535234,-0.1883641495541193,-0.0048900152213811054,1,IVV
2021-12-02,429.6606750488281,431.1762613851647,422.97147012996425,423.3550490318684,10040900,434.98015747070315,425.58679260253905,433.3596495326666,432.7534453795707,43.51068862782862,0.6062041530959164,2.8605388875124333,-2.254334734416517,0.015410391686558444,0.012429386864193294,0.26515466515466524,0.009572389268418302,1,IVV
2021-12-03,425.80615234375,432.3082063640528,421.6897103573918,431.251030515316,9923900,433.44117431640626,425.7786376953125,432.19757304206405,432.23883108062097,36.129998728514614,-0.041258038556918564,2.2801795022985627,-2.3214375408554813,-0.00897108562388238,0.012426716898966716,-0.011652341921540854,6.462195610934529e-05,1,IVV
2021-12-06,430.9329223632813,432.8040218679984,426.03065079715054,428.4911512139675,6552900,432.4869049072266,426.05705688476564,432.0030113991744,432.14209710155876,42.25397973950794,-0.13908570238436369,1.7963264613619774,-1.935412163746341,0.012040150174703168,0.013368395618290467,-0.33968500287185477,0.011444160822418725,1,IVV
2021-12-07,439.8860778808594,440.4099833837276,436.18130938180326,436.22807544249525,6659000,432.55986938476565,426.54073425292967,433.2157908578952,432.7157253074329,49.24517753740261,0.5000655504622955,1.537074279182041,-1.0370087287197456,0.020776216095252265,0.015183252965201365,0.01619130461322471,0.031287383727379714,0,IVV
2021-12-08,441.0462036132813,441.4859131296575,438.5015071984317,440.2697098974911,4992000,432.6880401611328,427.21358093261716,434.4204697433392,433.33279777453276,51.09051217808129,1.0876719688064327,1.4471938171069196,-0.35952184830048695,0.0026373322338610894,0.015198631654927661,-0.2503378885718577,0.032378705401797436,1,IVV
2021-12-09,438.0711975097656,440.6439594812592,437.8747400443243,439.7551757435484,5550900,432.4045684814453,427.8128942871094,434.98212016894325,433.68379034751297,47.444877702588336,1.2983298214302863,1.417421017971593,-0.11909119654130662,-0.006745338876387286,0.015334806669679792,0.11195913461538454,0.02397848068546482,0,IVV
2021-12-10,442.2717895507813,442.33728488691423,438.2302362391108,440.7749327579398,5628000,433.5384552001953,428.5972595214844,436.1036077661491,434.31993843664395,51.38963064539668,1.7836693295051305,1.4906706802783005,0.29299864922682994,0.009588834109373279,0.013448230863333164,0.013889639517915997,0.03190531373104011,0,IVV
2021-12-13,438.3562927246094,441.9883750373901,438.0184092826332,441.725589534285,8930000,433.7306854248047,429.20732666015624,436.45017468283527,434.61892764315996,49.404870262670556,1.8312470396753042,1.5587859521577014,0.2724610875176028,-0.008853146229717557,0.013384644081180569,0.5867093105899075,0.021315959668361417,0,IVV
2021-12-14,435.2591552734375,437.4646918448725,432.2934167452592,434.9870040040164,10305900,434.4430389404297,429.8613555908203,436.2669409275433,434.66635191206944,46.76865588990172,1.6005890154738722,1.5671465648209357,0.033442450652936495,-0.007065342741908842,0.011897796938903377,0.15407614781634948,0.012557071279873933,1,IVV
2021-12-15,442.10101318359375,442.29809515941656,432.7908732479723,435.315475886964,7050800,436.3391479492187,430.56783569335937,437.1644905053972,435.217067561812,50.792363558519895,1.9474229435852521,1.6432018405737991,0.304221103011453,0.015719044222879397,0.01162377099053393,-0.3158482034562726,0.02678597083700418,0,IVV
2021-12-16,438.0465698242188,444.1845232236811,436.5731092910701,443.884188747044,7865900,437.1777374267578,431.1586102294922,437.30019501598514,435.42666032199025,55.11810055453773,1.873534693994884,1.689268411258016,0.18426628273686796,-0.009170852901192572,0.011648387248891843,0.1156039031031939,0.015975465713326198,1,IVV
2021-12-17,433.7012634277344,438.0372678820463,431.7773008993212,435.024585556836,8428300,437.9672485351563,431.5947454833984,436.7465132331773,435.298853144638,48.00061625300312,1.447660088539351,1.640946746714283,-0.19328665817493218,-0.009919736155514558,0.011751034667840781,0.07149849349724757,0.004880777549728155,1,IVV
2021-12-20,428.8302917480469,429.2807648251689,425.24512408809824,428.3985501938418,7001100,437.7569854736328,431.94562377929685,435.52863300469573,434.8197004485942,50.53508858121955,0.7089325561015585,1.4545439085917382,-0.7456113524901797,-0.011231167834721112,0.011824006488869894,-0.16933426669672413,-0.007212324560652905,1,IVV
2021-12-21,436.4698181152344,436.63874550282463,430.1441777093952,432.25585597868246,6333000,437.4153594970703,432.51066345214844,435.6734307140093,434.9419313868638,59.86586040157852,0.7314993271455137,1.3099349923024934,-0.5784356651569798,0.017814801132742808,0.011257479306552352,-0.09542786133607573,0.00915388913532289,1,IVV
2021-12-22,440.8714599609375,440.9840782100118,436.0849838850107,436.2257566963535,4833200,437.39788513183595,433.1843200683594,436.47312752122906,435.3811557256841,58.56614860847157,1.0919717955449642,1.2663423529509878,-0.1743705574060237,0.010084641968396202,0.011740424084789765,-0.23682299068372015,0.017745655917012382,1,IVV
2021-12-23,443.5744934082031,445.0761371665018,441.77251516995017,441.8757676780786,4368800,437.9482147216797,433.8830328369141,437.56564534999427,435.98806962809294,63.819960474589706,1.5775757219013258,1.3285890267410556,0.24898669516027017,0.006131114605388843,0.0116212336651097,-0.09608540925266906,0.022336574232742157,1,IVV
2021-12-27,449.92822265625,449.92822265625,444.9352700688938,444.9352700688938,4128500,438.71385803222654,434.5688635253906,439.46758032018744,437.02067355610455,64.49756789264248,2.4469067640828825,1.552252574209421,0.8946541898734615,0.01432392831974627,0.012083324070857418,-0.0550036623329061,0.03534390155396383,1,IVV
2021-12-28,449.58099365234375,451.3360283371288,448.7269336734678,450.3411955356841,4262300,439.836328125,435.1839440917969,441.02349006359606,437.95106763730746,58.51834532007575,3.072422426288597,1.8562865446252563,1.2161358816633405,-0.0007717431057253643,0.011551447119510918,0.0324088652052803,0.033082676316546156,1,IVV
2021-12-29,450.0503845214844,451.092160990117,448.6144440366496,449.6280372912186,3312100,441.31545104980466,435.7840875244141,442.41224305711734,438.84731333243167,58.0086479033041,3.564929724685669,2.1980151806373387,1.3669145440483303,0.0010440629736754303,0.011072927873962054,-0.222931281233137,0.032737076468564386,0,IVV
2021-12-30,448.783203125,451.5143102072497,448.38903925665625,450.52887189492327,4030600,441.9836700439453,436.29283813476565,443.3923907598685,439.5833051689182,59.82616903952346,3.8090855909503034,2.5202292626999316,1.2888563282503718,-0.002815643403641821,0.010306949140236298,0.21693185592222464,0.028628397943988748,0,IVV
2021-12-31,447.66644287109375,449.4871812720796,447.4412063320761,448.29526639781454,3980100,442.94565734863284,436.7466979980469,444.0499372385185,440.18205610982005,55.24529806795274,3.867881128698457,2.789759635899637,1.0781214927988199,-0.002488418118436586,0.009735499787439048,-0.012529151987297205,0.025002466929001654,0,IVV
2022-01-03,450.3412170410156,450.39752617273206,446.6528257062355,448.97098043346455,5560300,444.6096527099609,437.2319744873047,445.01782643890266,440.9345865491679,61.94122340360838,4.083239889734784,3.0484556866666668,1.0347842030681176,0.005974926672563052,0.008784907336999468,0.39702520037184996,0.02998235105994418,0,IVV
2022-01-04,450.1910705566406,452.4341560921121,448.29526287138606,451.7771780031821,5452000,446.7457305908203,437.7245379638672,445.8137101493239,441.6202520312029,65.80565424216758,4.193458118121043,3.277456172957542,0.9160019451635013,-0.0003334060456681165,0.007254878381020517,-0.019477366329154866,0.028480314699201426,0,IVV
2022-01-05,441.4158630371094,450.51955487492353,441.3783427089434,449.8062676591648,7211400,447.24033508300784,437.9970635986328,445.13711828590635,441.60511210571445,49.30327505103399,3.5320061801918996,3.328366174404414,0.20364000578748565,-0.019492184748758135,0.009204094371759777,0.3227072633895818,0.007805530499194191,1,IVV
2022-01-06,441.08740234375,443.78096092366224,438.7410929687084,441.0592477769084,5959100,447.2619293212891,438.25329162597654,444.5140850640361,441.5667632344578,53.34573913697504,2.9473218295783,3.2521573054391912,-0.3048354758608913,-0.0007441071353879725,0.008659050756806692,-0.17365560085420306,0.006466832701378156,0,IVV
2022-01-07,439.3230285644531,442.27937302187456,437.9809463064788,441.12497835271125,7673600,446.83678283691404,438.51240295410156,443.7154609871772,441.40056066630933,56.55791746053445,2.314900320867878,3.064705908524929,-0.7498055876570513,-0.004000054796218899,0.008463234530007883,0.2877112315618131,0.0018485808038510854,0,IVV
2022-01-10,438.4971008300781,439.0226718785643,430.39763567153256,436.1226367084078,8975900,445.69367065429685,438.67304138183596,442.91263634762345,441.1854895673292,62.45164972703716,1.7271467802942198,2.7971940828787876,-1.0700473025845678,-0.0018800010030747272,0.006553980426431332,0.16971173894912428,-0.00040107445673798203,0,IVV
2022-01-11,442.8236083984375,442.88931192896143,435.5218954280262,438.534577015512,7552000,445.01793212890624,438.9039306640625,442.8989397400564,441.30683170296686,58.947900433812066,1.592108037089531,2.5561768737209363,-0.9640688366314052,0.009866673143720472,0.007647075660032725,-0.15863590280640383,0.008930605220246024,0,IVV
2022-01-12,443.996826171875,446.042829820953,442.0165547041455,444.6068895543256,8938600,444.41257629394534,439.1405090332031,443.0678453449516,441.5060905525156,54.84163469229911,1.561754792435977,2.3572924574639442,-0.7955376650279673,0.002649402044486049,0.007722586878838231,0.1836069915254237,0.011058686317423572,0,IVV
2022-01-13,437.9057922363281,445.7237110980702,436.87341038501216,445.0667330177405,5351100,443.3248352050781,439.22121337890627,442.2736833282403,441.2394017883536,42.052615185566765,1.034281539886706,2.0926902739484965,-1.0584087340617905,-0.013718642964328231,0.008668012845842477,-0.40134920457342316,-0.0029948943778436155,0,IVV
2022-01-14,438.0559692382813,438.365669479844,433.5041232297389,434.66791217965306,9652900,442.36378784179686,439.2515966796875,441.6248042374774,441.0035919698297,29.850480339936198,0.6212122676477065,1.7983946726883384,-1.1771824050406319,0.0003429436299215993,0.008711538814245112,0.803909476556222,-0.0027219649295392445,0,IVV
2022-01-18,430.3132019042969,433.5417263647552,429.2151163549852,433.3164897972968,9681700,440.360986328125,439.08708129882814,439.8845577246804,440.21171122423465,23.860660183241706,-0.32715349955424244,1.3732850382398223,-1.7004385377940647,-0.017675292377474117,0.009445094044191867,0.002983559344860165,-0.019982094140820417,0,IVV
2022-01-19,425.8645629882813,433.2225860454256,425.5548340991763,431.7209422571063,6260800,437.92833557128904,438.8027197265625,437.7276354575421,439.1489595030529,20.38604365784896,-1.4213240455108007,0.8143632214896976,-2.2356872670004986,-0.010338141837918702,0.009484682438653396,-0.3533367073964283,-0.029485133424750676,0,IVV
2022-01-20,421.1343994140625,432.4248395484198,420.6557431122317,427.7228261593012,8907300,435.9001892089844,438.41458618164063,435.1748299123914,437.8145476446091,18.792376763789704,-2.6397177322177185,0.12354703074821449,-2.763264762965933,-0.01110720164417378,0.008421161998869593,0.42270955788397657,-0.039415173017119276,0,IVV
2022-01-21,412.93170166015625,422.3450939965482,412.82844915113424,420.064459451224,13981000,433.084619140625,437.8930841064453,431.7528101812783,435.97137386798295,16.200882076597964,-4.21856368670467,-0.7448751127423624,-3.473688573962307,-0.019477624637927793,0.009471363086436434,0.5696114423001359,-0.057003372175252975,1,IVV
2022-01-24,414.3769836425781,415.1278198054522,396.5825818837915,407.2723808308516,18241000,430.5900146484375,437.4699053955078,429.0796060984013,434.3717894068418,14.146626702347433,-5.292183308440485,-1.6543367518819871,-3.637846556558498,0.0035000509203126917,0.009977716951379879,0.3046992346756312,-0.05278745227526416,1,IVV
2022-01-25,409.6092834472656,414.4802237121864,402.6360592723029,408.24841263389055,14720000,427.70123291015625,436.94781982421875,426.0841718443805,432.53752970613243,12.95399866501306,-6.453357861751954,-2.6141409738559807,-3.839216887895973,-0.01150570708199583,0.01002346685714419,-0.19302669809769202,-0.06256705065595991,1,IVV
2022-01-26,408.6614379882813,418.64734561886667,404.2785475959188,415.4938905518225,14881700,424.28501586914064,436.3425994873047,423.40375125113445,430.7689303196249,15.113889670783252,-7.365179068490477,-3.56434859278288,-3.800830475707597,-0.0023140233810309274,0.008386794750078167,0.01098505434782604,-0.06343905346750078,1,IVV
2022-01-27,406.5309448242188,416.2352768151305,404.81343034853097,413.128765541041,17529800,420.538427734375,435.69252136230466,420.8079348777628,428.9735239866319,14.555171861148906,-8.165589108869085,-4.484596696000121,-3.6809924128689637,-0.005213345243804457,0.007614151965227357,0.17794338012458244,-0.06693155174411691,1,IVV
2022-01-28,416.4699401855469,416.5919528633356,403.2649033208086,407.9200020346591,13069600,418.39484252929685,435.2062335205078,420.14055107896036,428.04733259395897,29.9257667534133,-7.906781514998613,-5.16903365979982,-2.7377478551987933,0.02444831196214503,0.01270870203645452,-0.2544353044529887,-0.04305152796961953,1,IVV
2022-01-31,423.9968872070313,424.437994539098,414.6116491983551,415.8692676545409,8537700,416.9889343261719,434.8912548828125,420.733833560202,427.74729960233475,38.60448651441092,-7.013466042132734,-5.537920136266402,-1.4755459058663316,0.018073205999287634,0.01461980865433106,-0.3467512395176593,-0.02505078580786102,0,IVV
2022-02-01,426.9250793457031,427.5820287811425,421.2939368857968,424.86031565381546,8777800,416.6501220703125,434.6058367919922,421.68633291181754,427.68639439813984,37.224792431046986,-6.000061486322295,-5.630348406277581,-0.3697130800447139,0.006906164236158752,0.013959888623829422,0.028122328027454735,-0.017672927503652458,0,IVV
2022-02-02,431.0264587402344,431.8523642844736,427.06588707415926,429.44035119311,8744100,417.1663116455078,434.41685363769534,423.12327534695856,427.93380657162834,40.046119018544566,-4.810531224669774,-5.466384969956019,0.6558537452862456,0.009606789558526119,0.013854704169471195,-0.0038392307867575193,-0.007804473673317824,1,IVV
2022-02-03,421.021728515625,426.98135961106016,420.1582741279028,425.0761576865935,7835200,417.15504455566406,434.0541595458984,422.79996044983034,427.42180078970216,37.77686459831518,-4.621840339871824,-5.297476043939181,0.6756357040673571,-0.023211406218194397,0.015490473078917766,-0.10394437392070077,-0.030024896072664675,1,IVV
2022-02-04,423.1334533691406,426.8124505599305,418.39389107926354,420.6838914015088,7108900,418.1752197265625,433.7215386962891,422.8512670528011,427.10414542521613,39.49526323229342,-4.252878372415012,-5.088556509634348,0.835678137219336,0.005015714654350134,0.01391002921222466,-0.0926970594241372,-0.02441217320904765,0,IVV
2022-02-07,421.6318359375,425.1231457747282,420.28975371765176,423.7529089852844,6353200,418.9007049560547,433.33605712890625,422.6636622658317,426.6987891668668,43.30000975071609,-4.035126901035085,-4.8778705879144955,0.8427436868794107,-0.003548803385041266,0.014033493843389252,-0.10630336620292868,-0.02700957143735805,0,IVV
2022-02-08,424.98236083984375,425.9771937925607,419.68907277461904,421.1250130661047,4955500,420.4380126953125,433.2170458984375,423.020385123372,426.57164632782803,49.30740635323134,-3.5512612044560115,-4.612548711222799,1.0612875067667877,0.007946565265627648,0.013309772586344427,-0.2199993703960209,-0.01900822032871785,0,IVV
2022-02-09,431.2516784667969,431.54261854832936,428.93352357616953,429.1493943572791,7144600,422.69703674316406,433.11339965820315,424.2867379454374,426.918315375159,57.75538476438134,-2.631577429721631,-4.216354454922565,1.5847770252009346,0.014751947856291636,0.013535066419128133,0.4417515891433761,-0.004298461310306867,0,IVV
2022-02-10,423.6308898925781,431.4581751779304,421.584914822326,425.51733195136086,7476000,424.40703125,433.02330505371094,424.1858382449975,426.6748023764493,58.27527197452682,-2.4889641314517803,-3.8708763902284087,1.3819122587766284,-0.01767132501678015,0.015110100995535175,0.04638468213755842,-0.02169032255658343,0,IVV
2022-02-11,415.1559753417969,425.6862126783984,413.7763443208541,423.5932944614258,9436900,424.275634765625,432.86362609863284,422.79662856758205,425.821555929438,50.54341809684874,-3.02492736185593,-3.7016865845539133,0.6767592226979833,-0.020005421589842642,0.015040504779181885,0.26229266987693944,-0.04090815141118154,0,IVV
2022-02-14,413.8045043945313,416.2634320032927,410.3788984821391,414.7148735652492,8249000,423.256396484375,432.5465026855469,421.41322484865117,424.93140396388935,53.0730193333152,-3.5181791152381834,-3.6649850906907675,0.14680597545258411,-0.0032553330014168935,0.013602707405630523,-0.1258782015280442,-0.04332944128469962,0,IVV
2022-02-15,420.4585571289063,420.6837936192418,417.7649990799338,418.2436552633631,6722700,422.6097442626953,432.43955078125,421.2663528917673,424.6000819761128,57.974782253506035,-3.333729084345464,-3.598733889421707,0.26500480507624324,0.016080184395554253,0.014570966848593993,-0.18502848830161234,-0.027705591754266456,0,IVV
2022-02-16,420.9372863769531,422.3450719688408,416.6013113365746,418.3563461251591,6315600,421.6008270263672,432.23963806152346,421.2157272741036,424.3287637835824,59.961047702848404,-3.1130365094788317,-3.5015944134331325,0.3885579039543008,0.001138588429061338,0.01409668459228014,-0.06055602659645676,-0.026148346170328796,0,IVV
2022-02-17,412.1057739257813,418.3187964109376,411.4018811310919,417.8119855791494,6435600,420.7092315673828,431.68403198242186,419.8141959897463,423.42335712744904,46.935530531120456,-3.609161137702756,-3.5231077582870576,-0.08605337941569857,-0.020980589596102273,0.013741749505348719,0.019000570017100538,-0.04535321347591048,1,IVV
2022-02-18,409.2620239257813,413.504140606102,407.0564875715058,412.3309860178138,8059100,419.32208862304685,431.04834838867185,418.19078490298244,422.37436948288104,38.9249367836551,-4.183584579898593,-3.655203122609365,-0.5283814572892278,-0.006900534231563893,0.013576355751222492,0.2522686307415003,-0.050542646884813136,1,IVV
2022-02-22,404.8228454589844,410.5102972973775,401.4159995412248,407.0846912148726,9939000,417.6411895751953,430.38338134765627,416.134178834675,421.074256592222,33.756405517716516,-4.940077757546987,-3.9121780495968896,-1.0278997079500978,-0.010846788138842767,0.013789019194086958,0.23326426027720215,-0.05939015537410941,1,IVV
2022-02-23,397.4461059570313,408.3986636785253,397.15516584339446,407.7698687134946,11345100,414.88756408691404,429.48686767578124,413.2590906996529,419.3240232118375,26.45435462231265,-6.064932512184612,-4.342728942114435,-1.7222035700701772,-0.018222142314101353,0.013758427114430571,0.14147298520977958,-0.07460242473103373,1,IVV
2022-02-24,403.6966552734375,404.13773397913087,387.0472229998599,387.422626804764,19259900,412.13206176757814,428.79367492675783,411.78794678792747,418.16644040158565,37.17703617303277,-6.378493613658179,-4.749881876423184,-1.628611737234995,0.015726784645065717,0.01392885168389674,0.6976403910058087,-0.05852936067120662,1,IVV
2022-02-25,412.58447265625,412.7346399153073,403.3400352726202,404.9167485305077,9651300,411.0274200439453,428.3401812744141,411.9104892292078,417.75296130933856,42.90404680095101,-5.842472080130733,-4.968399917164694,-0.8740721629660388,0.022016078822333807,0.015904129463952296,-0.498891479187327,-0.03678316746116861,0,IVV
2022-02-28,411.7491455078125,413.0630730447146,406.0053846740176,407.25360867370654,11174000,410.6867370605469,427.73314392089844,411.8856671182239,417.3082342129292,43.2921100120803,-5.4225670947053,-5.059233352672815,-0.36333374203248514,-0.0020246209050466257,0.014677357283597868,0.15777149192336792,-0.03736909014476997,0,IVV
2022-03-01,405.3671569824219,412.0963556709399,402.711118951636,410.1348446335817,14288700,409.84300231933594,427.0795556640625,410.8828194050236,416.42370997363236,37.2123911587674,-5.540890568608745,-5.155564795860001,-0.385325772748744,-0.015499700715880471,0.015404454994502178,0.2787453015929837,-0.050839236844011926,0,IVV
2022-03-02,412.76275634765625,414.3301036980471,406.8219132877834,407.6102698438843,8947200,409.073422241211,426.6607855224609,411.17204047312094,416.15252822356007,38.12108223843515,-4.980487750439124,-5.120549386775826,0.14006163633670177,0.018244199703517427,0.015698303068036573,-0.3738268701841315,-0.03257395487561865,0,IVV
2022-03-03,410.782470703125,415.7941841920983,408.9711267030927,415.2404586054213,9927000,408.0579406738281,426.2998291015625,411.1121066623523,415.7547461850093,41.09997349125271,-4.642639522657021,-5.024967413952066,0.38232789129504496,-0.00479763644872877,0.015689806820166824,0.1095091201716738,-0.03640010466610022,0,IVV
2022-03-04,407.2723693847656,408.5018331353559,403.3211640022719,407.084653188955,8081100,407.57460021972656,425.71588012695315,410.5213778504159,415.12642197758385,44.13571418842532,-4.605044127167957,-4.940982756595244,0.3359386294272868,-0.00854491505528765,0.014494477821262517,-0.18594741613780597,-0.0433235206933964,0,IVV
2022-03-07,395.3063354492188,407.0284914944576,395.2969410435843,406.7938604854401,8790100,406.1790313720703,424.80457763671876,408.18060209638554,413.65826741992714,38.116553246015876,-5.477665323541601,-5.048319269984516,-0.4293460535570848,-0.02938091271358023,0.017019967826403474,0.08773558055215247,-0.06943955818839143,0,IVV
2022-03-08,392.3592834472656,402.62673678862456,391.2799867342858,395.5221042794959,14798500,404.93267517089845,423.7802734375,405.746553073444,412.0805649034337,31.045935287208167,-6.33401182998972,-5.305457781985557,-1.028554048004163,-0.00745510946239758,0.016886871737818197,0.683541711698388,-0.07414453187110992,1,IVV
2022-03-09,402.9176330566406,404.8509897106463,398.5535033015594,400.7871944326754,7703000,405.4798278808594,422.84006164550783,405.3113346093204,411.4018292110787,39.30003776448731,-6.09049460175828,-5.462465145940103,-0.6280294558181776,0.026909901345036236,0.01833374699878888,-0.47947427104098383,-0.047115754622061745,1,IVV
2022-03-10,401.0686950683594,401.932149432727,396.301007505849,398.2812786688961,8046600,405.21703186035154,421.8698156738281,404.65862083378795,410.63641186717354,42.8536425649531,-5.977791033385586,-5.5655303234292,-0.412260709956386,-0.004588873349261724,0.017699106761053063,0.04460599766324802,-0.04930696587582195,1,IVV
2022-03-11,396.0664978027344,404.15656959756507,395.4564343274462,403.6122096721507,11299700,403.565234375,420.79013793945313,403.3367557520874,409.5571589735114,41.688397615035576,-6.220403221423965,-5.696504903028153,-0.5238983183958119,-0.012472170795510218,0.016110389595507132,0.4042825541222379,-0.05875527467869557,1,IVV
2022-03-14,393.0725708007813,400.149020099191,391.9275705433541,396.9017355559207,8925100,401.69757690429685,419.6759252929688,401.7576503749634,408.336078368124,42.4614814719096,-6.578427993160574,-5.8728895210546375,-0.7055384721059363,-0.007559152360935739,0.016131529126802702,-0.2101471720488155,-0.06339023253148524,1,IVV
2022-03-15,401.7256774902344,402.3263177421268,394.40517572010174,395.6252736691918,7882600,401.33342895507815,418.75710998535163,401.75273146962047,407.8464190438359,52.70136519757509,-6.093687574215437,-5.917049131686797,-0.17663844252864003,0.022014018103132083,0.017589109913382733,-0.11680541394494182,-0.04067138703797302,1,IVV
2022-03-16,410.6229248046875,410.6886283449835,400.4399644348063,405.37658017232735,7961700,401.11944580078125,417.9627441406251,403.11737659809233,408.0520861372323,54.23066283615464,-4.9347095391399876,-5.720581213177435,0.7858716740374474,0.02214756938127116,0.01809385566511873,0.01003476010453408,-0.017560941588296353,1,IVV
2022-03-17,415.7284851074219,415.8411033782612,408.38925092349314,408.6707966005913,6514500,401.6140472412109,417.2734924316407,405.0575471379892,408.6207082831723,52.01343816509243,-3.5631611451830736,-5.2890971995785625,1.725936054395489,0.012433695233072584,0.018442768237133277,-0.1817702249519575,-0.0037026251421229395,1,IVV
2022-03-18,420.1770935058594,420.6838757080037,413.47602019612174,414.2268277380575,5276000,402.90451965332034,416.8487170410157,407.3836311945846,409.47673681818617,55.158557747447034,-2.0931056236015593,-4.649898884383163,2.5567932607816033,0.010700754357229059,0.01829903882107392,-0.19011436027323658,0.007984614870522044,1,IVV
2022-03-21,420.0925903320313,422.1761141448724,416.7232936000058,420.19584283523136,5679100,405.3831451416016,416.4288208007813,409.33885567726867,410.2630963377303,59.76597586896856,-0.9242406604616349,-3.9047672395988573,2.9805265791372224,-0.00020111323328697583,0.014430768401257748,0.07640257771038672,0.008798069077458948,1,IVV
2022-03-22,425.2169799804688,426.05225125916047,421.6036576643178,421.6036576643178,5356400,408.6689147949219,416.14669982910164,411.7816440316072,411.37079142237764,58.51625580236449,0.4108526092295506,-3.041643269833176,3.4524958790627265,0.012198238593990274,0.01368450936619411,-0.05682238382842353,0.021795871876653328,1,IVV
2022-03-23,419.8861389160156,424.0907068318212,419.63271918223467,422.6735268558399,5558000,410.3657653808594,415.77448059082036,413.0284893984392,412.0015579033879,55.95237762675908,1.0269314950513149,-2.227928316856278,3.254859811907593,-0.012536754916743997,0.01336018129537629,0.03763721902770523,0.009889155100025748,1,IVV
2022-03-24,425.9606628417969,425.9889396558736,420.5839013602617,421.6573857775901,3491500,412.85496215820314,415.4372216796876,415.01805454357117,413.03556567660337,61.822754252405964,1.982488866967799,-1.3858448800914627,3.3683337470592614,0.014467074196503171,0.013324107125994243,-0.37180640518172003,0.025331002165769112,1,IVV
2022-03-25,428.107666015625,428.3995724185023,424.07741506162455,426.6575308700848,6909400,416.0590789794922,415.11943847656255,417.0318409238871,414.15201755356793,73.6948200194173,2.8798233703191727,-0.5327112300093356,3.412534600328508,0.005040378985947669,0.011655431579457047,0.978920234856079,0.03128792905176314,1,IVV
2022-03-28,431.1114807128906,431.1397287930548,425.6217263992356,427.457937819714,4230300,419.86296997070315,414.98355224609384,419.19793935296457,415.40827408388816,77.97063179699185,3.7896652690764085,0.33176406980781326,3.457901199268595,0.007016493596627038,0.010349733369653913,-0.3877471271022086,0.03886401853640842,1,IVV
2022-03-29,436.610595703125,436.96839506291207,431.31855034931374,435.0474685506379,5716800,423.35146179199216,414.9546447753907,421.8768095606816,416.97881642605387,76.23499577265389,4.897993134627711,1.245009882771793,3.652983251855918,0.012755668165322254,0.009465115088989319,0.35139351819019926,0.05218871797291569,0,IVV
2022-03-30,433.8987121582031,436.1398220660407,431.685850327498,435.5183356325278,5738700,425.6790405273438,415.0263549804688,423.72633303722336,418.2321420358427,75.22408665403013,5.4941910013806705,2.0948461064935686,3.399344894887102,-0.006211217894413701,0.009131693156335777,0.00383081444164568,0.04547267167797675,0,IVV
2022-03-31,427.2130737304688,433.8328082863624,427.0059115774232,433.07008143574,6553400,426.82749938964844,415.0533251953126,424.262754682338,418.8973962354446,73.3272170331191,5.365358446893424,2.74894857457354,2.6164098723198843,-0.015408292858211325,0.010881923778642244,0.14196595047658866,0.02929683439937314,0,IVV
2022-04-01,428.2489013671875,428.8421397713988,424.7553927060771,428.6914737690117,5257400,427.6346801757812,415.19561523437505,424.8760080184687,419.59010031927744,77.14136629629179,5.285907699191284,3.2563403994970885,2.029567299694196,0.002424615959604637,0.010521512494172849,-0.19775994140446185,0.0314388824300178,0,IVV
2022-04-04,432.02484130859375,432.128436752516,427.7309610251705,428.61610578624993,4052100,428.8279052734375,415.57747802734383,425.97582852464177,420.511192244412,75.28094808616137,5.464636280229797,3.6979995756436304,1.7666367045861668,0.008817162004039147,0.010701175405986025,-0.2292578080419979,0.039577128576173015,0,IVV
2022-04-05,426.4598083496094,432.9571255337659,425.4522455779434,430.5559237301713,4425600,428.9521881103516,415.81913452148444,426.05028695925216,420.95183047442663,63.99198890871532,5.098456484825533,3.978090957480011,1.120365527345522,-0.012881280025768937,0.011195929883281795,0.09217442807433174,0.025589668547528532,0,IVV
2022-04-06,422.3164978027344,424.5670332394292,419.4256822181133,422.59900730115294,6035500,429.1952239990234,416.07327880859384,425.47585785824947,421.05291694319016,55.92123091911891,4.422940915059314,4.067060948995872,0.3558799660634424,-0.009715594449356213,0.010865851565439866,0.3637698843094721,0.015005094804496188,0,IVV
2022-04-07,424.4069519042969,426.2054894289364,419.45394042892127,421.421966414748,5313200,429.03985290527345,416.3881890869141,425.31141078841057,421.3013639773462,53.9700371098964,4.010046811064342,4.055658121409566,-0.045611310345224254,0.004949970253207869,0.00989247805054505,-0.11967525474277196,0.01925790170697894,0,IVV
2022-04-08,423.2769775390625,426.1489705681209,421.7703464678361,423.7101242734384,4962800,428.55678405761716,416.72310974121103,424.99842105774167,421.44770572265855,52.93125844156131,3.5507153350831118,3.9546695641442757,-0.40395422906116396,-0.002662478454144579,0.009727119042642542,-0.06594895731385986,0.01572715226165755,0,IVV
2022-04-11,415.96038818359375,420.8098611808015,415.5460639422409,419.9906095649929,4955000,427.0416748046875,416.71291870117193,423.6079544617189,421.0412377568019,41.8097680100317,2.5667167049170416,3.677078992298829,-1.1103622873817875,-0.01728558306668959,0.010482798089371468,-0.0015716933988877413,-0.0018058727814911357,1,IVV
2022-04-12,414.36907958984375,421.52555640236574,412.9660438004045,419.0772842380029,5272500,424.81752319335936,416.5203625488282,422.18658909681506,420.54700381850864,44.77258308991365,1.6395852783064129,3.269580249500346,-1.6299949711939332,-0.003825625321437154,0.008798024577407878,0.0640766902119072,-0.005164892649713537,1,IVV
2022-04-13,419.218505859375,419.95298455179005,414.0771262758725,414.3690326320504,7292500,423.34950256347656,416.3662310791016,421.7299609064397,420.4485965622765,43.459971569598515,1.281364344163194,2.8719370684329157,-1.5905727242697218,0.011703156698688488,0.010266050905874891,0.38311996206733046,0.006850398921356193,0,IVV
2022-04-14,414.03955078125,420.5839383563047,413.9171328558811,419.4445608157058,4409800,422.0321502685547,416.02649291992196,420.54682088717976,419.97385243034864,37.111745325958324,0.57296845683112,2.4121433461125568,-1.8391748892814368,-0.012353832203825132,0.009907877657652534,-0.39529653753856697,-0.004775999058921565,0,IVV
2022-04-18,414.1902160644531,415.8663647109013,411.9962050747455,413.1073346105356,4631500,420.62628173828125,415.88986267089854,419.56888168368334,419.5454349217638,33.64277218189194,0.023446761919558412,1.9344040292739573,-1.9109572673543989,0.00036389104113077053,0.009801457564235986,0.05027438886117275,-0.004086770943465767,0,IVV
2022-04-19,420.8758544921875,421.60093645564353,413.9265392948733,414.08663090942673,5184900,419.5113830566406,415.84471069335945,419.7699544234532,419.64398451957294,35.130835817314306,0.12596990388027507,1.5727172041952209,-1.4467473003149458,0.016141468746557752,0.011006244977547054,0.11948612760444788,0.012098611980513985,0,IVV
2022-04-20,420.4991149902344,423.267541251967,419.4162338133273,422.6837285515439,4293900,418.9153137207031,415.82205627441414,419.88213297218874,419.7073275173997,36.75287734317768,0.17480545478906606,1.29313485431399,-1.118329399524924,-0.0008951321344097263,0.010392472258497298,-0.17184516576983166,0.011247740819052998,0,IVV
2022-04-21,414.4067687988281,425.5934680598146,413.3992060695901,424.2657508508994,5260100,418.1243408203125,415.6105444335938,419.0397692532102,419.3146935382462,37.18913651525163,-0.27492428503603605,0.9795230264439848,-1.2544473114800208,-0.01448836864150771,0.01091538570234301,0.2250168844174294,-0.0028964030169307264,0,IVV
2022-04-22,402.8151245117188,413.4650803015935,402.3631265553475,413.1919964069151,7928900,415.9651580810547,415.04181335449226,416.5436700622115,418.0925032399849,28.993552484990275,-1.5488331777734174,0.47385178560050434,-2.022684963373922,-0.02797165770411547,0.013337498609842298,0.5073667800992376,-0.02945893268910349,0,IVV
2022-04-25,405.3010559082031,405.4046226052248,396.0918098035364,400.639922337087,7913100,414.1675659179688,414.67521667480474,414.814037115441,417.1449886228159,27.44752732380462,-2.330951507374891,-0.08710887299457476,-2.2438426343803166,0.006171395375230038,0.013803314066836929,-0.0019927102120091966,-0.022606030912025732,0,IVV
2022-04-26,393.5023193359375,402.899876883907,393.4552200501936,402.739814027535,9574300,411.9217590332031,414.2421435546876,411.5353113032097,415.3936797867508,24.83458816566113,-3.858368483541085,-0.8413607951038768,-3.017007688437208,-0.029111043260982572,0.015452743138529014,0.2099303686292351,-0.050066910239450424,1,IVV
2022-04-27,394.6888122558594,399.9431850332135,392.4948014096926,394.4910756956887,9798300,409.9537322998047,413.85982971191413,408.9435422190019,413.8599858955737,27.90665437989547,-4.91644367657176,-1.6563773713974537,-3.260066305174306,0.003015212011772128,0.015681221797403437,0.023395966284741387,-0.04632248911279846,1,IVV
2022-04-28,404.6042785644531,406.2992495250656,394.95245877768696,399.3499346807377,5563200,408.49230957031256,413.5427441406251,408.2759631952252,413.1743779451203,35.92558820696971,-4.898414749895096,-2.3047848470969825,-2.5936299027981136,0.02512223807896019,0.01769036773045123,-0.43222803955788247,-0.021614369258845967,0,IVV
2022-04-29,389.4249877929688,402.7209520027772,388.8788487438393,400.6493593738536,8744800,406.0308532714844,412.9124981689454,405.3758131333396,411.4151638597757,29.94532096902148,-6.039350726436112,-3.0516980229648087,-2.987652703471303,-0.03751638718537742,0.02064771713806845,0.5719010641357491,-0.0568825368089646,0,IVV
2022-05-02,391.9298095703125,393.30459735390014,383.0595389008258,389.4815372767084,9393900,403.8048126220703,412.508978881836,403.3071972005662,409.9718042827784,34.90303774422698,-6.664607082212228,-3.7742798348142927,-2.8903272473979356,0.006432103372563613,0.020939915332593186,0.07422696917024973,-0.049887809393400984,0,IVV
2022-05-03,393.7471618652344,396.17661163569466,390.9316645891986,392.4947920319393,7359700,401.091943359375,412.19868164062507,401.83642253359204,408.7699789185159,37.0811855793286,-6.933556384923861,-4.406135144836207,-2.527421240087654,0.004636933069506188,0.019921681725573206,-0.2165447790587509,-0.0447636554827161,0,IVV
2022-05-04,405.6023254394531,406.3179816015997,391.2329072068953,394.4250543904694,9572600,399.6022644042969,412.21427124023444,402.41579221141683,408.5353379200668,42.158316674827475,-6.11954570864998,-4.748817257598962,-1.3707284510510185,0.030108568955923953,0.023050811855951342,0.3006780167669878,-0.016040070085123093,0,IVV
2022-05-05,391.2047119140625,401.5439103010849,387.2027382065585,401.4685916754001,11436800,397.2820587158203,412.0894433593751,400.69101062720847,407.251587845548,38.11154856894089,-6.5605772183395175,-5.111169249747073,-1.4494079685924444,-0.03549687125139489,0.025048524696796824,0.19474332992081567,-0.05068009331920553,0,IVV
2022-05-06,389.0954284667969,392.2405056262159,383.69984449811386,388.7752740090045,8978400,395.91008911132815,411.79741882324225,398.90707491022204,405.9066871508257,37.19608240038613,-6.999612240603653,-5.488857847918389,-1.5107543926852642,-0.005391763910371772,0.02377941455435913,-0.21495523223279234,-0.055129025386606134,0,IVV
2022-05-09,376.5810546875,384.2742450200249,375.0367497633276,383.059520169826,8724200,393.0380889892578,411.0773504638673,395.4723025682648,403.73441807946824,28.66858153647722,-8.262115511203433,-6.043509380575398,-2.218606130628035,-0.03216273660322577,0.025150622812357016,-0.02831239419050169,-0.08391679993422407,1,IVV
2022-05-10,377.324951171875,383.9635373601761,373.3700762755915,382.50397659100526,10355200,391.42035217285155,410.3888665771485,392.6804023534356,401.7781612714984,29.281522311233388,-9.097758918062766,-6.654359288072872,-2.4433996299898944,0.001975395403234881,0.02401450670452359,0.18695123908209355,-0.08056728166395777,1,IVV
2022-05-11,371.373779296875,382.0143102860385,370.6486973910675,376.4492089545243,8473100,389.08884887695314,409.70899902343757,389.40246034473404,399.5259848289337,29.32125080399146,-10.123524484199663,-7.34819232729823,-2.775332156901433,-0.01577200727520711,0.024145520080487235,-0.18175409456118663,-0.09356694585165704,0,IVV
2022-05-12,370.82763671875,374.2552237228125,364.207901695201,368.2098759107495,7557400,385.7111846923828,408.87029663085946,386.5447951715057,397.4001812652164,32.803486795563146,-10.855386093710706,-8.049631080580726,-2.80575501312998,-0.0014706008032097095,0.021701390247751917,-0.1080714260424166,-0.09304334461462616,0,IVV
2022-05-13,379.8673706054688,381.2515839205234,374.1516032698173,375.1309178821976,5360400,384.7554229736328,408.25199462890635,385.51749908442315,396.1014545496796,37.22689691257914,-10.583955465256452,-8.556495957515871,-2.0274595077405806,0.02437718495500074,0.02131819468223876,-0.2907084447032048,-0.06952721455589861,0,IVV
2022-05-16,378.2664489746094,382.0612595594666,376.0159428146526,378.247626507205,4944400,383.3890869140625,407.6718762207032,384.4019529136826,394.7803430256003,41.475169941995176,-10.378390111917724,-8.920874788396242,-1.4575153235214824,-0.004214422597833889,0.021099690119145413,-0.07760614879486605,-0.07213013445689465,0,IVV
2022-05-17,386.1009826660156,386.38346341619945,380.7336185197458,384.41543755899306,5230400,382.6244689941406,407.4877691650391,384.6633421063492,394.13742744340885,45.527627041926884,-9.474085337059648,-9.031516898128924,-0.4425684389307243,0.02071168012030622,0.022350286084965237,0.057843216568238764,-0.052484486940174824,0,IVV
2022-05-18,370.5921936035156,381.8353883485133,369.3586463124644,381.5905525166222,6217200,379.1234558105469,407.05242736816405,382.4985500289902,392.3933360478612,33.26227799587305,-9.894786018871002,-9.20417072227734,-0.6906152965936627,-0.0401677016085592,0.022274062186045922,0.18866625879473853,-0.08957134588383497,1,IVV
2022-05-19,368.2757568359375,372.644955610756,366.0534693984821,367.4000377073764,7168700,376.8305603027344,406.35958984375,380.3104279992898,390.6068486988298,38.083629085506736,-10.296420699540022,-9.422620717729878,-0.8737999818101443,-0.006250635624711509,0.020196744203534026,0.15304317055909422,-0.09371953796502297,1,IVV
2022-05-20,368.464111328125,372.4095894119431,359.8669531480064,371.8634502767556,7447800,374.7674285888672,405.70749816894534,378.48791774218756,388.96664593062945,36.42404801806824,-10.478728188441892,-9.633842211872281,-0.8448859765696106,0.0005114496099491994,0.020297210773477074,0.03893313989984226,-0.09179861601993711,1,IVV
2022-05-23,375.3474426269531,376.1101981474376,369.1985290717533,371.5432343116618,4936500,374.6440673828125,405.29311706542967,378.00476772445916,387.9578160562831,39.94438173463344,-9.953048331823936,-9.697683435862611,-0.25536489596132483,0.018681144478405853,0.019140715022606697,-0.33718682026907276,-0.07388646186567782,1,IVV
2022-05-24,372.6543884277344,373.6337030159024,365.94990977706107,371.20425338672027,5415800,374.17701110839846,404.88475341796874,377.18163244804,386.82422882453875,29.989746866974713,-9.642596376498773,-9.686666023989844,0.044069647491070896,-0.007174830286229783,0.019245617484787297,0.09709308214321899,-0.07960380013856061,1,IVV
2022-05-25,375.9501953125,377.7487331955748,370.63932591075815,371.03482780228126,5610200,374.63465270996096,404.3692437744141,376.99218058103384,386.018744860684,39.29144343784385,-9.026564279650188,-9.554645675121913,0.528081395471725,0.008844138126672618,0.0187243994259669,0.035894973965065136,-0.07027994561764506,1,IVV
2022-05-26,383.3043212890625,384.94276716887583,376.8446788653309,377.0612378689487,4283400,375.8823211669922,403.82287170410154,377.96327915149976,385.81767644797134,46.213511023066175,-7.854397296471575,-9.214595999391847,1.3601987029202718,0.019561436776085683,0.01953183399276397,-0.23649780756479266,-0.050810768415499474,1,IVV
2022-05-27,392.899658203125,392.899658203125,385.5925157595853,385.79967790318864,4078600,377.1855499267578,403.3662951660156,380.26118362098055,386.34226768909383,61.093297484793396,-6.0810840681132845,-8.587893613136135,2.5068095450228505,0.025033208292025266,0.019610733570746233,-0.047812485408787464,-0.025948218996787564,0,IVV
2022-05-31,390.6585998535156,393.8884216097263,387.7960031468861,391.11999475108775,5773900,378.4247650146484,402.77592529296874,381.8607861182936,386.66199599756953,58.88331932470693,-4.801209879275916,-7.830556866364091,3.029346987088175,-0.005703894882114535,0.019681815819560675,0.41565733339871525,-0.030084532561471478,1,IVV
2022-06-01,387.4946594238281,393.6529702746097,384.8957213208488,392.6548332106017,6646200,378.5641326904297,402.1239666748047,382.7275358576066,386.723674769885,61.15453275036139,-3.9961389122784112,-7.063673275546956,3.0675343632685443,-0.008098990860239241,0.018962410011359048,0.15107639550390561,-0.036380092865261116,1,IVV
2022-06-02,394.79241943359375,394.8206675144572,384.9805074557129,387.2498657404199,4391500,380.9841552734375,401.5154754638672,384.5836717923738,387.32135955978936,65.16505323849483,-2.7376877674155367,-6.198476173920672,3.4607884065051353,0.018833188618952335,0.01319727843008995,-0.33924648671421265,-0.016744201509309997,0,IVV
2022-06-03,388.3138732910156,391.5719427113722,387.3157362504636,390.0370634688443,4039000,382.9879669189453,400.8840301513672,385.157548946011,387.3948790954357,55.524056364834564,-2.2373301494247357,-5.406246969021486,3.16891681959675,-0.01641000643293211,0.014598058887399646,-0.08026870089946492,-0.031356092822169224,0,IVV
2022-06-06,389.4814147949219,393.9918817137839,388.294938338357,392.3722585891846,3028600,385.089697265625,400.15444519042967,385.82275907661267,387.54943729539764,57.376460169459556,-1.7266782187849685,-4.670333218974182,2.9436550001892137,0.0030066953158567333,0.014526217363973536,-0.2501609309234959,-0.026672277476334383,0,IVV
2022-06-07,393.0973510742188,393.6435188178644,385.5077287036908,385.9220529448716,4627500,386.86468811035155,399.45423889160156,386.9419270762444,387.9603938716066,54.87212160444218,-1.018466795362201,-3.939959934251786,2.921493138889585,0.009283976441342823,0.01387963650885215,0.5279336987386911,-0.015913932557135246,0,IVV
2022-06-08,388.84124755859375,393.2481206632988,388.1350167891242,391.4872565426113,3379400,388.4833740234375,398.6088342285156,387.2341302273751,388.0256422928649,65.07007255489498,-0.791512065489826,-3.3102703604993944,2.5187582950095684,-0.010827097928781226,0.014269905505302096,-0.26971366828741217,-0.02450419015129568,0,IVV
2022-06-09,379.7099609375,389.3068531173653,379.6155264322804,387.07766839280936,3994400,388.8593505859375,397.47082153320315,386.07656572124046,387.40966589617125,58.4871092780217,-1.3331001749307916,-2.914836323385674,1.5817361484548824,-0.02348332816651033,0.0166092633646239,0.18198496774575368,-0.04468469038102585,0,IVV
2022-06-10,368.5073547363281,374.14647331239047,368.4695636336919,373.3907953904915,8654200,387.37965393066406,396.1629943847656,383.3736101851001,386.0094946991458,50.027586996381565,-2.6358845140456992,-2.859045961517679,0.22316144747197963,-0.02950306116150536,0.017762989696450085,1.1665832165031045,-0.06980874044378182,0,IVV
2022-06-13,354.3387145996094,360.9696261535517,352.921850939062,359.0993845703747,13018400,383.5235595703125,394.70550720214845,378.9067031719477,383.66351098806905,37.737391715746995,-4.756807816121352,-3.2385983324384133,-1.5182094836829387,-0.03844873095370538,0.017662133075801754,0.5042869358230686,-0.10227065968417115,1,IVV
2022-06-14,353.39410400390625,357.2762962147116,350.3336880230576,356.2939582616997,12557900,379.79710998535154,393.20841125488283,374.9816879153259,381.42133269294584,38.52369974444217,-6.439644777619947,-3.8788076214747207,-2.560837156145226,-0.0026658407811026574,0.017772606674957746,-0.03537301050820374,-0.10125497347300749,1,IVV
2022-06-15,358.4286193847656,362.94368922534215,351.7977095999998,356.7567310888115,9075800,376.8905059814453,391.7364868164062,372.4350619875474,379.71816874419176,39.771649068549834,-7.283106756644372,-4.559667448508652,-2.7234393081357204,0.014246178201104742,0.019349373263631425,-0.2772836222616839,-0.08502620652553838,1,IVV
2022-06-16,346.6498718261719,350.6548929148021,344.16563280115946,350.27703952492203,10548900,372.0762512207031,390.1402880859375,368.46810965502806,377.2686652687829,29.653740592912897,-8.800555613754852,-5.407845081557892,-3.3927105321969604,-0.032862184885826595,0.018385193754556106,0.16231076048392423,-0.11147378926983786,1,IVV
2022-06-17,347.2826538085937,350.6925577432435,343.8538399140048,347.07484603237145,13277800,367.97312927246094,388.63961120605467,365.2088087555766,375.04747923469483,21.88095619700323,-9.838670479118207,-6.294010161069956,-3.544660318048251,0.0018254210771471158,0.01888129071161198,0.2586904795760696,-0.10641467365902069,1,IVV
2022-06-21,356.1144714355469,357.4746626639073,352.92180115859423,353.025690642488,6635600,364.6364349365234,387.27376159667966,363.80967993711056,373.6450342125357,30.306599506178372,-9.835354275425118,-7.002278983940989,-2.8330752914841293,0.025431208642574088,0.021824355238014608,-0.5002485351488952,-0.08045804609294227,1,IVV
2022-06-22,355.50048828125,359.5621809917272,351.4671605142241,351.92056721701323,5115400,360.8767486572266,385.9182318115234,362.53134275928585,372.30099377318123,31.214128668216077,-9.769651013895384,-7.555753389931868,-2.2138976239635157,-0.0017241173935499399,0.021081420029047674,-0.22909759479172942,-0.07881914100686738,1,IVV
2022-06-23,359.06158447265625,359.65667180736403,353.998643462868,357.5974747644048,7789000,357.89878234863284,384.7802557373047,361.99753379211205,371.32029678795715,28.057222277196587,-9.322762995845096,-7.909155311114514,-1.4136076847305823,0.010017134459148647,0.02198004216896612,0.5226570747155648,-0.06683989337074236,0,IVV
2022-06-24,370.2737121582031,370.349265538396,362.0936823029152,362.0936823029152,4803100,356.9551574707031,383.8983483886719,363.2707920022799,371.242772000568,39.53001428965133,-7.971979998288077,-7.921720248549227,-0.05025974973885017,0.031226196759572167,0.02430535658429107,-0.38334831172165873,-0.0354902184071777,0,IVV
2022-06-27,368.932373046875,371.55829240263705,367.8272355940927,371.2560500792914,7858300,356.99765930175784,382.8926257324219,364.1418044706792,371.0716313373315,38.097943343218866,-6.92982686665232,-7.723341572169846,0.7935147055175262,-0.003622561006315861,0.02238230781587763,0.6360891923965772,-0.03645996748786373,0,IVV
2022-06-28,361.404052734375,373.23961255284166,361.3001632560082,370.4058857822063,5630500,357.7041931152344,381.83991577148436,363.72061189586316,370.3555144037792,32.43904633134905,-6.634902507916024,-7.505653759319082,0.8707512514030578,-0.02040569183540719,0.019441908779429574,-0.2834964305256862,-0.05351945198243602,1,IVV
2022-06-29,361.1490783691406,362.9248853400576,359.31659916095293,361.9330923616574,3905800,358.4796905517578,380.77909301757813,363.32499135329044,369.67355617899113,33.94412007322505,-6.3485648257006915,-7.274235972595404,0.9256711468947127,-0.0007055105312329113,0.01939782666033251,-0.3063138264807743,-0.051552238577161846,1,IVV
2022-06-30,358.1358642578125,361.37575193053726,353.76247423561284,357.2385346551269,7321100,358.4504150390625,379.5242932128906,362.5266641078323,368.8189123329779,36.536179043260056,-6.292248225145613,-7.077838423105446,0.7855901979598325,-0.008343408004625297,0.019171588054834345,0.8744175328997901,-0.05635588903680655,1,IVV
2022-07-01,361.85748291015625,362.37701681422993,354.9431822222066,357.5407652640912,5267700,359.97117614746094,378.35146057128907,362.42371315434366,368.30325089425037,45.4225809229916,-5.879537739906709,-6.838178286465698,0.9586405465589891,0.010391639106170691,0.015426115954658075,-0.28047697750338063,-0.043594327972800384,1,IVV
2022-07-05,362.6320495605469,362.6887217947527,354.0552863193555,356.92680443248304,5097000,361.50611572265626,377.31596618652344,362.45576490914414,367.8831619065686,56.99933755662449,-5.4273969974244665,-6.556022028657453,1.1286250312329864,0.002140529592372431,0.015420572874515029,-0.0324050344552651,-0.03891676457369331,0,IVV
2022-07-06,363.9261474609375,366.36314023689374,360.4406606023485,362.82098113882887,4982800,362.2872833251953,376.53818664550784,362.68197760942,367.5900497254107,58.83661503008578,-4.908072115990706,-6.226432046124104,1.318359930133398,0.00356862528273183,0.013550323926532982,-0.02240533647243481,-0.03349471483072697,0,IVV
2022-07-07,369.3197021484375,370.12259738569554,365.6641982232889,365.7019893285933,4786300,363.66920471191406,375.8185595703125,363.7031660000381,367.7181721271164,59.083132477990745,-4.015006127078323,-5.784146862314948,1.7691407352366255,0.014820464880388684,0.01401273398040698,-0.039435658665810336,-0.017292539861004763,0,IVV
2022-07-08,369.0268249511719,370.8782140649321,366.18367171604456,367.6855436092969,3757200,364.6657287597656,375.3290496826172,364.52219045405866,367.81510937334275,73.08503122508887,-3.292918919284091,-5.285901273708777,1.9929823544246865,-0.0007930180696070765,0.013905708536800293,-0.2150095062992291,-0.016791198914058447,0,IVV
2022-07-11,364.8234252929688,367.29820862340506,364.1338747636,366.3536330727861,3602000,364.1207000732422,374.7317419433594,364.56853427542944,367.5935031451669,66.85413817451634,-3.0249688697374495,-4.8337147929145114,1.808745923177062,-0.011390498939363725,0.010297708081207868,-0.04130735654210582,-0.02644109249727833,0,IVV
2022-07-12,361.5458068847656,366.637054956582,359.8455533162371,364.3228617698156,3906600,363.3820434570313,373.8705725097656,364.1034992922504,367.1455256443964,55.84230816703302,-3.0420263521460242,-4.475377104760814,1.43335075261479,-0.008984122676802153,0.010560543210256311,0.08456413103831206,-0.03296532685700493,1,IVV
2022-07-13,359.6944274902344,362.6037368896712,355.7083167450992,356.11450621805426,4665200,363.21108093261716,373.2759613037109,363.4251805534787,366.59359244779176,54.39430323688443,-3.168411894313067,-4.213984062671265,1.0455721683581976,-0.0051207325856812425,0.008501098429596508,0.19418420109558188,-0.03638469985059156,1,IVV
2022-07-14,358.8254089355469,359.4015862557684,352.298387618467,354.73538015543147,4885900,362.9787139892578,372.61387329101564,362.7175233814892,366.01817144688476,49.73774653824753,-3.300648065395592,-4.03131686321613,0.7306687978205382,-0.0024159911532437572,0.008524175143674838,0.04730772528508953,-0.03700469935186712,1,IVV
2022-07-15,365.6736450195313,365.7586533849377,361.309709305001,363.23662323988015,3959000,363.7324920654297,372.0524029541016,363.1723113258034,365.9926509707845,44.343838767415846,-2.820339644981118,-3.7891214195691276,0.9687817745880096,0.01908514813457529,0.010038593243075107,-0.18970916310198738,-0.017144783594791546,1,IVV
2022-07-18,362.7170715332031,369.3763187379178,361.4418885633616,368.7245591939136,3743600,363.8184509277344,371.19469787597654,363.1022744346341,365.7500154568896,42.649736937649664,-2.6477410222555022,-3.560845340106403,0.9131043178509008,-0.0080852791186804,0.010049462874111034,-0.05440767870674412,-0.022838759258371644,1,IVV
2022-07-19,372.4651489257813,373.0035640682048,365.92867148599913,366.5237588722392,4684000,364.8017608642578,370.8199066162109,364.5427166640414,366.2474327508816,62.42841957274631,-1.7047160868402216,-3.189619489453167,1.4849034026129453,0.026875154652559186,0.013129532259841183,0.25120205150122876,0.004436769116802575,0,IVV
2022-07-20,374.7698669433594,376.2339477595633,371.3032614132183,372.5878993650617,4862300,365.8861328125,370.5333953857422,366.11612439932105,366.8787241725466,64.63060769047198,-0.7625997732255314,-2.70421554620764,1.9416157729821086,0.00618774138795275,0.013173593954865235,0.03806575576430404,0.011433440576136933,1,IVV
2022-07-21,378.5953674316406,378.6898307627365,371.8888744900956,374.240887481888,8258600,366.81369934082034,370.573681640625,368.03600794275485,367.74662367322026,71.59941827385585,0.28938426953459384,-2.1054955830591933,2.394879852593787,0.01020759891792311,0.012789559351163613,0.6984965962610288,0.021646668904012678,1,IVV
2022-07-22,375.2232666015625,379.9461454131869,372.9184994353966,378.7654257102808,6173800,367.4333435058594,370.5316479492187,369.14174004410984,368.30044907531965,64.21537442874944,0.8412909687901902,-1.5161382726893167,2.357429241479507,-0.008906872931262133,0.013273881048578476,-0.25243988085147606,0.012661856762601786,1,IVV
2022-07-25,375.6105346679688,376.46064706290167,373.3813497734262,375.7711252261788,3960300,368.5120544433594,370.61638305664064,370.1369392170112,368.8419368969973,63.91811958326707,1.2950023200139071,-0.9539101541486721,2.2489124741625792,0.0010321003543138918,0.012464584175528743,-0.3585312125433282,0.01347525862224197,1,IVV
2022-07-26,371.1521606445313,374.1370236193571,370.2548309339326,373.9197608088337,4115500,369.4726898193359,370.62287353515626,370.2931271289374,369.01306458199986,57.25668045377318,1.280062546937529,-0.5071156139314319,1.787178160868961,-0.01186967247172288,0.012801370436284662,0.0391889503320455,0.0014281015748609516,1,IVV
2022-07-27,380.7490539550781,382.5343160451613,374.22203174892826,374.47708566246337,4904500,371.5781524658203,370.64050720214846,371.90173125603593,369.8823971281538,60.58429435494125,2.019334127882132,-0.0018256655687191037,2.021159793450851,0.025857032042818195,0.014352950884875327,0.19171425100230843,0.027273184005806472,1,IVV
2022-07-28,385.5852355957031,386.24645011131526,378.0758761315151,381.5802438814695,5250400,374.25413513183594,370.7868829345703,374.0068857698309,371.0455703479723,64.14394349367024,2.9613154218586146,0.5908025519167477,2.3705128699418667,0.012701756157733168,0.014187012016553285,0.07052706697930478,0.03991066928800757,1,IVV
2022-07-29,391.31878662109375,392.1878088748278,386.25587513547873,387.1154135824832,4438300,376.8186492919922,370.89123901367185,376.67025513156364,372.5472900719072,72.05539404519592,4.122965059656451,1.2972350534646884,2.8257300061917627,0.014869736950722912,0.01385699757642824,-0.1546739296053634,0.05507692136850095,1,IVV
2022-08-01,390.0625,392.5467095786764,387.8144054918041,388.5417183160372,3757500,379.5531921386719,371.28064514160155,378.73060049593846,373.8447130295437,74.56465356565826,4.885887466394763,2.0149655360507035,2.8709219303440596,-0.0032103917932010395,0.013348157797625096,-0.1533920645292116,0.05058667911772052,1,IVV
2022-08-02,387.5783081054688,392.1405960525239,386.2842440087777,388.4756377246859,4000300,381.06450805664065,371.6666961669922,380.09178628202005,374.86201636850114,73.76049746011788,5.229769913518908,2.657926411544344,2.5718435019745636,-0.006368702181140717,0.01202607856859721,0.06461743180306057,0.04281150854400839,1,IVV
2022-08-03,393.62353515625,394.73812741757393,389.363490084417,389.6279700926321,4612000,382.94987487792974,372.16988464355467,382.17359380113237,376.25175850092694,77.24854600660218,5.92183530020543,3.3107081892765615,2.6111271109288685,0.015597433923304482,0.012567849360455947,0.15291353148513864,0.05764477836040527,1,IVV
2022-08-04,393.2457885742188,394.13369209754046,391.66833436648113,393.4819325149711,4000200,384.41491699218756,372.5278515625,383.8770083816072,377.510575543393,74.02479157758594,6.366432838214223,3.921853119064094,2.444579719150129,-0.0009596646244266482,0.012548945542204686,-0.13265394622723325,0.05561446459592534,1,IVV
2022-08-05,392.5562133789063,393.2741001383416,388.957382252643,389.0045995073794,2971100,386.1482116699219,372.92588806152344,385.21227068888396,378.6250672349125,77.0695519622865,6.587203453971483,4.454923186045573,2.1322802679259105,-0.0017535475657926014,0.0119279407659279,-0.25726213689315536,0.052638676868001166,1,IVV
2022-08-08,392.2161560058594,396.5706358989148,391.0543175834471,394.360332345626,4297800,387.808773803711,373.25120727539064,386.2897915068802,379.6318145512789,71.60578975515926,6.657976955601271,4.895533939956713,1.7624430156445579,-0.0008662641462732212,0.012005703459374586,0.4465349533842684,0.05081014705593723,1,IVV
2022-08-09,390.5726318359375,391.895060994924,389.5241665518967,391.4605353792957,2491400,389.7508209228516,373.3965734863281,386.9486900190429,380.44224546125366,67.54051093332832,6.506444557789223,5.217716063523215,1.2887284942660076,-0.00419035306107407,0.01105757898040094,-0.4203080645911862,0.045999507143946294,1,IVV
2022-08-10,398.7526550292969,398.95100786941657,395.7489110028255,397.6758536424824,3837200,391.5511810302734,373.51363342285157,388.76468463600503,381.79857209592353,70.40169955991337,6.966112540081497,5.567395358834872,1.3987171812466244,0.02094366713537532,0.010104174464389465,0.540178213052902,0.06757188854167584,1,IVV
2022-08-11,398.8943481445313,403.5322187739393,398.1103629153512,401.6903132627094,4909900,392.88209228515626,373.67834838867185,390.3230944065475,383.0649258773019,75.63437013770749,7.258168529245609,5.905549992917019,1.3526185363285892,0.00035534086970279155,0.009763139721900843,0.27955279891587614,0.06748049456060978,1,IVV
2022-08-12,405.4591064453125,405.6763692268832,399.81998854100567,400.7834453472198,4492300,394.29612426757814,374.0376373291016,392.65171164328063,384.72375406752496,78.50970826808884,7.92795757575567,6.31003150948475,1.61792606627092,0.016457386100648952,0.009980124621100556,-0.08505264873011675,0.08400616938066152,0,IVV
2022-08-15,407.2444152832031,407.7639204313001,403.3338577207332,403.45665718421634,2596200,396.0143157958984,374.28667724609375,394.8967429724995,386.39195119461226,86.32837577737634,8.504791777887249,6.74898356316525,1.7558082147219984,0.004403178543805675,0.009688971581434195,-0.42207777753044096,0.08805479874304911,0,IVV
2022-08-16,408.0945129394531,409.9742094476229,405.4496835577655,406.2147876051192,3596400,398.06593627929686,374.6822900390625,396.9271691212616,387.99954836089677,83.40660455017249,8.927620760364846,7.1847110026051695,1.7429097577596764,0.002087438462867075,0.008992361828624467,0.385255373237809,0.08917481233742652,0,IVV
2022-08-17,405.0245666503906,407.87717449380136,403.15429664474857,404.4672705233414,4063600,399.20603942871094,374.9931530761719,398.17292258728145,389.26066082678517,74.81913252185846,8.912261760496278,7.530221154183391,1.382040606312887,-0.007522635545746614,0.008996377214527361,0.12990768546324105,0.08008523176453441,0,IVV
2022-08-18,406.2147521972656,407.0082211209238,404.0705758204414,405.3552137112656,2709800,400.5029357910156,375.2555010986328,399.4101271426636,390.5165194468208,71.51438270848566,8.893607695842832,7.80289846251528,1.0907092333275514,0.002938551497549957,0.008894652144578205,-0.33315286937690713,0.08250179146739667,0,IVV
2022-08-19,400.8401489257813,403.8439216998744,399.9994915031458,403.5794416445756,4063300,401.3313293457031,375.49547912597654,399.6301304939125,391.2812327415586,63.91133289005569,8.348897752353878,7.912098320483,0.43679943187087744,-0.013230940635248767,0.010253758931699877,0.49948335670529187,0.06749660437669824,0,IVV
2022-08-22,392.4334411621094,396.1456458444793,391.6022098726847,396.0417275202189,5263500,401.3530578613281,375.74994873046876,398.5229475197889,391.36658151345125,55.435728142867134,7.156366006337635,7.760951857653928,-0.6045858513162932,-0.020972718891062225,0.012609036885936611,0.2953756798661187,0.04440051818505486,0,IVV
2022-08-23,391.5644226074219,394.4548219718081,390.9976714166051,392.0839277170755,4201600,401.4522369384766,376.2110900878906,397.4524052255786,391.381236409301,47.39242240028691,6.071168816277634,7.422995249378669,-1.351826433101035,-0.002214435528516856,0.012549205763136017,-0.20174788638738483,0.04081041979901334,0,IVV
2022-08-24,392.7828674316406,394.1903047074108,390.6575722863671,391.36600400145824,2673800,400.8552581787109,376.97997314453124,396.73401479574204,391.4850609294743,49.42599719223354,5.248953866267755,6.988186972756487,-1.739233106488732,0.00311173526978048,0.010371774390875065,-0.36362338156892615,0.04191971832161667,0,IVV
2022-08-25,398.3181457519531,398.4314902284659,393.274114763985,394.3414899614206,2383200,400.7976379394531,377.8784539794922,396.97772725054375,391.991215360769,56.378102030985275,4.986511889774761,6.587851956160142,-1.6013400663853812,0.014092463748500483,0.011488355000904867,-0.10868426957887656,0.05409065152354575,0,IVV
2022-08-26,384.7067565917969,398.7620464014959,384.7067565917969,398.32754968848906,5994500,398.72240295410154,378.4040167236328,395.08988561073653,391.4516258223266,43.57522791194124,3.6382597884099255,5.997933522610099,-2.3596737342001735,-0.03417215435781962,0.014219663444888796,1.515315542128231,0.01665611248721821,0,IVV
2022-08-29,382.3925476074219,385.3490740033456,380.9473480163408,381.9108336278357,4601400,396.2372161865234,379.11887023925783,393.136448994842,390.78058299159295,43.08082051822149,2.355866003249048,5.269520018737889,-2.9136540154888415,-0.006015514270861999,0.013818116591989981,-0.23239636333305536,0.00863496287087484,0,IVV
2022-08-30,378.009765625,383.69610117121687,376.0356057983591,383.4788672009523,5693700,393.22874145507814,379.73341247558596,390.8092669379432,389.83459651999345,31.25001724097028,0.9746704179497669,4.4105500985802655,-3.4358796806304985,-0.011461473320660498,0.013578508785708324,0.2373842743512844,-0.004539097150680127,0,IVV
2022-08-31,375.1665954589844,380.9473945291306,375.0815870992663,379.7194575649833,6263400,390.2429443359375,380.1144549560547,388.4027020950264,388.7480779228817,29.550646611241532,-0.3453758278552641,3.45936491329316,-3.804740741148424,-0.007521419880025415,0.01357850901076057,0.10005795879656465,-0.01301676227399029,1,IVV
2022-09-01,376.45123291015625,376.71571297092726,370.33037158438646,373.0129632939682,4934100,387.26659240722654,380.5334698486328,386.5640145281233,387.8372005145317,22.49697056675575,-1.2731859864083503,2.5128547333528584,-3.7860407197612087,0.0034241786628157467,0.013620969169966636,-0.21223297250694506,-0.010727668554622483,1,IVV
2022-09-02,372.4273376464844,381.27800809910366,370.5854033437268,380.078407235082,4179500,384.42531127929686,380.80078491210935,384.3891411617173,386.6957291909726,18.33335183745976,-2.3065880292552947,1.5489661808312278,-3.8555542100865225,-0.010689021344319038,0.013525437179018865,-0.152935692426177,-0.021989049385908177,1,IVV
2022-09-06,370.9443664550781,374.2976279502351,368.809644679189,373.34359713672046,4866900,382.2764038085937,380.8141979980469,382.3207142837728,385.5289615809063,16.595943885699114,-3.2082472971334823,0.5975234852382859,-3.805770782371768,-0.003981907452814126,0.012647609697248857,0.1644694341428401,-0.025917708937468253,1,IVV
2022-09-07,377.6602478027344,378.46314288003657,370.5381392455185,370.67039367465225,6619500,380.885986328125,380.98875549316404,381.60371944053617,384.9460938936343,26.90898471782151,-3.3423744530981594,-0.19045610242900318,-3.151918350669156,0.018104820978510627,0.014706390122585304,0.3601060223139987,-0.008736498498810419,0,IVV
2022-09-08,380.0406188964844,380.6073701342367,374.2409385506439,375.3649860439002,4018300,379.61176147460935,381.3614868164062,381.36324243375896,384.58272537532696,28.348214285714278,-3.2194829415680033,-0.7962614702568033,-2.4232214713112,0.006302943207814993,0.014899420502614471,-0.3929601933680792,-0.0034635587640178267,0,IVV
2022-09-09,386.1047973632813,386.9643647650925,382.2225759952362,382.3642565941799,2589100,378.3904266357422,381.86060119628905,382.0927124229163,384.6954714485087,37.94810713237396,-2.6027590255924338,-1.1575609813239294,-1.4451980442685044,0.015956658749807673,0.015149273606270733,-0.3556727969539357,0.011114517061189488,0,IVV
2022-09-12,390.2703552246094,390.99766813725694,387.8900060083759,388.1828221697121,2797200,378.94678649902346,382.503291015625,383.35081131548446,385.108425802294,48.098947018340006,-1.7576144868095298,-1.2775716824210495,-0.48004280438848035,0.010788671598422894,0.010965889912340179,0.08037542003012632,0.02030587550857721,0,IVV
2022-09-13,373.2396240234375,382.7514786013124,372.1722489615095,381.551877942294,5094900,378.031494140625,382.73093383789063,381.79524403978496,384.2292553001565,37.457959401240785,-2.4340112603715625,-1.508859598011152,-0.9251516623604104,-0.043638290669990254,0.01801542222008657,0.8214285714285714,-0.024798909561026705,0,IVV
2022-09-14,374.666015625,376.1678878094007,371.3505739004872,374.4865439023828,4272500,377.697119140625,382.9716131591797,380.69843966827955,383.52086717607085,37.63548000504867,-2.8224275077913035,-1.7715731799671826,-1.050854327824121,0.003821651051371111,0.017796104256195825,-0.16141631827906333,-0.02168724064341432,0,IVV
2022-09-15,370.3398132324219,375.9694765096621,369.1590935703904,373.1640854396288,4178100,377.2144409179688,383.0998864746094,379.10480483199376,382.5444928098746,30.584723838760667,-3.439687977880851,-2.1051961395499164,-1.3344918383309348,-0.011546823603313383,0.018010693738109713,-0.022094792276184938,-0.033307431541181654,0,IVV
2022-09-16,367.534423828125,368.2522817841024,364.3134171163653,366.24035968485975,5107500,376.3227600097656,383.0641809082031,377.3247462160139,381.43263584826354,35.98093796417497,-4.1078896322496234,-2.505734838089858,-1.6021547941597656,-0.007575176376017234,0.018036448693654054,0.222445609248223,-0.04054087501279491,0,IVV
2022-09-19,370.39654541015625,370.43433651678265,364.3796016509279,364.417363931386,2901200,376.1196807861328,383.0915753173828,376.2588691689589,380.615147667663,40.29359837026976,-4.356278498704114,-2.875843570212709,-1.480434928491405,0.007787356493631936,0.018021759325138345,-0.4319725893294175,-0.03313836880048593,0,IVV
2022-09-20,366.04205322265625,368.0634595450357,363.4444694207874,367.1188836170833,4101400,375.62944946289065,383.1159478759766,374.6870513310662,379.5356591902551,40.312053471729506,-4.848607859188917,-3.2703964280079507,-1.578211431180966,-0.011756298058012593,0.018358094068562154,0.41369088652971175,-0.04456586771701698,0,IVV
2022-09-21,359.7983093261719,371.1520981047796,359.788854345431,368.1200183815254,7367000,373.8432556152344,383.0809979248047,372.39647563800554,378.0736332743971,38.2084577063171,-5.6771576363915415,-3.7517486696846696,-1.925408966706872,-0.01705744966053513,0.017606965765079852,0.7962159262690789,-0.0607774562684078,0,IVV
2022-09-22,356.7567749023437,359.97778128597986,356.0294620387462,359.042631802885,7497200,371.51487121582034,383.0222448730469,369.9903678325191,376.49460672831907,35.28583441103024,-6.504238895799972,-4.30224671490773,-2.2019921808922422,-0.00845344279000182,0.017196709453414716,0.01767340844305698,-0.06857426774105224,0,IVV
2022-09-23,350.8343200683594,353.2901938336652,346.37592159999195,353.2524315604065,6261200,367.9878234863281,382.86242309570315,367.04328356110994,374.59384475350726,34.31242129161568,-7.550561192397311,-4.951909610405647,-2.598651581991664,-0.01660081952362502,0.015545382490893406,-0.16486154831136957,-0.08365433924900434,0,IVV
2022-09-26,347.3744812011719,352.9287569339538,346.0832460295397,349.3398452100538,7292700,363.6982360839844,382.49643981933593,364.01731396727337,372.5775956014824,33.35433964183525,-8.560281634209048,-5.673584015166327,-2.886697619042721,-0.00986174575655352,0.013840217320999286,0.16474477735897275,-0.09182296869156004,1,IVV
2022-09-27,346.4820251464844,353.12816063740905,344.0324622430496,350.8494914069194,10194700,361.02247619628906,382.17173889160154,361.3195772256135,370.64459038259366,26.007695212473152,-9.325013156980162,-6.403869843529095,-2.9211433134510676,-0.002569146851551962,0.008173197162016442,0.3979321787540966,-0.0933865854357172,1,IVV
2022-09-28,353.2135925292969,354.9036086093471,345.66549921173413,347.32703301416524,7013100,358.8772338867187,381.78670776367187,360.0725026569494,369.35340535642354,30.65172452652115,-9.280902699474154,-6.9792764147181074,-2.301626284756047,0.01942833074808581,0.01140224276804598,-0.31208372978116083,-0.07484051868055586,1,IVV
2022-09-29,345.9503479003906,349.9285371633177,342.9216065956829,349.7196574535153,5705500,356.43828735351565,381.2103173828125,357.89986346363264,367.61984554486554,21.532055351241638,-9.7199820812329,-7.527417548021066,-2.1925645332118338,-0.020563321408147095,0.012231699031062469,-0.18645107014016626,-0.09249479322726117,1,IVV
2022-09-30,340.51953125,348.7797407272727,340.40560212201353,344.9344588086025,7337500,353.73679809570314,380.4488006591797,355.22596619999683,365.61241485635696,15.350228931831396,-10.38644865636013,-8.099223769688878,-2.287224886671252,-0.01569825462917096,0.012559963573122222,0.28603978617123826,-0.10495306948003724,1,IVV
2022-10-03,349.5297546386719,351.36218208360606,342.4373778528548,344.2223155191253,5613400,351.6501190185547,379.9349304199219,354.349625959793,364.42110669208404,31.409995353246586,-10.071480732291036,-8.49367516220931,-1.5778055700817255,0.02646022492629596,0.016006206506567866,-0.2349710391822828,-0.0800273240147854,0,IVV
2022-10-04,360.2300720214844,360.34400114641375,354.9701219466989,354.9891294507564,4489600,351.0689208984375,379.6273211669922,355.254309969284,364.11065967944705,40.11837800326632,-8.856349710163045,-8.566210071800057,-0.2901396383629873,0.03061346635245399,0.01945215529420581,-0.20019952257099083,-0.051095503574083545,0,IVV
2022-10-05,359.38507080078125,361.7397124307536,353.63141785018604,355.9290949142994,5384500,351.02759704589846,379.3919793701172,355.88981163566825,363.76061605880517,42.12605074827359,-7.870804423136917,-8.42712894206743,0.5563245189305128,-0.0023457264851911575,0.018679939786535163,0.19932733428367788,-0.05273413687488149,0,IVV
2022-10-06,355.8340759277344,361.00857847269504,355.34037346021967,358.07478799536256,4463400,350.9353271484375,378.8936798095703,355.8812369113707,363.1734649379851,41.67931562378059,-7.292228026614396,-8.200148758976823,0.9079207323624274,-0.009880752322667608,0.018757348542642854,-0.17106509425201966,-0.06086035505639875,0,IVV
2022-10-07,345.9123229980469,352.0362732303382,344.0989030994966,351.74194671435265,4252700,350.44312744140626,378.1002215576172,354.3475578477824,361.894861831323,34.176866680419636,-7.547303983540587,-8.069579803889576,0.5222758203489892,-0.027883088216943297,0.02014777921515898,-0.047206165703275516,-0.08513059957217017,0,IVV
2022-10-10,343.33941650390625,347.2131809690016,340.9942785432541,346.9947974755507,4113900,350.0396209716797,377.14063415527346,352.6539976410322,360.52038439966253,34.98241704113727,-7.866386758630313,-8.028941194837724,0.1625544362074116,-0.007438030746754198,0.020046729419701856,-0.03263808874362173,-0.08962496901739536,1,IVV
2022-10-11,340.9848022460937,346.0643263670082,339.1143883426929,341.5164908605254,5748900,349.4898986816406,376.1590802001953,350.85873681104164,359.07330424013895,36.87998294025981,-8.214567429097315,-8.066066441689642,-0.14850098740767237,-0.00685797827056589,0.02013002906324733,0.39743309268577254,-0.09350904924422287,1,IVV
2022-10-12,339.88348388671875,342.98816913206485,339.6840788988188,341.4880536949032,4127600,348.1568878173828,375.20518371582034,349.17023636114584,357.65183606581155,37.90575261154235,-8.481599704665712,-8.149173094284857,-0.3324266103808551,-0.0032298165552261393,0.018751011900178385,-0.2820191688844822,-0.09413969039365455,1,IVV
2022-10-13,348.9315490722656,350.36519546035714,331.86046823341485,332.885859046248,7341100,348.4550079345703,374.3113439941406,349.1335152397797,357.00588888110445,48.69464214980609,-7.872373641324771,-8.09381320369284,0.22143956236806872,0.026621079324238517,0.019930701583066243,0.7785395871692993,-0.06780396942036648,0,IVV
2022-10-14,340.9373474121094,352.93838645368,340.31070812909763,351.3338166929817,5333400,348.4967895507813,373.26517517089843,347.872566343215,355.8156265500678,45.84258377430606,-7.943060206852806,-8.063662604324833,0.12060239747202672,-0.022910515490534245,0.020718472879768197,-0.27348762447044717,-0.08660820754035747,1,IVV
2022-10-17,349.7101135253906,350.7640157048593,347.0042103352162,347.02318886125346,3907100,348.51482543945315,372.40825317382814,348.15526590970353,355.3633663260176,51.89224618770836,-7.208100416314096,-7.892550166722685,0.6844497504085894,0.02573131450652477,0.020617304021434312,-0.2674279071511606,-0.06094961498568818,1,IVV
2022-10-18,353.7168273925781,357.9038963907332,350.42224179855697,357.64755587140417,6820800,347.8635009765625,371.6382666015625,349.0108907532227,355.24140047909617,50.30472142659152,-6.230509725873446,-7.560142078552838,1.3296323526793916,0.01145724333447573,0.018234029447703845,0.7457449259041233,-0.04822280378408439,1,IVV
2022-10-19,351.3907165527344,354.4858973823122,348.49488271872394,351.75151143482816,4855600,347.06406555175784,370.85462829589846,349.3770177993014,354.95616463269903,53.50377559483799,-5.579146833397601,-7.163943029521791,1.5847961961241896,-0.006576195022981124,0.018300310372030962,-0.2881186957541637,-0.052483939145109404,1,IVV
2022-10-20,348.3999328613281,355.254948140991,347.63088234860413,350.8399920440584,4991400,346.3206512451172,369.8475738525391,349.2266970396132,354.4705178348197,55.23992345825817,-5.243820795206489,-6.7799185826587305,1.536097787452242,-0.008511276907787635,0.018240613860607775,0.027967707389406016,-0.057990487183139594,1,IVV
2022-10-21,356.8119812011719,357.32469113446496,346.6434032108053,348.0865534593234,4183600,347.4106170654297,369.00592651367185,350.3936638336991,354.64395956566057,54.8810062452596,-4.250295731961444,-6.273994012519273,2.023698280557829,0.02414480470979874,0.01742672162357702,-0.16183836198261004,-0.03304539151364605,1,IVV
2022-10-24,361.1984558105469,362.3283011238028,355.71064813538254,358.388098153763,4184700,349.19652099609374,368.12071350097654,352.05593952244493,355.1294778060225,50.7090880000286,-3.073538283577591,-5.633902866730937,2.560364583153346,0.012293518268664538,0.017198537462413475,0.0002629314466009447,-0.01880431455376741,1,IVV
2022-10-25,366.9996032714844,367.3129083328732,361.0655538335458,361.141496917417,4968300,351.7980010986328,367.31581726074216,354.3549647146048,356.0087463590197,55.19834994843589,-1.6537816444148916,-4.837878622267728,3.1840969778528363,0.016060831289877564,0.016935824836114135,0.18725356656391146,-0.0008608776818160857,0,IVV
2022-10-26,364.2271728515625,369.5156042323172,363.6100375554345,363.8378957632729,5089700,354.2323699951172,366.4384704589844,355.87376596644447,356.6175186918007,55.79143139799184,-0.7437527253562166,-4.019053442885426,3.275300717529209,-0.007554314487558167,0.01729194676103686,0.024434917376164877,-0.006034567289433634,0,IVV
2022-10-27,362.2903442382813,367.0470878477412,361.6542303232546,365.25264624841935,4389200,355.56824951171876,365.5837860107422,356.8609318544194,357.03772799154,62.700785653667786,-0.17679613712061837,-3.2506019817324643,3.073805844611846,-0.005317638983707962,0.016195556214299602,-0.13763090162485014,-0.00900871947412929,0,IVV
2022-10-28,370.7879333496094,371.3765864848547,362.0055391821841,362.204915153026,4090000,358.5533081054688,364.87524963378905,359.00354746906396,358.0562617217674,69.494382728706,0.9472857472965757,-2.4110244359266564,3.358310183223232,0.023455190695723216,0.014185196016826437,-0.06816731978492663,0.016204671930350578,0,IVV
2022-10-31,368.1864318847656,370.9398251690346,367.3034232626046,368.4142901228189,6356000,360.40093994140625,364.22217529296876,360.41629891763347,358.80664469680426,69.25152689446585,1.6096542208292135,-1.6068887045754825,3.216542925404696,-0.007016143813911135,0.013535027293943345,0.5540342298288508,0.010884171422588906,0,IVV
2022-11-01,366.7242431640625,372.1835684668285,365.489972511638,371.9651850237719,7292200,361.70168151855466,363.70799133300784,361.38675187862253,359.39313347215676,68.89958733343136,1.993618406465771,-0.8867872823672318,2.8804056888330027,-0.0039713270074024365,0.013627073426323879,0.14729389553178107,0.008293059000435976,0,IVV
2022-11-02,357.32470703125,370.4840404307087,357.2012741737763,366.088092213694,6802400,362.2950805664062,363.02319702148435,360.7618219021037,359.23991669875625,55.88082973568802,1.521905203347444,-0.4050487852242966,1.9269539885717406,-0.025631073778254132,0.01629487111832457,-0.06716765859411422,-0.015697316416661722,0,IVV
2022-11-03,353.73583984375,356.69811289684174,351.5900781431772,354.0871309593618,3496800,362.82867126464845,362.24225646972656,359.6809015854339,358.83220730208916,59.55753491028411,0.8486942833447415,-0.154300171510489,1.0029944548552305,-0.01004371406980864,0.016409371242929884,-0.4859461366576503,-0.023482673470723192,1,IVV
2022-11-04,358.7394104003906,361.1699948374471,352.7483961463742,359.3755532766224,4572600,363.0214141845703,361.4506817626953,359.53605678773494,358.8253334575189,57.145037460057424,0.7107233302160125,0.0187045288348113,0.6920188013812012,0.01414493526822369,0.015141388746549491,0.30765271105010306,-0.007501082441130125,1,IVV
2022-11-07,362.2428283691406,362.82200661068015,358.0177739479687,360.09706700761933,3778200,363.1258514404297,361.0014031982422,359.95248318487427,359.07848122875015,56.80094256029758,0.8740019561241184,0.18976401429267273,0.6842379418314456,0.00976591327069376,0.01494509971126105,-0.1737304815640992,0.0034388375222371703,1,IVV
2022-11-08,364.2082214355469,367.1325082282523,360.0970957890787,363.3347166157332,3781200,362.8467132568359,360.63771667480466,360.6072121465162,359.45846198480916,60.2833274572022,1.148750161707028,0.3815612437755438,0.7671889179314841,0.005425623124837742,0.014058055081857628,0.0007940289026520109,0.009900530631303361,1,IVV
2022-11-09,356.7740478515625,363.3632189815384,356.2138770347302,362.1479267573416,8459100,362.1014007568359,360.21300231933594,360.01749456267714,359.25961649345754,56.27132031332491,0.7578780692196005,0.45682460886435516,0.3010534603552454,-0.020411877454831084,0.015291126852579141,1.2371469374801651,-0.009547002594661347,1,IVV
2022-11-10,376.313720703125,376.6460332981912,367.6927166347293,369.93342898229713,4527300,363.5037384033203,360.23594482421873,362.5246062765922,360.52288347195145,62.51832105660929,2.0017228046407354,0.7658042480196312,1.2359185566211042,0.05476764066564632,0.023452305718417204,-0.464801219987942,0.04463123713751438,0,IVV
2022-11-11,379.9405517578125,380.7855452615436,375.1363190700528,377.25359816678974,3746200,364.41900024414065,360.30573120117185,365.2039825044722,361.9612292709041,62.14918383746148,3.2427532335681235,1.2611940451293298,1.9815591884387938,0.009637785855670877,0.02257241349224508,-0.1725310891701456,0.05449488824721982,0,IVV
2022-11-14,376.75048828125,381.5926792581876,376.532104793076,378.2221212073955,6093900,365.27540588378906,360.3921942138672,366.9803680085919,363.05672993833707,56.5422805401773,3.9236380702548104,1.793682850154426,2.1299552201003844,-0.008396217412970364,0.02264230329167981,0.6266883775559233,0.045390256309700616,0,IVV
2022-11-15,379.9501037597656,383.6054844516525,376.1713191634838,382.5326035472304,6157300,366.5979919433594,360.57230895996094,368.9757119703109,364.3080909621466,60.48905163283913,4.6676210081643035,2.3684704817564017,2.2991505264079017,0.008492664450449494,0.02258772228332719,0.010403846469420275,0.05374177195053664,1,IVV
2022-11-16,377.1587219238281,379.2570229084265,376.446635909336,378.3075748891037,4086700,368.5813934326172,360.5622784423828,370.2346365785443,365.2599895519008,59.80714502248241,4.974647026643538,2.889705790733829,2.0849412359097093,-0.00734670633937351,0.020594994013831826,-0.3362837607392851,0.04602933937832154,1,IVV
2022-11-17,375.886474609375,376.59856064196725,372.00323558862135,372.3830090110329,3340200,370.7964569091797,360.4791955566406,371.10415012174906,366.04713659319515,53.71730511899586,5.0570135285539095,3.3231673382978455,1.733846190256064,-0.003373241132973326,0.02013476722513809,-0.18266572050798935,0.04274110473682935,1,IVV
2022-11-18,377.67138671875,379.3044382753249,374.77558219670095,379.2474737189788,2504900,372.6896545410156,360.31052734375,372.1144942135954,366.90819215805107,56.99874032897365,5.206302055544313,3.699794281747139,1.506507773797174,0.004748540397017109,0.01994482089425637,-0.25007484581761574,0.0481830478365044,0,IVV
2022-11-21,376.2282409667969,377.3770648337275,374.4527779974903,376.34217008089234,2302800,374.08819580078125,360.02968505859377,372.7473783294725,367.5985661438841,57.01476306166735,5.148812185588383,3.9895978625153887,1.1592143230729945,-0.0038211678265894777,0.020071527950193038,-0.080681863547447,0.04499227863826527,1,IVV
2022-11-22,381.4122314453125,381.4976782837882,376.816906846556,378.19358898846735,3314200,375.8085968017578,360.19313720703127,374.08043265498634,368.6218006106566,68.95840919419194,5.458632044329761,4.283404698878263,1.175227345451498,0.013778844632168719,0.02031112057964099,0.43920444676046544,0.05891032350814873,1,IVV
2022-11-23,383.6909790039063,384.2321713995101,380.833130820846,380.9850460007448,2267600,378.5002899169922,360.3736364746094,375.55897824712787,369.7380360471936,74.07305128874225,5.820942199934279,4.590912199089466,1.2300300008448133,0.005974500476711997,0.018283534455044593,-0.31579264980990884,0.06470324177262565,1,IVV
2022-11-25,383.6624145507813,384.2320891096821,382.9408248445168,383.2066691086903,1202500,379.2351593017578,360.64008850097656,376.80566075538223,370.76947149190374,71.76979822584612,6.036189263478491,4.879967611967271,1.1562216515112196,-7.444650692378652e-05,0.007638147501385031,-0.46970365143764337,0.06383740128696869,1,IVV
2022-11-28,377.5860290527344,382.2098368088169,376.76001381579744,380.56728111333774,2506500,378.99970703125,360.84112060546875,376.92571741651335,371.2744016815949,62.82551930539553,5.651315734918455,5.034237236557508,0.6170784983609474,-0.015837844072272733,0.008932403556472828,1.0844074844074845,0.04640521129955677,1,IVV
2022-11-29,376.9403076171875,378.8581818809783,375.03190812918587,377.6523935186986,4447800,379.01868896484376,360.97199584960936,376.9279620627709,371.69409841756476,60.88297085892528,5.233863645206156,5.074162518287238,0.15970112691891813,-0.0017101306347769851,0.008523677542551372,0.7745062836624776,0.04423698223457473,0,IVV
2022-11-30,388.6280517578125,388.6280517578125,375.2123472462415,377.1302217231998,6014800,379.88648376464846,361.4237158203125,378.72797586200807,372.9484653316572,75.3820714341296,5.779510530350876,5.215232120699966,0.5642784096509104,0.031006883329905977,0.0128614335002162,0.3523090066999415,0.07526992487406403,0,IVV
2022-12-01,388.4666137695313,391.1155816004047,385.97906483527896,389.91926793971646,5897900,381.01727294921875,361.9970819091797,380.2262278477809,374.09795780853676,64.01045895857936,6.128270039244114,5.397839704408796,0.7304303348353187,-0.00041540487762270484,0.012462298030100537,-0.019435392698011533,0.07312084318677581,0,IVV
2022-12-02,388.048828125,388.94131143455576,383.5294759982563,383.5294759982563,3624000,382.23350830078124,362.6229229736328,381.4297048135069,375.13135560975627,60.09452743879269,6.298349203750604,5.577941604277157,0.7204075994734467,-0.0010754737465783482,0.012351860309195621,-0.3855440071889995,0.0701166515973839,0,IVV
2022-12-05,381.0609436035156,386.15947450019627,379.7127147546975,385.21953029406137,4141000,382.5724639892578,363.22745544433593,381.37297231966204,375.5705843500347,54.90275028862167,5.802387969627318,5.62283087734719,0.1795570922801284,-0.01800774545628414,0.014028999748922402,0.14266004415011047,0.049097302232740114,0,IVV
2022-12-06,375.611083984375,381.3457576297252,373.4273653219148,380.8615588853528,4232500,382.5107482910156,363.7921875,380.4865279603871,375.5735843229488,45.305087891121616,4.912943637438275,5.480853429365407,-0.5679097919271321,-0.014301805815111424,0.014798090219158264,0.022096112050229433,0.0324880436976811,1,IVV
2022-12-07,374.8895263671875,377.2346639471348,373.7216949654828,374.4812707053585,4078000,381.8584777832031,364.36033752441404,379.62545079220257,375.52291336326283,47.4295464743335,4.1025374289397405,5.205190229280275,-1.1026528003405343,-0.0019210232284240236,0.01397599463881342,-0.03650324867099819,0.028897736000335073,1,IVV
2022-12-08,377.8327941894531,378.8771636741278,375.1743227493136,376.7599134526166,2484500,381.2726593017578,364.8527215576172,379.3496574687027,375.6940156466843,52.12429261858526,3.6556418220183673,4.895280547827894,-1.2396387258095265,0.007851027076661632,0.014101570440699915,-0.39075527219225115,0.03557619791465938,0,IVV
2022-12-09,375.04150390625,379.1526014374744,374.8895887330026,376.58910894792285,3540500,380.4105682373047,365.4345446777344,378.6868646129407,375.64568144368917,47.1913393546234,3.0411831692515534,4.524461072112626,-1.4832779028610723,-0.007387633699692864,0.014211592316655308,0.42503521835379354,0.026289138146443403,0,IVV
2022-12-12,380.3013916015625,380.4058459503517,375.13639207133656,375.857981836176,4998200,380.6821044921875,366.2301818847656,378.93525338042105,375.99054886279094,54.022139865560014,2.9447045176301003,4.208509761216121,-1.2638052435860203,0.01402481496188579,0.01416019702634036,0.4117215082615451,0.03842176426962096,0,IVV
2022-12-13,383.3375549316406,391.3759935324845,380.59131975552606,391.271087651398,5899700,381.3218292236328,366.906337890625,379.61253054214717,376.53477153455754,51.98543050442503,3.077759007589634,3.982359610490824,-0.9046006029011897,0.007983571443932691,0.014299897629620377,0.18036493137529508,0.04478313766799458,0,IVV
2022-12-14,381.0394592285156,386.76077234275726,377.9499303587549,382.95607933371633,9398500,380.56296997070314,367.3225256347656,379.8320580323577,376.86845210448035,47.26679262353299,2.9636059278773246,3.7786088739681243,-0.8150029460907997,-0.00599496624726692,0.010052046180859147,0.5930471040900385,0.03734302319207328,0,IVV
2022-12-15,371.5992431640625,376.89144536789854,369.8637714600651,376.02370951589984,5857600,378.87623291015626,367.5668090820312,378.565471129543,376.47814033111604,39.58586472789502,2.08733079842699,3.4403532588598975,-1.3530224604329075,-0.02477490410984362,0.012337474652898302,-0.37675160929935625,0.01097061536133248,0,IVV
2022-12-16,367.0603332519531,370.2356488159063,365.0102021376807,368.92928714634985,6667300,376.7773834228516,367.7913342285156,376.7954499176061,375.7805249919188,40.66536974668922,1.0149249256872963,2.9552675922253777,-1.9403426665380814,-0.012214529484672387,0.012509587306585508,0.13823067467904937,-0.0019875426866591273,0,IVV
2022-12-19,364.0089416503906,367.6515173793099,362.3593152669486,367.3654634111114,4289700,375.0721832275391,368.1532666015625,374.828294799573,374.90855585550935,39.001226714870036,-0.08026105593637567,2.3481618625930274,-2.428422918529403,-0.008313051902200552,0.011785022969445511,-0.3566061224183703,-0.01125706418261152,1,IVV
2022-12-20,364.4285888671875,366.07824472190185,361.98749745565146,363.27479880238536,4451200,373.9539337158203,368.57505004882813,373.22834004074446,374.13226200452254,24.536206287530902,-0.9039219637780889,1.6977450973188042,-2.601667061096893,0.001152848649525584,0.011363320509048432,0.0376483203953657,-0.011249977938255218,0,IVV
2022-12-21,369.8638000488281,371.0843455954119,366.5835784361153,367.2415317252997,3875500,373.45136108398435,369.15263000488284,372.71071850352655,373.8160796374341,32.38075197949426,-1.105361133907536,1.1371238510735362,-2.242484984981072,0.014914338083452217,0.012702468298710098,-0.12933590941768514,0.0019264932338038943,0,IVV
2022-12-22,364.82904052734375,367.1938311193644,359.00282204437195,366.88871656239775,6462200,372.15098571777344,369.6515411376953,371.49815266103684,373.15037303668663,29.776572841081247,-1.6522203756497902,0.579255005728871,-2.231475381378661,-0.013612469024596896,0.012801903020970971,0.6674493613727261,-0.01304607197229335,1,IVV
2022-12-23,366.7265930175781,366.8887096761339,362.1304649821065,363.7229097687061,3280100,371.3194946289062,370.00744201660154,370.7640665620432,372.67453747971564,36.30069705719368,-1.9104709176724555,0.08130982104860573,-1.991780738721061,0.00520121009964436,0.012986270870579816,-0.49241744297607626,-0.008866981110277838,0,IVV
2022-12-27,365.3152770996094,366.9935378597336,363.7038010607447,366.6883942487845,4339000,369.8208831787109,370.49500061035155,369.9257912601303,372.12940708118924,39.33723763681128,-2.203615821058918,-0.375675307372899,-1.827940513686019,-0.0038484144450934288,0.011674415998838669,0.32282552361208494,-0.013980549001225695,1,IVV
2022-12-28,360.88134765625,367.2606140288881,360.5857488102918,365.2962988782809,4684700,367.57526245117185,370.71842529296873,368.5343383979949,371.29621749415674,36.52843110898758,-2.761879096161863,-0.8529160651306917,-1.9089630310311712,-0.012137268056682915,0.011109248855521078,0.0796727356533764,-0.026535173235440745,1,IVV
2022-12-29,367.1270751953125,368.1282931835359,363.1507504390256,363.6561318492877,5327300,366.18402404785155,370.98663024902345,368.31783636681297,370.9873921386868,40.31929319705476,-2.6695557718738314,-1.2162440064793199,-1.4533117653945116,0.017306872687173902,0.013324639063033775,0.13716993617520856,-0.01040348826349946,1,IVV
2022-12-30,366.3642578125,366.4214686126188,362.5119281373628,364.6574204421211,5290000,365.6605255126953,371.2861010742188,368.0172858199956,370.64493774415445,41.854741126430035,-2.6276519241588403,-1.4985255900152241,-1.1291263341436162,-0.0020778020319168755,0.011064536510087491,-0.007001670639911417,-0.013256201208390772,1,IVV
2023-01-03,364.7622680664063,370.0830757530578,361.9683675167854,368.1855164671535,6454700,365.43071899414065,371.6133477783203,367.51651385790495,370.2091844346916,34.33800089323837,-2.692670576786668,-1.7373545873695129,-0.955315989417155,-0.004372669309115729,0.010472004654110488,0.2201701323251417,-0.018436043142349368,1,IVV
2023-01-04,367.60394287109375,369.62546901621096,364.0376376130966,367.0604110961974,3805600,365.79021911621095,371.8291870117188,367.5299644753186,370.01620357812885,34.07955789776629,-2.4862391028102593,-1.8871314904576622,-0.5991076123525971,0.007790484525033392,0.010388319720221022,-0.41041411684508966,-0.011363400959946368,1,IVV
2023-01-05,363.4272766113281,365.73485614381457,362.8551395941497,365.6299793923823,4329700,365.690087890625,371.8737634277344,366.89878172701236,369.5281349139214,32.83138874179667,-2.629353186909043,-2.0355758297479385,-0.5937773571611045,-0.011361864693682722,0.011101446210243246,0.13771809964263193,-0.022713317386392262,1,IVV
2023-01-06,371.7231750488281,372.8674491248613,363.5226508709517,366.4977285485197,4838800,365.876025390625,371.9682348632812,367.6409960842148,369.69073047947006,50.12356738210588,-2.049734395255257,-2.038407542849402,-0.011326852405854737,0.022826845895697945,0.012494546739063698,0.11758320437905634,-0.0006588191987501046,1,IVV
2023-01-09,371.4657897949219,377.12989214657273,371.3418233538761,373.9545761494853,3474700,366.5397003173828,372.1130072021484,368.22942588586204,369.82221635468875,54.802533175065356,-1.5927904688267063,-1.9492841280448632,0.3564936592181569,-0.0006924111036995528,0.011492718372863692,-0.28190873770356284,-0.0017393033694061977,1,IVV
2023-01-10,374.13568115234375,374.2119816150061,370.016358271682,370.9508206885445,3649100,367.2806091308594,372.3499139404297,369.13808054224387,370.14173226562616,61.132085599170736,-1.0036517233822906,-1.7601576471123488,0.7565059237300582,0.007187448833164023,0.011573690446428175,0.05019138342878526,0.004795938296362046,1,IVV
2023-01-11,378.798583984375,378.94161098398376,374.95577006101087,375.7567503589216,6273800,368.6289398193359,372.510126953125,370.6243118410333,370.78298054108905,64.44867620182663,-0.15866870005572764,-1.4398598577010246,1.281191157645297,0.012463133207903265,0.011795445080557637,0.7192732454577841,0.016881304899507565,0,IVV
2023-01-12,380.276611328125,381.7164844833929,375.91889982593807,379.9619519015302,3988000,370.56846618652344,372.7519305419922,372.10928099289356,371.48621245123985,61.37501508525421,0.6230685416537085,-1.027274177830078,1.6503427194837865,0.0039018819136107386,0.010413157531728692,-0.36434059102936023,0.020186832500616925,0,IVV
2023-01-13,381.7736511230469,382.2981222401708,376.79610797745903,377.091706801614,3192700,372.0331237792969,373.05291870117185,373.5961071667633,372.24824494544777,70.06095159641161,1.3478622213155518,-0.5522468980009521,1.9001091193165038,0.003936712777820928,0.009519844791735151,-0.19942326980942826,0.023376663161455147,1,IVV
2023-01-17,381.0680236816406,383.3946930927568,380.3910098505675,381.7736429112069,3510100,373.5035003662109,373.5277850341797,374.74563278443674,372.9015618888694,67.47212282909047,1.844070895567313,-0.072983339287299,1.917054234854612,-0.0018482874324368126,0.009503933716360524,0.09941428884643089,0.020186553583345646,1,IVV
2023-01-18,375.0606384277344,383.2707372226288,374.8890060320476,382.25042948143374,4348500,374.53333740234376,373.9542810058594,374.7940951910979,373.0614934843409,60.677048505047395,1.7326017067570092,0.28813366992156264,1.4444680368354466,-0.01576460075517927,0.011155958171926592,0.23885359391470318,0.0029585365860744783,1,IVV
2023-01-19,372.3907470703125,374.62205577164826,371.00808471217033,372.9342788193839,3000000,375.01201782226565,374.2273077392578,374.42434932636166,373.01180856478317,63.116745082872654,1.412540761578498,0.5130150882529497,0.8995256733255482,-0.007118559197825003,0.011414676635309056,-0.31010693342531903,-0.004907607304341699,1,IVV
2023-01-20,379.2276916503906,379.39932404882006,372.0665058815371,373.6780113003612,2645400,376.59205932617186,374.5670050048828,375.16332506851995,373.4722443489022,63.60716293262671,1.6910807196177302,0.7486282145259058,0.9424525050918244,0.018359598442942104,0.011603983384691437,-0.11819999999999997,0.01244286491664437,1,IVV
2023-01-23,383.7284851074219,385.7309214263578,379.1323565675542,380.0382136880006,5152200,377.79259033203124,374.9574102783203,376.48104199758177,374.2319658865704,68.01189246888393,2.249076111011391,1.0487177938230028,1.200358317188388,0.011868314356063836,0.010079958582187652,0.9476071671580857,0.023392189589188428,1,IVV
2023-01-24,383.4709167480469,384.3195919645965,380.9440098618487,382.1359498176116,4309900,378.99310302734375,375.49134765625,377.55640734380717,374.91633261705016,69.96326117779151,2.640074726757007,1.3669891804098038,1.273085546347203,-0.0006712255393365174,0.01007904493275218,-0.16348356042079115,0.02125100655875012,1,IVV
2023-01-25,383.5377502441406,383.8714993195389,377.0536072082706,379.2753709328833,4555300,379.9333099365234,375.6358282470703,378.47661394385847,375.5549561449828,68.07256731881535,2.9216577988756853,1.6779229041029802,1.2437348947727052,0.00017428569723221266,0.010016997137792092,0.0569386760713706,0.021036124359982145,1,IVV
2023-01-26,387.7524719238281,387.905014664333,383.2517044762531,386.22678261785126,3067600,380.8286987304688,375.7920666503906,379.90366901769994,376.45847583230466,77.56651546528663,3.445193185395283,2.031376960361441,1.413816225033842,0.01098906607499428,0.00986426677238366,-0.32658661339538564,0.03182718938174012,1,IVV
2023-01-27,388.7155151367188,391.0231240666441,386.560507137808,386.64632333642777,4012900,381.67258911132814,376.0313671875,381.25933765139513,377.36640466966867,73.09491476775472,3.89293298172646,2.4036881646344446,1.4892448170920156,0.002483654606023622,0.009850183442966958,0.3081562133263789,0.033731622029536945,1,IVV
2023-01-30,383.7761840820313,388.1148352796589,383.5187354446253,385.8644658857534,3457400,381.8728424072266,376.10788879394534,381.64654479456993,377.8412031446585,64.84252944868939,3.8053416499114405,2.684018861689844,1.1213227882215966,-0.01270680192158069,0.010883689335520108,-0.13842856786862368,0.0203885521058218,1,IVV
2023-01-31,389.3448486328125,389.4306648282597,383.9668300174202,384.28148940072657,6121200,382.7005249023438,376.351611328125,382.8308992312226,378.69332503266986,67.13949470243679,4.137574198552727,2.9747299290624207,1.1628442694903063,0.014510187921382034,0.011679035736745629,0.7704633539654075,0.03452419735585832,1,IVV
2023-02-01,393.50238037109375,396.2867363659609,385.4448530261516,388.1910878869154,5194600,384.54469909667966,376.70392944335936,384.47266556043354,379.79029209477534,66.76089322041918,4.682373465658202,3.316258636381577,1.3661148292766248,0.010678275962505923,0.010034248203944168,-0.15137554727831148,0.04459324582187607,0,IVV
2023-02-02,399.214111328125,400.7302556206146,395.5333852223776,397.4404893538261,4883300,387.22703552246094,377.13478393554686,386.74058029392455,381.2290935194679,69.68673503184552,5.511486774456671,3.755304263996596,1.756182510460075,0.014515111577329654,0.009482455286235604,-0.05992761714087702,0.05854492434288838,0,IVV
2023-02-03,395.1043701171875,399.4907161707476,393.85521903086186,394.31290547464255,4386000,388.8147033691406,377.5123065185547,388.0273171898112,382.25689178596565,63.144122831459406,5.770425403845536,4.158328491966384,1.612096911879152,-0.010294579009907823,0.00999086953456373,-0.10183687260663898,0.04659997381507397,0,IVV
2023-02-06,392.6726989746094,394.04581617217787,390.98492242347606,392.61548818305215,2579000,389.70912475585936,377.7375158691406,388.74199131054934,383.0284330591985,61.06559237535633,5.7135582513508325,4.469374443843274,1.2441838075075582,-0.00615450328189715,0.01007004544064519,-0.4119927040583675,0.039538522063672144,1,IVV
2023-02-07,397.7456359863281,398.9947868738012,390.5081792451329,391.69057450348,5584800,391.1365966796875,378.01860900878904,390.12716741451527,384.1185962389859,72.02366914395489,6.008571175529369,4.777213790180493,1.2313573853488755,0.012918995960161661,0.010523492228893186,1.1654905001938736,0.05218533296354311,0,IVV
2023-02-08,393.4070434570313,397.1163464331284,392.7490901021272,395.77183432093767,2872000,392.12352600097654,378.21350158691405,390.63176372874847,384.80662936624856,69.763263956728,5.8251343624999095,4.9867979046443764,0.838336457855533,-0.010907957590880923,0.011477645646227708,-0.48574702764646893,0.04017186537859696,1,IVV
2023-02-09,390.069580078125,397.1735260462083,388.7918237052092,397.0400438789404,3378800,392.35523681640626,378.4631726074219,390.54527393634487,385.1964775671283,60.91378324128613,5.348796369216586,5.059197597558819,0.2895987716577677,-0.008483486593373168,0.011548443110332684,0.17646239554317544,0.030667204395980585,1,IVV
2023-02-10,390.918212890625,391.29962791267593,388.02895117594056,388.7727206539752,2655900,392.57550659179685,378.74273071289065,390.6026491600803,385.62030981331327,57.81178606741812,4.9823393467670485,5.043825947400465,-0.061486600633416266,0.002175593421896771,0.011543435504280988,-0.21395169882798626,0.03214710459212511,0,IVV
2023-02-13,395.5143127441406,395.58106837075456,391.1375123863082,391.5952278401053,3757200,393.7493194580078,378.88045593261717,391.35828971147424,386.3531989193005,61.95801703898798,5.005090792173746,5.036078916355121,-0.0309881241813752,0.011757190383967941,0.010982784836732151,0.4146616966000225,0.043902652013493526,0,IVV
2023-02-14,395.3045654296875,397.6312349357368,391.3854801757077,393.9695982787005,4222800,394.3452911376953,379.0172149658203,391.9654090527378,387.01626310525506,61.65033318608324,4.949145947482748,5.018692322580646,-0.0695463750978984,-0.0005303153582429943,0.010247500337033812,0.12392206962631747,0.04297258757847189,0,IVV
2023-02-15,396.5632019042969,396.6394732586169,392.3294287871616,393.1113483944021,2966800,394.6513732910156,379.18750244140625,392.67276179913154,387.7234437570359,59.265903938338134,4.949318042095626,5.004817466483643,-0.05549942438801647,0.003183966451895781,0.009770082537122297,-0.29743298285497777,0.04582350249155587,0,IVV
2023-02-16,391.223388671875,395.5525237328777,391.0326665951388,391.6620145282443,3347300,393.8523010253906,379.39075134277346,392.44978131801514,387.9826989359129,52.415104853015286,4.467082382102262,4.897270449607367,-0.43018806750510485,-0.013465226240811257,0.009411579512026922,0.1282526628016718,0.031188523408181235,0,IVV
2023-02-17,390.1363830566406,390.3747711200716,387.09454903925297,389.0016535467008,2039000,393.3555023193359,379.68125732421873,392.0938738931883,388.14223109300383,56.61579797105069,3.951642800184459,4.708144919722786,-0.756502119538327,-0.002778478093869996,0.00896324042272073,-0.3908523287425686,0.02753658636221279,0,IVV
2023-02-21,382.4030151367188,387.14217045630863,382.069266066305,386.1123469448541,6280600,392.3285339355469,379.8315270996094,390.6029725460391,387.71710398513085,43.09036143846365,2.88586856090825,4.343689647959879,-1.457821087051629,-0.01982221668056805,0.010676242535957082,2.0802354095144677,0.006770075292973354,0,IVV
2023-02-22,381.7545776367188,384.262424240725,380.3242495294999,382.7367351063383,4145700,390.72942810058595,379.9099627685547,389.2416810215283,387.27543536673,37.428480361164425,1.9662456547982856,3.8682008493275606,-1.901955194529275,-0.0016956913892746117,0.00921713087991954,-0.3399197528898513,0.004855400091962947,0,IVV
2023-02-23,383.7665710449219,385.282715395967,379.6090978458449,384.7201231474736,4570000,389.765380859375,380.08446411132815,388.39935640974267,387.0155194910405,32.047821877338464,1.3838369187021726,3.3713280632024833,-1.9874911445003107,0.005270384498487157,0.009300413313511273,0.1023470101551005,0.009687601786626088,0,IVV
2023-02-24,379.6186218261719,380.5340528165822,377.11080418606224,378.76043073525096,4450400,388.7202850341797,380.0708087158203,387.0484741661164,386.4676011454947,32.019386747758915,0.5808730206217092,2.8132370546863283,-2.232364034064619,-0.010808521459948817,0.009495335011322858,-0.02617067833698028,-0.001189743803730381,1,IVV
2023-02-27,380.944091796875,384.4245513962752,380.0954163977888,383.08003934497975,4547700,387.7228729248047,380.022939453125,386.1093384170024,386.05845230485625,36.022778271176016,0.050886112146145024,2.2607668661782916,-2.2098807540321466,0.0034915831165680533,0.009578727212711245,0.021863203307567858,0.002423938789262614,1,IVV
2023-02-28,379.4851379394531,382.47927646087913,379.4851379394531,380.524506257088,5191500,386.1199554443359,379.9918530273437,385.09023065122557,385.5715401296412,26.18744408610017,-0.4813094784156533,1.7123515972595027,-2.193661075675156,-0.0038298372092874233,0.008156353754675796,0.14156606636321656,-0.0013334893468206488,1,IVV
2023-03-01,378.131103515625,379.99054189770015,376.8438313589147,378.7699962771897,6327400,384.40260925292966,380.122490234375,384.019595707287,385.02039667675115,28.397943031146156,-1.0008009694641373,1.1697210839147747,-2.170522053378912,-0.0035680828798205777,0.008064751495433014,0.21879996147548875,-0.005238802675217036,1,IVV
2023-03-02,381.1061706542969,381.92621147082417,375.8902396395638,376.1762936220501,3003000,382.8569061279297,380.40340698242187,383.57137646836543,384.7304540084212,37.19337625564321,-1.1590775400557618,0.7039613591206675,-1.8630388991764293,0.007867819153229094,0.008667767003393313,-0.5253974776369441,0.0018474168710782557,0,IVV
2023-03-03,387.2184448242188,387.46637769560766,382.288596497694,382.9274601430545,3167200,382.45641174316404,380.86759704589844,384.13246390772747,384.9147496244062,45.405025159149304,-0.7822857166787571,0.4067119439607826,-1.1889976606395396,0.0160382450890999,0.009984222313287303,0.054678654678654626,0.01667468649887538,0,IVV
2023-03-06,387.6570434570313,390.3651276815482,387.1039669935163,388.1528800276843,5754600,382.20847778320314,381.3321661376953,384.6747069153127,385.11788250089694,39.11776217297331,-0.4431755855842425,0.23673443805177757,-0.67991002363602,0.0011326904455999376,0.009982699973407656,0.8169360949734781,0.01658626751421788,0,IVV
2023-03-07,381.54486083984375,387.6952553018704,380.9345734407644,387.4664120772681,3536200,382.12266235351564,381.56578735351565,384.1931921344713,384.8532142297078,33.6208750490417,-0.6600220952365135,0.05738313139411938,-0.7174052266306328,-0.015766984555937946,0.009163490738833335,-0.3855002954158412,-5.484378936859713e-05,0,IVV
2023-03-08,382.2123107910156,382.93701976607855,379.9333361932782,381.7069292952752,3423500,382.16843566894534,381.91345275878905,383.88844115855505,384.65759175276764,32.67327827101977,-0.76915059421259,-0.1079236137272225,-0.6612269804853675,0.001749335450889511,0.009165220378278447,-0.031870369323002135,0.0007825281619899815,0,IVV
2023-03-09,375.136962890625,384.5961841259831,374.0975945167862,382.9751628961852,3578700,381.30547485351565,382.08166015625,382.5420598865658,383.9523599852015,31.359070584590754,-1.4103000986356733,-0.3683989107089127,-1.0419011879267606,-0.01851156464779402,0.010655480688926858,0.04533372279830572,-0.01817595030021857,1,IVV
2023-03-10,369.8638000488281,376.6054205046148,368.1759941765287,374.6029552375364,6751200,380.3299926757812,382.17263061523437,380.59155837306776,382.90876295287757,28.585732245897944,-2.317204579809811,-0.7581600445290924,-1.5590445352807187,-0.014056633612333003,0.010990592619713037,0.8864950959845754,-0.032207514563748485,1,IVV
2023-03-13,369.0914611816406,373.8401325668853,364.60975415128513,365.68727280539855,5579100,379.1447296142578,382.3368328857422,378.82231265130974,381.8852591179711,33.51439320125988,-3.0629464666613444,-1.219117328955543,-1.8438291377058014,-0.002088171016156548,0.010789857888318502,-0.17361357980803416,-0.03464320087638484,1,IVV
2023-03-14,375.2990417480469,376.90103147337175,370.760153309916,374.09758582918096,6004900,378.7261199951172,382.5002722167969,378.28027097388474,381.3973911646434,42.97278676086109,-3.117120190758669,-1.5987179013161683,-1.5184022894425009,0.016818542879677434,0.012478899816131624,0.07632055349429123,-0.01882673292495962,1,IVV
2023-03-15,372.9915161132813,373.02966635279495,367.54674070198126,369.5873274643157,7838400,378.21216125488286,382.6328173828125,377.4666163799457,380.7747337534314,38.345732134404884,-3.308117373485686,-1.940597795750072,-1.3675195777356142,-0.006148498605319408,0.012563412525481132,0.305333977251911,-0.025197267018227,1,IVV
2023-03-16,379.4089050292969,379.75216985885936,370.025925619796,370.6076076033604,6535500,378.04243469238287,382.9257501220703,377.7654300183074,380.67356125534735,49.78378541646478,-2.9081312370399246,-2.1341044840080423,-0.7740267530318823,0.01720518735355503,0.013622544480968298,-0.1662201469687692,-0.009184143640516007,0,IVV
2023-03-17,374.9080810546875,379.22767077802337,373.6589010679344,378.17875767851694,6487300,376.81139831542976,383.0718328857422,377.3258378700582,380.24648864789106,44.159384648821295,-2.9206507778328614,-2.291413742773006,-0.6292370350598553,-0.011862726243238364,0.012717319323175548,-0.0073751051947058555,-0.021311281932570814,1,IVV
2023-03-20,378.626953125,379.0369735589135,375.1083434198034,375.833052354238,4602600,375.90838928222655,383.3758264160156,377.52600944774156,380.12652305360285,49.20439209739343,-2.6005136058612948,-2.353233715390664,-0.24727989047063081,0.00991942360871656,0.01333487606143644,-0.2905214804309959,-0.0123869919901064,1,IVV
2023-03-21,383.54730224609375,384.1098945379472,380.4196522726745,382.0216129444032,8656700,376.10863342285154,383.61230895996096,378.4523621859496,380.3799141048985,54.7098230160828,-1.9275519189488932,-2.26809735610231,0.3405454371534167,0.012995242627297454,0.013202461311712778,0.8808282275235737,-0.0001694594056260712,0,IVV
2023-03-22,377.1203308105469,387.01820679193776,377.0440594425273,383.451931059953,4659900,375.5994354248047,383.72539978027345,378.2474342820415,380.1384634905021,46.73028452292616,-1.8910292084605658,-2.192683726573961,0.3016545181133954,-0.016756659212331382,0.014277040073561485,-0.46170018598311136,-0.01721300954669336,1,IVV
2023-03-23,378.075927734375,383.9935310318082,375.433102128122,380.0389066165073,4743600,375.89333190917966,383.80420471191405,378.22104865932357,379.9856830641223,41.80692722714,-1.7646344047987554,-2.10707386221892,0.3424394574201646,0.0025339310712160223,0.012937931144805173,0.017961758836026576,-0.01492499797348168,1,IVV
2023-03-24,380.5751647949219,380.642170541308,374.4851811160796,376.8311712300635,4867500,376.96446838378904,383.839736328125,378.5832203724925,380.0293483775149,43.87961305779599,-1.4461280050223877,-1.9748846907796136,0.5287566857572259,0.0066104104419542065,0.011900167976546437,0.026119402985074647,-0.008505037973484897,1,IVV
2023-03-27,381.2358703613281,383.6201411185174,380.4219536366493,382.9498498812832,4509700,378.1789093017578,383.8589215087891,378.99132037077493,380.1187203763159,49.70518060999805,-1.1274000055409488,-1.8053877537318805,0.6779877481909318,0.001736071156304364,0.011782109791319174,-0.07350796096558809,-0.0068333728890573875,1,IVV
2023-03-28,380.52728271484375,381.30288959635175,378.6121982228497,380.5943176853124,2419000,378.7017333984375,383.833994140625,379.2276222698624,380.14898425324384,48.39351271835163,-0.9213619833814164,-1.628582599661788,0.7072206162803716,-0.0018586594325785688,0.010845020386943285,-0.46360068297225976,-0.00861495197470652,1,IVV
2023-03-29,386.0331115722656,386.2437720139461,383.4477653027693,384.6063831210784,4369100,380.0058929443359,383.9332958984375,380.2746206240783,380.5848455361343,60.70875205675106,-0.31022491205601455,-1.3649110621406333,1.0546861500846187,0.014468946400218563,0.011196719698134123,0.806159570070277,0.005469220034470812,1,IVV
2023-03-30,388.1780395507813,388.8578863185144,386.34913047482536,388.60891599996353,4066400,380.8828063964844,384.1956439208984,381.49053122818646,381.1473043520341,69.17852566048718,0.34322687615235736,-1.0232834744820352,1.3665103506343925,0.005556331605285569,0.010171337539957121,-0.06928200315854527,0.010365540819881947,1,IVV
2023-03-31,393.62646484375,393.971195257505,389.0973085931167,389.2217937641429,4224500,382.7546447753906,384.6203582763672,383.35759793827316,382.0716866106797,73.4010714923993,1.2859113275934533,-0.5614445140669375,1.8473558416603908,0.014035892651923065,0.009424591945602034,0.03887959866220725,0.023415574276262063,1,IVV
2023-04-03,395.02447509765625,395.6181465977707,392.78382981244863,393.2721564731305,4455300,384.39439697265624,384.9362939453125,385.15250211663977,383.03115242452986,70.7142266555826,2.121349692109902,-0.02488567283156956,2.1462353649414716,0.00355161651659075,0.009263319949192534,0.054633684459699294,0.0262074044745102,0,IVV
2023-04-04,393.0040283203125,396.1256251653712,391.63475002174886,395.8670992976988,3496500,385.34006958007814,385.12180480957034,386.36042922489713,383.7698839723656,71.14317661260365,2.5905452525315127,0.4982005122410469,2.092344740290466,-0.0051147382117127105,0.00914120849026301,-0.2152043633425359,0.020466832602842766,0,IVV
2023-04-05,392.0752258300781,393.05193758803216,390.3420767646086,392.34333648048585,3698900,386.83555908203124,385.29389099121096,387.23962870261727,384.3850944803443,65.13749020740605,2.854534222272946,0.9694672542474267,1.8850669680255192,-0.0023633408904332187,0.006539227485844382,0.057886457886457965,0.017600421385922882,1,IVV
2023-04-06,393.5594177246094,393.8083588186235,390.1409851550636,391.223012485637,2975500,388.3839080810547,385.4943243408203,388.2119039367699,385.0646739799195,74.02225480215552,3.147229956850367,1.405019794768015,1.7422101620823522,0.0037854773695251698,0.0065217979422111045,-0.19557165643840058,0.02092143223529952,1,IVV
2023-04-10,394.009521484375,394.0286618107615,390.4474629110383,391.0315496954863,2777900,389.72734375,385.61946533203127,389.10384509793994,385.72725527654586,71.63378753517246,3.3765898213940773,1.7993338000932275,1.5772560213008497,0.0011436742191761606,0.0065115842361646225,-0.06640900688959839,0.021757346053886684,1,IVV
2023-04-11,393.9999084472656,395.4362218137749,393.2530266655556,394.5265449929043,3657000,391.0037475585938,385.7251531982422,389.8570856132208,386.3400444003029,67.05631840359979,3.5170412129179454,2.142875282658171,1.3741659302597742,-2.4397981737034335e-05,0.006587748699993272,0.3164620756686707,0.021452464741833044,1,IVV
2023-04-12,392.5252685546875,396.3650221425734,391.85500654521,396.11605181861006,3959000,392.20354614257815,385.9001348876953,390.2675752965234,386.79820915247956,79.98339235501871,3.4693661440438177,2.4081734549353007,1.061192689108517,-0.003742741713797848,0.006776491166540223,0.08258135083401696,0.01716800039191546,1,IVV
2023-04-13,397.6385498046875,397.973695428274,393.0710839050067,393.58816488934383,3570000,393.3640899658203,386.0660089111328,391.4015713747025,387.6011973489394,82.77172245966341,3.8003740257630625,2.686613569100853,1.1137604566622095,0.013026629518215538,0.0065187770594456506,-0.09825713564031324,0.029975549844944993,0,IVV
2023-04-14,396.661865234375,399.1897907254922,394.3637697472764,397.03532072723664,3546700,394.2124725341797,386.12919860839844,392.21084735311365,388.2723579330457,78.39739949942303,3.938489420067924,2.936988739294267,1.001500680773657,-0.0024562119814395267,0.006658595958654123,-0.0065266106442577465,0.027277570989026723,0,IVV
2023-04-17,398.12689208984375,398.1939270566449,395.3500255727516,396.5565380876969,2482500,394.6625152587891,386.1074542236328,393.12100808184135,389.00232342614186,78.99390770939303,4.1186846556994965,3.173327922575313,0.9453567331241834,0.003693389720242246,0.005272044815611405,-0.30005357092508533,0.031129774198167315,0,IVV
2023-04-18,398.3567199707031,399.7930333588476,396.9970263275073,399.71644283576967,2653400,394.99573974609376,386.1725012207031,393.9265022185893,389.69524168870197,81.11615184113285,4.231260529887322,3.384914444037715,0.8463460858496075,0.0005772729384165842,0.005204968870682549,0.06884189325276946,0.03155123348111366,0,IVV
2023-04-19,398.3279418945313,399.17058364567134,396.4033020812652,396.4415827267776,2937000,395.52813110351565,386.28560607910157,394.60364678411884,390.3347009632078,76.52862739933512,4.2689458209110285,3.561720719412378,0.7072251014986506,-7.224197491617623e-05,0.004790381965995053,0.10688173663978295,0.031174694645401235,0,IVV
2023-04-20,396.096923828125,397.8587980311935,394.5744351834387,395.4266325759069,3279800,395.9303009033203,386.2526318359375,394.83338171396593,390.761532286535,67.02337872271184,4.071849427430948,3.6637464610160917,0.4081029664148561,-0.0056009579840046175,0.0051645398644838535,0.11671773918964923,0.025486666447800177,1,IVV
2023-04-21,396.3171691894531,396.8629460541193,394.5074003410029,396.4129000353409,3384000,396.20607604980466,386.31083435058594,395.0616567101947,391.1730609460104,57.46146516166267,3.888595764184288,3.708716321649731,0.17987944253455668,0.000556039060337854,0.005073467051713566,0.03177022989206657,0.025902288906000992,1,IVV
2023-04-24,396.8150634765625,397.23638437898654,394.8808387677021,396.18308212292646,3398500,396.48663024902345,386.4457440185547,395.3314115973282,391.59098705938464,55.22630020629429,3.740424537943568,3.7150579649084987,0.025366573035069173,0.0012563025925111937,0.005074661518870592,0.004284869976359351,0.02683253630944349,1,IVV
2023-04-25,390.514404296875,395.3595944862962,390.4761236504117,394.8329287678166,3686800,396.13807983398436,386.4376678466797,394.59033355110466,391.51124018808764,44.18604651162791,3.079093363017023,3.587865044530204,-0.5087716815131809,-0.01587807459849533,0.007315274975838486,0.08483154332793874,0.01054953175996487,1,IVV
2023-04-26,388.9248962402344,392.19967393061785,388.3216400283568,391.1272314303317,5637900,395.7780426025391,386.3058795166016,393.7187278109708,391.3196591549133,42.863345122905606,2.399068656057466,3.3501057668356564,-0.9510371107781905,-0.004070293026713134,0.007330314719183367,0.5292123250515353,0.006779644997663592,1,IVV
2023-04-27,396.6426696777344,396.8916107497745,391.203808408651,391.3953285150192,4156100,395.67845458984374,386.3326416015625,394.1685650212421,391.71395623067787,55.446469002695416,2.4546087905642366,3.1710063715813726,-0.7163975810171359,0.019843865774879177,0.008914829591829538,-0.2628283580765888,0.026686919421126554,0,IVV
2023-04-28,399.9270935058594,400.0036840270613,395.6851884166885,395.7234690663544,3871000,396.0049774169922,386.39991943359377,395.054492480414,392.3223367695802,59.501751806933726,2.7321557108338084,3.08323623943186,-0.3510805285980516,0.008280561016779986,0.009254988620192863,-0.0685979644378143,0.03500822177213303,0,IVV
2023-05-01,399.6397705078125,401.6123341854432,399.39082942416087,399.57276476713713,2813100,396.15626525878906,386.5682470703125,395.7599198692445,392.86436889833817,58.975788630127,2.8955509709063563,3.0456991857267592,-0.15014821482040297,-0.0007184384421873302,0.009209884807637986,-0.2732885559287006,0.03381427092516076,0,IVV
2023-05-02,395.16802978515625,398.9503325602313,392.1996435945503,398.85457251114127,4604700,395.8373962402344,386.6688800048828,395.6688598563079,393.0350104455099,53.83963947346952,2.633849410798007,2.9633292307410093,-0.32947981994300246,-0.011189428712197746,0.009912087308826442,0.6368774661405567,0.021980433957256018,1,IVV
2023-05-03,392.3241882324219,397.992850868957,392.1709779750162,395.6372760359471,3746400,395.2370208740234,386.8673034667969,395.1542949910947,392.9823569482441,41.73370080668819,2.17193804285057,2.8050509931629213,-0.6331129503123512,-0.007196537519192803,0.010111248786995493,-0.18639650791582518,0.014105313932515573,1,IVV
2023-05-04,389.5856018066406,391.6634812187482,388.32166832313146,391.29961051066647,4185900,394.585888671875,387.0239239501953,394.29757296271714,392.7307454562735,39.56507925364497,1.5668275064436443,2.557406295819066,-0.9905787893754217,-0.006980416981475668,0.010182998245398648,0.11731262011531074,0.006618913451911013,1,IVV
2023-05-05,396.7097778320313,397.8875654243423,393.004093669864,393.24347925369256,2992900,394.6251495361328,387.2827880859375,394.6686814041501,393.0254885952185,48.209167507396955,1.6431928089315875,2.3745635984415707,-0.7313707895099832,0.018286548559170113,0.011985974256784382,-0.28500441959913037,0.024341359947041896,0,IVV
2023-05-08,396.92041015625,397.4374911627614,395.5607165008121,397.1693804967686,2955600,394.63568420410155,387.6288238525391,395.01510121216546,393.3140013034431,48.18402871291178,1.7010999087223695,2.2398708604977307,-0.5387709517753612,0.0005309481540127781,0.01198081922854549,-0.012462828694577155,0.02397031833537122,1,IVV
2023-05-09,395.3020935058594,396.3075302470831,394.9669771473174,395.38829801036746,2571900,395.114453125,387.9159838867188,395.05925387273373,393.46126739251093,46.322153137841205,1.5979864802228008,2.111493984442745,-0.5135075042199442,-0.004077181744706837,0.010751224944420306,-0.12982135606983358,0.01904048795601443,0,IVV
2023-05-10,396.9682312011719,398.6630701803297,393.2338228951412,398.05025843819766,3186100,395.9187866210938,388.2656457519531,395.35294269249346,393.7210424894488,51.07379879783878,1.6319002030446654,2.015575228163129,-0.3836750251184635,0.004214846626628965,0.0106122184613756,0.23881177339709936,0.022413998107827737,1,IVV
2023-05-11,396.3746032714844,396.62354437129005,394.2679987539362,396.1734983708079,2509600,395.89197998046876,388.6305157470703,395.51012124310745,393.9176025473773,50.070136262609246,1.5925186957301207,1.9309639216765273,-0.3384452259464066,-0.0014954041231241,0.008602945267086805,-0.21232855214839463,0.01992660692001369,1,IVV
2023-05-12,395.85748291015625,397.7342572432872,393.4253177950013,397.63849718895216,2281600,395.4850189208984,388.9255419921875,395.5635614995765,394.06129738906463,48.831188762009205,1.5022641105118737,1.8452239594435966,-0.34295984893172293,-0.0013046253646425976,0.008092399429901505,-0.09085113165444691,0.01782331106993218,1,IVV
2023-05-15,397.1693115234375,397.6002171576768,394.5552110675756,396.5277454580827,1934200,395.23797302246095,389.1245593261719,395.81059996478587,394.2915206582774,59.24934044773207,1.519079306508445,1.7799950288565665,-0.26091572234812155,0.0033138911601147125,0.00820724656523009,-0.15226157082748948,0.0206739770195854,1,IVV
2023-05-16,394.5169982910156,397.0161695783048,394.5169982910156,396.1352470579992,3432000,395.17286987304686,389.2617584228516,395.61158432266734,394.30822270514693,57.5491737362152,1.3033616175204088,1.684668346589335,-0.38130672906892626,-0.00667804172041464,0.007666005661985402,0.7743770034122635,0.013500529539445028,1,IVV
2023-05-17,399.30462646484375,399.9366077352985,394.9190674364393,396.6139355959794,3131300,395.87091369628905,389.61695373535156,396.17974465223296,394.6783266873467,53.90228168079016,1.5014179648862296,1.648018270248714,-0.14660030536248447,0.01213541671098417,0.008112906312204144,-0.08761655011655012,0.024864607755422652,0,IVV
2023-05-18,403.1731872558594,403.6232333208368,398.8163813334033,399.103632344294,3087100,397.22967224121095,390.03617126464843,397.2556588989447,395.3075756183477,54.678469574641404,1.948083280597018,1.708031272318375,0.24005200827864304,0.009688244349345787,0.007816631648301134,-0.014115543065180591,0.03368153253226658,0,IVV
2023-05-19,402.5890197753906,404.6477295325083,401.4112324230375,404.1019234993301,3873100,397.8175964355469,390.58521240234376,398.07617595685946,395.8469418522027,54.21457659730539,2.2292341046567685,1.812271838786054,0.4169622658707146,-0.0014489244298332427,0.005918684877889906,0.2546078844222732,0.030732877210624343,1,IVV
2023-05-22,402.7039489746094,404.3317824182339,401.4112611484216,402.6560835529195,3076600,398.3959503173828,391.24201538085936,398.78814103651325,396.35486830571426,62.30078356554702,2.43327273079899,1.9364720171886411,0.4968007136103487,0.00028547524540756264,0.005923601825102687,-0.20564922155379417,0.029296274794495814,1,IVV
2023-05-23,398.29925537109375,402.0528337473446,397.86837890335255,401.1431569456639,3221000,398.69566650390624,391.82617126464845,398.71292785721795,396.49889697722386,59.28015311534556,2.214030879994084,1.99198378974973,0.2220470902443541,-0.010937795903742997,0.00694570948459145,0.04693492816745759,0.016520295429865994,1,IVV
2023-05-24,395.3117370605469,396.98743598989614,394.1914289977436,396.6522903596522,3633800,398.53001708984374,392.22642517089844,398.18966773465314,396.41095920561816,58.82528352435638,1.7787085290349864,1.9493287376067814,-0.17062020857179494,-0.007500687662002847,0.007281400156711861,0.1281589568457,0.007866149987992621,1,IVV
2023-05-25,398.797119140625,400.2238474285185,396.6234800089137,398.87370964616673,3487800,398.7722686767578,392.74253723144534,398.28312179711037,396.58771179339647,53.62349705237899,1.6954100037139028,1.8985449908282057,-0.2031349871143029,0.008816793819466762,0.007818536662192037,-0.04017832571963231,0.015416160296412462,1,IVV
2023-05-26,404.0349731445313,404.6860948758963,399.3813025097102,399.4674778075199,5531300,399.5900177001953,393.23505859375,399.1680220044059,397.1393607823694,60.515144189134645,2.028661222036476,1.92456823706986,0.1040929849666159,0.013134131999733123,0.008703300781756879,0.5858994208383508,0.027464271851556088,1,IVV
2023-05-30,404.1115417480469,406.4096372305943,402.76140371185625,405.911725796301,3239600,400.28424072265625,393.8191278076172,399.92856350342754,397.65581863167887,63.64184555359803,2.272744871748671,1.9942035640056224,0.2785413077430485,0.00018950984099141976,0.00871019583873215,-0.414314898848372,0.0261348756667239,1,IVV
2023-05-31,401.6219787597656,403.1923622321026,400.3197351970335,402.27310054113167,4479600,400.99473876953124,394.2790283203125,400.1890889274796,397.9496082707964,57.02733441105396,2.239480656683213,2.0432589825411407,0.19622167414207237,-0.006160583727730873,0.008655808712654573,0.38276330411161874,0.018623740833326075,1,IVV
2023-06-01,405.7584838867188,406.76389145008056,400.92290774389534,402.129390975556,3786300,401.64012451171874,394.723251953125,401.0459189212087,398.52804350160545,62.800401965200265,2.5178754196032287,2.138182269953558,0.3796931496496705,0.010299498896267911,0.008429213886228158,-0.1547682828824002,0.027956883408794653,1,IVV
2023-06-02,411.5420837402344,412.3847255792114,407.798090109521,408.2672764518228,4525700,402.4770141601563,395.41168701171875,402.6607135087511,399.49204648224463,68.70728143784065,3.168667026506455,2.344279221264138,0.824387805242317,0.014253798954774854,0.00901693118989251,0.1952829939518792,0.04079393011981858,1,IVV
2023-06-05,410.8335266113281,413.2465519944041,410.11536986100754,411.9538639994525,4318300,403.30146484375,396.0668389892578,403.91806937068606,400.332156121436,66.53549035639924,3.5859132492500407,2.5926060268613185,0.9933072223887223,-0.0017217124491052394,0.009029241756156573,-0.045827164858474934,0.03728332232951925,1,IVV
2023-06-06,411.7049255371094,412.22200661952377,409.7515600646556,410.3930971137273,3539900,404.2015625,396.6894342041016,405.11604724244347,401.17458348556,71.73654968638705,3.941463756883479,2.862377572865751,1.0790861840177284,0.002121051154146958,0.009007658872617876,-0.18025611930620844,0.03785200723365412,1,IVV
2023-06-07,410.34954833984375,413.231149120824,409.8596961400252,412.0881117993158,4047400,405.406591796875,397.2717077636719,405.92120125742815,401.8542105118032,65.29569478935454,4.066990745624935,3.1033002074175875,0.9636905382073473,-0.0032921082872579,0.008036042296654573,0.1433656317975085,0.032919133984621984,1,IVV
2023-06-08,412.7220458984375,413.2215421014329,409.600311882346,410.2823118036425,3472100,407.1476226806641,397.91560302734376,406.9674850483526,402.6592353552576,63.7954949274947,4.308249693095036,3.3442901045530773,0.9639595885419583,0.005781650225258339,0.007154344290683922,-0.14214063349310668,0.03721000824910159,1,IVV
2023-06-09,413.5481262207031,415.5268230048994,412.5299629943947,413.5481262207031,4140600,408.6227233886719,398.4659033203125,407.97989138256037,403.4658198638091,65.72301489865865,4.51407151875128,3.578246387392718,0.9358251313585617,0.002001541547089758,0.007003758890212275,0.19253477722415835,0.037850723925721974,1,IVV
2023-06-12,417.30377197265625,417.3421722054513,413.76898657413744,414.4605718354613,4287900,409.94960327148436,399.04841796875,409.4143345502674,404.4908533533533,68.96512355295926,4.923481196914111,3.8472933492969967,1.0761878476171138,0.009081520417647315,0.0064933348870834795,0.03557455441240398,0.045747215580581146,1,IVV
2023-06-13,420.03167724609375,420.69444766642,418.0817955304954,418.7637660669346,5444500,411.54161682128904,399.5765222167969,411.04777188808686,405.64202549355633,79.51615470316727,5.405746394530524,4.158983958343702,1.2467624361868221,0.006536977273275735,0.006470534949490035,0.2697357680916066,0.05119208434923661,0,IVV
2023-06-14,420.52154541015625,422.3657825877528,417.1020485697311,420.3774712509273,5958000,413.43157348632815,400.0864636230469,412.5052755068668,406.7442121540452,86.73099788082274,5.761063352821566,4.479399837239275,1.2816635155822906,0.0011662648095360773,0.005556220113465277,0.09431536412893737,0.051076663784263676,1,IVV
2023-06-15,425.718017578125,427.0243582988848,419.6282390883436,419.7627278402081,5928700,415.4275268554687,400.7407434082031,414.5380050562911,408.1496792224956,87.36118899303891,6.388325833795534,4.861185036550527,1.527140797245007,0.012357207911666945,0.005821576511406056,-0.00491775763679092,0.06232776322541156,0,IVV
2023-06-16,424.200439453125,427.8984995100768,423.8354320113726,427.8120550075287,6474300,416.6933624267578,401.38324768066406,416.0245334250348,409.3386244247644,81.20853232778161,6.685909000270385,5.226129829294499,1.459779170975886,-0.0035647495815032126,0.0053216678152552405,0.09202691989812273,0.056846397811335825,0,IVV
2023-06-20,422.1929016113281,424.104353890747,420.041286644428,422.3657906056848,4505800,417.8292999267578,401.95591735839844,416.973513146003,410.2907931052506,76.40494505004769,6.682720040752372,5.517447871586073,1.1652721691662986,-0.00473252183421824,0.005693600305720875,-0.30404831410345523,0.05034627773593803,0,IVV
2023-06-21,419.9644775390625,422.1256780143946,419.4073809809884,421.1363296359911,4067600,418.65525512695314,402.4750164794922,417.433661514166,411.00736232257,76.99216704554539,6.4262991915960015,5.699218135588059,0.7270810560079424,-0.005278213024806133,0.006238514751899512,-0.09725243020107421,0.04345477444178569,1,IVV
2023-06-22,421.4821472167969,421.5782064429071,418.6581759854868,419.0327981733685,2511300,419.7685150146484,403.0246612548828,418.0565054684169,411.7832723147349,75.07072586586264,6.273233153681986,5.814021139206845,0.45921201447514104,0.003613804878516591,0.005963042430483977,-0.38260890943062253,0.04579741076996058,1,IVV
2023-06-23,418.2738342285156,420.08925628625377,417.5918637742549,418.0145007830463,2651400,420.3236938476563,403.53963256835937,418.0899406622782,412.2640546787187,61.69383739127116,5.825885983559488,5.816394108077374,0.009491875482114054,-0.007611978370773098,0.006656863261351474,0.05578783896786521,0.03651240292404312,1,IVV
2023-06-26,416.5065612792969,419.6186806609996,416.3336722721264,417.7264576717027,4936600,420.6195373535156,403.91699279785155,417.8463438341272,412.5783144269097,59.50510500437689,5.268029407217512,5.7067211679054015,-0.43869176068788995,-0.004225157790418321,0.0068774361167799666,0.861884287546202,0.031168702248053348,1,IVV
2023-06-27,421.11712646484375,421.75105280410014,416.4104886799387,417.4863108651346,5254400,421.00087280273436,404.4060980224609,418.3495411619298,413.2108190223122,64.01408956287275,5.138722139617585,5.593121362247839,-0.45439922263025423,0.011069609975375982,0.007168134577836535,0.06437629137463041,0.04132239480091782,1,IVV
2023-06-28,421.2515869140625,422.3946241715976,419.4650086001616,420.089349538466,3445600,421.12286376953125,404.8685919189453,418.796009739181,413.80643145873813,66.84477857979483,4.989578280442856,5.472412745886842,-0.482834465443986,0.000319294658822189,0.006892403567672077,-0.3442448233861145,0.04046496893588891,1,IVV
2023-06-29,422.9324951171875,423.2014433196231,420.5984057910693,420.9249836573728,3389400,421.36395874023435,405.360107421875,419.43239210502816,414.4824361741788,66.12072620745481,4.949955930849342,5.367921382879342,-0.4179654520300007,0.003990271503636844,0.006988507155517752,-0.016310657069886214,0.043350066702602774,1,IVV
2023-06-30,428.1193542480469,428.9934432019736,425.9485685918197,426.2367169005189,5137700,421.6040924072266,405.9559356689453,420.76884781933876,415.49257825372456,70.2212577523221,5.2762695656142,5.349591019426314,-0.07332145381211408,0.012264035492052239,0.00697112174102879,0.5158140083790641,0.05459562635186033,0,IVV
2023-07-03,428.7341613769531,428.8109911641443,427.3990056550972,427.6583684773283,1928100,422.0574645996094,406.6086804199219,421.99428067435633,416.4734362628526,67.37741197648685,5.520844411503731,5.383841697841797,0.13700271366193384,0.0014360647861531017,0.006818092965756952,-0.6247153395488254,0.054414679327999815,0,IVV
2023-07-05,427.9945373535156,428.7437523693192,426.6594109274112,426.6594109274112,6217000,422.63762817382815,407.24222778320313,422.9173970865347,417.32685115845726,62.88473674698259,5.590545928077461,5.42518254388893,0.16536338418853092,-0.0017251343374693473,0.006595699464777619,2.2244178206524556,0.050958147644158514,1,IVV
2023-07-06,424.4885864257813,424.9400383686256,422.0104227545909,424.36371237367314,3248800,423.0900390625,407.7956982421875,423.1591185233419,417.85735006714793,55.848256302558916,5.30176845619394,5.400499726349932,-0.0987312701559917,-0.0081915786809178,0.006976105710778975,-0.4774328454238379,0.04093443912122874,1,IVV
2023-07-07,423.4031677246094,427.39899072156993,423.2014638912669,423.5376564889424,3441700,423.2821411132812,408.4534735107422,423.19666455430615,418.26815137510806,46.11672603549023,4.928513179198092,5.306102416919564,-0.37758923772147224,-0.002557003264354485,0.007001317583889773,0.05937576951489776,0.036600727337122274,1,IVV
2023-07-10,424.5270385742188,424.6903421848588,422.51952685734864,423.0958528829802,2526300,423.90746154785154,409.1655163574219,423.40133748044656,418.73177264911624,50.55522006470487,4.6695648313303195,5.178794899801715,-0.5092300684713953,0.0026543751565422102,0.006411264888381755,-0.26597321091321147,0.03754354070096677,1,IVV
2023-07-11,427.3797912597656,427.72556926031217,424.3156869534645,425.3050353170153,4775400,424.9947845458984,409.7802587890625,424.0134072926495,419.37236662027544,58.57141704439321,4.641040672374061,5.0712440543161845,-0.4302033819421238,0.00671983743397786,0.006257020131852919,0.8902743142144638,0.042948707491940574,1,IVV
2023-07-12,430.58795166015625,432.0767668441708,429.6274181703002,431.09703323725375,4714000,425.9418670654297,410.39347595214844,425.02487565688136,420.20315069730367,67.00483214499953,4.821724959577693,5.021340235368487,-0.1996152757907934,0.0075065795482143205,0.0058062131992767,-0.012857561670226558,0.04920759439743749,1,IVV
2023-07-13,434.2571716308594,434.9103273312087,432.0575418580153,432.4801789142776,4179500,427.2424255371094,411.08582397460935,426.44522888364725,421.2441892849745,69.13105631846034,5.201039598672764,5.057280108029342,0.14375949064342208,0.008521418113433654,0.00607747354812974,-0.1133856597369538,0.056366204585252655,1,IVV
2023-07-14,433.8249816894531,435.84210805216094,433.17182589601504,435.0256486537842,3437800,428.33167419433596,411.8589630126953,427.58057546915586,422.1760998334544,75.40036048394171,5.404475635701488,5.126719213563772,0.277756422137716,-0.0009952396175362255,0.00619618166299684,-0.17746141883000355,0.05333383670001801,1,IVV
2023-07-17,435.4386291503906,436.3991626294196,433.6328508328669,433.65205094971145,4499600,429.0636016845703,412.7212518310547,428.7895068047305,423.1585094124867,81.07853019151115,5.630997392243785,5.227574849299774,0.4034225429440106,0.003719581695488028,0.005222457489175576,0.30886031764500554,0.05504290660718181,1,IVV
2023-07-18,438.5987854003906,439.2423557187049,434.58376255823566,434.9775847958377,6453300,430.05006408691406,413.7015155029297,430.2986265886782,424.30223355973885,80.13245172455512,5.9963930289393375,5.381338485227687,0.6150545437116506,0.007257409054786779,0.005505445629963784,0.43419415059116373,0.0601817227263326,1,IVV
2023-07-19,439.4056701660156,440.71201103861375,438.7621291020188,439.39608476345,3182200,431.19117736816406,414.55543334960936,431.69971021596086,425.42100664168527,80.5825602090957,6.278703574275596,5.560811503037269,0.7178920712383272,0.001839687642747112,0.005329089579983664,-0.5068879488013884,0.059944303746344074,1,IVV
2023-07-20,436.66802978515625,439.4343703814298,435.94762980959126,438.5602815601663,10647100,432.40912170410155,415.3503857421875,432.46406707276014,426.25411946712757,72.34351605844344,6.209947605632578,5.690638723556331,0.5193088820762473,-0.00623032556640668,0.004905079501097789,2.345829928979951,0.05132448355591723,1,IVV
2023-07-21,436.6584777832031,438.560315103742,436.6392483553013,438.3586113028383,3502300,433.7346527099609,416.17751342773437,433.1093610282129,427.0248126757258,66.7041571448016,6.084548352487104,5.769420649342486,0.31512770314461847,-2.1874745347871816e-05,0.004654028411521391,-0.6710559682918353,0.0492120878583342,1,IVV
2023-07-24,438.5891418457031,439.386400983327,437.196386003144,437.7919120212324,2631900,435.1408630371094,417.009931640625,433.95240423090365,427.8814296512797,68.33434771944805,6.0709745796239645,5.829731435398782,0.24124314422518278,0.0044214509982754,0.004668872217984463,-0.24852239956599953,0.051747473064202465,1,IVV
2023-07-25,439.7706298828125,441.0385410680842,438.2433852195711,438.31062959602207,3987000,436.37994689941405,417.8778521728516,434.8475158696589,428.7621111499118,71.55404220331278,6.085404719747089,5.880866092268443,0.20453862747864626,0.002693837864150783,0.0045095706532955766,0.5148751852274023,0.05239037579073491,1,IVV
2023-07-26,439.8090515136719,441.23062222931446,437.8015401630289,438.8581327984078,5592100,437.30205688476565,418.7568835449219,435.6108290456609,429.5804030287089,82.11828503209755,6.030426016952049,5.910778077205165,0.11964793974688437,8.73674325854168e-05,0.004265954832006604,0.40258339603712057,0.05027300755162778,0,IVV
2023-07-27,436.9659118652344,443.6512168045071,436.04377860156114,443.2765946699231,3413300,437.57293090820315,419.5528155517578,435.8193033255953,430.1274777573404,76.48167833767917,5.691825568254899,5.866987575415111,-0.17516200716021224,-0.006464486437130823,0.004401041937542405,-0.38962107258453893,0.04150394340835595,0,IVV
2023-07-28,441.09619140625,442.09515444569854,439.44407262734336,440.1548580312739,4258700,438.3000518798828,420.4843994140625,436.6311322610806,430.93997506466707,78.95267856190604,5.691157196413542,5.831821499614797,-0.14066430320125534,0.009452177913341409,0.0051486958183822006,0.2476781999824218,0.04901915985684524,0,IVV
2023-07-31,442.018310546875,442.40251809428497,440.3950065443979,441.70134738138,3947300,438.95802001953126,421.33867309570314,437.4599289204336,431.7605925077936,77.42984353252123,5.69933641263998,5.805324482219834,-0.10598806957985474,0.002090517122093516,0.005102397530441525,-0.07312090544062744,0.04908079597638704,0,IVV
2023-08-01,440.7888488769531,441.48043421904254,439.8571301426543,440.6351599883601,3752800,439.1770263671875,422.090986328125,437.9720704522058,432.42935223884245,70.64552350811398,5.542718213363344,5.752803228448537,-0.21008501508519295,-0.0027814722616371634,0.004826638782532398,-0.049274187419248605,0.044298180142356314,0,IVV
2023-08-02,434.6318054199219,437.9168429737618,433.9114052760511,437.6863243079333,3256300,438.69963989257815,422.7318420410156,437.4581835241621,432.59249691892245,50.68885023287133,4.8656866052396595,5.575379903806761,-0.7096932985671014,-0.013968237791673332,0.006603776251257037,-0.13230121509273074,0.028150146725288927,0,IVV
2023-08-03,433.3830871582031,435.22729495623065,431.9999166531052,432.64348695869216,3274500,438.3711456298828,423.3454248046875,436.8312456217069,432.6510591588692,49.211162271765495,4.180186462837696,5.296341215612948,-1.1161547527752518,-0.002873048511744969,0.0063944226665648,0.005589165617418512,0.023710336206294258,0,IVV
2023-08-04,431.3659973144531,437.3117021804932,430.9433602183126,435.2465609639447,4359900,437.84189758300784,424.0067596435547,435.9904381898217,432.55586939261616,42.83306803461987,3.434568797205543,4.923986731931468,-1.4894179347259247,-0.004654288327162304,0.006503771237186981,0.3314704535043518,0.01735641591441861,0,IVV
2023-08-07,435.1793212890625,435.3522102903109,432.61471316440696,433.29668376699135,2223600,437.50091552734375,424.804111328125,435.86565097432026,432.75019916272333,44.117724260811045,3.1154518115969267,4.56227974786456,-1.446827936267633,0.008840112568792913,0.007054853969041816,-0.48998830248400194,0.024423515884768765,0,IVV
2023-08-08,433.3542785644531,433.7576862015727,429.9827967456087,432.653078587158,3554600,436.8592803955078,425.49525451660156,435.4792859881868,432.79494578507365,39.94250308381484,2.684340203113152,4.186691838914278,-1.5023516358011264,-0.004193771705887417,0.007016548078177969,0.5985788810937218,0.018470297763438115,0,IVV
2023-08-09,430.4246826171875,433.7481498643203,429.6754676074901,433.5944609760288,2838200,435.92084350585935,426.0230487060547,434.7016547003408,432.6193707356006,39.6892595571737,2.0822839647401565,3.765810264079454,-1.6835262993392974,-0.006760279273047232,0.007182399929187988,-0.2015416643222866,0.01033191496211705,0,IVV
2023-08-10,430.6167297363281,436.17822637556776,429.4256776907806,432.7779299040315,4508500,435.2859252929687,426.5531524658203,434.0732047058773,432.47102695787675,40.08197887505987,1.6021777480005426,3.333083760863672,-1.7309060128631293,0.00044618054423106734,0.007050395414479647,0.5885068000845606,0.009526543754317718,0,IVV
2023-08-11,430.357421875,431.31795534001947,428.10977708443306,428.71488854434506,3757800,434.21204833984376,427.127861328125,433.5015458088193,432.31446361840443,35.70240486804235,1.1870821904148556,2.903883446773909,-1.7168012563590533,-0.0006021778612430584,0.005956526172193622,-0.1665077076633027,0.00756110953950162,0,IVV
2023-08-14,432.6627197265625,432.7299641079076,429.12796341929055,429.3872969161346,2387400,433.2764892578125,427.6659460449219,433.37249564231826,432.34026036715693,38.118189609435575,1.0322352751613266,2.5295538124513923,-1.4973185372900657,0.005356705227758551,0.006311849088889022,-0.3646814625578796,0.011683824087119987,0,IVV
2023-08-15,427.7640075683594,431.2603637600942,427.1012370739169,430.9818008229564,5019300,431.9740051269531,427.9903845214844,432.5096513232477,432.0012786783571,32.67955786557975,0.508372644890585,2.1253175789392307,-1.6169449340486457,-0.011322242326075704,0.006956378375644882,1.1024126664991205,-0.0005289299977571105,0,IVV
2023-08-16,424.5654602050781,428.90706146593885,424.43097143257086,427.26455723971793,2896100,430.9673706054688,428.26502319335935,431.28746807429854,431.45047730996606,32.34890897528123,-0.16300923566751635,1.6676522160178815,-1.8306614516853978,-0.007477364403479236,0.006061747653907817,-0.42300719223796146,-0.008638489691956242,1,IVV
2023-08-17,421.2996215820313,426.2463929945509,420.78095455168494,425.9486299282992,3991000,429.75902404785154,428.4569171142578,429.75087630625745,430.69856207085974,21.110143208081965,-0.9476857646022836,1.1445846198938485,-2.092270384496132,-0.007692191026253847,0.006297234851494902,0.3780601498567038,-0.016704819659424053,1,IVV
2023-08-18,421.3764343261719,422.50024208144447,418.1106263595937,418.437204224936,3164000,428.76006774902345,428.67745483398437,428.4625006170135,430.0080340897718,19.114559503489843,-1.5455334727582795,0.6065610013634231,-2.1520944741217027,0.00018232331624723486,0.006325174263492993,-0.20721623653219745,-0.017031501016632644,1,IVV
2023-08-21,424.2196044921875,424.9784341471264,420.3486557502341,422.48104124289546,3250900,427.6640960693359,428.9074060058594,427.80974736704025,429.57926152698775,26.350292408359323,-1.769514159947505,0.13134596910123747,-1.9008601290487426,0.006747340226944898,0.005937559717163048,0.027465233881163176,-0.0109296352733248,1,IVV
2023-08-22,423.0093688964844,426.0734438423554,422.529102138808,426.0254288918504,4920800,426.6296051025391,429.096630859375,427.0712276023393,429.09260281361713,30.683192261184928,-2.021375211277814,-0.2991982669745728,-1.722176944303241,-0.0028528516430820217,0.005910931300431727,0.5136731366698453,-0.014186226423403392,1,IVV
2023-08-23,427.6775817871094,428.4075966971534,424.0083364309479,424.0659661014083,2857300,426.3548950195312,429.3041070556641,427.1645128615347,428.9877864412832,41.48514256253675,-1.823273579748502,-0.6040133295293587,-1.2192602502191434,0.011035719853683457,0.007025336668535276,-0.41934238335230045,-0.003788748446200696,1,IVV
2023-08-24,421.9335021972656,429.88671769232434,421.8374723063925,429.358436039908,3583900,425.486572265625,429.3421435546875,426.3597419901087,428.4652468676523,37.33220761336433,-2.1055048775435807,-0.9043116391322031,-1.2011932384113777,-0.01343086435777463,0.00808277987755878,0.2542960137192454,-0.01725579812893019,1,IVV
2023-08-25,424.9496154785156,426.17909714613774,420.0797037562086,423.6336893162743,4118100,424.94579162597654,429.4307049560547,426.1427994498637,428.20482972771623,35.96093939122338,-2.062030277852557,-1.1358553668762739,-0.9261749109762831,0.0071483142854105175,0.00858809835201973,0.14905549820028452,-0.010434953592798224,1,IVV
2023-08-28,427.5142211914063,428.21542117275067,425.75645785035374,427.091613435416,2583100,424.4309417724609,429.4666290283203,426.353787410101,428.15367353984146,42.144669727790976,-1.7998861297404574,-1.2686615194491107,-0.5312246102913467,0.0060350818531811345,0.008648380081089693,-0.37274471236735385,-0.004546122340940428,1,IVV
2023-08-29,433.6904296875,434.0458223429997,427.3317034913908,427.5141778629254,3983800,425.023583984375,429.6564288330078,427.4825016066239,428.5638036248532,54.03984730334569,-1.0813020182293371,-1.2311896192051561,0.149887600975819,0.014446790749747862,0.009111558758553793,0.5422554295226665,0.009388899091883562,0,IVV
2023-08-30,435.5923767089844,436.197517572404,433.4119759705743,434.1515762963319,2811800,426.12627563476565,429.92441833496093,428.7301746992947,429.0844386681222,55.90523916939399,-0.3542639688274676,-1.0558044891296186,0.701540520302151,0.004385494563149184,0.008582150401299456,-0.2941914754756765,0.013183615845721697,0,IVV
2023-08-31,434.8239440917969,437.3309226388549,434.7759291385664,436.20711477746966,3881300,427.4787078857422,430.22160766601564,429.66767768275656,429.50958721802397,55.237698517502196,0.15809046473259514,-0.8130254983571759,0.971115963089771,-0.0017641094249473133,0.007975487962797168,0.38036133437655595,0.010697594783184439,0,IVV
2023-09-01,435.74603271484375,438.1281664367022,434.3436619600608,437.7343441693895,2852900,428.91566772460936,430.50688537597654,430.6028092261546,429.97154614371436,53.73689567731189,0.6312630824402277,-0.5241677821976952,1.155430864637923,0.002120602224361834,0.007917523383848955,-0.2649627702058589,0.012169717876385766,0,IVV
2023-09-05,433.873046875,435.6500106173591,433.7961877702084,435.3234327048942,2289800,429.8810119628906,430.81886962890627,431.1059227105923,430.2605461978836,57.99000077432933,0.8453765127086967,-0.25025892321641685,1.0956354359251135,-0.004298342840150293,0.00816333156180731,-0.19737810648813492,0.007089237406719295,0,IVV
2023-09-06,430.85693359375,433.14300816867416,428.6189032849732,433.0757637839627,6316100,430.6657684326172,431.10587707519534,431.06761669261664,430.30472304202186,58.268062009161675,0.7628936505947763,-0.047628408454178206,0.8105220590489546,-0.006951603246557414,0.0085438566246219,1.758363175823216,-0.000577453230594438,1,IVV
2023-09-07,429.6659240722656,430.29026508899074,427.5911678478989,427.9081310580894,2310300,430.86460266113284,431.27685302734375,430.85197167410115,430.25740459981773,61.62890430471408,0.5945670742834182,0.08081068809334108,0.5137563861900771,-0.0027642807359515853,0.007996348201105815,-0.6342204841595288,-0.00373525484562931,1,IVV
2023-09-08,430.1941223144531,431.7789966839375,429.320033335526,429.5985962506722,2787800,431.69066467285154,431.45570373535156,430.7507640803091,430.25271702312403,62.10442706544161,0.4980470571850901,0.1642579619116909,0.33378909527339923,0.0012293230917206355,0.006330340318769543,0.20668311474700252,-0.0029240114569728526,0,IVV
2023-09-11,433.1045227050781,433.4022857267501,431.2026852522256,432.9028188901417,3671200,432.5061553955078,431.65914428710937,431.112880791812,430.463961888454,62.17424575048611,0.6489189033580374,0.2611901502009602,0.38772875315707717,0.0067653188169261025,0.006296522118965013,0.3168806944544085,0.0033484253423052834,0,IVV
2023-09-12,430.7608642578125,433.1910129477884,430.1653381515733,431.68299756407714,2648700,432.83081970214846,431.7119744873047,431.05872440196595,430.4859546565546,60.301249528537184,0.5727697454113354,0.32350606924303527,0.24926367616830014,-0.005411299869665709,0.006502457634462644,-0.2785192852473306,-0.0022031129218079704,0,IVV
2023-09-13,431.1642761230469,432.3937578132772,429.8579353385271,430.9433428684092,3020300,432.5782043457031,431.76057678222656,431.07496312828613,430.53620069110957,55.22597784681589,0.5387624371765583,0.36655734282973984,0.1722050943468184,0.0009365100191482956,0.004414803134511259,0.14029523917393427,-0.0013810910287912481,0,IVV
2023-09-14,435.01605224609375,435.6499785916443,432.4033998252773,433.7481409286775,3546900,432.52057189941405,431.9010070800781,431.68128453102577,430.86804154703435,70.78776346632606,0.8132429839914153,0.4558944710620749,0.35734851292934033,0.008933430565448042,0.005154845889683676,0.1743535410389696,0.0072124054238154045,0,IVV
2023-09-15,429.406494140625,433.68087998758136,429.3296643575744,433.4023170618546,5239500,431.97882690429685,431.999365234375,431.3313167786564,430.7597787761892,56.54261166876178,0.5715380024672072,0.4790231773431014,0.0925148251241058,-0.01289506002480878,0.006559566994230215,0.47720544701006506,-0.00600202523988258,0,IVV
2023-09-18,430.1461486816406,431.26037113609135,428.9742965582664,429.4065190751924,4152700,431.41883850097656,432.1342248535156,431.1489832252694,430.71432469511154,54.08235041290697,0.43465853015783296,0.4701502479060477,-0.035491717748214746,0.0017225043195863154,0.006538121986310416,-0.20742437255463309,-0.004600598743478179,0,IVV
2023-09-19,429.18560791015625,429.6370598512499,426.4192665956385,429.0415337402663,3575500,430.95009460449216,432.2273962402344,430.8469254844827,430.6010864147445,41.66384303307943,0.24583906973822423,0.42528801227248303,-0.1794489425342588,-0.0022330567748388708,0.006464151286466231,-0.13899390757820218,-0.007037472304017189,0,IVV
2023-09-20,425.1224670410156,430.7607933167689,424.9399633529459,430.32857088172415,5467300,430.37664794921875,432.1822497558594,429.96623957010314,430.19526275743124,32.06038054720655,-0.2290231873280959,0.2944257723523673,-0.5234489596804632,-0.009467094875164506,0.006760739884168917,0.5291008250594322,-0.016335198215178592,0,IVV
2023-09-21,418.1586608886719,422.54830612922433,417.9665717717347,422.2889726304386,5076600,429.2259216308594,431.9336639404297,428.1496890037291,429.3036626190046,26.445723474222135,-1.153973615275504,0.0047458948267930234,-1.1587195101022971,-0.016380706013525925,0.008283927032625297,-0.071461233149818,-0.03189147825638716,0,IVV
2023-09-22,417.1597290039063,420.74252986960647,416.7755214281506,419.17685541807214,9350800,427.9224822998047,431.59171508789063,426.45892592683333,428.4041119808492,23.78754099489558,-1.9451860540158918,-0.38524049494174395,-1.5599455590741478,-0.002388882446300755,0.008172472292786268,0.8419414568805894,-0.03343897850551958,0,IVV
2023-09-25,418.8886413574219,418.9654711352578,415.5363597003842,415.9013670997024,4413100,426.5008941650391,431.29298828125,425.2942667623085,427.69926230503984,28.781107147826788,-2.404995542731342,-0.7891915044996636,-1.6158040382316785,0.0041444852734080495,0.007859034389470996,-0.5280510758437781,-0.02876083604618951,0,IVV
2023-09-26,412.7584533691406,416.5699090820494,411.92859828237385,415.933051768203,4887400,424.7006530761719,430.839384765625,423.36568008643656,426.59253571719546,26.448491760857905,-3.226855630758905,-1.276724329751512,-1.950131301007393,-0.014634409680854943,0.008636564520856522,0.1074754707575174,-0.04196675614120182,0,IVV
2023-09-27,412.8646240234375,414.4760701959292,409.2847417117286,413.8971062649064,6664500,422.8706878662109,430.32470153808595,421.7501329998213,425.57565336950967,27.50128115746338,-3.825520369688377,-1.786483537738885,-2.039036831949492,0.0002572222408294689,0.008594013029587708,0.36360846257723933,-0.040574193050600726,0,IVV
2023-09-28,415.2769165039063,416.97520271525445,411.7742159166638,412.3628385251851,4871000,420.8967742919922,429.8421264648438,420.7542535389113,424.81278397205756,30.983838828671082,-4.058530433146245,-2.240892916820357,-1.8176375163258882,0.005842817088469898,0.008107249998707659,-0.2691124615500038,-0.03388502211434308,0,IVV
2023-09-29,414.3699035644531,418.5094617168155,412.83566832137126,418.4129628225221,6239100,419.393115234375,429.3961639404297,419.7720458505331,424.03923727519793,24.83195227264156,-4.267191424664816,-2.646152618389249,-1.6210388062755667,-0.002184115955900068,0.007580475674300581,0.2808663518784644,-0.03499393249833771,1,IVV
2023-10-02,414.2251586914063,415.3734277734421,411.4075500701712,413.4628557287283,4666900,417.80101623535154,428.94749755859374,418.91867859528287,423.3122684912134,26.391149763842705,-4.393589895930518,-2.995640073897503,-1.3979498220330147,-0.0003493131904651614,0.007448060354859446,-0.25199147312913717,-0.034322006658114135,1,IVV
2023-10-03,408.7057189941406,413.5110806489187,407.2293773784143,411.947898873129,5467000,415.75302734375,428.3498291015625,417.34745404126096,422.23030186180057,22.02204713872301,-4.8828478205396095,-3.373081623225924,-1.5097661973136853,-0.013324733134757794,0.008003968031164448,0.17144142792860362,-0.04585996952216409,1,IVV
2023-10-04,411.6005859375,412.3242835210052,407.6443665915391,409.0338683076554,3560200,414.4008392333984,427.78642822265624,416.46332048683615,421.4429154970376,20.117523714272807,-4.979595010201422,-3.6943843006210235,-1.2852107095803982,0.007083010608424756,0.008629468725849368,-0.34878361075544173,-0.03783626879516566,1,IVV
2023-10-05,411.4075317382813,412.2470455558193,408.20398658776224,411.3303502967797,4030400,413.72572631835936,427.21839782714846,415.68550683321234,420.6995537371297,23.34494521565746,-5.014046903917347,-3.958316821280288,-1.0557300826370586,-0.0004690328581019587,0.007290866174820368,0.1320712319532611,-0.037008860501518415,1,IVV
2023-10-06,416.2418212890625,417.83394979211687,407.64429203577936,409.0048467776112,4153500,413.633935546875,426.803916015625,415.7710936725739,420.36935133356917,31.63591455456657,-4.598257660995273,-4.086304989223285,-0.5119526717719882,0.011750610229120717,0.008407003726785475,0.030542874156411326,-0.024746948962332982,1,IVV
2023-10-09,418.9822387695313,419.5419146489669,413.8777803725452,414.3891920845392,2675500,413.64329528808594,426.3616369628906,416.2651159951827,420.26660225475155,37.12907115150979,-4.001486259568821,-4.069341243292392,0.06785498372357068,0.006583714899146775,0.008580286206818877,-0.35584446852052487,-0.01730783812053327,1,IVV
2023-10-10,421.1726379394531,423.748984432349,419.23311930408806,419.6384028425693,4430000,414.4847137451172,425.94472351074216,417.0201193712243,420.3337160091739,44.77045062983445,-3.3135966379495585,-3.9181923222238257,0.6045956842742672,0.005227904591742494,0.006945005501539488,0.655765277518221,-0.011203532542805816,1,IVV
2023-10-11,422.9578247070313,423.1218757913019,419.84111913187326,422.2823912624224,3875600,415.49403381347656,425.5881030273438,417.93361249981,420.5280944312374,57.36386410994835,-2.5944819314273673,-3.6534502440645342,1.058968312637167,0.004238610504974982,0.006945453819368133,-0.12514672686230244,-0.006180337987839568,0,IVV
2023-10-12,420.4200439453125,423.87448064457146,417.97877204223033,423.5174612296773,4232300,416.0083465576172,425.3038677978516,418.3161404145027,420.5200906915392,54.77705240565185,-2.2039502770365402,-3.3635502506589354,1.1595999736223952,-0.0060000799452679665,0.0073013170378621985,0.09203736195685819,-0.011483139990770996,0,IVV
2023-10-13,418.2103271484375,423.0060305675464,416.6471452139798,421.848102754519,4041200,416.39238891601565,425.00041259765624,418.2998614504927,420.3489970957539,49.01993465349154,-2.049135645261174,-3.100667329579383,1.051531684318209,-0.005255973944863657,0.0075233617363360695,-0.04515275382179906,-0.01597665613479493,0,IVV
2023-10-16,422.5621337890625,423.6814266098096,420.2559370895195,420.45856413239136,4656900,417.22608642578126,424.82433532714845,418.95559565642657,420.5129331471101,64.93226151619294,-1.557337490683551,-2.7920013618002164,1.2346638711166653,0.01040578474065379,0.00806637779016787,0.15235573592002383,-0.005325028135085175,0,IVV
2023-10-17,422.6875305175781,424.6173903157588,419.1655422753632,419.4839856325642,4864000,418.624267578125,424.5744995117187,419.5297394812191,420.67401443381146,64.95278780947137,-1.1442749525923546,-2.462456079958644,1.3181811273662896,0.0002967533493622998,0.006095935264512613,0.04447164422684624,-0.004444376655476701,0,IVV
2023-10-18,417.1488952636719,421.7612595888229,415.8655512918246,420.8445937367399,7890000,419.17909851074216,424.2503918457031,419.1634557554426,420.4128944952826,52.60194018265025,-1.2494387398400022,-2.219852611934916,0.9704138720949138,-0.013103379811380322,0.007831076421629357,0.6221217105263157,-0.016738927573257234,0,IVV
2023-10-19,413.3663635253906,419.5033039930802,412.6233486030248,417.669942941575,10020200,419.37498168945314,423.9092254638672,418.27159541235767,419.8909292382536,48.7083850492545,-1.6193338258959216,-2.099748854727117,0.48041502883119547,-0.009067581818454462,0.008498733531363243,0.2699873257287706,-0.02487056498225515,0,IVV
2023-10-20,408.2811279296875,413.3566685442022,408.1074476178727,412.8838623240429,7046300,418.57891235351565,423.4625134277344,416.73460041502375,419.03094395613755,43.21283461219477,-2.2963435411137993,-2.1390677920044534,-0.15727574910934594,-0.012302006269532262,0.008365842507171836,-0.2967904832238878,-0.035850600741870964,0,IVV
2023-10-23,407.5671081542969,411.3785637057487,404.9328388468851,406.66973038761495,6870500,417.43739929199216,423.0067071533203,415.3242169902965,418.181770933779,48.5396185707598,-2.8575539434824577,-2.282765022300054,-0.5747889211824035,-0.0017488434476785608,0.007824688407897946,-0.02494926415281784,-0.036499655296073796,0,IVV
2023-10-24,410.6355895996094,411.6873597176631,407.77940517593487,409.6224249250355,8027900,416.3836944580078,422.56616455078125,414.6028896994216,417.62279453865534,48.76778414692599,-3.0199048392337318,-2.43019298568679,-0.5897118535469419,0.007528775958414169,0.00811323083319398,0.1684593552143221,-0.028233625765695103,0,IVV
2023-10-25,404.7978210449219,408.9856139938972,404.17059294472585,408.9084030981829,4730800,414.56769409179685,422.1068408203125,413.09441759872936,416.6727965020825,42.62336510540088,-3.578378903353155,-2.6598301692200628,-0.918548734133092,-0.014216421329626194,0.00849966116379413,-0.4107051657345009,-0.04100625268653002,1,IVV
2023-10-26,399.9152526855469,404.4504060444426,398.92137595745896,403.6688150955253,5082000,412.5172149658203,421.61383666992185,411.066853765932,415.43149696011693,31.79867491628923,-4.364643194184907,-3.0007927742130316,-1.3638504199718757,-0.012061745655575495,0.008840041018312924,0.07423691553225664,-0.05146554049496865,1,IVV
2023-10-27,398.0818481445313,401.80649314882544,396.6055064653575,401.420527049515,5604500,410.5043670654297,421.14948120117185,409.0691605934088,414.14633778859206,26.218711846891694,-5.077177195183253,-3.416069658407076,-1.6611075367761772,-0.004584482659022671,0.00884002971674989,0.10281385281385291,-0.054773029734831225,1,IVV
2023-10-30,402.8100280761719,403.8328514894002,399.5196133421728,400.7932985236194,4459800,408.5291564941407,420.77815307617186,408.1062171292185,413.30661114322766,30.247065157444126,-5.2003940140091345,-3.772934529527488,-1.4274594844816466,0.01187740650240321,0.009130350251678535,-0.20424658756356495,-0.04270213381716914,1,IVV
2023-10-31,405.2127380371094,405.61799217809096,401.4784633585626,403.3407713358885,8151800,406.78167724609375,420.3980157470703,407.66106649966326,412.7070649872189,31.16162287025,-5.045998487555664,-4.027547321133123,-1.0184511664225413,0.005964871263044014,0.009639394554305823,0.827839813444549,-0.036121192634498644,1,IVV
2023-11-01,409.6417236328125,410.4522612831274,405.7337689889145,406.264468699504,5645500,406.0309600830078,420.1306628417969,407.96578298168623,412.4800026646703,38.999343419178864,-4.514219682984049,-4.124881793503308,-0.3893378894807409,0.010930025588922865,0.01014763700594068,-0.3074535685370102,-0.024965897842438745,1,IVV
2023-11-02,417.5348510742188,417.66029668549646,413.4532160300931,413.4532160300931,4265200,406.44780883789065,419.92780822753906,409.43794730361435,412.8544358801924,49.38225640796647,-3.416488576578047,-3.9832031501182557,0.5667145735402088,0.019268367907956163,0.011717617871133103,-0.24449561597732705,-0.005698496518772189,1,IVV
2023-11-03,421.2788391113281,422.87096792573584,419.6963690213018,419.80249720017474,6222800,407.74757995605466,419.91471496582034,411.2596229663395,413.4784657491654,48.813193475061844,-2.2188427828259023,-3.630331076659785,1.4114882938338829,0.008966887500473142,0.01092511989015314,0.4589702710306669,0.0032485742863734846,1,IVV
2023-11-06,422.2919616699219,422.6779277643113,420.35244302790886,422.1471986181161,3296900,409.2200653076172,419.86156188964844,412.95690584381373,414.1313172988511,49.6400828126076,-1.1744114550373865,-3.1391471523353056,1.964735697297919,0.0024048740751634323,0.010794558689435471,-0.4701902680465385,0.005788574141760039,1,IVV
2023-11-07,423.4113159179688,424.1253842158441,421.1630417427661,422.3113109170559,3054700,410.4976379394531,419.77950378417967,414.56527662445296,414.81872460397096,56.196308792721275,-0.25344797951800047,-2.5620073177718448,2.3085593382538443,0.0026506643498980242,0.01070755434322497,-0.07346295004398073,0.008651713818920381,1,IVV
2023-11-08,423.7586669921875,424.6078101130947,421.5007343010445,424.0867396621149,3617300,412.3937225341797,419.58086853027345,415.9796443733352,415.4809425586536,61.032568163248406,0.49870181468156716,-1.9498654912811626,2.4485673059627295,0.0008203632287568929,0.008906866701660937,0.1841752054211543,0.00995707568018589,1,IVV
2023-11-09,420.5647888183594,425.0034731556237,420.10161177059393,425.0034731556237,4047900,414.45867614746095,419.28031677246094,416.68505121103124,415.8575237630763,63.58603454572583,0.8275274479549353,-1.3943869034339431,2.2219143513888784,-0.007537021476157868,0.008037564564360876,0.11903906228402406,0.003063516207453043,1,IVV
2023-11-10,427.1455383300781,427.38677080877176,421.0954089181542,422.610355951708,3673600,417.36504516601565,419.1267486572266,418.29435692165384,416.69367299026163,69.16685289397238,1.6006839313922114,-0.7953727364687122,2.3960566678609236,0.01564740959462707,0.007880432239112141,-0.09246769930087206,0.0191321353231253,1,IVV
2023-11-13,426.6534423828125,427.7823939659789,424.96481492219647,425.736747125262,3675000,419.7493865966797,418.94489685058596,419.5803700695244,417.43143368600613,66.51417510771424,2.1489363835182758,-0.20651091247131464,2.3554472959895905,-0.001152056859096473,0.008077341548275586,0.00038109756097570724,0.018399903161908426,1,IVV
2023-11-14,435.0194091796875,436.2448892111549,432.394798219368,432.7035829081888,4063400,422.7300537109375,418.9678240966797,421.9556068557033,418.73424668553804,79.61421121852061,3.221360170165269,0.47906330405600217,2.742296866109267,0.01960834242928411,0.009185235180703683,0.10568707482993189,0.03831221435110432,1,IVV
2023-11-15,435.8974609375,437.5185656883136,435.0386885655544,436.3606379302076,5462000,425.3556274414062,419.0686346435547,424.100507483672,420.00559588938705,88.26187724033828,4.094911594284952,1.202232962101792,2.8926786321831597,0.002018419728600618,0.009211176745246179,0.34419451690702374,0.040157685168348056,1,IVV
2023-11-16,436.4378051757813,436.67903766359615,434.4018171133396,435.4342992285454,3578400,427.2459228515625,419.204072265625,425.99855328245803,421.22279657726807,91.93933310731629,4.775756705189963,1.9169377107194263,2.8588189944705364,0.0012396131813183775,0.00807906827017999,-0.3448553643354083,0.04111060471577743,1,IVV
2023-11-17,436.9010009765625,437.57646375047545,435.5307874299175,436.6018750345707,3208800,428.8081390380859,419.3382098388672,427.6758529277049,422.38414505128986,91.11019190273925,5.291707876415046,2.5918917438585503,2.6998161325564958,0.0010613099857255115,0.007975922509488887,-0.10328638497652587,0.041882162716447624,1,IVV
2023-11-20,440.4133911132813,441.1756646589012,436.7080337677913,436.7369804917095,4520700,430.6202819824219,419.48438720703126,429.63547418702433,423.7196447595855,91.34191003850128,5.915829427438837,3.2566792805746076,2.659150146864229,0.008039327282079789,0.008074541987777357,0.4088444278234855,0.049892211830808275,1,IVV
2023-11-21,439.4002380371094,439.7283107546858,438.1361818954086,439.2651631286161,3133200,432.21917419433595,419.6571746826172,431.1377455485759,424.88117018755025,87.99919569102366,6.256575361025625,3.856658496664812,2.3999168643608133,-0.002300459288058554,0.008330537658310724,-0.3069214944588228,0.04704569478509124,1,IVV
2023-11-22,441.0694885253906,442.4010965754828,439.9791129641607,441.04054180462015,3391200,433.95025634765625,419.85527893066404,432.66570600654734,426.08030487924214,85.73120386973005,6.585401127305204,4.40240702279289,2.1829941045123133,0.0037989294128244477,0.008267377472932715,0.08234392952891612,0.050527433283100276,1,IVV
2023-11-24,441.3975830078125,441.5423166188233,440.7896723942404,441.1466917838426,1306500,436.0335357666016,419.98290954589845,434.0090716990496,427.214918073951,84.07992861965242,6.794153625098602,4.880756343254033,1.9133972818445688,0.0007438612077175222,0.0073415570194034704,-0.6147381457891012,0.05098939260425728,1,IVV
2023-11-27,440.5774536132813,441.54238376319023,440.17219944082495,440.7897394241545,3092000,437.37672729492186,420.2063287353516,435.01959199354684,428.2047355213088,81.17836711628506,6.814856472238034,5.2675763690508335,1.5472801031872008,-0.0018580287389491357,0.006528334437154777,1.3666283964791428,0.04847886260837253,1,IVV
2023-11-28,440.9537048339844,442.29494216915793,439.6124380514853,440.1817431956421,2447800,438.80675354003904,420.42247985839845,435.9325324305372,429.149103618544,80.68900494266653,6.78342881199319,5.570746857639305,1.2126819543538847,0.0008539956314543851,0.006412267180982061,-0.20834411384217333,0.04883474590250514,1,IVV
2023-11-29,440.7510986328125,444.2537995077034,440.28795104428406,443.1537945376194,3979700,439.3799224853516,420.6537896728516,436.6738503078103,430.00851065663795,79.87821368625751,6.66533965117236,5.789665416345916,0.8756742348264437,-0.00045947272684365714,0.0029585740455487473,0.6258272734700547,0.0477763649189773,1,IVV
2023-11-30,442.3432922363281,442.74854640874617,439.4388430622304,441.52309571951673,4075100,440.0245056152344,420.99820617675783,437.5460721429669,430.92219818105946,90.57933930163583,6.623873961907464,5.956507125458225,0.6673668364492382,0.0036124552121470366,0.0030425105886637814,0.02397165615498653,0.05070113303667734,1,IVV
2023-12-01,444.9581909179688,445.5661015504529,441.2528631241861,441.8318270335675,5396200,440.8765441894531,421.53419677734377,438.68639810835185,431.96190134675646,88.94561885558193,6.72449676159539,6.110105052685658,0.6143917089097313,0.005911469050249751,0.003346197175648206,0.324188363475743,0.055568431504971594,1,IVV
2023-12-04,442.7581481933594,442.9414872540333,440.442322021085,441.64848455324113,4123600,441.46225891113284,422.0461651611328,439.312821198353,432.7616233353937,82.7643497966658,6.55119786295927,6.1983236147403815,0.3528742482188889,-0.004944380774451251,0.003997126168880935,-0.23583262295689555,0.04907515988048128,1,IVV
2023-12-05,442.6616516113281,443.5686881960291,440.963365334045,441.3589901803361,4553400,441.6870849609375,422.5216253662109,439.82802587727224,433.49495876324073,73.43225707446962,6.333067114031508,6.225272314598607,0.10779479943290049,-0.000217944226266642,0.0032406670247071582,0.10422931419148318,0.04766626140771213,1,IVV
2023-12-06,440.8283081054688,444.81347400375927,440.4423419671652,444.7845272795697,4045600,441.82989196777345,423.0830224609375,439.9819154508409,434.038169825628,64.28205227930867,5.943745625212898,6.168966976721466,-0.22522135150856748,-0.004141636166552498,0.0034630146644890353,-0.11152106118504856,0.04194279775471177,1,IVV
2023-12-07,444.2151794433594,444.8327488041824,440.7800308539333,442.9028887226024,6440900,442.1444610595703,423.71003356933596,440.6331868343053,434.7920223899044,69.338122923714,5.841164444400931,6.103406470257359,-0.26224202585642775,0.007682971523417459,0.004061430508681719,0.5920753411113309,0.04839428913516142,1,IVV
2023-12-08,446.1354064941406,446.6371595100907,443.24061639613257,443.4914781804438,5019300,442.6182434082031,424.32720336914065,441.4796821665877,435.6322730642923,71.40969019617278,5.847409102295387,6.052206996664966,-0.20479789436957851,0.0043227407338657375,0.0042185734053214255,-0.22071449642130758,0.051394779669659885,1,IVV
2023-12-11,447.8722534179688,448.0459337505357,445.4309816969115,445.6239794757592,7102000,443.34772338867185,424.99725036621095,442.46315466680016,436.5389382756758,68.84464264786612,5.924216391124389,6.0266088755568505,-0.1023924844324613,0.0038930936629235635,0.004165796041421978,0.41493833801526114,0.05382388481818867,1,IVV
2023-12-12,450.0917053222656,450.0917053222656,446.5214517894246,447.52498744658703,6803300,444.2615234375,425.71458129882814,443.6367778445641,437.54284694579354,75.45987035260617,6.093930898770566,6.040073280199595,0.053857618570971155,0.004955546782277498,0.004278947830450253,-0.0420585750492819,0.057261660967929284,1,IVV
2023-12-13,456.2575073242188,456.4022409378171,449.95651546873466,450.2749588659783,7733800,445.8121643066406,426.6656170654297,445.57842853374177,438.92911808493614,79.78830759801446,6.649310448805636,6.161920713920804,0.4873897348848324,0.013698990514696252,0.0055157820947485834,0.13677186071465308,0.06935616341040007,0,IVV
2023-12-14,457.6855773925781,459.2777059082333,454.9451798895653,458.09083147792495,7208400,447.3463928222656,427.5873168945312,447.4410668197166,440.31848544105776,80.62432365129052,7.122581378658822,6.354052846868408,0.7685285317904142,0.003129965086458242,0.005516578987701327,-0.06793555561302334,0.07039091036807088,1,IVV
2023-12-15,456.9136352539063,458.1005097348254,455.9873107148597,456.9811874201196,6819900,448.54193725585935,428.49743896484375,448.8983850403612,441.54775579756506,80.77068110017166,7.350629242796117,6.553368126053949,0.7972611167421677,-0.001686621070887906,0.0056581196606332205,-0.053895455302147455,0.06631590694616496,1,IVV
2023-12-18,459.451416015625,460.4067167448079,458.3320936760865,458.4575392883154,8393500,450.2112640380859,429.361630859375,450.5219282673249,442.8739528507547,82.21859827758696,7.647975416570205,6.7722895841572015,0.8756858324130032,0.005554180409408138,0.005027279575567627,0.23073652106335873,0.07008028429560587,1,IVV
2023-12-19,462.1050109863281,462.2786913339569,459.9242890223322,460.0111291961466,5105400,452.1555999755859,430.2240863037109,452.3039409933254,444.29847567561194,84.26762366413946,8.005465317713458,7.018924730868453,0.9865405868450052,0.005775572515839045,0.004860247510004689,-0.3917436111276583,0.07410306790706112,1,IVV
2023-12-20,455.4830932617188,463.25305389058354,455.38620491366265,461.40259583755153,6341600,453.62107849121094,430.91029541015627,452.79304134230904,445.12696586717544,68.15527266747361,7.666075475133596,7.148354879721482,0.517720595412114,-0.01432989811228258,0.007290834683044456,0.24213577780389395,0.057025320845892624,1,IVV
2023-12-21,460.1043701171875,460.38533745386377,456.3646927963937,458.77708550411023,8863900,455.2099975585937,431.6532263183594,453.9178611538288,446.2364032190282,69.82813036842911,7.681457934800619,7.25497549073731,0.4264824440633088,0.010145880108031413,0.007494124957541736,0.3977387410117321,0.06591203786774069,1,IVV
2023-12-22,460.9859924316406,462.73956207563134,459.16459798975217,461.28632560384864,4267600,456.69505615234374,432.46454528808596,455.0052659657999,447.32896538292545,74.71555736521894,7.676300582874433,7.3392405091647355,0.33706007370969715,0.0019161354938415087,0.007505041807217343,-0.5185414997912883,0.0659509489374559,0,IVV
2023-12-26,462.97210693359375,463.8828042263038,461.3832503069804,461.4704409542177,2235700,458.2050415039063,433.3597808837891,456.2309338069989,448.4877166089009,76.19699160871885,7.743217198098023,7.420035846951394,0.32318135114662905,0.004308405319382036,0.00750980363783356,-0.4761224107226544,0.06833196654616547,0,IVV
2023-12-27,463.8536682128906,463.9699223910455,462.2841776754616,462.8848439733745,3761000,459.58123779296875,434.1856115722656,457.4036621771361,449.62593524623344,80.44629028964738,7.777726930902645,7.491574063741644,0.2861528671610012,0.001904134754760367,0.007499159636003718,0.6822471709084403,0.06833035423074385,0,IVV
2023-12-28,464.0668640136719,464.83224352930006,463.6018176814852,464.2121817530512,3429500,460.36217346191404,435.0131982421875,458.42877015198775,450.69563367345114,78.65477188951479,7.733136478536608,7.539886546700637,0.19324993183597083,0.0004596186586227624,0.006512356531018716,-0.08814145174155807,0.06678800985552891,0,IVV
2023-12-29,462.7395935058594,464.3187819763791,460.71475409891815,463.80530623745307,3990000,460.86757507324216,435.9250122070313,459.0919737448911,451.58777884622214,74.38461000650767,7.50419489866897,7.532748217094304,-0.028553318425333707,-0.002860084635936011,0.0066422141996644694,0.1634349030470914,0.06151191270964107,0,IVV
2024-01-02,460.08502197265625,461.0441486434335,457.9632942245576,459.6102779235603,5185100,461.18471374511716,436.85938537597656,459.24475039531654,452.217204262995,67.46468989426613,7.027546132321561,7.4317078001397565,-0.4041616678181956,-0.005736642315586793,0.006948676708564171,0.2995238095238095,0.05316501687766384,1,IVV
2024-01-03,456.3259582519531,458.6511307364127,455.71559419197087,457.9245124871333,5996000,460.87216796875,437.8202819824219,458.79570545018373,452.5215564103252,58.53918719631893,6.274149039858514,7.200196048083509,-0.9260470082249945,-0.008170367521606714,0.0072358512134273875,0.15639042641414824,0.042267745536453294,1,IVV
2024-01-04,454.9211730957031,458.4380103225074,454.6402057472288,455.84156808233945,6198300,460.1537841796875,438.76736328125,458.19962354949445,452.69930579442723,47.895057140961704,5.500317755067215,6.860220389480251,-1.3599026344130358,-0.0030784686491018842,0.006894711845629141,0.033739159439626354,0.03681634316109905,1,IVV
2024-01-05,455.4636840820313,457.9245061306267,454.0395111505659,455.05679442513934,10429500,460.15184326171885,439.66392517089844,457.77870978526937,452.904074556472,46.39971754345892,4.874635228797388,6.4631033573436785,-1.5884681285462907,0.0011925384405311323,0.005246716502493984,0.6826387880547893,0.03593599112092605,1,IVV
2024-01-08,461.7319641113281,462.10981977560766,455.8802571302216,455.948081926298,8460200,460.3146026611328,440.80260803222654,458.3869027585092,453.5579923012761,56.627041057458904,4.828910457233121,6.136264777321568,-1.3073543200884465,0.013762414542292767,0.0060814001416979345,-0.18882017354619107,0.047480109458815756,1,IVV
2024-01-09,461.2960205078125,462.29390836306527,458.8351984853378,459.39710357523376,5361200,460.34560546875,442.03022338867186,458.8344593353251,454.1311795758344,52.692718913717535,4.7032797594907265,5.8496677737554,-1.1463880142646738,-0.0009441486347055994,0.006067837372907232,-0.36630339708281123,0.043584796015634586,0,IVV
2024-01-10,463.8828430175781,464.73541328342446,461.29609823470616,461.5383043526772,5500300,460.4366790771484,443.3462432861328,459.6111337479794,454.85352501596356,52.60031495163243,4.7576087320158535,5.631255965407491,-0.8736472333916376,0.0056077277816486415,0.006181205146176877,0.025945683802133912,0.04632180838891453,0,IVV
2024-01-11,463.6308288574219,465.3747302315003,459.7071025065419,464.8806204072527,7450200,460.4143951416016,444.56265930175783,460.2295483802013,455.5036956708864,64.64628067800174,4.72585270931495,5.450175314188983,-0.7243226048740334,-0.0005432711382833411,0.006155232586506626,0.35450793593076746,0.04289197294620517,1,IVV
2024-01-12,464.028076171875,465.8591682816496,462.6136009793456,465.1809794485099,3797300,460.4105163574219,445.7389660644531,460.81393727122804,456.1351312635522,58.31610674876784,4.67880600767586,5.295901452886358,-0.6170954452104986,0.0008568181616224191,0.006160030534883687,-0.49030898499369147,0.041030987864716595,1,IVV
2024-01-16,462.4197998046875,463.9311632599357,460.5015467240406,462.6232741835564,8024500,460.3785369873047,446.7945275878906,461.06099304560644,456.6006622665992,52.948078725868776,4.460330779007222,5.128787318110532,-0.6684565391033095,-0.0034659031420154474,0.006194262283917759,1.1132120190661787,0.03497194180321106,1,IVV
2024-01-17,459.8233642578125,460.2302834549833,457.391605910875,459.2808250390314,8311000,460.3523712158203,447.6402978515625,460.87058861671505,456.83938093261503,43.68432006268058,4.031207684100025,4.9092713913084305,-0.8780637072084057,-0.005614888350307767,0.0061819543505579055,0.035703159075331836,0.027216196720273755,1,IVV
2024-01-18,463.7665100097656,464.3574786454347,459.8815150764599,461.3735127881753,4871700,461.09642639160154,448.49005126953125,461.31611498487666,457.3525016049966,49.84430231518532,3.963613379880087,4.720139789022762,-0.7565264091426753,0.008575348837085883,0.0060001878105018025,-0.41382505113704726,0.034061979071757786,1,IVV
2024-01-19,469.56976318359375,469.8991599036547,464.29935653027417,464.9678476747477,5475100,462.5612854003906,449.4356072998047,462.5859070154485,458.25748394415194,58.19380789703518,4.328423071296584,4.641796445477527,-0.31337337418094346,0.012513307987042754,0.006631879616568889,0.12385820144918602,0.044798755498600684,1,IVV
2024-01-22,470.5870361328125,472.3406057439977,469.9960379376012,471.2070683080977,7017000,464.07362060546876,450.3791217041016,463.81684995658145,459.17078410627494,61.793705437363954,4.646065850306513,4.6426503264433245,0.003415523863188774,0.0021663936415365903,0.0066063247734387855,0.281620427024164,0.044868674978205236,1,IVV
2024-01-23,472.0499877929688,472.2147009488984,470.06390961375126,471.2071153016309,2839700,465.1054229736328,451.3449481201172,465.0834865467949,460.1247991941782,68.64979850294735,4.958687352616721,4.705857731678004,0.25282962093871664,0.0031087801996811937,0.0054957814960478225,-0.595311386632464,0.045874091997904376,1,IVV
2024-01-24,472.4083862304688,475.7896030243626,472.1468143224269,474.8498423035407,5547700,466.21665954589844,452.3818200683594,466.2103941904371,461.0346945301998,78.04030865202586,5.175699660237342,4.799826117389872,0.37587354284746954,0.0007592383153649518,0.005412371288746322,0.9536218614642391,0.044269166605950705,0,IVV
2024-01-25,475.0436096191406,475.3245769468033,472.5246900729396,474.6657835136791,6638200,467.3327362060547,453.33978149414065,467.5693504102377,462.0723919441954,83.64081067898752,5.496958466042315,4.939252587120361,0.5577058789219542,0.005578273937300926,0.005410437166016001,0.19656794707716707,0.04787541047791444,1,IVV
2024-01-26,474.5494995117188,476.128687764085,473.6388023547244,474.6463878496017,4097700,468.4246032714844,454.2977026367187,468.64321950277326,462.9966221343823,81.95950255102053,5.646597368390985,5.080721543374486,0.5658758250164988,-0.0010401363104703965,0.005442588532948096,-0.38270916814799194,0.04457825068773125,1,IVV
2024-01-29,478.2795104980469,478.3763692761848,474.2395001130956,474.77234165754055,6073800,469.84974670410156,455.16290466308595,470.12572580973847,464.1286879390982,80.28344901693156,5.99703787064027,5.263984808827644,0.7330530618126261,0.007860109409378868,0.005675590513086796,0.4822461380774581,0.05078754353251158,1,IVV
2024-01-30,477.9210510253906,478.5798740688413,477.0975739618808,477.5141613460849,4494600,471.3998718261719,456.00337646484377,471.3250066121465,465.15034446400875,80.51178478334181,6.17466214813777,5.446120276689669,0.7285418714481011,-0.0007494769581137817,0.005387066770163066,-0.2600019756989035,0.04806471989410066,1,IVV
2024-01-31,470.0736083984375,476.1190631635789,470.0639106933093,475.63465096595735,10650500,472.4248962402344,456.67609252929685,471.1324838100374,465.51503068137384,59.52301147592856,5.617453128663556,5.480386847084446,0.13706628157910927,-0.01641995599506707,0.007882822742790863,1.3696213233658168,0.02933702045784492,1,IVV
2024-02-01,476.3128051757813,476.3128051757813,471.00363723273136,471.7399531806607,6417100,473.6795257568359,457.4643286132812,471.92945632784415,466.3148658291077,66.47376846031088,5.614590498736447,5.507227577414847,0.10736292132160052,0.01327280805787212,0.0084240057208137,-0.397483686211915,0.04120206840965235,1,IVV
2024-02-02,481.2247009277344,482.89107987574687,476.33215012914656,476.68091267897273,4709200,474.84501953125,458.28055480957033,473.3594939585965,467.4192980586356,69.99325160035004,5.940195899960884,5.593821241924054,0.34637465803682943,0.010312331935187657,0.008164004504740929,-0.2661482601174986,0.050065720391950785,1,IVV
2024-02-05,479.6164855957031,481.06972212965576,477.2331859585492,480.5950076564066,6850200,475.7479644775391,459.0848797607422,474.32210805661293,468.32279343175173,69.99335093643941,5.999314624861199,5.674919918511483,0.32439470634971634,-0.003341921827642702,0.008371076395427206,0.4546419774059287,0.04472289709402166,1,IVV
2024-02-06,480.9147338867188,481.195671660924,478.9964510275094,480.4012285970539,4469400,476.6344390869141,459.88178466796876,475.3363581843215,469.2555297617493,75.28466753787652,6.0808284225722105,5.756101619323628,0.3247268032485824,0.0027068466785564738,0.008365772280607779,-0.3475518962949987,0.04573555622329262,1,IVV
2024-02-07,484.819091796875,485.32286981251815,482.2807471770609,483.1236491929052,5625000,477.87550964355466,460.75021484375,476.7952402785605,470.4083862087956,75.26166114085802,6.386854069764922,5.882252109411887,0.5046019603530354,0.008118607385141807,0.008575936006888725,0.2585581957309706,0.05223844976672942,1,IVV
2024-02-08,485.1388244628906,485.4682212151342,484.0731116961177,484.9644431645572,4063000,478.88503112792966,461.64144226074217,478.07886861461134,471.499529783173,71.51283558525705,6.579338831438349,6.0216694538171796,0.5576693776211696,0.0006594886039463788,0.008528962316243465,-0.2776888888888889,0.050899637794816543,1,IVV
2024-02-09,487.9483642578125,488.35528348249824,485.29379507455457,485.6716211860316,2628800,480.22491760253905,462.5813354492187,479.5972525597192,472.7179619664796,72.85721632584847,6.8792905932396025,6.193193681701665,0.6860969115379376,0.00579120790431964,0.008519710543762457,-0.352990401181393,0.05483798602457557,0,IVV
2024-02-12,487.686767578125,490.1475895116107,486.9795152145716,487.9095782387052,2628700,481.1656433105469,463.520048828125,480.8417933317816,473.826762382157,71.25924204831176,7.015030949624588,6.35756113528625,0.657469814338338,-0.0005361154967399306,0.00838051461684195,-3.8040170419972874e-05,0.052137375311161804,0,IVV
2024-02-13,481.1375427246094,487.5899164268967,477.6982281174552,481.42820776856286,5465600,481.48729248046874,464.29593383789063,480.8872932383705,474.36830166678317,60.15791742752409,6.518991571587321,6.389847222546464,0.1291443490408568,-0.013429162505350312,0.009695629465907069,1.07920264769658,0.036273436098191114,1,IVV
2024-02-14,485.4294128417969,485.8653956114863,481.3022413509713,483.6661750528394,4673900,483.0228729248047,465.1053582763672,481.58608086966683,475.1876432353027,61.63704080599852,6.398437634364143,6.391565304910001,0.006872329454141735,0.008920256134832716,0.00785729921564532,-0.1448514344262295,0.04369774332583165,1,IVV
2024-02-15,488.6265258789063,488.8977954915214,485.59410118699736,486.0494497759768,3963900,484.2542449951172,466.0227258300781,482.6692262557037,476.1831160237178,64.87211827640817,6.48611023198589,6.41047429032518,0.07563594166071042,0.00658615434609322,0.007163194217885154,-0.15190740067181585,0.04850364326882639,1,IVV
2024-02-16,486.3013610839844,489.5372306439632,485.5650451671155,488.4230886308179,4385800,484.7619110107422,466.89552001953126,483.22801622928534,476.9326156578116,58.734201946604585,6.295400571473749,6.387459546554894,-0.09205897508114447,-0.0047585725943543045,0.00693715873486152,0.1064355811196045,0.04156356236539027,1,IVV
2024-02-20,483.5983276367188,485.2356430233082,481.3603459314837,484.52839066022887,5928500,485.16009521484375,467.75092041015625,483.28498721504434,477.42637210069364,55.88116092491095,5.858615114350698,6.281690660114055,-0.42307554576335704,-0.005558350569367931,0.007126661251902897,0.3517488257558483,0.03388001291941123,1,IVV
2024-02-21,484.0342712402344,484.198984372492,480.4787027859098,482.2903994098948,4236900,485.4720489501953,468.54730224609375,483.4002616804582,477.91584611102996,67.08556770876518,5.484415569428222,6.122235641976889,-0.6378200725486671,0.0009014580460731114,0.007097203368408846,-0.28533355823564144,0.03305316009696391,1,IVV
2024-02-22,494.14886474609375,495.01113263876806,489.71166208086,490.6611206200676,4080100,486.4050262451172,469.5075714111328,485.0538929213252,479.11829193584947,69.93723264175526,5.93560098547573,6.0849087106766575,-0.14930772520092717,0.020896440824206275,0.009372805614973487,-0.03700818995019939,0.052483271485697314,1,IVV
2024-02-23,494.4298095703125,496.64842558493984,493.6838254731755,495.82491898363367,4343200,487.33412475585936,470.4387225341797,486.496341636554,480.2524784272912,66.46539567102465,6.243863209262827,6.1166996103938915,0.12716359886893525,0.0005685428911450519,0.009374238032284701,0.06448371363446981,0.05099726252740533,1,IVV
2024-02-26,492.5696716308594,495.2823678885355,492.49214912854194,494.8948440754634,3721000,487.79625549316404,471.28828186035156,487.43070009721635,481.16486310903696,66.05043872585722,6.265836988179387,6.146527085950991,0.11930990222839633,-0.003762188087060747,0.009424606067020029,-0.1432584269662921,0.045155779571904864,1,IVV
2024-02-27,493.441650390625,493.7419835892621,491.3974155326835,493.28663493871966,3729100,488.3717437744141,472.0319647216797,488.3554616808177,482.074254759525,65.68796960871987,6.281206921292721,6.173463053019337,0.107743868273384,0.0017702648173172353,0.009411515639173121,0.0021768341843591,0.04535643191360772,1,IVV
2024-02-28,492.821533203125,493.4221995329005,491.60083470157736,491.9786608006225,4353500,489.54014282226564,472.7346838378906,489.0425496073266,482.8703494590509,60.92006676372504,6.172200148275692,6.173210472070609,-0.0010103237949170563,-0.0012567183718866781,0.007986569247140841,0.1674398648467459,0.042490745976494715,1,IVV
2024-02-29,494.536376953125,496.2415171864086,491.9883643073978,494.6138698881964,5996100,490.4508392333984,473.487138671875,489.8877538143725,483.7344996437971,62.353464108083735,6.153254170575394,6.1692192117715665,-0.015965041196172258,0.003479644525380854,0.007674588864432828,0.377305616170897,0.04445577622296737,1,IVV
2024-03-01,499.3223876953125,499.7195796540235,495.1370594765236,495.5342810014069,4582400,491.5204254150391,474.28455810546876,491.33923594990176,484.8891580179834,64.21306169020357,6.450077931918372,6.225390955800928,0.22468697611744393,0.009677772890387626,0.00794253082878763,-0.23576991711278994,0.05279073324642369,0,IVV
2024-03-04,498.7314147949219,500.61087721983336,498.4698133046183,498.4795110090509,4351500,492.7634307861328,475.01708618164065,492.476494233751,485.91451037183066,63.68878718535469,6.561983861920339,6.292709537024811,0.2692743248955285,-0.001183549776564874,0.007670524979393229,-0.05038844273743015,0.04992310656424093,0,IVV
2024-03-05,493.6934814453125,497.17155718833976,491.5330221451392,496.76466753308216,5068800,493.7729461669922,475.7812939453125,492.6637230355297,486.4907304513479,66.16755854866736,6.172992584181827,6.2687661464562145,-0.09577356227438738,-0.010101495915754488,0.008312065107014339,0.16483971044467416,0.03764794397750926,1,IVV
2024-03-06,496.3674621582031,498.5376191040112,495.0013867968392,497.103718946548,4234100,495.0062652587891,476.5065557861328,493.23352905440254,487.2223402074112,64.69663470527838,6.011188846991331,6.217250686563238,-0.20606183957190716,0.005416277130219305,0.008362253441719727,-0.16467408459595956,0.04168023740891469,1,IVV
2024-03-07,501.29876708984375,502.2675914219964,498.6538955854174,499.5742905274312,4647300,495.72125549316405,477.31281127929685,494.4743349060089,488.2650384949988,66.26858818348643,6.209296411010087,6.215659831452608,-0.006363420442521139,0.009934786841585774,0.006103586244094403,0.09758862568196314,0.050252067918017174,1,IVV
2024-03-08,498.256591796875,504.5443107186925,497.63658923045386,501.8412532731758,4825800,496.1039337158203,478.0185009765625,495.05622058152676,489.00515355439705,65.07064273618175,6.0510670271297045,6.182741270588028,-0.13167424345832313,-0.006068587223202804,0.006554798492731219,0.03840939900587448,0.042337463464211744,0,IVV
2024-03-11,498.0143737792969,498.3244046212309,495.08853531973614,496.9874224857876,7239900,496.6484039306641,478.70171508789065,495.51132107349144,489.6725032006859,69.37476262701244,5.838817872805521,6.113956591031527,-0.2751387182260059,-0.0004861310849990641,0.006381546503219682,0.500248663434042,0.040343825983285564,1,IVV
2024-03-12,503.2073669433594,503.71111537123886,497.3653280091201,499.864911269467,7437900,497.6249755859375,479.4845251464844,496.6953281303942,490.6750857001432,72.8467611960272,6.020242430251017,6.095213758875426,-0.07497132862440914,0.010427396150545443,0.007033713396520901,0.027348444039282382,0.04947571934595296,1,IVV
2024-03-13,502.40325927734375,503.6336851462409,500.9209296117578,503.4592447236512,3854600,498.58314819335936,480.2777984619141,497.5734713837711,491.5438392984544,62.640835394339106,6.0296320853167344,6.082097424163688,-0.05246533884695381,-0.001597964812995567,0.007051986697712024,-0.48176232538754216,0.04606804829681144,1,IVV
2024-03-14,501.3085021972656,503.47865940202905,498.2857747860096,503.3236735155526,20332600,499.26036071777344,481.1022680664062,498.1480915089241,492.26714766132926,60.27789405334814,5.8809438475948355,6.041866708849918,-0.1609228612550826,-0.002179040561267054,0.007142047980462411,4.274892336429201,0.041999872941921756,1,IVV
2024-03-15,497.2297058105469,499.71959150386726,496.454658151432,498.2470186912528,8081100,499.05109252929685,481.92034301757815,498.0068014014814,492.6347445612713,56.5299161673369,5.372056840210121,5.907904735121959,-0.5358478949118384,-0.008136300040476385,0.007064725031240123,-0.6025545183596785,0.03176741346320444,1,IVV
2024-03-18,500.7368774414063,503.4496331212131,500.2331289533891,502.0060350653424,13385200,499.2516387939453,482.83665710449225,498.4268130999314,493.2349025523924,59.519474603053304,5.19191054753901,5.76470589760537,-0.5727953500663601,0.007053423377314738,0.007433453111920748,0.6563586640432615,0.037073035101061524,1,IVV
2024-03-19,503.6336975097656,503.9243330006388,499.2061629463625,500.2040213204183,4569200,500.24566040039065,483.80005737304697,499.2278722399059,494.00518366034595,63.317413265954336,5.222688579559929,5.656302433996282,-0.43361385443635303,0.0057851142962768165,0.006582400888716508,-0.658637898574545,0.040995530766184674,1,IVV
2024-03-20,508.3131408691406,508.4487904927768,503.0621285637724,503.7306198432871,5450100,501.4402282714844,484.7316809082032,500.62560587517277,495.0650323424789,65.81402631905283,5.560573532693866,5.637156653735799,-0.07658312104193321,0.009291362715625695,0.006910764129420295,0.19279086054451544,0.04864848098386032,1,IVV
2024-03-21,509.8827209472656,511.8653932756856,509.72724166136106,511.19477392156455,4520000,502.2986236572266,485.70341491699224,502.0497774247255,496.1626389057964,63.088427191957244,5.887138518929078,5.687153026774455,0.1999854921546227,0.0030878211714953085,0.006402021261813887,-0.17065741912992427,0.04978203835442607,1,IVV
2024-03-22,509.2022705078125,510.41715609892753,508.813542711007,509.89234687897664,6940100,503.3931915283203,486.60980346679696,503.15016097596964,497.12853754298277,62.94880920122547,6.021623432986871,5.754047108016938,0.2675763249699328,-0.0013345234335240264,0.0059190977194406086,0.5354203539823008,0.04642830226612382,1,IVV
2024-03-25,507.6083984375,508.7746411777761,507.4820455872056,507.6375248457134,6297200,504.35259399414065,487.4893548583985,503.836043662359,497.9048235351692,68.81020979990296,5.931220127189761,5.789481711851503,0.14173841533825726,-0.0031301354346338073,0.006108013389637811,-0.09263555280183278,0.041270734178278756,0,IVV
2024-03-26,506.539306640625,509.4064488159398,506.3157866497991,509.10515952894286,5932600,504.6857879638672,488.3395794677735,504.2519302743999,498.5444148763141,64.37400327576734,5.707515398085832,5.77308844909837,-0.06557305101253785,-0.0021061349657843786,0.0054166801569548425,-0.05789874865019373,0.0372685891909208,1,IVV
2024-03-27,510.9517211914063,511.0003640741179,507.35570710606487,509.5327727103544,4777600,505.54063415527344,489.3102178955079,505.2826673385547,499.46347460335795,63.84377024211767,5.8191927351967365,5.7823093063180435,0.036883428878693,0.00871090257544771,0.0058961349757007476,-0.19468698378451266,0.04422859467144824,0,IVV
2024-03-28,510.9614562988281,512.3512783886058,510.58245705295377,511.0684113215721,4717000,506.5059295654297,490.3329797363282,506.15632717859677,500.31517695117054,69.9564643407382,5.841150227426226,5.794077490539681,0.04707273688654556,1.905289094450424e-05,0.00577500799060223,-0.012684192900200952,0.04207034283843747,0,IVV
2024-04-01,510.1353759765625,512.1569624159279,508.8329923891255,511.5737816804192,6170800,507.79649658203124,491.26035705566414,506.76848853212994,501.0425991011996,68.69641352495093,5.725889430930351,5.780439878617815,-0.054550447687463866,-0.0016167174883392477,0.0047985211032343655,0.3082043671825312,0.03842162032781249,0,IVV
2024-04-02,506.8017883300781,506.8698290555162,504.4594552135582,506.140897552305,7653100,508.4029876708984,492.0049975585938,506.77361157796815,501.46920571074617,55.881712569013324,5.304405867221988,5.68523307633865,-0.3808272091166627,-0.006534711771562285,0.005288632469004956,0.24021196603357753,0.030074472505174477,1,IVV
2024-04-03,507.3655090332031,508.80391487529215,505.596628143841,505.6452117129877,5820200,508.7761688232422,492.74056701660163,506.8646727249274,501.90596891981704,58.18433850524321,4.9587038051103605,5.5399272220929925,-0.581223416982632,0.0011123100117353957,0.005040815410114801,-0.23949771987821933,0.029680815819876916,0,IVV
2024-04-04,501.1257934570313,511.6418519306913,500.7953777430373,511.3114362166973,7222700,508.05743408203125,493.3220831298829,505.98176822217414,501.8481781447959,49.74237694809422,4.133590077378244,5.258659793150043,-1.125069715771799,-0.012298265185707535,0.005571516680721572,0.24097110064946214,0.015818692481061714,1,IVV
2024-04-05,506.3546447753906,508.308190524725,502.0393682803302,502.4767390081889,5275900,507.7046264648437,494.00100830078134,506.03913384574594,502.1819904878029,62.46217659425138,3.8571433579430163,4.978356506108638,-1.121213148165622,0.0104342091080325,0.006616645952735387,-0.2695390920292965,0.025007310242345815,0,IVV
2024-04-08,506.49072265625,508.0554812319192,505.8103747866485,507.0544462419875,10802300,507.4334716796875,494.6299505615235,506.10860904736194,502.50115583361384,58.65514740311603,3.6074532137481015,4.704175847636531,-1.0967226338884295,0.0002687402638910097,0.0066182973853385315,1.0474800507970206,0.023979081900037835,0,IVV
2024-04-09,507.1224670410156,508.5803298526426,502.3600914614652,508.34702197348696,4963300,507.38487854003904,495.28140991210944,506.26458720023174,502.84347518231027,55.631704644875526,3.421112017921473,4.44756308169352,-1.026451063772047,0.001247297051074181,0.006570635097930814,-0.5405330346315136,0.023907735868801128,0,IVV
2024-04-10,502.2045593261719,504.1192500234093,500.1538465150834,501.4853564878254,4616400,506.95140380859374,495.7599108886719,505.6399675272994,502.79614808185556,40.214630292672304,2.8438194454438417,4.126814354443584,-1.2829949089997426,-0.009697672721027395,0.007236068351842932,-0.06989301472810427,0.012999535250737937,0,IVV
2024-04-11,505.9659423828125,507.3557646123556,500.1441598300108,503.6430665082788,4333400,506.45282592773435,496.32080871582036,505.6901175050707,503.0309476597042,44.137372179685215,2.6591698453664776,3.833285452628163,-1.1741156072616854,0.00748974294794813,0.007065353234921417,-0.061303179967073906,0.01943326473042295,0,IVV
2024-04-12,498.8903503417969,503.7887478320766,497.2283951097482,502.4086543702376,6513700,505.24571533203124,496.89714355468755,504.6439994799516,502.7242367472666,37.045252917780694,1.919762732685001,3.450580908639531,-1.53081817595453,-0.01398432473081801,0.008154107030330636,0.5031384132551806,0.00401130659124016,0,IVV
2024-04-15,492.70904541015625,503.2639579003279,491.83430399735306,503.1473336213661,6399000,503.5030822753906,497.2250683593751,502.8078526999831,501.9823707222955,33.216613497607355,0.8254819776875593,2.9255611224491367,-2.1000791447615774,-0.012390107219764301,0.008736218003041793,-0.017609039409245075,-0.00908245226677673,0,IVV
2024-04-16,491.7662963867188,494.6917209388221,490.5027974817594,493.1172338412173,8287400,501.99953308105466,497.43590026855475,501.1091517287116,501.22562447521574,33.31143042321111,-0.11647274650414374,2.3171543486584807,-2.4336270951626244,-0.0019133990581655658,0.008676068744514796,0.29510861072042505,-0.011397657223322755,1,IVV
2024-04-17,488.9088745117188,494.3807242731588,487.4898667046091,494.2446428422191,7635500,500.15386962890625,497.6217480468751,499.2321860030204,500.3132726260678,24.192252888052195,-1.0810866230474403,1.6375061543172966,-2.718592777364737,-0.0058105280821297844,0.008589623740730502,-0.07866158264353118,-0.017509028834357898,1,IVV
2024-04-18,487.7815246582031,492.349477579305,486.92624028889423,490.25987988537446,4808700,498.81944274902344,497.75908386230475,497.4705457961254,499.38499499881857,23.55307212773181,-1.914449202693163,0.9271150829152047,-2.8415642856083676,-0.0023058486198304085,0.008037222562073766,-0.3702180603758758,-0.02004495654138927,1,IVV
2024-04-19,483.5536804199219,488.7631258945492,482.358222174479,487.7620315712596,6355500,496.5393463134766,497.7337756347657,495.32948958440176,498.2123050300114,21.856479934758255,-2.8828154456096513,0.16512897721023345,-3.0479444228198846,-0.008667495640069078,0.00674355867912337,0.3216669786012851,-0.028489316797438158,1,IVV
2024-04-22,488.0147705078125,490.6486346655612,483.8647312167231,486.2750457054708,4210800,494.69175109863284,497.79129455566414,494.2041481880034,497.4569321024411,30.57295936754258,-3.252783914437714,-0.518453601119356,-2.734330313318358,0.00922563568126833,0.007946192212402154,-0.3374557469907954,-0.019639805184978765,1,IVV
2024-04-23,493.894775390625,494.2640757208546,489.530885880839,490.06545337354856,4221900,493.3689819335938,497.91022277832036,494.15655237302207,497.19306864230657,37.45018130621215,-3.0365162692845047,-1.0220661347523858,-2.014450134532119,0.012048825646596706,0.00930795722292132,0.0026360786548873527,-0.00806460121523378,0,IVV
2024-04-24,493.7004089355469,495.5276018351569,491.43587496547474,494.73062967080847,4457800,492.51856689453126,498.03049560546884,494.08637645956435,496.9343531084725,42.20410590484142,-2.8479766489081726,-1.387248237583543,-1.4607284113246295,-0.00039353818821918907,0.008978907731903362,0.055875316800492625,-0.008694420739552844,0,IVV
2024-04-25,491.6108093261719,492.5146771949554,485.90571065764186,487.5190528134013,3714400,491.0830535888672,498.2399609375001,493.70551997750397,496.5400165320058,33.428096697048574,-2.8344965545018113,-1.6766979009671967,-1.1577986535346145,-0.004232525579390023,0.008396488110028388,-0.1667638745569563,-0.01330513834910918,1,IVV
2024-04-26,496.4217529296875,497.9962698016642,493.93366924648814,494.5557049974365,4026900,490.83619384765626,498.4598077392579,494.1234019701476,496.5312562651674,39.758835696885875,-2.407854295019831,-1.8229291797777236,-0.5849251152421076,0.009786081819701531,0.008255224988615424,0.08413202670687059,-0.004088704400890153,1,IVV
2024-04-29,498.1906433105469,498.8515340240712,495.4498243461526,498.2489554523111,3102700,491.3843536376953,498.6510900878907,494.7491314071321,496.6541738240844,41.1208205257646,-1.9050424169523126,-1.8393518272126415,-0.06569058973967112,0.0035632813639210337,0.0071640748403889575,-0.2295065683279942,-0.0009233846801831591,1,IVV
2024-04-30,490.26959228515625,497.6755313090986,490.26959228515625,496.7036226779188,4931200,491.23468322753905,498.73045471191415,494.05997154221274,496.18124185823785,38.803884980484064,-2.121270316025118,-1.8957355249751369,-0.2255347910499812,-0.015899638284561313,0.00896351801712405,0.5893254262416605,-0.016964800017366555,1,IVV
2024-05-01,488.7339172363281,496.3439777617671,488.23826404683655,489.64751364245103,5061600,491.2171875,498.8331665039062,493.24057857207663,495.62958818254083,33.130296625993594,-2.3890096104642,-1.9943903420729496,-0.39461926839125017,-0.0031323073529204715,0.008818366751805522,0.02644386761842954,-0.02024574536284174,1,IVV
2024-05-02,493.2046813964844,494.08912169482863,487.86891319798906,492.4465939493742,3670300,491.75950317382814,499.0165747070312,493.23505592967786,495.44996545764775,44.134743369050156,-2.214909527969894,-2.038494179252339,-0.17641534871755526,0.009147644561763535,0.00922035061463084,-0.2748735577682946,-0.011646693927869989,1,IVV
2024-05-03,499.4055786132813,500.562152306924,496.7133726065992,499.2986235756017,3004000,493.3446929931641,499.121708984375,494.1843671117707,495.74297383954655,56.90525881188971,-1.5586067277758389,-1.9425166889570389,0.3839099611812,0.012572664961815416,0.009155101477698165,-0.18153829387243547,0.0005687382932790808,1,IVV
2024-05-06,504.605224609375,504.605224609375,501.35902380874353,501.786665962349,5099700,495.0037384033203,499.32521728515627,495.787575957556,496.3994368595338,62.17062821184858,-0.6118609019778205,-1.6763855315611953,1.0645246295833748,0.010411669830624914,0.00924805939304995,0.697636484687084,0.010574285338373679,1,IVV
2024-05-07,505.2564086914063,506.4810230626495,504.430310079997,505.50911442777016,6597800,496.13990173339846,499.5789520263672,497.24431945507143,497.0555088470799,66.17308909274473,0.18881060799151328,-1.3033463036506536,1.492156911642167,0.00129048224289674,0.008740315502244042,0.29376237817910855,0.011364483315420948,1,IVV
2024-05-08,505.2078552246094,505.66468315693055,503.1862685338455,503.2543092608124,3693500,497.2906463623047,499.81427612304685,498.46947880423113,497.6593863565265,67.61640799594251,0.8100924477046192,-0.8806585533795992,1.6907510010842184,-9.609668667576177e-05,0.008730588304229127,-0.44019218527387916,0.010791166557704956,1,IVV
2024-05-09,507.9777221679688,508.1040750314653,504.6927256788397,505.38274281883554,3153100,498.9273376464844,500.1173999023438,499.9322854755754,498.42370752774445,75.44036766655199,1.5085779478309291,-0.40281125313749355,1.9113892009684226,0.005482628416630497,0.008453968666576167,-0.14631108704480844,0.015716954193475186,1,IVV
2024-05-10,508.6873168945313,510.49505286860216,507.5210145716919,509.6786234464345,2421200,500.15389404296883,500.4004187011719,501.279213386184,499.1839748882472,73.35826175950916,2.095238497936805,0.0967986970773661,1.9984398008594386,0.001396901272626705,0.008151026281912542,-0.23212077003583775,0.01656053409161551,1,IVV
2024-05-13,508.8622131347656,510.514469684844,507.7056394817703,510.4464289616566,2566800,501.2210510253907,500.5912152099609,502.4458287321196,499.90088142502634,69.41506943779174,2.5449473070932527,0.5864284190805434,1.9585188880127093,0.00034381875550204555,0.008166775005808511,0.06013547001486863,0.01652245919124984,1,IVV
2024-05-14,511.1851196289063,511.6321596643422,508.4734563990961,508.98859648239306,3288300,503.3126037597657,500.8402893066406,503.7903350239329,500.73675092161005,71.49347136637252,3.0535841023228727,1.0798595557290094,1.9737245465938633,0.004564902706826635,0.005146258332281126,0.28108929406264616,0.020654948380025573,1,IVV
2024-05-15,517.5218505859375,517.7745563026073,512.9927828014255,513.6634020800527,3568800,506.19139709472665,501.3168566894531,505.902875879626,501.98009163748617,78.84029182243634,3.9227842421398122,1.6484444930111701,2.274339749128642,0.012396156917930945,0.005030039252811943,0.08530243590913233,0.032324853394113395,1,IVV
2024-05-16,516.3070068359375,519.1741491824553,516.2486946904752,517.5705355219455,5526300,508.50162963867194,501.7156475830078,507.5035114113662,503.0413446151492,74.05930197008605,4.462166796216991,2.2111889536523344,2.2509778425646565,-0.0023474250384298845,0.005462468534034848,0.5485036987222596,0.029082926401085674,0,IVV
2024-05-17,517.1817016601562,517.2205566467591,515.0629481387954,516.5208109643677,4234400,510.27924194335947,502.0333062744141,508.9924637573339,504.08877847033494,73.4855867028266,4.90368528699895,2.7496882203216577,2.1539970666772925,0.0016941370398575462,0.004733188310850972,-0.23377304887537775,0.030174084460965922,1,IVV
2024-05-20,517.7843627929688,519.232497272694,516.8804948154342,517.2692227052278,2270000,511.59715576171885,502.4238616943359,510.34506360897,505.10326619793744,91.54688657787135,5.2417974110325645,3.248110058463839,1.9936873525687253,0.0011652793029566233,0.004096224371989291,-0.4639146041942188,0.030572793749946925,0,IVV
2024-05-21,519.0477294921875,519.1740823445217,516.8220803528778,516.9775596138957,2676000,512.976287841797,502.84452880859374,511.68393528331114,506.1361894049189,96.15294190894875,5.54774587839222,3.7080372224495157,1.8397086559427045,0.0024399475727772124,0.004071789774468661,0.1788546255506609,0.03222308239483995,0,IVV
2024-05-22,517.5704956054688,519.0186298732602,515.3933705947276,518.3188248610885,3052600,514.2125518798829,503.1317913818359,512.5895599482585,506.9831750494041,90.81775693767756,5.606384898854401,4.087706757730493,1.5186781411239076,-0.0028460463321243745,0.004364269518569496,0.1407324364723468,0.02869765828944626,0,IVV
2024-05-23,513.789794921875,520.6903225005054,512.5554519731263,520.6028839429096,2665000,514.7937591552734,503.3595220947266,512.774211482661,507.4873691140316,76.22284483334133,5.286842368629436,4.327533879910282,0.9593084887191541,-0.0073047067321156955,0.005169259681656433,-0.12697372731442047,0.020721318201636363,1,IVV
2024-05-24,517.201171875,517.9592297167344,514.664445410794,515.5877704210918,1920700,515.6451446533204,503.67737548828126,513.4552823122516,508.20691005928853,74.56441057650865,5.248372252963065,4.511701554520839,0.736670698442226,0.006639635482919015,0.005455014133546238,-0.2792870544090056,0.02685011685031191,0,IVV
2024-05-28,517.599609375,518.1827307704098,514.917132314936,517.9689393656228,3431400,516.5188842773438,504.0847735595703,514.092871091136,508.90266556415605,74.31116892109561,5.190205526979923,4.647402349012657,0.5428031779672668,0.0007703723844159072,0.005445110879962726,0.7865361586921435,0.02681064083724527,0,IVV
2024-05-29,513.8966064453125,515.0629084800856,513.1774036647017,513.4884214953469,4272400,516.7900329589844,504.34796813964846,514.0626765302401,509.2725871109084,64.9598094983885,4.790089419331707,4.675939763076467,0.11414965625523976,-0.007154184165940269,0.005997240409430649,0.24508946785568564,0.018932639583907562,1,IVV
2024-05-30,510.5630187988281,513.0025188088879,509.2120516451198,512.351297354009,2718200,516.0941497802735,504.4865545654297,513.5242676484844,509.3681746433469,54.36645997948582,4.156093005137507,4.5719704114886754,-0.41587740635116877,-0.006486883946448363,0.004679203866813099,-0.3637767999251006,0.012044848724725332,1,IVV
2024-05-31,515.0725708007812,515.2960907388175,506.3253956460368,511.3987287619111,3933600,515.9707061767579,504.6217431640625,513.7624681334531,509.7907225068605,59.557621082751155,3.9717456265926216,4.451925454509465,-0.4801798279168432,0.008832508105586001,0.005647883219158501,0.4471341328820544,0.02071022063217165,1,IVV
2024-06-03,515.3933715820312,516.89014873732,510.4949737698099,516.7735244551665,2958400,515.7918731689454,504.7319561767578,514.0133763563113,510.2057335494658,59.733500217853425,3.807642806845479,4.323068924976668,-0.515426118131189,0.0006228263732841466,0.005617514557386613,-0.2479153955664023,0.021122925296887196,1,IVV
2024-06-04,516.1515502929688,516.8804818036564,512.7887249015812,514.2951714928827,2188900,515.6285919189453,504.8709417724609,514.3423261927201,510.64616441935493,57.76364625175311,3.6961617733651337,4.197687494654361,-0.5015257212892275,0.0014710680283105404,0.005627394928363868,-0.26010681449432127,0.022343548790716206,1,IVV
2024-06-05,522.3328857421875,522.3328857421875,516.4917049614352,518.5230202463531,3201300,515.9571075439453,505.16543151855467,515.5716430464843,511.5118474803055,57.55744498071904,4.059795566178764,4.170109108959242,-0.110313542780478,0.011975814943712138,0.0068242435263135,0.46251541870345836,0.033983826193384914,1,IVV
2024-06-06,522.3133544921875,522.9743045168331,520.3404109569437,522.6535580814302,25007800,516.4313934326171,505.4809124755859,516.6088294227463,512.3119591108153,59.80325353894583,4.296870311931002,4.195461349553594,0.10140896237740815,-3.739234218858023e-05,0.006721297413407984,6.811763970886827,0.03329985683171488,1,IVV
2024-06-07,521.6524658203125,524.4612958139298,520.2043315477848,521.1956972680242,3081700,517.217660522461,505.6949273681641,517.3847734839103,513.003848496704,57.34823800390039,4.380924987206299,4.232554077084135,0.1483709101221642,-0.0012653106917350776,0.006145540525711809,-0.8767704476203424,0.03155566249239983,1,IVV
2024-06-10,523.2075805664062,523.5574534303579,520.252940415897,520.9430168869634,2460000,517.8183013916016,505.9398498535156,518.2805899581405,513.7596805018671,58.643099352745146,4.52090945627333,4.290225152921974,0.2306843033513557,0.0029811317840668927,0.005912491925309959,-0.2017392997371581,0.034130007189372646,1,IVV
2024-06-11,524.5050048828125,524.5927653833952,519.6893630959236,521.7170174005728,3888400,518.5088409423828,506.2272424316406,519.2381922542438,514.5556304560113,58.68794636350387,4.682561798232541,4.3686924819840876,0.3138693162484536,0.002479750608738618,0.005924320796624695,0.580650406504065,0.036105845199826625,1,IVV
2024-06-12,528.8722534179688,531.50423539736,527.8291827045066,529.1159598604045,5384300,520.0064056396484,506.66865173339846,520.7203555102014,515.6161210457859,66.47622013613916,5.104234464415526,4.515800878470376,0.5884335859451504,0.008326419184754963,0.005462115264889205,0.38470836333710534,0.043822726368817344,1,IVV
2024-06-13,529.9834594726562,530.7633081149962,527.1369851537285,530.5781483549472,4779600,521.9484497070313,507.1210107421875,522.1454484275022,516.6803683366652,75.6004577489251,5.465080090836977,4.705656720943697,0.7594233698932804,0.0021010859380616864,0.0043948651274269964,-0.11230800661181584,0.045082826872049564,1,IVV
2024-06-14,530.1687622070312,530.2662804893265,527.3905323879354,528.4140876108314,5444600,523.4580688476562,507.7018701171875,523.3798043935835,517.679508623359,72.82896942398116,5.700295770224557,4.90458453079987,0.795711239424687,0.00034963871242199573,0.004114306895292755,0.13913298183948442,0.044252135775387114,1,IVV
2024-06-17,534.5067138671875,535.7545194081639,529.0964427606393,529.564340089184,5746800,525.3694030761719,508.2649114990234,525.0916366202919,518.92596827105,76.13870766234427,6.165668349241855,5.156801294488266,1.0088670547535887,0.008182209080176417,0.004337714052728434,0.05550453660507659,0.051630167210971356,0,IVV
2024-06-18,535.8032836914062,535.9300158092478,534.1167945457637,534.5554780691655,5221800,527.3345764160156,508.8511627197266,526.7395823235402,520.176139783669,86.59078397390152,6.5634425398711755,5.438129543564848,1.1253129963063273,0.0024257315962188386,0.004294564008213962,-0.09135518897473371,0.05296660977961598,0,IVV
2024-06-20,534.14599609375,537.4116383871901,532.6544842143644,536.7780373817817,5709600,528.5158874511719,509.3916333007812,527.8790305958802,521.2109439547861,91.72738671081491,6.668086641094078,5.684120963070694,0.9839656780233836,-0.00309308966200883,0.003689379285110188,0.09341606342640474,0.04859593517970495,1,IVV
2024-06-21,533.239501953125,534.7602279112277,532.2549183170405,533.5612111457954,5104200,529.6085021972656,510.0123321533203,528.7037184969947,522.1019482509594,86.84178604936713,6.601770246035358,5.867650819663627,0.7341194263717306,-0.0016970905843238793,0.0038378095163944643,-0.10603194619588063,0.04554236894966324,1,IVV
2024-06-24,531.8746337890625,536.0371585511274,531.7869327956479,533.4928777638859,3857000,530.6307189941406,510.5305059814453,529.1915516188513,522.8258508834115,82.06545875993626,6.365700735439873,5.967260802818876,0.3984399326209971,-0.0025595781240199678,0.003982233325853746,-0.24434779201441947,0.04180774225545103,1,IVV
2024-06-25,533.8926391601562,534.3410804914766,531.7187964533598,533.1225481224382,4817500,531.6992248535156,511.2305517578125,529.9147958559752,523.6456129779851,82.90355444872085,6.269182877990033,6.027645217853108,0.24153766013692568,0.003794137270126008,0.0040138062923599895,0.24902774176821363,0.04432850760664153,1,IVV
2024-06-26,534.7114868164062,535.3450879108716,532.2646644472829,532.8690517059531,10241900,532.719873046875,512.0706005859375,530.6527483114261,524.4653073363867,78.65849350414452,6.187440975039408,6.059604369290368,0.12783660574903966,0.0015337309342531302,0.00401320077238537,1.1259782044628959,0.044214384119224626,1,IVV
2024-06-27,535.4913940429688,536.0177786325696,533.7854486430552,534.5263258793738,6369100,533.381787109375,512.9451025390625,531.397155347048,525.2820544998372,79.47168842939784,6.115100847210897,6.0707036648744745,0.044397182336422425,0.0014585570831964212,0.0033271635069478563,-0.3781329636102676,0.04395458966720378,1,IVV
2024-06-28,533.453857421875,539.322327270602,532.12810872805,536.2613602432923,5968900,533.7288269042969,513.8360021972657,531.7135710508676,525.8873732348029,74.86203047930586,5.826197816064678,6.0218024951125155,-0.19560467904783785,-0.003804984811633161,0.003666136270732296,-0.06283462341618129,0.03817921504277533,1,IVV
2024-07-01,534.604248046875,535.0137177657476,531.8357757976535,534.7700112896503,3912500,534.1723754882812,514.772456665039,532.1582905887149,526.5330676653267,74.42592413329392,5.625222923388151,5.942486580767643,-0.3172636573794918,0.0021564950913650627,0.0036936217910807077,-0.3445190906197122,0.03852535450384531,1,IVV
2024-07-02,538.0160522460938,538.1135705200511,532.8397299056332,532.9079748478108,2599500,534.5233093261719,515.8617041015625,533.05948468985,527.383659115754,76.551161647056,5.675825574096052,5.889154379433325,-0.21332880533727305,0.00638192496914014,0.0033210603315514267,-0.335591054313099,0.04294629348987211,1,IVV
2024-07-03,540.3753051757812,540.8432026092287,537.7237475560478,537.7237475560478,4554900,534.9805114746093,516.9089147949219,534.1849955338395,528.3460032683486,74.54201674106562,5.8389922654909014,5.879121956644841,-0.04012969115393972,0.004385097656172343,0.0034903237849108508,0.7522215810732833,0.04539753467043495,1,IVV
2024-07-05,543.7188110351562,544.0112468556923,540.2484338012989,540.7845760553886,2759800,535.93779296875,517.9053955078125,535.6517363801959,529.4847297695935,76.75607552194796,6.167006610602357,5.936698887436345,0.23030772316601222,0.006187377230880919,0.0035569293582168367,-0.39410305385409117,0.04984195135104441,1,IVV
2024-07-08,544.3524780273438,545.181115701024,543.1729768251438,544.4012669188795,3145000,537.0490905761719,518.9184368896484,536.9903120182186,530.5860444553527,77.15513010474753,6.404267562865812,6.030212622522238,0.3740549403435738,0.001165431431333186,0.003355152441438527,0.13957533154576418,0.049013562304983216,1,IVV
2024-07-09,544.859375,546.0291778548893,544.4791786598981,545.1323547822202,2257500,538.3475646972656,519.983408203125,538.2009370923388,531.6433281994007,73.22783319365246,6.557608892938106,6.135691876605412,0.42191701633269396,0.000931192550997828,0.0029806792011522042,-0.2821939586645469,0.047839924129189804,1,IVV
2024-07-10,550.0454711914062,550.4939124899585,545.6977265968582,545.999920222352,2124300,539.9628479003907,521.0558825683594,540.02317310758,533.0064499025123,77.206163546651,7.016723205067706,6.3118981422978715,0.7048250627698343,0.009518228793266692,0.0037296522382390136,-0.05900332225913618,0.05563623709639942,0,IVV
2024-07-11,545.3760375976562,551.1274738454396,544.7618926129192,550.2891379769114,2863400,541.0293029785156,521.9995904541015,540.8466907214379,533.9227156577081,69.23828145421847,6.923975063729813,6.43431352658426,0.4896615371455528,-0.008489177419524818,0.00521561586293263,0.347926375747305,0.04478250092728797,0,IVV
2024-07-12,548.8659057617188,552.4630154010046,546.1948925469245,546.5166017256734,2778500,542.3667541503906,523.1715167236329,542.0804161122503,535.0296186283755,74.5929559037964,7.050797483874817,6.557610318042372,0.4931871658324445,0.0063990126508586265,0.005390833066531957,-0.029650066354683258,0.04911274451445147,0,IVV
2024-07-15,550.3964233398438,553.5841229926064,548.5247743183239,550.864380219211,3680200,544.0610107421875,524.4047668457031,543.3598018395724,536.1679004588547,78.99853794184257,7.191901380717695,6.684468530577437,0.5074328501402583,0.002788509109526327,0.004918853843534742,0.32452762281806735,0.04956411180333209,0,IVV
2024-07-16,553.6620483398438,553.9349686075678,550.9324886707551,551.8098556356252,2379500,545.9667907714844,525.6139141845703,544.9447628396141,537.4637632648538,79.78814588100266,7.48099957476029,6.843774739414008,0.6372248353462817,0.005933223512216923,0.00497936138584208,-0.35343187870224446,0.05336261730967862,0,IVV
2024-07-17,545.9317016601562,549.3240762823423,545.5612631096138,547.6668605823327,2759200,546.7583557128906,526.5444366455079,545.096599581236,538.0910179608021,63.99209028883537,7.005581620433873,6.876136115617981,0.1294455048158918,-0.01396221161061506,0.007296867026793404,0.15957133851649496,0.036819807912434,0,IVV
2024-07-18,541.6132202148438,548.3980295723333,539.5465941660417,547.4329614974911,3420300,546.8821472167969,527.2845965576172,544.5606950633295,538.3519218314718,57.01506525479444,6.208773231857663,6.7426635388659175,-0.5338903070082548,-0.007910296163751163,0.007774303860082384,0.2395984343287909,0.02717436418733099,0,IVV
2024-07-19,538.0842895507812,542.987691551575,537.0509766528078,541.4376924552944,2999800,546.3186950683594,527.9411541748046,543.5643249844759,538.3320972180874,55.13069353802455,5.232227766388519,6.440576384370439,-1.2083486179819198,-0.006515591814141186,0.007735187706900953,-0.12294243195041366,0.019212624921864263,0,IVV
2024-07-22,543.6701049804688,544.2257628126546,540.0924515433411,542.051860872985,2352600,546.2504577636719,528.7103991699219,543.5805988300133,538.727505200486,59.14630016194681,4.8530936295272795,6.123079833401807,-1.2699862038745273,0.01038093015938224,0.008531661454266908,-0.21574771651443425,0.028294706958731597,0,IVV
2024-07-23,542.7635498046875,545.6392383810528,542.2761368936227,543.5238830066525,2344700,546.0408752441406,529.4061157226563,543.4548989799632,539.0264714674639,55.04462681707869,4.428427512499297,5.784149369221305,-1.355721856722008,-0.0016674729168966174,0.008536587258221612,-0.003357986908101629,0.025230978043761176,0,IVV
2024-07-24,530.5099487304688,538.2403098741544,529.5838523579348,537.9283584908459,6323800,544.0873229980468,529.842568359375,541.4633681723487,538.3956179313902,41.338480566052695,3.067750240958503,5.240869543568745,-2.1731193026102416,-0.022576315374582934,0.010270354288781883,1.6970614577557899,0.0012595823947483265,1,IVV
2024-07-25,527.7122192382812,536.573352348466,526.7763650605461,530.6171810523662,4419600,542.3209411621094,530.2195684814453,539.3478067978768,537.604255065234,35.810655805115374,1.7435517326427998,4.541405981383556,-2.797854248740756,-0.005273660746386688,0.010148562859480258,-0.3011164173440021,-0.004728888543938825,1,IVV
2024-07-26,533.6099853515625,536.300514464614,530.7342369300428,531.4751141639155,3520400,540.7953491210938,530.6680657958984,538.4650650369055,537.3083832345917,41.2900116096888,1.1566818023137557,3.864461145569596,-2.70777934325584,0.011176102993776249,0.01074748060898519,-0.2034573264548828,0.005543803641645084,0,IVV
2024-07-29,533.9803466796875,536.1737047262952,531.952692359203,535.1696055944985,2735200,539.1537414550781,530.9972357177735,537.7751083665642,537.0618620083026,41.15973598538278,0.7132463582615856,3.234218188107994,-2.5209718298464083,0.0006940674618016729,0.010647220795699111,-0.22304283604135888,0.005617940661934995,0,IVV
2024-07-30,531.1046752929688,536.4174885609211,527.8292744171914,535.4036315050947,3670900,536.8980041503906,531.293189086914,536.7488878937033,536.6205889182779,34.008298703868604,0.12829897542542312,2.6130343455714797,-2.4847353701460566,-0.005385350611871398,0.010187013887447069,0.34209564200058495,-0.00035482064859382323,0,IVV
2024-07-31,539.3906860351562,542.3931665330598,536.7001569719773,537.9966921072213,4102300,536.2439025878906,531.7373687744141,537.1553183770038,536.825781297306,45.23741993888449,0.3295370796978432,2.1563348923967527,-1.8267978126989095,0.015601464509075846,0.011243249716004622,0.11751886458361716,0.014393040079883956,0,IVV
2024-08-01,532.3036499023438,543.7773693345684,528.6967823141831,541.5840111456578,4487200,535.3129455566407,532.0277545166016,536.4089078424407,536.4908086013829,37.534888677785716,-0.08190075894219717,1.708687762128963,-1.79058852107116,-0.013138966460296997,0.011704798447914354,0.09382541501109132,0.0005185732950958588,0,IVV
2024-08-02,522.282470703125,526.2694751562541,518.0809736212311,525.1191877798574,5429300,533.732763671875,532.0924493408203,534.2356098210075,535.4383391274379,31.238631022350603,-1.2027293064303421,1.126404348417102,-2.3291336548474444,-0.018826057647842953,0.012861245650397318,0.2099527545016937,-0.018436605612141888,1,IVV
2024-08-05,507.0848388671875,513.1385280434431,500.1051128504066,501.4211037806776,10545200,530.0742370605469,531.8827362060547,530.0585681358044,533.3380798489009,23.187453577379003,-3.27951171309644,0.24522113611439367,-3.5247328492108334,-0.029098491120097547,0.014308892485006334,0.9422761681984786,-0.04662286562589302,1,IVV
2024-08-06,511.9006042480469,519.1825851212469,506.8412551268773,508.9761263629467,6335500,526.9879425048828,531.8449523925781,527.2650352299955,531.750118693282,29.729527319024115,-4.485083463286514,-0.7008397837657879,-3.7842436795207264,0.009496961872529353,0.015167904247138177,-0.3992053256457915,-0.03750030540819993,1,IVV
2024-08-07,508.3619384765625,521.0054610753604,507.74779341246966,517.9932229277313,6968600,524.7731414794922,531.6681677246094,524.3568664986982,530.017660899451,30.008300685925818,-5.66079440075282,-1.6928307071631945,-3.967963693589626,-0.006912798582612512,0.013999002810566584,0.0999289716675873,-0.043836044102077754,1,IVV
2024-08-08,520.1378784179688,520.693536337702,511.49117718195225,513.3433107490769,3865200,524.0157073974609,531.7189331054688,523.7077914093552,529.2858251600819,40.183533345752735,-5.578033750726718,-2.469871315875899,-3.1081624348508186,0.023164479970109175,0.016427086114059724,-0.44534052750911235,-0.021780406839872368,1,IVV
2024-08-09,522.3604125976562,523.8226513857419,518.06145674009,519.328718456701,3635600,522.8907501220704,531.8882092285156,523.5005023614016,528.7728316369393,37.89860753816325,-5.272329275537686,-3.0303629078082563,-2.2419663677294297,0.004272971209955845,0.015982512558192812,-0.059401842078029565,-0.017913156309065537,1,IVV
2024-08-12,522.6138305664062,525.0704105524422,520.4595036885145,523.6179296713361,4646600,521.7540985107422,532.1292254638672,523.3640913160177,528.3166093354183,38.47181831641818,-4.9525180194006,-3.4147939301267254,-1.5377240892738744,0.0004851400730958577,0.01597871647510416,0.27808339751347777,-0.017881737070851944,1,IVV
2024-08-13,531.3092651367188,531.5236982254418,522.438315812866,525.9477239349949,4299700,521.7745574951172,532.4539593505859,524.5864257499717,528.538287542922,50.47671917032809,-3.9518617929503534,-3.522207502691451,-0.42965429025890245,0.016638355247675873,0.01695352538969847,-0.07465673826023334,-0.0021498463740664553,1,IVV
2024-08-14,533.0444946289062,534.1265369898924,529.4863566506981,532.1086404390926,4218200,521.1399383544922,532.8069818115234,525.8876671159617,528.8720806604024,53.22103724743704,-2.984413544440713,-3.4146487110413037,0.4302351666005908,0.0032659499956979587,0.01613483027107893,-0.018954810800753563,0.00044577647345245275,1,IVV
2024-08-15,542.1688842773438,542.3833769067829,538.025874354151,538.6497771869664,3944800,522.1264617919921,533.3273284912109,528.3924697561743,529.8570290764721,54.976146406134234,-1.4645593202978944,-3.0246308328926217,1.5600715125947273,0.017117500959820786,0.01645291896588784,-0.0648143758001043,0.016578103753178697,1,IVV
2024-08-16,543.3971557617188,544.001543016966,540.3264900936681,540.4921938252947,4186100,524.2379302978516,533.7486138916015,530.7008829877965,530.8600014235275,55.420858314571056,-0.1591184357309885,-2.4515283534602954,2.292409917729307,0.002265477639891156,0.014756609805988577,0.06116913404988855,0.0180769403779224,1,IVV
2024-08-19,548.4466552734375,548.5149002100936,542.9194103906622,543.747988409732,4642800,528.3741119384765,534.2712799072266,533.431001800972,532.1627165235209,59.73929240328954,1.2682852774511275,-1.7075656272780109,2.975850904729138,0.009292465847820841,0.009065139419750092,0.10909916151071397,0.026532168018974067,1,IVV
2024-08-20,547.6278686523438,549.7334660469376,546.2826043868441,548.066492631347,2874800,531.9468383789062,534.7907879638672,535.6151351627215,533.3082833478782,55.04953451252337,2.3068518148432986,-0.904682138853749,3.2115339536970477,-0.0014929193445176736,0.009506604757983535,-0.3808046868269148,0.024003930092647563,1,IVV
2024-08-21,549.7626953125,550.9519540468448,546.9356771264053,548.66113756747,4434000,536.0869140625,535.321890258789,537.791682878072,534.5271286785909,61.394522324657984,3.2645541994811538,-0.07083487118676846,3.3353890706679223,0.003898316324568718,0.00831238559382735,0.5423681647418952,0.026975928532886773,0,IVV
2024-08-22,545.11279296875,552.0340317333252,544.0014773759785,551.4296445510051,3448300,538.5844055175781,535.7340460205078,538.9180075074071,535.3112519593434,66.02346125474531,3.6067555480636884,0.664683212663323,2.9420723354003653,-0.008458017219787672,0.007858897453415175,-0.22230491655390172,0.017506348565876406,1,IVV
2024-08-23,551.000732421875,551.9463443262933,546.2533358413965,548.4759670816566,2450100,541.4484375,536.1766156005859,540.7768882634791,536.4734356973087,85.4557289998433,4.303452566170449,1.3924370833647481,2.911015482805701,0.010801323192322299,0.008084758262147048,-0.28947597366818434,0.027647824224270146,1,IVV
2024-08-26,549.4411010742188,552.7457750003034,547.9983778492772,552.0438694458398,5861500,544.1311645507812,536.5657684326172,542.109844080516,537.4340035030057,81.99048706339444,4.675840577510371,2.0491177821938726,2.6267227953164984,-0.002830543147921083,0.008370801427198574,1.3923513325986696,0.023995814491133416,0,IVV
2024-08-27,550.4451293945312,550.9130862540567,547.3354326032921,548.4077767201677,2258100,546.0447509765625,536.9712957763672,543.3921956672876,538.3977906060816,87.48068863170597,4.994405061206066,2.6381752379963115,2.356229823209755,0.001827362966384305,0.007339281823643402,-0.6147573146805425,0.02509227909228029,0,IVV
2024-08-28,547.228271484375,550.5427034561282,544.030873363346,550.0748060478442,2890600,547.4631286621094,537.225726928711,543.9823611776087,539.05190030077,78.46780824641498,4.930460876838765,3.096632365764802,1.8338285110739632,-0.005844102778590599,0.007923209652476082,0.28010274124263757,0.018618885980848265,0,IVV
2024-08-29,547.31591796875,552.5214540473357,546.1656307472699,549.2070822647593,2504500,547.97783203125,537.4559796142578,544.4952160685535,539.6640497576574,77.45630116104945,4.831166310896151,3.443539154791072,1.3876271561050793,0.0001601643938045072,0.006086337294773316,-0.13357088493738323,0.018345573830193196,0,IVV
2024-08-30,552.4826049804688,553.0480206888589,546.1169629927558,549.6848592749108,3016100,548.886376953125,537.8227117919922,545.7240451319251,540.6135723667545,79.65576838237077,5.110472765170584,3.776925876866975,1.3335468883036095,0.009440045213546577,0.006653511580361993,0.20427230984228384,0.027257854432422013,0,IVV
2024-09-03,541.2817993164062,549.6750354242052,538.6399999003713,549.343627961596,7817800,548.1698913574219,537.9835577392578,545.0406226987683,540.6630706593213,59.43216507414574,4.377552039446982,3.8970511093829767,0.4805009300640055,-0.020273589725885555,0.00903685868254696,1.5920228109147576,0.006130747919153023,0,IVV
2024-09-04,540.1510009765625,543.3971878446382,538.5815455758751,539.3224227708619,3948900,547.4222045898438,538.1490850830078,544.2883732030443,540.6251395717095,56.79917405273589,3.6632336313348333,3.8502876137733484,-0.18705398243851512,-0.0020891120692989595,0.009040405965476415,-0.4948834710532375,0.0037200024101982088,1,IVV
2024-09-05,538.6497192382812,542.7537571048982,536.2613842280043,539.994983546155,6824000,546.3109069824219,538.2442266845703,543.4208879776962,540.4788121396036,46.05801469100217,2.9420758380925918,3.6686452586371976,-0.7265694205446058,-0.0027793741667923033,0.008855479648923848,0.7280761731114993,0.000753361640697392,1,IVV
2024-09-06,529.6911010742188,540.5896466024074,528.7552468674695,539.020191311821,3525700,544.7687377929688,538.1438189697266,541.308613069469,539.6797224310566,36.913539381761474,1.628890638412372,3.2606943345922326,-1.6318036961798605,-0.016631621337761193,0.00983981884080761,-0.4833382180539273,-0.015707172687945192,1,IVV
2024-09-09,535.6375122070312,536.8365884190044,531.9429437863258,533.8633815818828,4313000,543.2324157714844,538.1467413330079,540.4361360137093,539.3802994514991,37.975846844379554,1.0558365622101746,2.8197227801158213,-1.7638862179056467,0.01122618658450758,0.009905872708476714,0.2233031738378195,-0.0046627228843961754,1,IVV
2024-09-10,537.6165161132812,538.2598750664838,532.6643835844731,537.5092995375232,5964600,542.0499572753906,538.229994506836,540.0023483367204,539.2496488338534,40.802521055523776,0.7526995028670171,2.4063181246660608,-1.6536186217990436,0.003694670110194087,0.010114844518200276,0.38293531184790175,-0.0011398071453019298,1,IVV
2024-09-11,543.4166870117188,544.3524817572451,529.2426809423991,537.8114383223405,4692000,541.3471130371094,538.4062432861328,540.527631209797,539.55831832851,44.53775861761001,0.96931288128701,2.1189170759902507,-1.1496041947032407,0.010788676918577655,0.010872681351761428,-0.21335881702042048,0.009306065425625398,1,IVV
2024-09-12,548.017822265625,548.2810442802883,541.86667363499,543.9917868125955,3480300,541.4260681152343,538.6062786865234,541.679968295309,540.1849482497778,52.50256587138674,1.4950200455311915,1.994137669898439,-0.4991176243672475,0.008467048149014555,0.011136635003643557,-0.2582480818414322,0.01747388389539961,1,IVV
2024-09-13,550.8253784179688,551.9074209177853,548.3980713783494,548.6125640216926,3952900,541.7770141601562,538.8152801513672,543.0869544680259,540.9731282622364,49.840473083650295,2.113826205789451,2.0180753770766415,0.09575082871280927,0.005123111034485595,0.01124470756077013,0.13579289141740647,0.022289824934488722,1,IVV
2024-09-16,551.74169921875,552.0049212501722,548.8562526464509,550.6498989753961,2453800,541.7029235839843,538.9757379150391,544.4184536604449,541.7708001849411,52.1177389359897,2.64765347550383,2.143990996762079,0.503662478741751,0.0016635413629870754,0.010834260661058128,-0.3792405575653318,0.02368559548356375,1,IVV
2024-09-17,551.9463500976562,555.3484824364231,549.7724482217989,553.9544887574275,3725800,542.7693786621094,539.1276153564453,545.5765915738621,542.52454462292,51.40253957971712,3.052046950942099,2.3256021875980832,0.7264447633440159,0.00037091791176191435,0.008207562429491779,0.5183796560436873,0.023776809749832317,1,IVV
2024-09-18,550.2990112304688,557.444502164311,549.753111073776,552.6191017710761,5198300,543.7841796875,539.2364080810547,546.3031176748784,543.1004310382939,52.955565764290235,3.202686636584531,2.501019077395373,0.7016675591891577,-0.0029845996207711334,0.008261639688997579,0.39521713457512475,0.020515311992344465,1,IVV
2024-09-19,559.7352905273438,561.5971818323264,556.9375449311116,559.7645043652866,3623500,545.8927368164062,539.4302044677735,548.3696058060269,544.3326428522976,60.13048010984864,4.036962953729358,2.80820785266217,1.2287551010671875,0.017147549067506818,0.009341782308979465,-0.3029451936209915,0.037641729905733,1,IVV
2024-09-20,558.5654907226562,559.754809276566,555.7579873315519,558.3608153599342,8763600,548.78017578125,539.6939935302735,549.9382034855083,545.3869278797315,55.307912390845395,4.551275605776823,3.1568214032851007,1.3944542024917221,-0.002089916116572499,0.006489280058852031,1.4185456050779632,0.034967032093389694,1,IVV
2024-09-23,560.115478515625,560.7978685407671,558.643481896738,559.8522564848264,31440700,551.2279724121094,539.9189849853516,551.5039381055262,546.4779316305385,69.76278585399783,5.026006474987753,3.5306584176256317,1.4953480573621212,0.0027749437061774795,0.0061806051206702295,2.5876466292391256,0.03740652596393024,1,IVV
2024-09-24,561.7433471679688,561.8408059450267,558.1949671031466,560.9634984555769,7326000,553.6406555175781,540.1459234619141,553.0792318074405,547.6087031518296,72.42362432510893,5.470528655610906,3.9186324652226867,1.5518961903882191,0.00290630899302724,0.006196962640840718,-0.7669899207078723,0.039984424149000386,0,IVV
2024-09-25,560.4172973632812,562.3648040974451,559.4680632881599,561.611246515534,31448300,555.3407165527344,540.2810284423828,554.2081649698775,548.5574879082334,72.68817751539518,5.65067706164416,4.265041384506981,1.385635677137179,-0.002360597257400121,0.0060888054830195975,3.2926972426972423,0.037269990728622915,0,IVV
2024-09-26,562.8150634765625,565.1245961560055,560.3881009815766,564.8506131631797,8915300,556.8204406738281,540.618695678711,555.5323032016752,549.6136046169985,89.994797094037,5.91869858467669,4.595772824540923,1.3229257601357673,0.0042785369483822056,0.005816706655022888,-0.7165093184687248,0.0410573440675881,0,IVV
2024-09-27,561.7972412109375,564.5862885418738,560.8969261721916,563.8327906175203,7128700,557.917626953125,541.0223760986328,556.4961398184847,550.5160962165495,85.85317131686065,5.980043601935222,4.872626980019783,1.1074166219154389,-0.001808448870109891,0.005905936023750934,-0.20039707020515296,0.038399271509090616,1,IVV
2024-09-30,564.4884643554688,564.8505495343256,558.6754502196181,560.9360635096535,6090000,559.1923034667968,541.5504595947266,557.72572820879,551.551086449062,86.12406586301621,6.174641759727933,5.133029935961413,1.0416118237665204,0.004790381559600432,0.005969177075210453,-0.14570679085948346,0.04235617264161862,0,IVV
2024-10-01,559.1548461914062,563.8913995544802,556.6006589392117,563.8228888959923,5475700,559.9131530761719,541.8601544189453,557.9455925138078,552.1143279114578,71.42562759455049,5.831264602349961,5.272676869239122,0.5585877331108389,-0.009448586642337164,0.007034791203000684,-0.10087027914614122,0.03191726062789502,1,IVV
2024-10-02,559.3800048828125,560.3782178897083,555.8276041903688,558.2546260374963,4400400,560.8212524414063,542.1924835205078,558.1662713398085,552.6525262056323,67.56055134837354,5.513745134176247,5.320890522226548,0.19285461194969944,0.000402676812943481,0.006884405490152036,-0.19637671895830666,0.03170003621353157,1,IVV
2024-10-03,558.3133544921875,560.2803932392712,556.0820688297296,557.9414735484445,2553800,560.6790588378906,542.7485516357422,558.1888995170976,553.0718468194511,62.231044239247254,5.1170526976465,5.280122957310539,-0.16307025966403899,-0.0019068439724592157,0.004256750277589428,-0.4196436687573857,0.02867774185584815,1,IVV
2024-10-04,563.3824462890625,563.8032462413644,558.714404007686,562.8344208011463,2433500,561.1607543945313,543.4619561767578,558.9879067127845,553.8355949283111,66.74286557038567,5.152311784473341,5.2545607227431,-0.10224893826975912,0.009079295266876786,0.00510085759820604,-0.04710627300493386,0.03665480147395206,1,IVV
2024-10-07,558.3328857421875,562.2962903932198,557.1585281377274,561.7580605791825,2664300,560.9824951171875,543.9564141845703,558.8871342557695,554.1687275811909,58.06213507853565,4.7184066745786595,5.147329913110212,-0.4289232385315529,-0.008962935533643024,0.005901664188175871,0.09484281898500102,0.026429454976036215,1,IVV
2024-10-08,563.627197265625,564.1752228465672,560.0258777722466,560.8576820491078,2307800,561.1708801269531,544.5493511962891,559.6163747188242,554.869354965223,65.40645949656621,4.747019753601194,5.067267881208409,-0.3202481276072149,0.0094823565987876,0.006621481378312157,-0.1338062530495815,0.035034191166374296,1,IVV
2024-10-09,567.4536743164062,568.0604148908984,563.0303455859458,563.6272903882174,2048800,561.8745178222656,545.2763311767578,560.8221131184522,555.8015267690145,60.25143405611707,5.020586349437735,5.057931574854274,-0.03734522541653895,0.006789021305829479,0.00683336888039538,-0.11222809602218564,0.04067175094834519,1,IVV
2024-10-10,566.4553833007812,567.9233152494785,564.9287364633483,566.1618088571025,2197600,562.2385498046875,545.8176251220704,561.6887700695797,556.5907013269232,60.52719016502382,5.098068742656551,5.06595900841473,0.032109734241821286,-0.0017592467205849172,0.006804642533454071,0.07262787973447882,0.037810721436661865,1,IVV
2024-10-11,569.9002685546875,570.6244987168434,566.3478673452804,566.4457653441071,2591700,563.0488525390625,546.5695574951172,562.9520775288271,557.5765951956465,62.42709505781234,5.375482333180571,5.127863673367898,0.24761865981267306,0.006081476768448502,0.0069419138879279,0.17933199854386594,0.0426857126227318,1,IVV
2024-10-14,574.5975952148438,575.4783186616612,571.201747800675,571.5443011385861,1679300,564.059765625,547.6158599853516,564.7436956343681,558.8374100118833,65.1446553182187,5.906285622484802,5.2835480631912795,0.6227375592935225,0.00824236611094964,0.0072069806036056325,-0.35204691901068796,0.04927128156992011,0,IVV
2024-10-15,570.0372924804688,575.1065452564399,568.980364416384,574.9010729455921,3872000,565.1480102539062,548.8749090576172,565.5580951491528,559.6670309354822,60.53149948282636,5.891064213670575,5.405051293287139,0.4860129203834358,-0.007936515523824794,0.0069562573669007186,1.3057226225212886,0.03855593154947834,1,IVV
2024-10-16,572.57177734375,573.1198028925066,569.3325431710394,570.1350198192732,1842500,566.4671875,550.0883325195313,566.6371231790908,560.6229380768355,60.6492942395988,6.0141851022553965,5.5268780550807906,0.48730704717460593,0.004446173779705909,0.006973743729670239,-0.5241477272727273,0.04087242629059107,0,IVV
2024-10-17,572.7382202148438,576.3395400876001,572.4739733019837,576.202518745353,2731000,567.9096740722656,551.3758581542969,567.5757534922836,561.5203663833546,62.168047581487095,6.05538710892904,5.63257986585044,0.4228072430785996,0.0002906934600688249,0.006858172596032783,0.48222523744911805,0.038743738494565694,0,IVV
2024-10-18,574.9010009765625,575.6447031341498,572.9339622283763,574.3529753323681,4120400,569.0615295410156,552.4711206054687,568.7027146437111,562.51152450137,61.71807492743131,6.191190142341156,5.744301921148583,0.4468882211925731,0.0037762116886619346,0.006494770662026258,0.5087513731233981,0.04059919068079476,0,IVV
2024-10-21,574.049560546875,575.1162244373535,570.9668792058742,574.1278072540385,3512800,570.6331970214844,553.5049035644531,569.525306321121,563.3661938380741,68.64299956454977,6.159112483046897,5.827264033528246,0.33184844951865067,-0.0014810209553317577,0.005429336809493614,-0.14746141151344527,0.03711738929523234,0,IVV
2024-10-22,573.5993041992188,574.7344786196546,570.8199934411393,571.3778147467142,2640900,571.6304077148437,554.5246130371094,570.1520752254437,564.1242020129738,67.69788949273986,6.027873212469899,5.8673858693165775,0.16048734315332158,-0.000784351001379191,0.004975627460413722,-0.24820655887041676,0.03439827685490471,0,IVV
2024-10-23,568.3734741210938,571.9845893029723,564.8895844935333,571.5442574783563,2911600,571.7223876953125,555.2658972167969,569.878444286313,564.4389629098715,61.34647342037401,5.439481376441449,5.781804970741552,-0.34232359430010284,-0.009110593475040174,0.005682496293778568,0.10250293460562676,0.023605946214231732,1,IVV
2024-10-24,569.5870361328125,570.3699212985315,567.0229931398455,570.3699212985315,4080600,572.0355529785156,555.996748046875,569.8336122626976,564.8203016671264,57.66453846594627,5.01331059557117,5.6281060957074756,-0.6147955001363057,0.0021351489240333255,0.005668522092827242,0.4014974584420936,0.024443107147079424,0,IVV
2024-10-25,569.4598388671875,574.7443587960826,568.4909534697599,571.8868009205921,3781700,571.9915100097656,556.5425671386719,569.7761086633883,565.1639710893531,65.64814337951279,4.61213757403516,5.424912391373013,-0.8127748173378535,-0.0002233148887808012,0.0053272492526952805,-0.07324903200509725,0.023209854000793895,0,IVV
2024-10-28,571.1724243164062,572.9241351817959,570.8885858729128,572.8947478682019,3635600,571.6489929199219,557.0980725097656,569.9909264561603,565.6090416987645,61.799792679644234,4.381884757395824,5.216306864577575,-0.8344221071817515,0.00300738582834148,0.004632110223881995,-0.038633418832800026,0.025263687851646344,0,IVV
2024-10-29,572.0531005859375,573.1883348056514,568.8432536042894,570.2132876618278,3912700,571.8505737304688,557.5702014160156,570.3081840145876,566.0863793941107,57.922925038322994,4.22180462047686,5.017406415757432,-0.7956017952805725,0.0015418746284632245,0.0038681038852006293,0.07621850588623613,0.025975023652879736,0,IVV
2024-10-30,570.21337890625,573.6092266080911,569.71427237895,571.6225962708488,3831000,571.6147338867188,558.0219116210938,570.2935986133049,566.3920830616767,56.291113295419024,3.901515551628222,4.794228242931591,-0.8927126913033687,-0.003215998091441352,0.003724951323685309,-0.020880721752242648,0.02184764976296205,1,IVV
2024-10-31,559.0277709960938,566.05426663703,558.9690560916416,565.9760199179736,8318700,570.2436889648437,558.2072131347657,568.5603943645032,565.846578464226,35.54504984801348,2.7138159002771545,4.3781457744007035,-1.664329874123549,-0.019616530098981233,0.007100789543105975,1.17141738449491,0.0014699879220836376,1,IVV
2024-11-01,561.4546508789062,565.946549465779,561.131748817012,561.7580808593766,3188800,568.8990539550781,558.5340502929688,567.4672030590267,565.521250494943,31.403828151177777,1.9459525640836546,3.891707132337294,-1.9457545682536392,0.004341251023161519,0.007157394007153458,-0.6166708740548403,0.005229046616594735,1,IVV
2024-11-04,560.3292846679688,562.9617787288997,558.4405524577561,561.6699912613856,3496000,567.5270263671875,558.7206213378906,566.3690617680948,565.1366604336857,34.785037574421835,1.232401334409019,3.359845972751639,-2.12744463834262,-0.002004375970839023,0.0071523218116508564,0.09633718013045667,0.002879190902648432,1,IVV
2024-11-05,567.1013793945312,567.1405624830334,561.1024246527381,561.3079566764204,2988700,566.8772338867187,559.0738269042969,566.4817260183157,565.2821951715262,42.43175005277602,1.1995308467895711,2.927782947559226,-1.7282521007696547,0.012085919675919543,0.008504162793318348,-0.14510869565217388,0.014358662673737532,1,IVV
2024-11-06,581.1837158203125,582.0840308365106,575.7229913642733,579.4222091432941,5260500,568.1582580566406,559.6885986328125,568.7435706032383,566.4600855899548,58.43599069895613,2.283485013283439,2.7989233607040687,-0.5154383474206297,0.024832132203268964,0.011276249256256352,0.7601298223307793,0.038405494126568795,1,IVV
2024-11-07,585.7147827148438,586.7227318331084,583.1801266654478,583.2682288846739,3892800,569.7710327148437,560.4583288574219,571.3545263127161,567.8863594510577,60.31364787379573,3.4681668616583465,2.932772060894924,0.5353948007634224,0.007796272970477025,0.011409027106232377,-0.2599942971200456,0.04506392814058269,0,IVV
2024-11-08,588.2786865234375,589.6781079567608,586.311647954049,586.311647954049,5485700,571.6529174804688,561.2775842285156,573.9582432682116,569.3969021971599,63.14175484959109,4.561341071051743,3.258485862926288,1.3028552081254547,0.004377393031997245,0.011363797561230946,0.40919132757912036,0.048106503900445796,0,IVV
2024-11-11,588.7289428710938,590.1968751420501,587.1239892529054,589.9130366755957,3995600,573.4085693359375,562.0025109863282,576.230658591732,570.8289052100438,63.97345154693106,5.401753381688195,3.68713936667867,1.7146140150095253,0.0007653793312096813,0.01139261085426434,-0.271633519878958,0.04755571614415044,0,IVV
2024-11-12,586.92822265625,589.3453890002236,584.579507252036,588.758240014327,6449700,574.8960815429688,562.915439453125,577.8764376785809,572.0214472430961,68.2942475612765,5.854990435484865,4.120709580439909,1.7342808550449558,-0.003058657531022746,0.01155383582242167,0.614200620682751,0.042657886993566096,0,IVV
2024-11-13,587.3685913085938,589.2866510744476,585.1471015598509,587.456633787881,3592600,576.6116027832031,563.8597912597656,579.3367690062752,573.1582727294292,67.803352982228,6.178496276845976,4.532266919721123,1.6462293571248532,0.0007502938781012158,0.011397866972351796,-0.44298184411678065,0.041692634256301764,0,IVV
2024-11-14,583.4833984375,587.9067861293167,582.896249509519,587.4272712164143,2687700,579.0571655273437,564.75646484375,579.9747119956944,573.923096855953,63.058101681352355,6.051615139741443,4.836136563725187,1.215478576016256,-0.006614573759277764,0.009021764684774556,-0.25187886210543897,0.03315930805489975,1,IVV
2024-11-15,576.0751953125,580.3811529779595,574.2060548876807,579.9505572114135,5426600,580.5192199707031,565.6841467285157,579.374786352126,574.0825115564379,54.12744004891658,5.2922747956880585,4.927364210117762,0.3649105855702963,-0.012696510551693962,0.010505579708086035,1.0190497451352458,0.018368993799946942,1,IVV
2024-11-18,578.4729614257812,579.7158298893783,575.6349948114556,576.4961865409896,5775700,582.3335876464844,566.5408557128907,579.2360440557652,574.4077300652781,55.27000093191882,4.828313990487118,4.907554166191633,-0.07924017570451536,0.00416224502077478,0.01038404092520218,0.06433125714075105,0.021061333163477025,1,IVV
2024-11-19,580.4888916015625,581.2620408048693,574.4410179703484,575.067350058256,3747700,583.6723388671875,567.3983032226563,579.4287898320417,574.8581864753733,58.41073591066597,4.570603356668471,4.840164004287001,-0.2695606476185297,0.0034849168590569413,0.00991556876812474,-0.35112627040878164,0.023071250485867667,1,IVV
2024-11-20,580.7530517578125,580.9781155528411,574.9400385953974,580.5475197730212,4696900,583.6292724609375,568.1450305175781,579.6325224360064,575.2948431629615,71.65414878615292,4.337679273044955,4.739667058038592,-0.4019877849936364,0.0004550649634675885,0.006009660048008253,0.2532753422098888,0.022191554203595754,1,IVV
2024-11-21,583.7281494140625,585.2352647933113,577.6998670880207,583.6107196092273,4175400,583.4306091308594,568.8592370605469,580.2626188941689,575.9195325148949,71.96057640578043,4.343086379274041,4.660350922285682,-0.31726454301164075,0.005122827417342046,0.005671387623084388,-0.11103067981008752,0.026138122376894835,1,IVV
2024-11-22,585.6560668945312,586.2726032371935,583.4052493203651,583.8847643134762,3302700,583.1683471679687,569.5558508300782,581.0923801249938,576.6407572837568,74.58194217686268,4.451622841237054,4.618605306075956,-0.16698246483890244,0.003302765992018619,0.005581856453549279,-0.20900991521770373,0.028268019792946353,1,IVV
2024-11-25,587.3881225585938,590.8622763987282,585.3624287731883,589.5900207630281,4637900,583.0342651367188,570.268779296875,582.0609558840092,577.4368584152261,71.82544789781547,4.624097468783134,4.619703738617392,0.004393730165742404,0.0029574621727164185,0.005676374492820215,0.4042752899143125,0.030019779941006908,1,IVV
2024-11-26,590.8525390625,591.3614413671102,588.1809214239317,588.8855002484835,4413200,583.4266967773438,571.0469030761719,583.4135071422386,578.4306125372464,63.48245563268321,4.982894604992225,4.692341911892358,0.2905526930998672,0.005898002310321893,0.005880503712443039,-0.048448651329265346,0.03468302845114324,1,IVV
2024-11-27,588.9540405273438,590.8818963500248,587.4273932670914,590.568730279932,4669400,583.5852416992187,571.8200036621093,584.2658968937932,579.2101257216981,54.87480481307982,5.055771172095092,4.765027763932905,0.2907434081621867,-0.0032131511834891935,0.006007602049142763,0.05805311338711139,0.029964038955445416,1,IVV
2024-11-29,592.1344604492188,593.3577372049693,589.5019664816311,589.7466218327813,3132700,584.4503479003906,572.4679870605469,585.4764451330894,580.1674838496625,55.69689656975999,5.308961283426925,4.873814467831709,0.43514681559521584,0.0054001156338570055,0.0056659294660658605,-0.3291000985137277,0.0343538395739007,1,IVV
2024-12-02,593.739501953125,594.3168552185001,592.5357568303126,593.0152718328402,6048800,586.2167785644531,573.1714672851563,586.7476846438642,581.1728185239931,57.158802939109236,5.574866119871103,5.014024798239588,0.5608413216315151,0.0027106030996550956,0.002697748196508396,0.9308583649886679,0.035884610176758924,1,IVV
2024-12-03,593.9840698242188,594.2384612162048,592.4378312789403,593.44578026691,4839900,587.7678894042969,573.8488391113282,587.8609746716111,582.1218001017876,60.550125484827745,5.73917456982349,5.159054752556369,0.5801198172671214,0.00041191106586180304,0.0027819289136202133,-0.19985782303928057,0.03508803946361949,0,IVV
2024-12-04,597.6441650390625,597.8594330996068,595.0018750295457,595.6673304852959,7524500,589.4834167480469,574.56685546875,589.3660808819882,583.271604911956,64.01493772341237,6.094475970032136,5.346138996051522,0.7483369739806136,0.006161941709862617,0.0029917631157095614,0.5546808818364015,0.04016470729326249,0,IVV
2024-12-05,596.6947631835938,598.4660653979898,596.3815971910097,597.5951378111374,3119000,591.077587890625,575.2924047851562,590.4935704668505,584.2659129320773,69.58773055434395,6.227657534773243,5.522442703795867,0.7052148309773765,-0.0015885737885631412,0.0032385282821753565,-0.5854874078011828,0.037202574239495245,0,IVV
2024-12-06,597.7713012695312,599.0043737383637,597.0079479391844,597.4189521853594,4985800,592.4819030761719,575.9915295410157,591.6132213595706,585.266312068185,89.60313198407269,6.3469092913856,5.687336021313813,0.6595732700717871,0.0018041688185661542,0.0031328447988095355,0.5985251683231805,0.03781265975538051,0,IVV
2024-12-09,594.6886596679688,597.7908728570361,594.1113064768809,597.6930346067774,2973800,593.3851623535156,576.6493579101563,592.0863657147088,585.9642637422431,78.87741570835416,6.122101972465657,5.774289211544183,0.3478127609214745,-0.005156891264293972,0.003904493912423499,-0.403546070841189,0.03128296513359352,1,IVV
2024-12-10,592.96630859375,595.7064367831688,592.2225467144118,595.3835347015993,4489100,593.9429809570313,577.2189147949218,592.2217415422535,586.4829337312436,72.45496485061511,5.738807811009906,5.767192931437327,-0.02838512042742103,-0.0028962231685742967,0.004101938514655848,0.5095500706167193,0.02728149302665006,1,IVV
2024-12-11,597.5364990234375,598.407426721212,595.500949677545,595.7847283958857,4892100,594.611376953125,577.9865478515625,593.0393965393588,587.3017163454803,76.15121255349501,5.737680193878532,5.7612903839255685,-0.02361019004703646,0.00770733575154714,0.004375094187314296,0.08977300572497837,0.033824232146135946,0,IVV
2024-12-12,594.3657836914062,597.1255036727198,594.3657836914062,596.5970695304632,5830800,595.1525512695313,578.6862634277344,593.2434561012122,587.8249805933266,66.47465285326729,5.41847550788566,5.692727408717587,-0.27425190083192774,-0.005306312396335944,0.0046477632374989685,0.1918807873919175,0.027095027572967334,0,IVV
2024-12-13,594.2579956054688,597.1058170707465,592.8781658376644,596.4109744367104,9728800,595.3649047851562,579.40515625,593.3995391018672,588.3015002238557,64.11785211987161,5.098038878011494,5.573789702576368,-0.4757508245648747,-0.00018134974942207727,0.004377914951548047,0.6685188996364135,0.02563463440953595,0,IVV
2024-12-16,596.792724609375,597.7811418125588,595.2954051478443,595.9902478674863,23494300,595.6702270507812,580.0733618164063,593.9215676414838,588.9304798079683,65.03899196736192,4.9910878335155076,5.457249328764196,-0.4661614952486888,0.004265367942291931,0.004496410614976901,1.4149227037250225,0.028822841891264828,0,IVV
2024-12-17,594.1941528320312,595.176210785622,592.9273196503211,594.2138131719224,20235900,595.6912353515625,580.7905871582032,593.9635038246449,589.3203815134543,55.49579501263804,4.643122311190609,5.294423925249479,-0.6513016140588697,-0.004354228311085118,0.0047545832962827585,-0.13868895859846853,0.0230781386100134,0,IVV
2024-12-18,576.7234497070312,596.4137026346224,576.1636693969214,594.0076483003126,33342500,593.5991638183593,581.0525122070312,591.3111878065505,588.3872754537192,36.69829030553586,2.9239123528312803,4.8203216107658395,-1.8964092579345593,-0.029402347770895454,0.010037370432555981,0.6476904906626342,-0.007450380833148307,1,IVV
2024-12-19,576.3010864257812,583.1460015998322,576.2028446662601,581.6336539277904,19020700,591.5597961425781,581.2294604492188,589.0019414402783,587.4920021923905,31.680992477889845,1.5099392478878144,4.158245138190234,-2.64830589030242,-0.000732349762203266,0.010059218809087974,-0.42953587763365075,-0.008479222680193299,1,IVV
2024-12-20,582.6845092773438,587.8304837778594,573.1977951158027,574.0424105783053,16782900,590.0511169433594,581.55404296875,588.0300287998268,587.1358916060907,38.48296209630756,0.8941371937361282,3.5054235492994135,-2.6112863555632853,0.01107654141544745,0.01098002733740806,-0.11765076995063273,0.00194387146347208,0,IVV
2024-12-23,586.9171752929688,587.40820430785,579.8856062334315,583.0282039166851,16542300,589.2739685058593,581.8943811035156,587.8588205680024,587.1196903977113,43.20257938464862,0.7391301702911051,2.9521648734977517,-2.2130347032066466,0.007264078499142679,0.011342401097500421,-0.014336020592388699,0.008631797028058275,0,IVV
2024-12-24,593.5166015625,593.5166015625,587.5751622193764,588.1447726839275,2365700,589.3289978027344,582.2727612304687,588.7292484133097,587.5935356691772,46.24230691438643,1.1357127441325474,2.5888744476247108,-1.4531617034921633,0.011244220730526555,0.011978773288883205,-0.8569908658409049,0.019310263300434283,0,IVV
2024-12-26,593.2318115234375,594.4790444236951,590.2168861269528,591.5230401124157,10375300,588.8985290527344,582.7366516113282,589.4219504302524,588.0111857324557,46.808745197959375,1.4107646977967079,2.3532524976591103,-0.9424877998624024,-0.0004798350009296293,0.011681571613359856,3.3857209282664753,0.018010124956254536,0,IVV
2024-12-27,586.8091430664062,589.7945777955453,582.9594325655996,589.5981542083508,7034200,588.1428649902343,583.0213989257812,589.0199800665838,587.9221455349706,40.80402565804026,1.0978345316132163,2.1021689044499317,-1.0043343728367153,-0.01082657459069436,0.012050121565774783,-0.322024423390167,0.006496749772141985,1,IVV
2024-12-30,580.3765869140625,583.902201320923,576.7036997790417,580.1802232765156,3730600,586.7547241210938,583.1741662597656,587.6902272738882,587.3632152667551,38.6327212651284,0.32701200713313483,1.7471375249865724,-1.4201255178534375,-0.010961922165578453,0.012424042872131317,-0.46964828978419726,-0.004797159249432359,1,IVV
2024-12-31,578.1178588867188,582.772803915486,576.7135232302807,582.1050117114492,7228800,584.8872375488281,583.2385034179688,586.2175552143237,586.678374053419,38.30634036044679,-0.4608188390952819,1.3055462521702017,-1.7663650912654836,-0.0038918317490264087,0.01221173887411908,0.9377043907146303,-0.00877967504072752,1,IVV
2025-01-02,576.9100341796875,583.2540910488857,572.8639596635819,581.5453195709274,9400400,583.1588256835937,583.295712890625,584.7856289013027,585.9547933220316,32.847571869416925,-1.1691644207288618,0.8106041175903891,-1.979768538319251,-0.0020892361107078816,0.012207027746102782,0.3004094732182381,-0.010947583823807339,0,IVV
2025-01-03,583.9415283203125,584.7468231218369,578.6973718494993,579.7481811658763,5867300,583.8806335449219,583.5025573730469,584.6557672734581,585.8056625811636,41.85448909025873,-1.149895307705492,0.4185042325312129,-1.568399540236705,0.012188198720833654,0.008766957401616988,-0.37584570869324707,0.0007523033819112346,0,IVV
2025-01-06,587.5652465820312,591.748822947484,585.728803051102,588.4000317852185,4188000,585.0070495605469,583.8863928222656,585.1033794747771,585.9360021367835,45.04267708276822,-0.832622662006429,0.16827885362368453,-1.0009015156301135,0.006205618346998287,0.008864075994215622,-0.2862134201421438,0.0063006328028702985,0,IVV
2025-01-07,580.9559936523438,589.7945146695282,579.0213084386415,589.5195096888774,3810700,584.8341979980469,584.1137719726562,584.4653201174797,585.5671126194176,38.93745997610718,-1.1017925019378936,-0.08573541748863112,-1.0160570844492625,-0.011248542979923837,0.00912406506387488,-0.09009073543457502,-0.005406101468294566,1,IVV
2025-01-08,581.5648803710938,582.7237015205565,577.4303949613544,580.8774278410576,5303600,584.2989685058594,584.3558728027343,584.0190986180356,585.2706509713935,40.925747584941476,-1.2515523533578516,-0.3188988046624753,-0.9326535486953764,0.0010480771786551824,0.008758980786449762,0.39176529246595115,-0.004776186159050955,1,IVV
2025-01-10,572.8638916015625,578.1277079275969,570.89977566438,578.1277079275969,5881200,582.2336975097656,584.3897021484376,582.3029129231936,584.3516317588135,46.827001721101304,-2.048718835619866,-0.6648628108539534,-1.3838560247659124,-0.014961338043623207,0.00864760680823745,0.1089071574025191,-0.01972281596424752,1,IVV
2025-01-13,573.6986694335938,574.0227653761242,567.6295578247461,568.1304170250023,3658800,580.2803833007813,584.4226135253906,580.9791831555629,583.5625234384269,47.87492573852784,-2.5833402828640146,-1.0485583052559657,-1.534781977608049,0.0014572009935858166,0.008743975077654984,-0.37788206488471743,-0.018349639188509848,1,IVV
2025-01-14,574.4940185546875,577.1946776726195,570.7425503326082,576.6054669320017,4063200,579.0488708496093,584.5082263183593,579.9814655246589,582.8907823359276,42.640159621436574,-2.9093168112686953,-1.4207100064585116,-1.4886068048101837,0.0013863534351212792,0.008424218964853767,0.11052804198097732,-0.01713270628669894,1,IVV
2025-01-15,584.9431762695312,586.0725668778529,574.4940653903104,582.5371223257546,5156300,579.5055297851562,585.0265344238281,580.7448056392547,583.0428115161947,48.404452653555765,-2.2980058769400102,-1.5961691805548115,-0.7018366963851987,0.01818845345184239,0.009922183272983859,0.26902441425477464,-0.0001424861085642659,1,IVV
2025-01-16,583.9512329101562,586.4849589417651,583.1655986195955,586.3180258907838,4562400,580.0888671875,585.4764660644531,581.2381021424703,583.1101019898215,41.49777297954179,-1.8719998473511623,-1.6513353139140818,-0.22066453343708048,-0.0016957943944249099,0.00982998055518218,-0.11517948916858989,-0.002605114368728456,1,IVV
2025-01-17,589.4900512695312,591.4246764517719,587.7714500418325,588.9990223473316,4002700,581.3468688964844,586.0596813964844,582.5076327774028,583.5826908253556,46.95822339009861,-1.0750580479527798,-1.5360798607218213,0.46102181276904153,0.009485070066162837,0.010097328802991464,-0.12267666140627742,0.005853277374196608,1,IVV
2025-01-21,594.8325805664062,595.0879252531195,590.8061065452891,592.7800528417303,7109800,582.4359741210938,586.6143054199218,584.4037785910957,584.4160159913594,56.63905779681219,-0.012237400263643394,-1.231311368630186,1.2190739683665426,0.009062967704661418,0.009797943427556667,0.7762510305543757,0.014009673938315315,1,IVV
2025-01-22,598.3679809570312,599.7821470011806,597.4448439568217,597.9751936859208,3865300,583.5162475585937,586.9579907226563,586.5521174166242,585.4494948777054,65.63683951989967,1.1026225389188085,-0.7645245871203872,1.8671471260391956,0.005943521767517446,0.009785467327825084,-0.4563419505471321,0.01943919397081051,0,IVV
2025-01-23,601.7069091796875,601.7069091796875,597.5331629530438,597.8474286852687,4935900,585.5913391113281,587.2778332519531,588.8836238417109,586.6537477889634,70.12406131313584,2.2298760527474997,-0.1656444591468098,2.3955205118943095,0.005580058306789759,0.008661928552477488,0.27697720746125776,0.02456942031650633,0,IVV
2025-01-24,599.9293823242188,602.7773143528201,598.8196520698141,601.7559956856061,4319400,587.4277893066406,587.5108471679688,590.5829713005583,587.6371281249083,69.44899106318682,2.9458431756499976,0.45665306781255166,2.489190107837446,-0.0029541406760511535,0.008880059831836182,-0.12490123381754092,0.021137541912821023,0,IVV
2025-01-27,591.5621948242188,591.7193576499741,586.7992381269768,586.9465108435597,4649800,589.2976196289062,587.5675122070312,590.7336210734292,587.9278738063387,56.29656600458512,2.80574726709051,0.9264719076681434,1.8792753594223666,-0.013946954002459822,0.008653086077388194,0.07649210538500717,0.006798678507909051,0,IVV
2025-01-28,596.5905151367188,597.3761496939666,589.3822416503742,592.7016030993155,5644500,591.5868041992187,587.7607580566406,591.6346816985506,588.5695509419223,57.2879558237603,3.065130756628264,1.3542036774601676,1.7109270791680964,0.008500070417776007,0.008776626212292287,0.213923179491591,0.015022706022893795,0,IVV
2025-01-29,594.0567016601562,596.1387198465133,591.3462718237124,595.7262123135204,5827800,593.5430725097656,587.8945202636719,592.0073001541822,588.9760065506804,61.324244758417656,3.0312936035018083,1.689621662668496,1.3416719408333124,-0.0042471568224342615,0.009133368934122114,0.03247408982195066,0.010481780632553894,1,IVV
2025-01-30,597.0323486328125,598.5643567298754,592.799681009897,596.0306302824031,2901100,594.7519897460937,588.1654992675781,592.7803845355099,589.5727726308382,62.84451797134681,3.207611904671694,1.9932197110691356,1.2143921936025583,0.005009028539431526,0.007579692050711899,-0.5021963691272864,0.015075432639751973,1,IVV
2025-01-31,593.8111572265625,601.9033654051862,593.1237645863458,599.4874811739397,5415400,595.7379821777344,588.5202185058594,592.938964949518,589.8867270453363,69.13670701433915,3.052237904181652,2.205023349691639,0.8472145544900131,-0.005395338148136308,0.007868884724194577,0.8666712626245217,0.008990241208935545,0,IVV
2025-02-03,589.902587890625,592.318472131206,582.6943157902953,584.8941161036391,4540200,595.7792358398438,588.7488110351562,592.4718300173806,589.8879019227651,64.01616781072511,2.583928094615544,2.2808042986764203,0.30312379593912375,-0.006582175643503829,0.007742845489210207,-0.1616131772352919,0.0019597098692059056,1,IVV
2025-02-04,593.8407592773438,594.3219581919031,589.4214974969954,589.8928662394088,3340800,595.6800537109375,589.0158483886719,592.6824345189134,590.1807061712524,65.87172115017741,2.5017283476610146,2.324989108473339,0.17673923918767542,0.006675968994814596,0.007467628879212714,-0.2641733844324039,0.008191478891223403,1,IVV
2025-02-05,596.276123046875,596.393965208502,590.7078711197861,592.7210779776516,2787600,595.4708679199218,589.3263098144531,593.2353096770613,590.6322185324095,60.70490890285623,2.603091144651785,2.3806095157090286,0.22248162894275625,0.004101038420627923,0.0073221180704939656,-0.16558908045977017,0.01179281005562105,0,IVV
2025-02-06,598.4661865234375,598.4661865234375,594.7441482339082,597.9751575092043,5303600,595.1467956542969,589.6210705566406,594.0400599611191,591.2125124576709,63.40711541779091,2.8275475034482724,2.4699971132568774,0.357550390191395,0.003672901516451166,0.007174544767561838,0.9025685177213374,0.015001356648341124,1,IVV
2025-02-07,592.9666137695312,600.1258550158567,592.1711491799466,598.8982825047655,4828400,594.4505187988282,589.7672814941407,593.8749143931825,591.3424458881791,53.21354744947238,2.5324685050034077,2.4824913916061835,0.049977113397224215,-0.009189446083585628,0.007664163651965426,-0.08959951730899762,0.005424736800056618,1,IVV
2025-02-10,596.8457641601562,597.4938960824483,594.8521575999574,596.0895603007615,2091800,594.9788757324219,589.9564343261719,594.3319682034862,591.7500990935107,51.912621539375046,2.581869109975514,2.5023669352800497,0.0795021746954645,0.006541937270236886,0.006512191269230706,-0.5667716013586281,0.011677692509368232,1,IVV
2025-02-11,597.317138671875,597.8376582009809,594.5182972517844,594.6066489083829,3962700,595.0515380859375,590.0857263183593,594.791225198623,592.1624723956118,48.93993259210094,2.6287528030112526,2.5276441088262906,0.10110869418496193,0.0007897760862591863,0.005945285955469483,0.8943971699015203,0.012254850492035452,1,IVV
2025-02-12,595.3333740234375,596.5609464662482,590.7176896504571,591.306900446982,4838800,595.1792053222656,590.2133129882812,594.8746327101329,592.3973539976729,43.3897815837583,2.47727871246002,2.5175710295530367,-0.04029231709301673,-0.003321124608693382,0.005876210578512367,0.22108663285133878,0.008674933151258779,1,IVV
2025-02-13,601.6774291992188,601.9131135174969,595.2744521057734,596.5117947767337,3370400,595.6437133789062,590.4041723632813,595.9212167853768,593.0847669755652,51.65609250063029,2.8364498098115973,2.581346785604749,0.25510302420684816,0.01065630695774078,0.006611818928911586,-0.30346366867818464,0.01909413477010613,0,IVV
2025-02-14,601.687255859375,602.9148282932969,601.0587243875925,601.9229401762784,2797300,596.4313232421875,590.5631274414062,596.808299719838,593.721988374366,61.3972482648789,3.0863113454720406,2.682339697578208,0.40397164789383266,1.6332107005023744e-05,0.0062610163690520375,-0.17003916449086165,0.01883647640881958,0,IVV
2025-02-18,603.4549560546875,603.4549560546875,600.3909400148208,602.8460849147178,3723600,597.7865600585938,590.7525451660156,597.8308622328918,594.4429489432787,58.33907971830109,3.3879132896131523,2.8234544159851973,0.564458873627955,0.002937905328886714,0.005613529788065761,0.3311407428591857,0.021502084066522764,0,IVV
2025-02-19,604.8003540039062,605.1637106438766,601.5595748133295,602.0899244587366,3210800,598.88251953125,590.8956689453125,598.9030917361248,595.2101641329548,63.439696059957306,3.6929276031700056,2.9973490534221594,0.6955785497478462,0.0022294919210121833,0.005399371412992266,-0.13771618863465462,0.023531539981350935,0,IVV
2025-02-20,602.4533081054688,603.6121293254379,599.0258754163333,603.5041173335906,2625900,599.5002380371094,591.01083984375,599.44927886987,595.7466933161039,56.889663913914305,3.7025855537660846,3.1383963534909447,0.5641892002751399,-0.0038806953119315812,0.005614249921611164,-0.1821664382708359,0.019360843304911057,0,IVV
2025-02-21,592.0532836914062,602.2175597068166,591.601515446698,602.1390382260461,3615100,598.8589477539062,590.8964794921875,598.3114334577987,595.4731074179781,48.110629309157225,2.838326039820572,3.0783822907568705,-0.24005625093629845,-0.017262789122641564,0.007945168733237768,0.3767089378879622,0.0019577104270664947,0,IVV
2025-02-24,589.2347412109375,595.0289068088681,588.6651308445508,594.0566191362217,5666900,598.4857604980468,590.7874011230468,596.9150192659738,595.0110062174566,49.264972606089266,1.9040130485171858,2.843508442308934,-0.9394953937917481,-0.004760623001523356,0.0075547805006569105,0.5675638294929601,-0.0026281195387001244,0,IVV
2025-02-25,586.3672485351562,589.9910452068339,581.8104847100528,589.2741020573237,4592100,597.4379089355468,590.655419921875,595.2922853073865,594.3707278706195,41.57617669073617,0.9215574367669888,2.459118241200545,-1.5375608044335562,-0.004866469125510586,0.007209027235696432,-0.18966277859146974,-0.007260022073929284,0,IVV
2025-02-26,586.5636596679688,591.6310528219099,584.0986843771316,588.0661773125418,4111800,596.3625610351562,590.4359631347656,593.9494198243991,593.792426522275,38.47060068019029,0.15699330212407858,1.998693253385252,-1.8416999512611734,0.00033496265915800016,0.007192666412251663,-0.10459267002025219,-0.006558380092970495,0,IVV
2025-02-27,577.234130859375,590.0990678166128,576.8707142225035,588.9893373836524,8190500,594.55263671875,590.093330078125,591.3778369067031,592.565886102801,28.448940245875846,-1.188049196097836,1.3613447634886344,-2.5493939595864705,-0.015905398595396858,0.00847631834269494,0.9919499975679751,-0.02179180574206363,0,IVV
2025-02-28,586.3278198242188,586.9366909195235,574.798469810469,577.8526554562808,5788200,593.01767578125,589.9347265625,590.6009112017056,592.1038071192023,43.71968682156219,-1.502895917496744,0.7884966272915588,-2.2913925447883026,0.0157539003303655,0.00948541582555151,-0.2933032171418106,-0.006114077669742257,0,IVV
2025-03-03,576.2617797851562,589.4312108469227,572.2353660482163,588.3313107059031,6730100,590.4751281738281,589.5241076660157,588.3948909837749,590.9303236129767,32.56802773832193,-2.535432629201864,0.12371077599287428,-2.6591434051947385,-0.017167938649201964,0.01047567676608418,0.162727618257835,-0.022496667580510388,0,IVV
2025-03-04,569.3088989257812,577.6072415717597,564.6146326328221,572.0095585878627,5683400,587.0605224609375,589.0264025878906,585.4585845133143,589.3287365991104,28.6269735328392,-3.8701520857960077,-0.6750617963649022,-3.1950902894311053,-0.012065490204759333,0.010404597966019925,-0.1555251779319773,-0.03347473657459232,0,IVV
2025-03-05,575.544921875,577.1064205033352,565.4984874925187,569.0338723950742,6225900,584.1349792480469,589.00283203125,583.9334056458814,588.3077132862134,35.81974268449284,-4.374307640331949,-1.4149109651583116,-2.959396675173638,0.010953672006507098,0.011460991961273408,0.0954534257662667,-0.022848634037698434,0,IVV
2025-03-06,565.2136840820312,572.4220167411457,562.5916057995496,567.8750830492382,5006500,580.4110168457031,588.781083984375,581.0534484822122,586.597044456274,25.282785304928197,-5.543595974061873,-2.240647966939024,-3.3029480071228488,-0.017950358695393964,0.012165712243457253,-0.19585923320323162,-0.04002744066242647,0,IVV
2025-03-07,568.13037109375,569.7114700545256,558.2017793104158,563.3379233604172,6534100,578.0187255859375,588.4900012207031,579.065282730141,585.2291427257168,28.1156558982279,-6.163859995575763,-3.025290372666372,-3.1385696229093907,0.005160326251576475,0.01198440228603326,0.30512333965844407,-0.034596390906763363,0,IVV
2025-03-10,553.3307495117188,561.9531873895675,548.2338662083903,560.0578226848698,7935600,574.4283264160156,587.8182727050781,575.1061237734607,582.8662987839392,22.06027945334108,-7.76017501047852,-3.972267300228802,-3.787907710249718,-0.0260496927026439,0.013867367775846526,0.21449013636154945,-0.05867038299890104,1,IVV
2025-03-11,548.6168823242188,555.3341253163907,544.6886504186008,551.9067525691489,13308900,570.6532897949219,586.9202783203125,571.0308558581927,580.329304972108,19.81625661379131,-9.298449113915353,-5.037503662966112,-4.260945450949241,-0.008519076866159492,0.013877019162652911,0.6771132617571449,-0.0652616674034725,1,IVV
2025-03-12,551.4058837890625,555.5992904559571,546.3188307528608,554.685983746645,11461400,567.1375122070312,586.083759765625,568.0116293860187,578.1868293289195,22.70513711706596,-10.175199942900804,-6.065042918953051,-4.110157023947753,0.005083696026684681,0.014215748013491743,-0.13881688193614794,-0.05916880548000547,1,IVV
2025-03-13,544.1190795898438,551.5729265465952,542.3710474335192,551.0622371808961,26587800,563.8260070800782,585.2299584960938,564.3358524942995,575.6632923112103,23.487081706702824,-11.327439816910783,-7.117522298544597,-4.209917518366185,-0.013214955468277667,0.014033223759563772,1.31976896365191,-0.0702473930280253,1,IVV
2025-03-14,555.4127807617188,556.3654082946272,544.12894269936,548.6660463598373,9822900,560.7345031738281,584.7306823730469,562.9630722277486,574.1632544186554,32.89625818319871,-11.20018219090673,-7.934054277017024,-3.266127913889706,0.020755936697511412,0.014946360998499542,-0.6305485974770384,-0.05013915379358158,1,IVV
2025-03-17,559.3900146484375,562.1594252609109,554.9511534726109,555.2653592694332,11698400,559.0473266601563,584.3561254882812,562.4133710617008,573.0689403616022,36.50905277217683,-10.655569299901458,-8.478357281593912,-2.1772120183075465,0.0071608612989859655,0.01477929089514845,0.19093139500554823,-0.0427241364484412,1,IVV
2025-03-18,553.5630493164062,557.5034906990096,551.6224107961287,557.3557602229803,18534400,557.4727416992188,583.8891857910156,561.0517831008863,571.6240595434396,34.37667594407664,-10.572276442553289,-8.897141113785787,-1.6751353287675013,-0.010416641662245874,0.014674107675970185,0.5843534158517405,-0.05193817116774557,1,IVV
2025-03-19,559.5526123046875,563.3058808213203,554.1837481735869,555.306788548988,16095700,555.8735107421875,583.4014074707031,560.8211414399326,570.7298782664949,41.35575175186167,-9.90873682656229,-9.09946025634109,-0.8092765702212006,0.010820019500358269,0.014660340825104277,-0.13157695959944748,-0.040878878351374714,1,IVV
2025-03-20,558.301513671875,562.9709278092946,555.1885909557196,555.799354653993,7660900,555.1822937011718,582.8161328125,560.433506398693,569.8092586668935,35.16038814519314,-9.375752268200472,-9.154718658712966,-0.22103360948750606,-0.002235890969500609,0.013653700262218066,-0.5240405822673136,-0.04206235510730394,1,IVV
2025-03-21,558.1438598632812,559.0501445838761,552.3021624839388,553.494107571252,7306300,554.183642578125,582.3598901367187,560.0812530855527,568.9451550518111,39.28217074639627,-8.863901966258368,-9.096555320222047,0.2326533539636788,-0.00028238112334122434,0.013481800678787854,-0.046286989779268706,-0.04158258610110044,0,IVV
2025-03-24,568.1328735351562,569.196809663416,564.3698045030416,564.9509860015303,19735400,555.6638549804687,582.09125,561.3199639239532,568.8849860505774,49.3284342633759,-7.5650221266241715,-8.790248681502472,1.2252265548783008,0.017896844147531787,0.01170438708477815,1.7011483240491083,-0.023979705011617503,0,IVV
2025-03-25,569.3545532226562,570.4677330287564,567.807922340496,569.374214549036,3640900,557.7376220703125,582.0210632324219,562.5560545852921,568.9197688040647,46.25026711712411,-6.363714218772543,-8.304941788956487,1.941227570183944,0.002150341485959384,0.011034700713585203,-0.8155142535747946,-0.02176297527690574,0,IVV
2025-03-26,562.9118041992188,570.2410284524718,561.3651735564102,569.3051614869034,3437900,558.8882141113281,581.8053259277344,562.610785295127,568.4747343888909,48.536735640889155,-5.863949093763836,-7.816743249917957,1.9527941561541216,-0.011315882145791711,0.011994922470531006,-0.055755445082259936,-0.03247395801746655,0,IVV
2025-03-27,561.1386108398438,564.9904263778056,559.2077727084934,561.3553664049892,3680200,560.5901672363282,581.5382177734375,562.3842969173911,567.9313178297022,45.489893768224015,-5.547020912311041,-7.362798782396575,1.815777870085534,-0.003150037618943724,0.01093997576157026,0.07047907152622246,-0.03507870387555734,0,IVV
2025-03-28,549.809814453125,560.4096120316187,549.3862241941201,559.6510577792972,7466000,560.0298706054688,580.8355505371094,560.4497611536578,566.588984246252,47.62231749750431,-6.139223092594193,-7.1180836444360995,0.9788605518419065,-0.02018894470612742,0.011270807460813199,1.0286940927123527,-0.053415697533138795,0,IVV
2025-03-31,553.5336303710938,554.9226097615681,541.2197487569155,544.1159761176252,6451200,559.4442321777344,580.2271984863281,559.3857410332633,565.6219209962403,53.36527214271869,-6.236179962976962,-6.941702908144272,0.70552294516731,0.006772916415966002,0.011240390641921722,-0.13592285025448703,-0.04600537200750221,0,IVV
2025-04-01,555.3856201171875,557.0701205717957,547.9874307276668,551.6815950598744,4466700,559.6264892578125,579.5451098632813,558.7703378154055,564.8636764866808,52.75932696865056,-6.093338671275319,-6.772030060770482,0.6786913894951629,0.003345758314363234,0.010792234743736773,-0.3076171875,-0.041686987492299155,0,IVV
2025-04-02,558.754638671875,561.5523185759967,549.0907079186026,549.32712479767,3745500,559.5466918945312,578.8235510253907,558.7679225625546,564.4111551670655,60.73043708623497,-5.643232604510899,-6.5462705695185655,0.9030379650076661,0.00606608891670013,0.010378078967118783,-0.16146148163073415,-0.03467190012908672,0,IVV
2025-04-03,532.0286865234375,542.2738006407443,531.388340585815,539.4563987679634,12111300,556.9194091796875,577.4967651367188,554.654193941152,562.0124537860561,36.01910123758095,-7.358259844904069,-6.7086684245956665,-0.6495914203084023,-0.04783128460814823,0.018365718466839077,2.233560272326792,-0.07873304468210651,0,IVV
2025-04-04,500.0518798828125,520.3845731386627,499.86473656338114,518.286283159059,17517100,551.1102111816406,575.4636645507812,546.2538379321767,557.4227816450751,23.42155307126947,-11.168943712898454,-7.600723482256225,-3.568220230642229,-0.060103538494472364,0.025239784777644703,0.4463434973949947,-0.13104525848184823,1,IVV
2025-04-07,498.8402099609375,517.7346202480304,476.79343436352303,484.09310604679456,29219900,544.1809448242187,573.4418811035156,538.9594336289091,553.0833318906946,24.43168628775092,-14.123898261785484,-8.905358438162077,-5.2185398236234075,-0.002423088424662989,0.02344134184528228,0.6680786203195734,-0.13009456337408898,1,IVV
2025-04-08,491.37310791015625,519.5374437060854,484.171952523054,516.4835650645038,12062500,536.3828002929688,571.4380993652344,531.6384604414087,548.5122041884325,18.57813378160111,-16.87374374702381,-10.499035499934424,-6.374708247089385,-0.014968925723461535,0.022856753502324988,-0.5871820232102094,-0.14011139884445234,1,IVV
2025-04-09,538.1165771484375,540.6581789157074,487.9646011058403,488.26998293678736,21339000,533.9032775878907,570.2686206054688,532.6350937809516,547.7421577410255,43.445721832716565,-15.107063960073901,-11.42064119196232,-3.6864227681115818,0.09512826096056504,0.04156848469882354,0.7690362694300519,-0.05638052366075241,0,IVV
2025-04-10,519.2123413085938,527.9502666937939,504.3076145306102,526.7188785602947,10186400,529.7106506347657,568.7717333984375,530.5700549390504,545.6288380052898,38.73049469964664,-15.05878306623947,-12.14826956681775,-2.9105134994217217,-0.035130372567260815,0.04273235238072251,-0.5226392989362201,-0.08713406306907001,1,IVV
2025-04-11,528.9845581054688,530.9055353916913,514.7201788953703,517.5474409052221,11196100,527.628125,567.4107775878906,530.3261323492686,544.3959283830809,38.65349725167419,-14.069796033812281,-12.532574860216657,-1.5372211735956238,0.01882123366375632,0.04316620457866328,0.09912235922406354,-0.06772204723670361,0,IVV
2025-04-14,533.4569702148438,538.6977644354437,528.452592855474,538.4810088950737,5791300,525.620458984375,566.2036938476563,530.8077997132033,543.5856351854337,39.78809657090233,-12.777835472230436,-12.581626982619415,-0.19620848961102055,0.00845471203430348,0.04321190329335385,-0.4827395253704415,-0.05783558812603473,0,IVV
2025-04-15,532.1467895507812,537.5648967525094,531.2798875883954,534.087428178744,4528700,523.2965759277344,565.0485778808594,531.0137981497537,542.7383132865706,40.98492067580097,-11.724515136816876,-12.410204613458909,0.6856894766420325,-0.0024560193927821716,0.04315817834459705,-0.21801668019270282,-0.05822824730127096,0,IVV
2025-04-16,520.2763061523438,529.5461700763799,514.9566850720303,526.1771087929158,6763400,519.4487426757812,563.5772888183594,529.3618763039983,541.0744609062575,38.6950912683001,-11.712584602259199,-12.270680611218967,0.5580960089597689,-0.022306783826429033,0.04339546751395504,0.4934528672687526,-0.0768323768986574,1,IVV
2025-04-17,520.79833984375,525.6943701877076,518.5227370434238,522.1479363892125,4320700,518.3257080078125,562.0677331542969,528.0444091562678,539.5725260127384,41.46326569903936,-11.52811685647066,-12.122167860269307,0.5940510037986471,0.0010033777922098253,0.040874754094980384,-0.3611645030605908,-0.07342423497421757,1,IVV
2025-04-21,508.69134521484375,516.256986348392,503.2239641124329,515.8531175145458,4588600,519.1896545410157,560.272236328125,525.0670147037409,537.2850311388203,37.425368204065116,-12.218016435079335,-12.141337575231313,-0.07667885984802147,-0.023246991594747746,0.03641110302639346,0.062003841970051043,-0.09206397848897296,1,IVV
2025-04-22,521.4977416992188,523.8423092313728,513.8237534267573,514.7595601937072,6635100,521.4554077148438,558.8428588867188,524.5178957799683,536.1156022914424,41.047220105397955,-11.597706511474144,-12.03261136247988,0.4349048510057365,0.025175180597905245,0.03705461947951004,0.4459966002702349,-0.06682579296422597,1,IVV
2025-04-23,529.8416137695312,539.6829173421909,528.3836695927083,534.875573696789,6854700,525.3022583007812,557.5027758789063,525.3369293168241,535.6508624009305,42.55716021640768,-10.313933084106338,-11.688875706805174,1.3749426226988355,0.015999823974549354,0.036485615741766876,0.03309671293575067,-0.049616187230219655,1,IVV
2025-04-24,541.0422973632812,541.7023646129155,529.9598055202688,531.1518107328758,6140000,525.5948303222656,556.3772790527344,527.7531397855098,536.0502279536972,52.521874437535196,-8.297088168187429,-11.010518199081627,2.713430030894198,0.021139682695104467,0.021176591850844546,-0.10426422746436748,-0.027562199728144665,1,IVV
2025-04-25,544.9532470703125,545.3768373446293,538.1461603809976,541.0325267569488,3718000,528.1689208984375,555.3696765136718,530.3993101370179,536.7097108512243,64.90326684574961,-6.3104007142063665,-10.070494702106576,3.760093987900209,0.007228547058318435,0.017034494545976598,-0.39446254071661235,-0.018755848372472128,1,IVV
2025-04-28,545.189697265625,547.7904034181765,539.4563469355619,545.7610781914976,5443400,529.7894348144531,554.239921875,532.6747543106497,537.3378579930318,65.48415432648547,-4.6631036823820295,-8.989016498161666,4.3259128157796365,0.000433890790785485,0.016353358123660403,0.464066702528241,-0.01632907384000426,1,IVV
2025-04-29,548.6572875976562,549.7113630143873,542.9731809525085,543.3180056923951,2676600,531.3094665527344,553.1793225097656,535.1336055855738,538.176334260041,69.66258614679145,-3.0427286744671846,-7.79975893342277,4.757030258955585,0.0063603372356866306,0.016291058598937303,-0.5082852628871661,-0.008174627517877786,1,IVV
2025-04-30,549.6522827148438,550.7457409524238,535.9986053276009,541.9388505733923,8939200,533.0600158691407,552.1032690429688,537.3672482208461,539.0264045159523,55.77249995571386,-1.659156295106186,-6.571638405759454,4.912482110653268,0.0018135093430440286,0.016189761035930835,2.3397593962489727,-0.004439362100452038,1,IVV
2025-05-01,552.75537109375,558.2818268970459,552.1840502607657,554.6369659314063,5403000,536.3079223632812,551.0623693847656,539.7346517397544,540.0433650031966,69.93799861412936,-0.3087132634422005,-5.319053377296004,5.010340113853803,0.005645548061002259,0.01344651423008061,-0.39558349740468945,0.0030722506254139414,1,IVV
2025-05-02,560.86279296875,562.557154030464,556.843525619836,558.9220941756718,3569400,540.3143676757812,550.2305590820313,542.9851350057537,541.5855448524969,69.33102576838434,1.3995901532567814,-3.9753246711854464,5.374914824442228,0.014667287373359539,0.013558598524636055,-0.33936701832315386,0.019323234072016637,0,IVV
2025-05-05,557.7399291992188,560.8627724070643,556.0061253033923,556.8730272513055,3189900,545.2192260742188,549.5442919921875,545.2551033432098,542.7821659152171,64.97025905924708,2.472937427992747,-2.685672251349808,5.158609679342555,-0.0055679638740187,0.009706201417248487,-0.1063203899815095,0.014913515300688074,1,IVV
2025-05-06,553.1788940429688,557.5725082445941,551.0609426758119,552.252887825635,4470500,548.3873413085937,548.8231750488281,546.4741480662497,543.5522939246802,62.46644525964676,2.921854141569497,-1.564166972765947,4.486021114335444,-0.008177709569401892,0.009365455274004801,0.40145459105301096,0.00793647060139735,1,IVV
2025-05-07,555.3756713867188,558.0256205861637,550.3712940623024,554.4299438220404,4836900,550.9407470703125,548.2033435058594,547.8436131924757,544.4280996626089,73.49948021209961,3.4155135298667574,-0.5682308722394062,3.9837444021061637,0.003971187923846209,0.008679202681041177,0.08195951235879662,0.013083334798710045,1,IVV
2025-05-08,558.8826904296875,564.4978316381303,556.0357069924544,559.454011160851,5915500,552.7247863769531,547.6497241210938,549.5419327674314,545.4988100897999,74.51798925250023,4.043122677631459,0.3540398377347668,3.689082839896692,0.00631467891672699,0.006581522368624666,0.22299406644751807,0.020511224262225625,1,IVV
2025-05-09,558.4492797851562,561.6311673116321,557.060240374033,560.7150218044342,2782000,554.0743896484375,547.2740270996094,550.9122938470814,546.4581041413078,87.69965834953413,4.454189705773615,1.1740698113425365,3.2801198944310785,-0.0007754948434670617,0.006532995635944354,-0.5297100836784718,0.020419848434562793,1,IVV
2025-05-12,576.9891357421875,577.0581006975088,571.1670985811026,575.5705741110662,5095700,557.2543334960938,547.0872534179688,554.9241156770977,548.7196620376693,88.68289312339863,6.20445363942838,2.1801465769597055,4.024307062468674,0.033198817919800616,0.011628400431950526,0.831667864845435,0.054656514362936504,1,IVV
2025-05-13,581.1560668945312,583.0671835910557,576.9693474415694,577.5210068938461,7068500,560.5042114257812,547.1851391601563,558.9598004797798,551.1223586937332,87.98309244219878,7.837441786046611,3.3116056187770866,4.525836167269524,0.007221853747703122,0.011636654116581727,0.3871499499578075,0.06208305983330442,1,IVV
2025-05-14,581.4910278320312,582.958832788737,579.6094331935276,581.8751752131714,6298100,563.6880859375,547.4287817382813,562.4261431493569,553.3718897410145,85.67955206202218,9.054253408342447,4.460135176690159,4.594118231652288,0.0005763700261960381,0.01169056480535101,-0.1089905920633798,0.06222224192449333,0,IVV
2025-05-15,584.3478393554688,584.9586030555477,579.1858699540928,579.5995995288362,3084100,566.8473327636718,547.6048400878906,565.798711796451,555.6664045272704,85.4081886795351,10.132307269180615,5.594569595188251,4.537737673992364,0.004912907313614934,0.011693291287868514,-0.5103126339689747,0.06709765250007815,0,IVV
2025-05-16,588.1502685546875,588.4556503616825,583.3232638594009,585.2639024108024,3596500,569.5760803222656,548.0635717773438,569.2374128361797,558.0726166774494,86.2872143642239,11.164796158730269,6.708614907896655,4.456181250833614,0.006507133154480149,0.01126994024043703,0.16614247268246807,0.07314242150293704,0,IVV
2025-05-19,588.88916015625,589.4999238312556,582.1115953822801,582.1805603296351,4753500,572.6910034179688,548.4787475585938,572.260758577729,560.3553236018051,85.62455480048035,11.905434975923868,7.7479789215020975,4.15745605442177,0.001256297312212773,0.010766522048376874,0.3217016543862088,0.07367726238716155,0,IVV
2025-05-20,586.7022705078125,587.9927628639332,583.6188698179471,587.1061393591409,21340900,576.0433410644531,549.1461779785157,574.4825296438958,562.3069492985464,82.12888030274962,12.175580345349317,8.63349920627154,3.5420811390777764,-0.003713584484824395,0.010214772187157205,3.4895129904281053,0.06838997344485964,0,IVV
2025-05-21,576.9495849609375,586.5544112581939,575.895509629049,582.4366570454059,7124200,578.200732421875,549.71283203125,574.8620766157483,563.3915889772421,68.8112055367105,11.470487638506143,9.200896892718461,2.2695907457876814,-0.01662288700269332,0.012481805420742054,-0.6661715297855292,0.049547238744718225,1,IVV
2025-05-22,577.0382690429688,580.6437465983743,575.4817777984631,576.7328872285119,6368600,580.0162902832031,550.2254797363281,575.1968754507053,564.4024541672959,64.36817628325723,10.794421283409406,9.519601770856651,1.2748195125527548,0.00015371201287406322,0.012500732283440001,-0.10606103141405354,0.048730548282659436,1,IVV
2025-05-23,573.3342895507812,575.8561699313793,569.6992295367189,570.0932977725256,6303600,581.5047912597656,550.8097839355469,574.910323773794,565.0640716031096,63.71044599276212,9.846252170684352,9.584931850822192,0.2613203198621594,-0.006418949471636681,0.012826867182891067,-0.010206324780956622,0.04089343775685372,1,IVV
2025-05-27,585.0964965820312,585.3033914197275,578.4371403937474,580.1217008900379,4533600,582.31552734375,551.4034582519531,576.4774272827535,566.5479549348815,74.90778739278379,9.929472347871979,9.65383995023215,0.2756323976398285,0.02051544316399756,0.009730044087401744,-0.2807919284218542,0.061104147654226004,1,IVV
2025-05-28,581.6486206054688,586.7712070068728,581.0477176570594,585.589062433261,5337400,582.3647827148437,551.8486303710938,577.2729954862482,567.6665227623324,70.1101429017254,9.606472723915772,9.644366504968875,-0.03789378105310348,-0.0058928330569471,0.009747787378059784,0.17729839421210514,0.054000297535097275,1,IVV
2025-05-29,583.9537963867188,587.1750666445679,580.1118416142308,587.0273361541613,3830400,582.6110595703125,552.4564453125,578.3008110093975,568.8729874752498,69.54990457424884,9.427823534147706,9.601057910804641,-0.17323437665693575,0.003963175875583369,0.009823662198308509,-0.2823472102521827,0.05701327469607498,1,IVV
2025-05-30,583.3331909179688,585.1358997934379,577.3239809539565,582.9292619530764,5930100,582.5095947265625,552.9320568847656,579.0750233030238,569.9441136561919,69.34745098336975,9.130909646831924,9.507028258010099,-0.3761186111781747,-0.0010627646786270928,0.009704127517314993,0.5481672932330828,0.05498168112097512,1,IVV
2025-06-02,586.7219848632812,586.7712283626468,579.126761318287,581.7569894986827,3679000,582.3667663574219,553.5004663085938,580.2514789276788,571.1869189307911,59.89977489082889,9.064559996887738,9.418534605785627,-0.35397460889788945,0.005809362467408485,0.009653465067382686,-0.37960574020674187,0.06002075983105937,1,IVV
2025-06-03,590.01220703125,591.0367002753364,585.9141739285327,586.3476249407177,3773800,582.4790710449219,554.1378332519531,581.7531294051513,572.5813847160102,59.17160436548621,9.171744689141065,9.369176622456715,-0.19743193331565045,0.005607804467622657,0.009823057104205456,0.02576787170426753,0.06473908047167343,1,IVV
2025-06-04,589.8545532226562,591.8838781720171,589.4900671972637,590.9282898510728,3686300,582.7942993164063,554.5722668457031,582.999502300152,573.8608786794655,58.693368251962276,9.13862362068653,9.323066022102678,-0.1844424014161472,-0.00026720431664795097,0.009729183675446822,-0.02318617838783188,0.06362071904105804,1,IVV
2025-06-05,587.1060791015625,592.9182545333937,585.0866147994406,591.5883795390705,5139600,583.8099487304687,554.9272973632812,583.6312833465229,574.8420046366579,52.873491593363205,8.789278709865016,9.216308559655147,-0.4270298497901308,-0.004659579393051283,0.0079522963782855,0.3942435504435342,0.05798738301607731,1,IVV
2025-06-06,593.0365600585938,594.7407820953978,590.8693047905792,592.5735869537606,3624600,585.4097778320313,555.5297924804687,585.0782489945339,576.1897494827272,54.8743377142725,8.888499511806685,9.150746750085455,-0.2622472382787695,0.010101208568827236,0.008339708970581672,-0.2947700210133084,0.06751531256434595,0,IVV
2025-06-09,593.5980834960938,595.1643756319285,592.455321563899,593.6571877252502,3883600,587.4361572265625,556.1789819335937,586.3889927640046,577.4792557059395,54.7140851249476,8.909737058065048,9.102544811681375,-0.19280775361632685,0.0009468614168484102,0.0077418388893938615,0.07145616067979921,0.06727888463603926,1,IVV
2025-06-10,597.0065307617188,597.3906781514004,593.026645956929,594.1398256051626,6921000,588.6271606445313,557.1229162597656,588.0224601482684,578.9257205248862,60.06928166791321,9.096739623382177,9.101383774021535,-0.004644150639357747,0.005742011910736533,0.005091192249031972,0.7821093830466577,0.0715885369959488,0,IVV
2025-06-11,595.3120727539062,598.9471325919616,593.2630262543928,598.0999520650053,20207000,589.993505859375,557.9584851074219,589.1439390106742,580.1395243937025,71.29794942877652,9.004414616971758,9.08198994261158,-0.07757532563982217,-0.0028382570717451205,0.004634233138358449,1.9196647883253863,0.06694689415699595,0,IVV
2025-06-12,597.4793701171875,597.6271006141733,593.4994852753131,593.9920405180106,6968300,591.3460632324219,558.8003601074219,590.4263130270609,581.4239574102569,72.61824522825108,9.002355616804039,9.066063077450071,-0.06370746064603239,0.003640607107555205,0.0046227435701985614,-0.6551541545009155,0.06921794037915463,0,IVV
2025-06-13,590.859375,595.7652659256032,589.4802564461957,592.504552742041,7231400,592.098681640625,559.4424548339844,590.4929379459746,582.1228772317194,68.21612870072312,8.37006071425526,8.92686260481111,-0.5568018905558496,-0.011079872290635007,0.006236510280794968,0.037756698190376525,0.056157554534073784,1,IVV
2025-06-16,596.62744140625,598.4061648959,594.2755529061851,594.3644559079058,10221900,593.0892272949219,560.7344299316406,591.4367077090939,583.1972893927957,63.69175912974787,8.239418316298156,8.78937374710852,-0.549955430810364,0.009762164484992786,0.006664629950197885,0.4135437121442598,0.06401071444638262,1,IVV
2025-06-17,591.6865234375,595.7084494926064,590.7872399997177,594.1866037714714,11753100,593.2566589355469,562.5671228027344,591.4751408980794,583.8261215442553,61.510798919898036,7.649019353824087,8.561302868451634,-0.9122835146275463,-0.008281412529575038,0.007185628581690445,0.14979602617908605,0.05176164666305327,1,IVV
2025-06-18,591.5481567382812,595.194567082704,590.6587648243778,592.4177656230404,4192000,593.4260192871094,564.4212817382812,591.4863741042643,584.3981241512201,59.164118336780206,7.088249953044169,8.26669228537014,-1.1784423323259716,-0.00023385136172260346,0.007185340358004879,-0.6433281432132799,0.04806139647402352,1,IVV
2025-06-20,589.6112670898438,595.1945443395429,588.6626467529823,594.1272861464628,7447400,593.6765380859375,566.386044921875,591.1978961020458,584.7842828874145,57.34250658869685,6.413613214631255,7.896076471222363,-1.4824632565911084,-0.0032742721389197316,0.007091626183672534,0.7765744274809161,0.041005992955162496,1,IVV
2025-06-23,595.8072509765625,596.2618384581053,587.6843872822192,590.8070299360494,6750400,593.9536071777344,567.5398583984374,591.9070276212022,585.6007990421663,59.9709284800418,6.306228579035974,7.578106892785086,-1.271878313749112,0.010508591393275868,0.007154132466118137,-0.0935897091602439,0.0498068852078406,1,IVV
2025-06-24,602.3095092773438,603.4953450338751,599.1473006979643,600.0169095651464,7360000,594.8247497558593,569.2018017578125,593.5074094144547,586.838481281809,62.60723524236573,6.66892813264576,7.396271140757221,-0.7273430081114602,0.010913358791998062,0.00788214500997292,0.09030575965868692,0.058165148840512826,1,IVV
2025-06-25,602.7542114257812,604.127744713065,601.2620402789231,603.5743627295393,13558900,595.3995178222656,570.6771948242188,594.9299943392742,588.0174242554365,63.147391522884824,6.91257008383775,7.2995309293733275,-0.38696084553557775,0.0007383282873469899,0.007739470609651924,0.8422418478260869,0.05620868836618387,1,IVV
2025-06-26,607.49755859375,607.9619773103608,604.0586887825442,604.6713596037563,4955900,596.61806640625,572.1580065917968,596.8634657630397,589.4603971693856,69.970996403841,7.403068593654098,7.320238462229482,0.0828301314246156,0.007869455041630724,0.007890895126434865,-0.6344909985323293,0.0617653717938198,1,IVV
2025-06-27,610.1656494140625,611.993770287682,606.5389615839491,608.5351175863677,7933800,597.8866943359375,573.7183837890625,598.9099555555048,590.9941195578803,67.92107760310704,7.9158359976245265,7.4393579693084915,0.47647802831603503,0.004391936695990362,0.007911206809706183,0.6008797594786013,0.06352814665670614,1,IVV
2025-06-30,613.56494140625,614.7704998271674,610.6892852929568,612.9818849096015,6552400,600.1572509765625,575.5841564941406,601.1645687633118,592.6660322873892,69.71914101539377,8.498536475922606,7.651193670631315,0.8473428052912908,0.005571096956132893,0.00643645555230496,-0.1741158083137967,0.06598650168456466,1,IVV
2025-07-01,613.337646484375,614.3357244156938,611.1735158188171,611.983835918362,6039400,601.828271484375,577.4349426269531,603.0373499511676,594.1972629686474,67.20986504513289,8.840086982520234,7.888972333009099,0.9511146495111342,-0.0003704496566476756,0.006185644421522962,-0.0782919235699896,0.06217618853145246,1,IVV
2025-07-02,616.05517578125,616.3318969362327,612.2605736137292,612.8732443836323,4920900,604.26513671875,579.5822192382813,605.0400923865649,595.8163676214327,71.39786408573879,9.223724765132147,8.155922819433709,1.067801945698438,0.00443072313015791,0.004813022012815112,-0.18520051660761006,0.0629297368558055,1,IVV
2025-07-03,620.7490234375,621.8162816192909,618.011788169672,618.011788169672,4229400,607.1852233886718,581.5672448730469,607.4568510097856,597.6632310152155,72.81491464080199,9.793619994570122,8.483462254460992,1.3101577401091298,0.007619200098915702,0.004674242016672291,-0.14052307504724748,0.06737273962705093,0,IVV
2025-07-07,616.4603881835938,619.5929224345848,613.5155514620919,618.9407458965491,7472300,609.8701354980469,583.2996203613282,608.8420105749868,599.055613027688,76.30319152271767,9.786397547298861,8.744049313028567,1.0423482342702943,-0.006908807089469504,0.005451884898162579,0.7667517851231853,0.056850316140655055,1,IVV
2025-07-08,615.9662475585938,617.6856822498033,615.165818984613,616.9445424474467,4685600,611.88603515625,584.7980993652344,609.9380470340033,600.3082526225699,72.28419955466345,9.629794411433409,8.921198332709537,0.7085960787238719,-0.0008015772537405264,0.0052300826293079535,-0.3729373820644246,0.05329728025311753,1,IVV
2025-07-09,619.62255859375,620.3043493205829,616.5196387660211,618.3576510280086,3019800,613.6173400878906,586.2914855957031,611.4279718893489,601.7389419537684,83.17291803164626,9.689029935580493,9.074764653283728,0.6142652822967651,0.00593589510731829,0.00463252147863427,-0.355514768652894,0.05685068573728436,1,IVV
2025-07-10,621.4210205078125,622.4289899801126,618.614604785809,619.7707660360795,2556800,615.4840209960937,587.8161120605469,612.9653639844971,603.1968736985124,84.12732280444862,9.76849028598474,9.21350977982393,0.5549805061608097,0.0029025120036689778,0.004573207023300046,-0.1533214120140407,0.05716908359225825,1,IVV
2025-07-11,619.0394897460938,620.403191800838,617.1421887493626,618.3675302329622,2739200,616.6382141113281,589.2237561035156,613.8998448708966,604.370400813148,83.28124137169362,9.529444057748606,9.276696635408866,0.25274742233973946,-0.0038323949192652362,0.004702274895671612,0.07133917396745937,0.050601716807460395,1,IVV
2025-07-14,620.3240966796875,620.7193953497795,617.3694291101939,618.7726368550349,2590500,617.6540588378906,590.6371923828125,614.8881913030183,605.5521560625212,81.19187689861033,9.33603524049704,9.288564356426502,0.04747088407053823,0.0020751615282583735,0.004621904677983004,-0.05428592289719625,0.050262504088353976,1,IVV
2025-07-15,617.6066284179688,623.4072779480462,617.6066284179688,623.0713283371063,3813800,618.0582275390625,591.9342175292969,615.3064123976261,606.4450799407025,71.5359815220268,8.861332456923606,9.203117976525922,-0.3417855196023165,-0.00438072336100459,0.004756169399616923,0.47222543910442005,0.0433703782082866,1,IVV
2025-07-16,619.8399047851562,620.3043234314325,613.7131371867935,619.3557031108307,4667300,618.7084533691407,593.113759765625,616.0038727649385,607.4372891884399,72.90072089347596,8.566583576498601,9.075811096520459,-0.5092275200218577,0.0036160174849615423,0.004826108434723666,0.22379254287062778,0.045060740169124314,1,IVV
2025-07-17,623.4764404296875,623.9606421172278,619.839921701876,620.0276795311378,3575400,619.4505798339844,594.4284899902344,617.1534985595152,608.6253744655693,72.07209485846099,8.528124093945962,8.96627369600556,-0.43814960205959785,0.0058668950102394035,0.004956970656534318,-0.233946821502796,0.04886702257479336,1,IVV
2025-07-18,623.219482421875,624.9191943452718,622.0336467124997,624.8500140615297,3970600,619.6976257324219,595.8293017578125,618.0867268460322,609.7064194993696,69.31846922037475,8.380307346662562,8.849080426136961,-0.46877307947439917,-0.0004121374780984288,0.004425114001357903,0.11053308720702582,0.0459698450265138,1,IVV
2025-07-21,624.2669677734375,627.1030578826987,623.9013436348994,624.336148058311,3558100,620.4782836914062,597.2071276855469,619.0375331425562,610.784978630782,67.02296627677586,8.252554511774179,8.729775243264406,-0.4772207314902275,0.0016807647724552677,0.003605147685285805,-0.10388858107087096,0.04531064488925307,1,IVV
2025-07-22,624.27685546875,625.3046079073146,621.8162810272194,624.6523711191317,4955600,621.3093444824219,598.5150109863281,619.8435827312014,611.7843769150759,67.52141932607819,8.05920581612554,8.595661357836633,-0.5364555417110921,1.583888916600884e-05,0.0035620934233988864,0.3927658019729632,0.043042937953999605,1,IVV
2025-07-23,629.8008422851562,629.8008422851562,625.2848232920691,627.1129439689369,5836500,622.3271728515625,599.9420422363281,621.3754688164253,613.1189299054522,70.20047180388744,8.256538910973063,8.52783686846392,-0.27129795749085694,0.008848617032676032,0.004062918430999681,0.17775849543950284,0.04976947429376222,1,IVV
2025-07-24,630.0479125976562,631.6388782535354,629.5241448459066,630.1170928845353,3952800,623.1898620605468,601.0032177734375,622.7096909366147,614.3729286233932,65.72014057563369,8.33676231322147,8.48962195741543,-0.1528596441939598,0.00039229911411919893,0.004053649869960827,-0.3227447956823438,0.048327020497197726,0,IVV
2025-07-25,632.49853515625,633.0717001112403,630.4233680046772,630.6111258185133,3306200,624.5357666015625,602.0300671386718,624.2156669704048,615.7155661443456,78.9097070181422,8.50010082605911,8.491717731144167,0.008383094914943712,0.0038895812677006703,0.0036658500810403767,-0.1635802469135802,0.05060954540424989,0,IVV
2025-07-28,632.3601684570312,633.5262210685495,631.0953213398664,632.9630079466151,9580900,625.7393737792969,603.0474499511719,625.4686671991166,616.948499648989,79.93495840726112,8.520167550127553,8.497407694940843,0.022759855186709643,-0.00021876208643645256,0.0037426622757465774,1.8978585687496219,0.04860764854943467,0,IVV
2025-07-29,630.8582763671875,634.1587854523203,629.8898125979542,633.8524500544294,4958000,627.0645385742188,603.9776586914063,626.2978378403582,617.9788534799667,72.26821632658985,8.318984360391482,8.461723028030972,-0.14273866763948995,-0.002375058020349985,0.003405459010201216,-0.48251208132847645,0.04450598012850571,0,IVV
2025-07-30,629.9786987304688,633.1705213865177,627.0932114347763,631.549881273743,4588300,628.07841796875,604.8142272949219,626.8641241311444,618.8677309059299,67.60168021231135,7.996393225214547,8.368657067467687,-0.37226384225314035,-0.0013942555240518129,0.0035289323129119943,-0.07456635740217832,0.04160694358678829,0,IVV
2025-07-31,627.3995971679688,635.3445944614404,626.3125558915392,634.9789703024371,7730500,628.4707336425781,605.5844360351563,626.9465045983482,619.4997209994142,67.0566845985256,7.446783598933962,8.184282373760942,-0.7374987748269799,-0.004093950426732551,0.0036049097544538014,0.6848288036963581,0.036023318689692996,1,IVV
2025-08-01,617.2706909179688,621.9250105024663,614.9583080837622,621.9250105024663,6864300,627.8758544921875,606.1958044433594,625.4579178782898,619.3346076600478,45.42233609369996,6.123310218241954,7.772087942657145,-1.6487777244151909,-0.01614426642242217,0.006434300272252283,-0.11204967337170946,0.018269487174657817,1,IVV
2025-08-04,626.6781005859375,626.7769554062309,621.1640643560014,621.302364601842,4654400,628.1169677734375,607.1903747558594,625.645638294851,619.8785700990027,61.327707600074994,5.76706819584831,7.371083993295379,-1.6040157974470688,0.01524033103528466,0.008226976681045882,-0.32194105735471934,0.032094918892470625,1,IVV
2025-08-05,623.6642456054688,628.1505905056379,622.6859506418247,627.3897279306458,3641700,628.0557067871093,608.1228942871094,625.3408086503306,620.158990506889,54.68420596212445,5.1818181434415465,6.933230823324613,-1.7514126798830665,-0.004809255306114646,0.008392878464245274,-0.2175790649707804,0.025556267432717217,1,IVV
2025-08-06,628.2789916992188,628.9905172503487,623.7333585139635,624.6325815742157,3085800,627.9035217285157,609.2217883300781,625.792836811698,620.7604720766913,55.74469700620137,5.032364735006695,6.55305760566103,-1.5206928706543348,0.007399407816412351,0.008232821904966131,-0.1526484883433561,0.03128122423424462,1,IVV
2025-08-07,627.9331665039062,632.518365861239,624.7116691995226,631.7969487778545,5354200,627.6920471191406,610.0785217285156,626.1221183028069,621.2917827750035,55.6264343112756,4.830335527803413,6.208513190089507,-1.3781776622860935,-0.0005504325305819568,0.00823053824540838,0.7351092099293539,0.02926614220871704,1,IVV
2025-08-08,632.6863403320312,633.1903250444825,629.3264824584307,629.6822753998799,2897600,627.7108276367187,611.0992761230468,627.1319986149954,622.135824075524,59.23289769068792,4.996174539471326,5.966045459965871,-0.9698709204945448,0.007569553706788357,0.008516262903052473,-0.45881737701243885,0.03532497100297305,1,IVV
2025-08-11,631.4313354492188,634.4650749775656,630.2158854606455,633.0321926145974,3625800,627.6179443359375,612.0488269042969,627.7934350510297,622.8243804735755,57.637222951217005,4.969054577454244,5.766647283463546,-0.7975927060093015,-0.0019836130524863993,0.008540986211243615,0.25131143014908885,0.03166823902425775,1,IVV
2025-08-12,638.1115112304688,638.3585578439977,632.3503673150216,633.7931412511119,4491300,628.3432678222656,613.1443933105469,629.380831386328,623.9567605296417,58.657717438024726,5.424070856686399,5.698131998108117,-0.27406114142171845,0.01057941759652703,0.009122590692527762,0.23870594075790175,0.04071980139150755,0,IVV
2025-08-13,640.4534912109375,641.639326987055,638.2103490335514,640.3645882083437,3643600,629.3907470703125,614.2190234375,631.0843175131911,625.1787405801081,60.38675009291019,5.905576933083012,5.739620985103096,0.1659559479799153,0.0036701735343289688,0.009104279661875669,-0.1887426802930109,0.04271191020202414,0,IVV
2025-08-14,640.4733276367188,641.1255041951937,637.8842838053034,638.3585940296488,3210400,630.6981201171875,615.2282458496094,632.5287806091185,626.3116729546717,58.36636319745306,6.21710765444675,5.835118318971827,0.3819893354749224,3.097246881078597e-05,0.00890447226658291,-0.11889340212976174,0.04103368458359191,0,IVV
2025-08-15,639.030517578125,641.5998385480307,638.0917283836233,641.530658258529,3112800,632.8741027832032,616.2117651367188,633.5290478351195,627.253809593446,56.81144209086909,6.275238241673492,5.92314230351216,0.352095938161332,-0.002252724658991734,0.006501245516598073,-0.03040119611263392,0.037030699075249585,1,IVV
2025-08-18,638.7340087890625,639.524545809415,637.7063166940151,638.3683846632231,4463300,634.0796936035156,617.2443237304688,634.3298110588031,628.1041947190472,58.24530148936333,6.225616339755902,5.983637110760909,0.24197922899499336,-0.00046399785441586516,0.005091142495486637,0.43385376509894624,0.034815524796915964,0,IVV
2025-08-19,635.3544311523438,639.6234034580308,634.0796321490659,638.6549398132715,2958400,635.2487121582031,618.0906811523438,634.4874449193478,628.6412492696618,55.34803908471999,5.846195649686024,5.956148818545932,-0.10995316885990825,-0.005291056355564816,0.00516365309028024,-0.3371720475881075,0.027930772177011454,1,IVV
2025-08-20,633.6547241210938,635.1567866978136,628.5260344693825,634.9492458478901,3875800,635.7862854003906,618.8918139648438,634.3593340273087,629.0126177771753,56.333726394687986,5.346716250133454,5.8342623048634366,-0.48754605472998236,-0.0026752107924504775,0.004943234790334609,0.31010005408328833,0.023853781586919753,1,IVV
2025-08-21,631.1546630859375,633.5164430473822,629.4450596075385,631.8562368259529,2680000,636.1084350585937,619.5747766113282,633.8663077286362,629.1712878000466,66.62724419371297,4.695019928589659,5.606413829608681,-0.9113939010190224,-0.003945462631283814,0.005162827852268951,-0.3085298519015429,0.018690054714531446,1,IVV
2025-08-22,640.8389282226562,642.0049810239797,632.8444731118603,633.358349378724,4024500,636.9236938476563,620.4853137207032,634.93901857387,630.0355574609807,66.84708653618539,4.9034611128893175,5.4658232862648095,-0.562362173375492,0.015343727461933021,0.006698564265912319,0.5016791044776119,0.03280273368583675,0,IVV
2025-08-25,638.0126342773438,640.799326955594,637.9236709697573,639.5838167604816,3811700,637.5818237304687,621.2959790039063,635.4118825282507,630.6264520399706,67.14674999197672,4.785430488280099,5.329744726667867,-0.5443142383877682,-0.004410303152386663,0.006872484328065986,-0.052876133681202586,0.026906105686115067,0,IVV
2025-08-26,640.6016845703125,641.0265974575935,637.1331408766632,637.7161973537883,3301600,637.8308410644531,622.2908251953126,636.2103136116448,631.3653581533292,65.47522140309083,4.844955458315553,5.232786872997405,-0.3878314146818518,0.004057992199325788,0.00613891275937598,-0.1338248025815253,0.02942492261436258,0,IVV
2025-08-27,642.12353515625,642.8943495284325,639.9989705036579,640.1076565364178,3679700,637.9978454589843,623.2007470703124,637.1200400031225,632.1622601535455,67.30942471913458,4.957779849577037,5.177785468313331,-0.22000561873629465,0.0023756581079836803,0.006075766619528123,0.11452023261448985,0.030363872596260943,1,IVV
2025-08-28,644.4359130859375,644.9794035597416,640.9080802923208,642.7559840917229,3385000,638.3941040039062,624.2557348632813,638.2455589389401,633.071419630019,65.23959182704107,5.174139308921099,5.177056236434885,-0.0029169275137865824,0.0036011418412265073,0.006163959117014349,-0.08008805065630353,0.0323267806695855,0,IVV
2025-08-29,640.6610107421875,643.3686318137991,638.7142521810094,643.0030076728361,3709100,638.5571533203125,625.2379919433594,638.6171669086705,633.6336115642537,61.23668226625511,4.9835553444168,5.138356058031269,-0.15480071361446868,-0.005857684631003224,0.006450310710713732,0.09574593796159525,0.02466743703608043,1,IVV
2025-09-02,635.8189086914062,636.0363410737185,630.5123522807002,633.0717817240899,5796400,638.2656433105469,626.1621447753906,638.186665644476,633.7954854255242,47.07809685017565,4.3911802189517175,4.9889208902153594,-0.5977406712636419,-0.007557978352969896,0.006913866828896394,0.5627510716885498,0.015422145839684376,1,IVV
2025-09-03,639.238037109375,639.7519133490263,636.0363227542518,638.1905619152407,3886500,638.65400390625,627.0307604980469,638.3484151006143,634.1986374021058,48.492309369577264,4.149777698508501,4.8210922518739885,-0.6713145533654874,0.005377519245229445,0.006904554185329104,-0.32949761921192466,0.01946838557271402,1,IVV
2025-09-04,644.5050659179688,644.6532576877224,639.0601492690926,639.969263858225,5855400,639.7390380859375,627.8746716308593,639.295592149438,634.9620765514289,54.42506806148042,4.333515598009058,4.723576921101002,-0.3900613230919445,0.008239542240651376,0.007181015323117502,0.5065997684291779,0.026486805470131713,1,IVV
2025-09-05,642.7855834960938,647.6969013044039,638.9020181525518,646.9656530131568,3575400,640.9021301269531,628.6752990722656,639.8325138950773,635.541595584367,54.09652464919559,4.290918310710367,4.637045199022875,-0.34612688831250793,-0.0026679114142041938,0.0070796244761635995,-0.3893841582129317,0.022444470849499965,1,IVV
2025-09-08,644.4161987304688,645.3450964864401,642.7659441040723,644.13953786386,5228300,641.2598571777344,629.413671875,640.5376961774452,636.1989735951894,56.02355148652583,4.338722582255855,4.577380675669471,-0.23865809341361643,0.002536794969025591,0.005302864660575166,0.462297924707725,0.023835718106943515,1,IVV
2025-09-09,645.8983764648438,646.3825781404821,642.7658425301619,644.4951686940758,13556600,642.0484313964844,630.1283264160156,641.3624162216604,636.9174478818304,61.64586726494159,4.444968339829984,4.5508982085015734,-0.10592986867158949,0.0023000317765056177,0.0050197068423138294,1.5929269552244514,0.02502672771199399,1,IVV
2025-09-10,647.7462768554688,650.0487679955947,646.165202782194,649.100087363164,18437500,642.762890625,630.811953125,642.3445486268616,637.7195833613592,65.51344145267673,4.6249652655023965,4.565711619901738,0.05925364560065827,0.0028609769864091916,0.004958959739093289,0.3600386527595414,0.026845280351105227,1,IVV
2025-09-11,653.1417846679688,653.8236356668067,649.1000759299651,649.6930239325814,8344100,643.8647155761719,631.6080358886719,644.005661863955,638.8619686433303,72.75502018179407,5.143693220624641,4.6813079400463184,0.4623852805783226,0.008329662408393723,0.005458626595571798,-0.5474386440677966,0.03409353199409337,1,IVV
2025-09-12,652.91455078125,654.6340459431312,652.4402405650715,653.0924774264339,6244800,644.7125793457031,632.3452233886719,645.3762601589234,639.9029006535466,65.53908116573544,5.473359505376834,4.839718253112422,0.6336412522644119,-0.0003479089717621786,0.005449949579234358,-0.2515909444997064,0.03252863567522368,1,IVV
2025-09-15,656.32373046875,656.5312713214248,654.861233928309,655.1082805230651,7453400,646.2788513183593,633.0567175292969,647.0604863604351,641.1192584176357,73.21472512268613,5.941227942799401,5.0600201910498175,0.8812077517495833,0.005221479109970284,0.004929686101332127,0.19353702280297203,0.03675344135081615,1,IVV
2025-09-16,655.4564819335938,657.2604069598244,654.723030542936,656.9630699765613,10650600,648.2426086425781,633.8366394042969,648.3521779870749,642.1812749743733,69.6925808033323,6.170903012701615,5.282196755380177,0.8887062573214379,-0.0013213731195379497,0.003788132475491513,0.4289585960769582,0.034109486869702055,1,IVV
2025-09-17,654.7329711914062,657.1910376533981,649.8266990873012,655.515968686424,20473700,649.7921020507813,634.6119738769531,649.3338384800489,643.1110302497091,67.07744295891189,6.222808230339865,5.470319050372115,0.7524891799677498,-0.0011038272747767586,0.0038990458732285896,0.9223048466753048,0.031705984353762595,1,IVV
2025-09-18,657.8353271484375,660.3826249905444,655.7836111317406,657.3992127222435,11498000,651.1251281738281,635.3762292480469,650.6417598136471,644.2017189088741,67.76715969531283,6.440040904773014,5.664263421252295,0.7757774835207183,0.004738353028694853,0.003447995797844805,-0.4384014613870477,0.035347715049035555,0,IVV
2025-09-19,660.977294921875,661.8197598215648,657.6965456776496,659.5995629367006,6414900,652.9442993164063,636.1673547363281,652.2318421379898,645.4443541690963,77.39857501267608,6.787487968893515,5.88890833078054,0.8985796381129756,0.004776222321560608,0.0031012768579412567,-0.44208558010088717,0.038999077838299145,0,IVV
2025-09-22,664.1589965820312,664.5951110348203,659.5005150399281,659.5104363563738,8709700,654.9185791015625,637.0697448730468,654.0667889755346,646.8306239774619,90.0113746036123,7.236164998072695,6.158359664238971,1.077805333833724,0.004813632305679105,0.0031628515457955662,0.35772966063383693,0.042521642138856786,0,IVV
2025-09-23,660.6105346679688,664.6247351200495,659.3021914658416,664.0300611626393,7513400,656.389794921875,637.8754736328125,655.0735190820628,647.8513581026846,80.0645306417519,7.222160979378259,6.371119927266829,0.8510410521114302,-0.005342789802327386,0.0041326893280456255,-0.13735260686361184,0.035641848565953094,1,IVV
2025-09-24,658.390380859375,661.918921060505,657.0126488563484,661.8099075771707,17964900,657.4542053222656,638.6911486816406,655.5838055093417,648.632026455032,71.36366795069482,6.951779054309668,6.487251752675397,0.4645273016342708,-0.003360760526941342,0.0044858203659565565,1.3910479942502727,0.030843126945467647,1,IVV
2025-09-25,655.3772583007812,656.72528696232,651.7595469518301,655.2980087586812,5037900,657.6777526855469,639.4018957519531,655.552029015717,649.1316732584208,68.63162305783243,6.420355757296193,6.473872553599557,-0.0535167963033647,-0.0045764984516645235,0.004194527816320478,-0.719569827830937,0.024984853274544472,1,IVV
2025-09-26,659.0148315429688,659.6689729514484,655.2484216705438,656.8541019871873,4338500,658.2877807617188,640.1126635742188,656.0847678660635,649.8637590572762,70.39023658348621,6.22100880878736,6.423299804637118,-0.20229099584975785,0.005550350116845237,0.004489843919772703,-0.13882768613906593,0.029529439182167216,1,IVV
2025-09-29,660.8682250976562,662.5234513044084,659.1931562610363,661.6710651616089,5026800,658.7422302246093,640.8656384277343,656.8206843632316,650.678904689897,70.69412991606451,6.141779673334668,6.366995778376628,-0.22521610504196055,0.002812370019576127,0.004294959576568083,0.15864930275440825,0.03121182580329185,1,IVV
2025-09-30,663.3858032226562,663.9408524337513,658.9751129848653,660.2339101493848,4899400,659.5351623535156,641.6480151367188,657.830702649297,651.6201564330643,71.22686680915221,6.2105462162327285,6.3357058659478485,-0.12515964971511995,0.0038095009404151003,0.004333144304463288,-0.02534415532744494,0.03387805708602665,1,IVV
2025-10-01,665.9033813476562,666.676457499807,660.3825928220175,660.4816849839412,8195800,660.6522033691406,642.4805456542969,659.0726532182754,652.6781730934044,68.78857261986492,6.394480124870938,6.347460717732467,0.04701940713847108,0.003795043717803148,0.004319179434016522,0.6728170796424051,0.036456879281077326,1,IVV
2025-10-02,666.5576171875,667.8560392710356,664.099550463453,667.766807915996,5694900,661.5244323730469,643.2156811523438,660.2241861366176,653.7062800633374,69.8369227601728,6.517906073280187,6.381549788842011,0.13635628443817627,0.0009824786270340446,0.0041870431527094125,-0.30514409819663735,0.03628943870481871,1,IVV
2025-10-03,666.4782104492188,669.9572043618158,665.5168107959706,667.2909718600788,5608400,662.0745239257812,643.944287109375,661.1863437231716,654.6523489808101,66.34745577851625,6.5339947423615286,6.412038779545915,0.12195596281561372,-0.00011912959395210532,0.004021738850062733,-0.015189028780136615,0.034993591512391786,0,IVV
2025-10-06,668.926513671875,669.7987426062158,666.765783969569,668.8868284047834,4122400,662.5512756347656,644.6728466796875,662.3771390998952,655.7096945134816,70.6346549779996,6.6674445864135805,6.463119940919449,0.20432464549413165,0.003673493272954964,0.0039110985261248,-0.26495970330218954,0.03762166673701728,0,IVV
2025-10-07,666.4782104492188,670.2743839730655,664.9914650503875,669.8481908848995,4028200,663.1380432128906,645.3552075195313,663.0080731536373,656.5073623605732,67.08938549470535,6.500710793064059,6.4706381113483715,0.03007268171568711,-0.0036600481108410854,0.0036485365048958616,-0.022850766543760948,0.032730816585295974,0,IVV
2025-10-08,670.44287109375,670.512259805841,666.7557715082858,667.5982363771441,5192000,664.3432922363281,646.1468994140625,664.1518882213469,657.5396222667345,67.89500129948887,6.61226595461244,6.498963680001186,0.11330227461125375,0.005948672563292012,0.003630860862066187,0.2889131622064445,0.03760131280010692,0,IVV
2025-10-09,668.5597534179688,671.2061435388798,666.5575833998713,670.8195751796932,2501800,665.6615417480468,646.9185205078124,664.8300213285195,658.355928277937,61.16131350792866,6.474093050582496,6.493989554117448,-0.01989650353495165,-0.002808766797250284,0.0033139506189688002,-0.5181432973805855,0.033452795404850244,0,IVV
2025-10-10,650.401611328125,671.2160483653212,650.2331304433228,669.4616693135207,7643600,664.8002197265625,647.3785607910156,662.6102659438434,657.7667196149879,35.9457986604298,4.843546328855496,6.163900909065058,-1.3203545802095622,-0.027160088529127546,0.009600023216430494,2.0552402270365335,0.004669679720958886,1,IVV
2025-10-13,660.3429565429688,661.94863685852,657.1315959118663,657.9741213340153,6685000,664.7476928710937,648.2400061035156,662.2614491129397,657.9575519800235,49.75822818318186,4.303897132916177,5.791900153835282,-1.4880030209191055,0.015284933250001353,0.010910512961966982,-0.1254121094772097,0.018670477485958292,1,IVV
2025-10-14,659.5995483398438,663.1479310482861,650.5601409396072,654.5743415127671,6413000,664.3690673828125,648.8984350585938,661.8519259170788,658.0791813400102,51.12250621851787,3.772744577068579,5.388069038481942,-1.6153244614133628,-0.0011257910692602513,0.010829088453398729,-0.04068810770381448,0.01649119908924379,1,IVV
2025-10-15,662.3748779296875,667.5189592350109,656.3188220068347,664.1589604136382,6901900,664.0162170410156,649.6726477050781,661.9323800728648,658.3973810873938,56.52490640817985,3.53499898547102,5.017455027879757,-1.482456042408737,0.004207597771752614,0.010848118515860922,0.07623577108997348,0.019551739278972358,1,IVV
2025-10-16,658.11279296875,665.9628522997634,654.5644708097107,664.1589272740125,5132300,663.1717346191406,650.2693237304687,661.3447512876163,658.3763004860127,49.16858033643833,2.9684508016035807,4.607654182624522,-1.6392033810209412,-0.00643455104194024,0.010989825188456316,-0.2563931670989148,0.012061877982010305,1,IVV
2025-10-17,661.7901000976562,663.0290547354332,655.5557021388622,656.8541241794192,6734100,662.7029235839843,650.9464624023437,661.413266489161,658.6291745313197,50.82206334416065,2.7840919578412695,4.242941737667872,-1.4588497798266022,0.005587654833934863,0.01119947723759286,0.31210178672330136,0.016658263500340054,1,IVV
2025-10-20,668.629150390625,669.5310827440314,664.6148889886106,664.6545742541439,7433200,662.6731872558594,651.6653186035156,662.5234024740016,659.3699134838607,54.3410745381099,3.153488990140886,4.025051188162474,-0.8715621980215884,0.010334168329141802,0.011673141322363483,0.10381491216346661,0.02603150927758735,1,IVV
2025-10-21,668.470458984375,670.2942266251628,667.3207358274052,668.7777172803103,10108000,662.872412109375,652.4061010742188,663.4383342448283,660.0440279653803,52.211724839322734,3.39430627944796,3.8989022064195717,-0.5045959269716116,-0.00023733845010687205,0.011603304020324329,0.35984501964160787,0.024623249052553975,1,IVV
2025-10-22,665.2293701171875,669.313020019952,660.7096662834996,669.3030987040986,4929900,662.3510620117188,652.9484582519531,663.7138782251913,660.4281273840328,48.90445246787663,3.2857508411584604,3.77627193336735,-0.4905210922088896,-0.0048485147303468645,0.011527550762588098,-0.5122774040364069,0.0188083940011321,1,IVV
2025-10-23,669.0056762695312,670.0266038311166,665.1500957834847,665.4573540843435,5702400,662.395654296875,653.519501953125,664.5280010012435,661.0635013755513,51.96484628553424,3.4644996256922695,3.713917471832334,-0.24941784614006446,0.005676697875919956,0.011668168984600874,0.15669689040345647,0.02369657564942429,1,IVV
2025-10-24,674.5067138671875,675.775371895295,672.960500976033,673.7434984896373,7901100,664.8061645507812,654.2001696777344,666.0631875960041,662.0592948934503,54.141465571287235,4.003892702553799,3.7719125179766273,0.2319801845771714,0.008222706910845368,0.006839201118318002,0.38557449494949503,0.03104026126966053,1,IVV
2025-10-27,682.5152587890625,682.822517097847,679.3931296183478,680.0274888673957,8293100,667.0233947753907,655.0698645019531,668.5942754718593,663.5745514783105,60.99480536653257,5.019723993548837,4.02147481309107,0.9982491804577673,0.01187318785302982,0.006255411261218585,0.04961334497728154,0.04189689646000727,0,IVV
2025-10-28,684.239990234375,686.1430076411442,682.1188853510059,684.3291610916589,5521400,669.4874389648437,655.9799841308594,671.0013085122463,665.1053247195005,59.75886470935634,5.895983792745824,4.39637660902202,1.4996071837238034,0.002527022543602264,0.006070513450294483,-0.33421760258528177,0.04308059207166015,0,IVV
2025-10-29,684.606689453125,686.945821226654,680.1563136987245,685.9745001757104,6523100,671.7106201171875,656.965029296875,673.0944440416123,666.5498702553244,61.59900400849522,6.544573786287856,4.826016044475188,1.7185577418126678,0.0005359219338003651,0.006146351413688784,0.18142137863585317,0.04207478164527867,0,IVV
2025-10-30,677.1927490234375,683.2289625178336,677.1630455705491,681.1772464186299,6398200,673.6186157226563,657.8357897949219,673.7249525003547,667.338231645555,72.92601142785514,6.386720854799705,5.138157006540092,1.2485638482596135,-0.01082948873258871,0.007017093596296686,-0.019147337922153618,0.029425214512196263,0,IVV
2025-10-31,679.1751098632812,682.3567672455969,676.5485622510896,682.3171424745167,8120200,675.3571166992188,658.7961987304687,674.5634382484972,668.2150374394606,68.65656480148988,6.348400809036548,5.380205767039383,0.9681950419971646,0.00292732142023433,0.006953351603170596,0.2691381951173768,0.03093355907651496,0,IVV
2025-11-03,680.6221313476562,683.0702763888688,677.2422901074787,682.941480777701,5675400,676.5564147949219,659.5918627929688,675.495544879137,669.1340814326603,70.54021883550125,6.361463446476705,5.576457302926848,0.7850061435498574,0.002130557294224511,0.006404105232869978,-0.3010763281692569,0.031883759853611915,0,IVV
2025-11-04,672.8118286132812,677.2324404927037,671.8900536320056,673.4164239511344,8949900,676.9905517578125,660.2878466796875,675.0826654536207,669.4065071497434,59.28402887947088,5.676158303877287,5.596397503116936,0.07976080076035075,-0.011475240628614714,0.007663158727324066,0.5769637382387145,0.018967457899720097,1,IVV
2025-11-05,674.8931884765625,678.164076793055,671.5034258621137,672.2963446526046,8342700,677.95693359375,660.9736767578125,675.0535151494579,669.8129279887671,65.5292238381748,5.2405871606907795,5.525235434631705,-0.28464827394092573,0.0030935244815346596,0.007435381432446088,-0.06784433345623975,0.0210591014562449,1,IVV
2025-11-06,667.568603515625,674.6950730338199,666.0719366292645,673.7831588606188,7916200,677.8132263183594,661.482578125,673.9019902827143,669.6466817314973,55.00947660163034,4.255308551217013,5.271250057948767,-1.015941506731754,-0.010852954342999488,0.008194450835988031,-0.05112253826698787,0.009200583041621524,1,IVV
2025-11-07,668.3812866210938,668.6191562050425,658.5885854430392,665.2690184075067,10021600,677.20068359375,661.9614855957032,673.0526512578497,669.5529487603563,49.76005142852416,3.499702497493331,4.91694054585768,-1.4172380483643492,0.0012173776615449494,0.007679080307361455,0.26596094085546085,0.009698148857729016,1,IVV
2025-11-10,678.7686767578125,679.4922068409485,672.3855806322332,674.585934828205,8998000,676.826025390625,662.7236389160156,673.9320397963055,670.2355952786864,58.32138171846796,3.6964445176190566,4.672841340209955,-0.9763968225908988,0.015541114547402701,0.008409102309864493,-0.10213937894148639,0.024210752264761437,0,IVV
2025-11-11,680.0968017578125,680.8500957871006,676.0628190674021,677.2620883282925,12258800,676.4117065429688,663.6091967773438,674.8804647134605,670.9660550178809,62.39673963935721,3.914409695579593,4.521155011283883,-0.6067453157042904,0.0019566680748202003,0.008388058653349673,0.36239164258724155,0.02484535335034055,0,IVV
2025-11-12,680.5726318359375,682.2477008456367,678.253282247189,682.0791594659905,8053600,676.00830078125,664.435888671875,675.756182732303,671.6776533006998,60.206507373493764,4.078529431603215,4.43262989534775,-0.3541004637445351,0.0006996505157723654,0.008390628553197275,-0.3430352073612425,0.024286381032665005,0,IVV
2025-11-13,669.4814453125,678.1442052331158,667.8856864841389,677.8171043162553,9741000,675.2371704101563,664.9354162597656,674.7908385138718,671.5149712274998,45.963948383402844,3.2758672863719767,4.201277373552596,-0.9254100871806195,-0.01629684475192239,0.009266605761314368,0.209521207907023,0.006836797892802338,0,IVV
2025-11-14,669.3427124023438,672.9802660065181,660.6403271387591,662.7911352893888,6930200,674.2539306640625,665.4665588378906,673.9526652659443,671.354063166377,37.88952946154113,2.5986020995673016,3.8807423187555377,-1.282140219188236,-0.00020722442888843062,0.009167503933052426,-0.2885535365978852,0.005824715777186684,0,IVV
2025-11-17,663.07861328125,671.0277657452602,659.5599941430138,667.0432681966333,6151300,672.4995788574219,665.8398071289063,672.279734191376,670.7410668785899,32.043595714179176,1.5386673127860604,3.412327317561642,-1.8736600047755818,-0.009358582688696493,0.009390408762191728,-0.1123921387550143,-0.004146934169590333,1,IVV
2025-11-18,657.5875244140625,662.4838751809234,653.2660654931741,659.460838199434,9412100,670.9771484375,666.0735900878906,670.0193942256353,669.766730399736,28.907329512642775,0.25266382589927616,2.780394619229169,-2.527730793329893,-0.008281203400626658,0.009103730401398908,0.5300993285972071,-0.01274043258900015,1,IVV
2025-11-19,660.0654296875,664.7040682036798,656.1503212605714,658.1425698307402,6254300,669.4943725585938,666.3199731445312,668.4880150659221,669.048115532163,35.51298809914694,-0.5601004662408968,2.112295602135156,-2.672396068376053,0.0037681756138019384,0.009150101871017492,-0.33550429765939593,-0.00938669664592895,1,IVV
2025-11-20,649.9754028320312,672.9010227802553,649.3112796328936,670.2843362384899,8500900,667.7350524902344,666.2566455078126,665.6399208760928,667.6353219988199,28.280600505930067,-1.9954011227271167,1.2907562571627014,-3.286157379889818,-0.015286404046710556,0.00970738071852844,0.3592088643013607,-0.024436893478746335,1,IVV
2025-11-21,656.4279174804688,661.8990999106809,648.2606778604952,652.383952687488,6113500,666.5397155761718,666.3269128417969,664.2226895844583,666.8051438863495,33.25099632567935,-2.5824543018911754,0.5161141453519261,-3.0985684472431014,0.009927321280656098,0.010452564835764977,-0.28084085214506704,-0.014856064148917936,1,IVV
2025-11-24,666.1214599609375,667.4099606449977,658.994990686184,660.0555430826468,4876100,665.2749938964844,666.5228674316406,664.5148081039166,666.7545006326153,45.48613370251927,-2.239692528698697,-0.03504718945819851,-2.2046453392404985,0.014767108805601836,0.010312191052409754,-0.20240451459883868,-0.000602241108770829,1,IVV
2025-11-25,672.3856201171875,673.5452646805732,661.8891701584331,666.0124449328732,5414400,664.5038757324219,666.8614501953125,665.7257022598044,667.1716205944354,48.39857678988785,-1.44591833463096,-0.3172214184927508,-1.1286969161382092,0.009403930863625565,0.010869961754668771,0.11039560304341589,0.00828383455102566,1,IVV
2025-11-26,677.0242309570312,679.0264008609208,674.1002861309286,674.9428115192375,3883300,664.1490356445313,667.307275390625,667.4639374439931,667.9014435842572,56.253234167011776,-0.43750614026407675,-0.341278362847016,-0.09622777741706073,0.006898735935243927,0.011156135630965316,-0.28278294917257685,0.014561441070334746,1,IVV
2025-11-28,680.8104248046875,681.0582156924572,677.8666376001559,678.1738958811574,3784100,665.28193359375,667.76677734375,669.5172431917922,668.8576644154002,57.90864852479135,0.6595787763919816,-0.1411069349992165,0.800685711391198,0.005592405226477748,0.009765761012368607,-0.02554528365050346,0.01953323810570895,1,IVV
2025-12-01,677.618896484375,680.3347356303035,676.1024475976668,676.1718363108376,8243600,666.1095520019531,668.099609375,670.7636513906511,669.5066445686575,49.19464613679814,1.2570068219936275,0.1385158163993523,1.1184910055942752,-0.004687837030738939,0.009964889075622988,1.1784836552945217,0.014248305156592034,1,IVV
2025-12-02,678.7786254882812,681.1573819722314,676.6971455070175,679.2444433699835,9107200,667.6795532226563,668.392001953125,671.9967243287481,670.1934579701111,49.07451132981198,1.8032663586369608,0.47146592484687405,1.3318004337900868,0.0017114767754016214,0.00924101963991818,0.10476005628608864,0.015539718465818364,1,IVV
2025-12-03,681.1871948242188,682.2378259582858,677.0242950586544,677.9559913847768,6578700,670.0395202636719,668.80353515625,673.4106428665128,671.0078088481931,50.42008252291492,2.4028340183197088,0.857739543541441,1.5450944747782678,0.003548387125780428,0.008447521059137113,-0.27763747364722413,0.01851613966884269,1,IVV
2025-12-04,681.7719116210938,682.6739044456157,678.7687171349945,682.6045157286655,6652600,672.2101684570313,669.2711657714843,674.6969919056792,671.8051497943339,59.81017560851082,2.891842111345227,1.2645600571021982,1.6272820542430286,0.0008583790202132402,0.008489728661871346,0.011233222369161133,0.018678147945010437,1,IVV
2025-12-05,683.0208129882812,685.6969671174134,681.940478416813,682.8027860090243,16119000,675.5147094726562,669.8240368652343,675.977579764541,672.6359396605523,60.727654987142245,3.341640103988766,1.679976066479512,1.661664037509254,0.0018318463197140034,0.005547666518982014,1.4229624507711272,0.019701855109302446,0,IVV
2025-12-08,680.9888916015625,683.9623825369455,678.937175596649,683.942539905378,6333500,677.9708068847656,670.2635180664063,676.7485508163904,673.2546768413679,65.0457460575943,3.4938739750225523,2.04275564818812,1.451118326834432,-0.002974904055747407,0.0057665775740356594,-0.6070786028909982,0.01600172655390386,0,IVV
2025-12-09,680.4437866210938,682.7234509825271,679.9581260979511,680.5428787906139,6793000,679.4030395507813,670.655029296875,677.3170486324987,673.787203491718,70.94083529147295,3.529845140780708,2.340173546706638,1.18967159407407,-0.0008004608991297735,0.004380029659814622,0.07255072234941196,0.014595815876429663,0,IVV
2025-12-10,684.8148193359375,686.2718614597287,678.6894348161024,679.908546830993,17850700,680.6459594726563,671.0836096191406,678.4705518176431,674.6040639246231,71.91508818048572,3.8664878930200075,2.6454364159693116,1.221051477050696,0.0064237969407423545,0.003906537120349535,1.627808037685853,0.02046125031214774,0,IVV
2025-12-11,686.4700317382812,686.5889665318966,679.5417472831418,682.4855346646877,27041100,681.5905395507813,671.4949426269532,679.7012410362029,675.4830245034127,87.99011883825189,4.218216532790166,2.9599924393334827,1.258224093456683,0.00241702188038051,0.003497371957809583,0.5148481572151231,0.022301119726596985,0,IVV
2025-12-12,679.1155395507812,686.2123047279243,676.5484597321223,685.5283994314653,14659500,681.4210510253906,671.7461010742187,679.6111331153688,675.7520996921066,73.18199393810883,3.85903342326219,3.139800636119224,0.7192327871429658,-0.010713493448325728,0.004857939582470343,-0.4578807814770849,0.010970571269081741,1,IVV
2025-12-15,678.1046142578125,683.1000571199636,676.6277296487456,683.1000571199636,9028400,681.4696228027344,671.9786291503906,679.3793609834371,675.9263600303071,64.88549965578628,3.4530009531299584,3.2024406995213712,0.25056025360858714,-0.0014885910188970897,0.004632485614531161,-0.38412633445888333,0.00911633918353516,1,IVV
2025-12-16,676.21875,678.4268956733982,672.3494561380083,676.5668613848914,40598500,681.2136352539062,672.1244738769532,678.8931131398314,675.9480185465807,55.34266852689965,2.945094593250701,3.1509714782672376,-0.20587688501653645,-0.0027810815885341844,0.00467448348646421,3.4967546852155422,0.006091544471562127,1,IVV
2025-12-17,668.8282470703125,677.7206288024389,668.5795787452643,677.2730743853843,32809900,679.9777404785157,672.171474609375,677.3446722060593,675.4206280668571,39.39022829304059,1.924044139202124,2.905586010454215,-0.9815418712520909,-0.010929160023568585,0.005496461946092004,-0.19184452627560133,-0.004973771820658279,1,IVV
2025-12-18,673.8911743164062,678.1185359265091,672.2798083947703,674.9554820540371,37055700,679.1896667480469,672.2404406738282,676.8133648384204,675.3073351964534,41.32957039824396,1.5060296419669612,2.625674736756764,-1.119645094789803,0.007569846620968823,0.006221225123684724,0.1294060634137868,0.0024555702732245166,1,IVV
2025-12-19,679.8492431640625,680.4858486455926,675.8108720000438,675.9600972788537,10176200,678.872509765625,672.46623046875,677.2804230423653,675.6437728236837,52.613607754279954,1.636650218681666,2.4278698331417443,-0.7912196144600783,0.008841292295748149,0.0069464395895866,-0.725380980523914,0.010979008849509198,1,IVV
2025-12-22,684.1661987304688,684.7132569400765,682.0375831555864,683.270968416533,14978200,679.1902404785156,673.1415222167968,678.3397731482273,676.2750636315936,55.87839637719766,2.064709516633684,2.3552377698401323,-0.2905282532064484,0.006349871842638022,0.007190466869823131,0.4718853796112499,0.016377947504063295,1,IVV
2025-12-23,687.2894287109375,687.5282013159605,683.2013357343191,683.2610137080636,8736400,679.8748046875,673.6804516601562,679.7166432347981,677.0909425263599,56.555922618618276,2.6257007084382167,2.4093303575597496,0.21637035087846712,0.004565016491993035,0.007283151926824041,-0.41672564126530554,0.020200938022239656,0,IVV
2025-12-24,689.6965942382812,690.1640615892518,687.1402763490197,687.2894409310112,2348200,680.3629821777344,674.282392578125,681.2520203122571,678.0246945050206,58.193036568866994,3.2273258072364115,2.572929447495082,0.6543963597413294,0.0035024044118625586,0.007098813904209752,-0.7312165193901379,0.022860157450085294,0,IVV
2025-12-26,689.5772094726562,690.9995850711256,688.6720227308757,689.9849988317803,2763600,680.6736999511719,674.8264392089844,682.5328186446262,678.8804363544751,56.94051394176223,3.652382290151081,2.788820016026282,0.8635622741247992,-0.00017309751363470127,0.007077776336955259,0.176901456434716,0.021858613425049356,0,IVV
2025-12-29,687.229736328125,688.5029473547079,685.4293799961913,686.8816249402543,5395400,681.4851196289062,675.4087780761719,683.2554213651645,679.49890301919,56.562631573542554,3.7565183459744276,2.982359682015911,0.7741586639585165,-0.0034042208940263663,0.006104532966409634,0.9523085830076712,0.017501931623725486,1,IVV
2025-12-30,686.2449951171875,687.8762739209436,685.9167966351217,686.7821575606424,4574500,682.2991577148438,675.8978759765625,683.7153557885526,679.9986135449676,56.044439639547974,3.7167422435850312,3.129236194329735,0.5875060492552961,-0.001432914146292541,0.006101827847465439,-0.15214812618156204,0.015308701962815086,1,IVV
2025-12-31,681.2915649414062,686.712546826306,681.112531024094,686.4936871206734,3845900,682.8064392089843,676.1511242675781,683.3424648889917,680.0943877224815,46.373041693841365,3.248077166510143,3.153004388765817,0.09507277774432588,-0.00721816583148327,0.006567887066940279,-0.15927423762159798,0.0076025025905213095,1,IVV
2026-01-02,682.534912109375,686.2251721131952,679.2425457316967,685.0713170234097,7056700,684.1771057128906,676.4324133300781,683.2182259998199,680.275167306696,45.91440872261983,2.9430586931239304,3.1110152496374397,-0.16795655651350927,0.0018249854129277487,0.005123848254865776,0.8348631009646637,0.009021594262838883,1,IVV
2026-01-05,687.1103515625,688.7813954322662,685.7476539893566,685.9167921626961,11227900,685.4990234375,676.8700329589843,683.8170145479246,680.7814772515703,58.80884522735129,3.0355372963542777,3.0959196589808076,-0.06038236262652985,0.006703597679691642,0.005026414934862118,0.5910978219280967,0.015128928900500105,1,IVV
2026-01-06,691.1885986328125,691.6461095325443,687.1502271440571,687.2993917248216,7654100,686.632958984375,677.31369140625,684.9511044071381,681.5523751316623,63.50346203852085,3.39872927547583,3.1564815822798122,0.2422476931960178,0.005935359671177309,0.004654347046035288,-0.3182963866796106,0.02048520117429664,1,IVV
2026-01-07,688.9406127929688,693.3072434049018,688.6720315591007,691.546652134067,7529600,687.110400390625,677.6023693847657,685.5648749280351,682.0996519954628,63.032318975596645,3.465222932572374,3.218229852338325,0.24699308023404898,-0.0032523479760666607,0.004570241797090386,-0.016265792189806727,0.016732886306902506,1,IVV
2026-01-08,688.8610229492188,689.9352871762435,686.8219547043428,688.1548437184331,6080000,687.2675598144531,677.7292846679687,686.0719746236018,682.6004942883335,74.13704601979988,3.471480335268325,3.268879948924325,0.2026003863439998,-0.00011552497018185726,0.004366124084491266,-0.19252018699532514,0.016425051319279627,1,IVV
2026-01-09,693.366943359375,694.6500501762281,688.5726103367249,689.9750731035157,5758700,687.6345947265625,677.9118237304688,687.1942775060285,683.3980090343365,73.78517748819652,3.796268471691974,3.374357653477855,0.4219108182141187,0.006541116800113045,0.004710779069273799,-0.05284539473684213,0.022798126670602326,0,IVV
2026-01-12,694.5107421875,695.4457375493446,690.0148600031354,690.0247557400343,6746300,688.1279479980469,678.1099047851562,688.3198874570242,684.2211744530894,70.2917722588275,4.09871300393479,3.5192287235692423,0.579484280365548,0.0016496298808006404,0.004715344786948476,0.17149703926233362,0.024186105064399666,0,IVV
2026-01-13,693.1580200195312,695.435800159936,690.740971038217,694.8688897691713,6958700,688.7207763671875,678.4292102050781,689.0642155435637,684.8831630135664,63.55722262917469,4.18105252999726,3.651593484854846,0.5294590451424135,-0.0019477339741471589,0.0045946415514637705,0.03148392452158966,0.021710164587401604,0,IVV
2026-01-14,689.7959594726562,691.0492575122291,685.5089200876317,690.3728869707217,11674800,689.0758728027344,678.6416271972656,689.1767915326549,685.247073862388,53.752144826741855,3.929717670266882,3.707218321937254,0.22249934832962825,-0.004850352228169097,0.0049016947920744345,0.6777271616824982,0.01643626301183021,0,IVV
2026-01-15,691.6162719726562,694.8091952400629,690.5718771108078,693.9537300306049,7668800,690.1083435058594,678.8615100097657,689.552096215732,685.7188663150005,52.925049104219994,3.833229900731567,3.7324206376961166,0.10080926303545024,0.0026389144137515252,0.004095997766857139,-0.3431322163977113,0.01878845946459262,0,IVV
2026-01-16,690.9597778320312,693.6255558936413,689.4777242214636,693.0386718917833,7668600,690.950830078125,679.2244689941406,689.7686626182395,686.1070819829287,52.07271902084798,3.6615806353108837,3.71825263721907,-0.05667200190818633,-0.0009492173149028282,0.004165853676350406,-2.6079699561809555e-05,0.01727751188832971,1,IVV
2026-01-20,676.9746704101562,684.1263743590563,675.960144856977,680.8638772791509,8597100,689.9372619628906,679.2660986328125,687.8003561246883,685.4306070516122,38.60274615623597,2.3697490730760364,3.448551924390464,-1.0788028513144274,-0.0202401179787266,0.007563702282038345,0.12107816289805173,-0.003373388171834746,1,IVV
2026-01-21,684.653564453125,688.1050518211559,677.5416257488517,679.0236793200255,8142200,689.2837585449219,679.6077978515625,687.3162343290631,685.3730483406132,48.460402938189375,1.9431859884499545,3.147478737202362,-1.2042927487524073,0.011342956211812805,0.00830780050953371,-0.05291319165765196,0.0074245272310200505,1,IVV
2026-01-22,688.274169921875,690.4922719903952,686.3046754724314,689.2190610044908,6493600,689.2171142578125,680.0056555175781,687.4636090356496,685.5879462355215,56.93399422747996,1.8756628001281115,2.8931155497875123,-1.0174527496594008,0.005288229926389221,0.008478433286535875,-0.2024759892903638,0.012159478876691665,1,IVV
2026-01-23,688.5526733398438,690.3430732362845,686.5434137361476,687.5082784594237,7894000,689.186279296875,680.2013354492187,687.631157390141,685.8075556506565,56.09261742478079,1.823601739484502,2.67921278772691,-0.855611048242408,0.0004046402293440554,0.008479679036092376,0.21565849451767893,0.012277744037520355,1,IVV
2026-01-26,692.1832275390625,693.5060993363878,689.308607089161,689.865621716993,7028000,689.0679077148437,680.4430639648438,688.3314758745904,686.2798276423903,55.236160845910184,2.0516482322001366,2.5536998766215553,-0.5020516444214187,0.00527273270410622,0.00837965988777588,-0.10970357233341776,0.01725370452865005,1,IVV
2026-01-27,694.9285278320312,695.9032882423293,692.9490769614678,693.5658302629263,8645900,689.1096862792969,680.7301818847657,689.3464069449659,686.9204721008822,53.96953933261209,2.425934844083713,2.5281468701139866,-0.10221202603027368,0.003966146800073789,0.008466173569891218,0.23020774046670467,0.020857523766544483,0,IVV
2026-01-28,694.978271484375,697.236138672574,693.3072275663525,696.3807341746652,10289100,689.2917114257813,681.2401184082031,690.2128476433365,687.5173461292891,56.72201239740744,2.6955015140474643,2.5616177989006825,0.13388371514678177,7.158096171266948e-05,0.008436129245024904,0.19005540198244253,0.020166388773862343,0,IVV
2026-01-29,693.3768310546875,696.4205288963907,684.2258246365475,695.7440976337547,7416100,689.6497985839844,681.72080078125,690.6996143220059,687.951382049689,54.86287567385666,2.7482322723169545,2.598940693583937,0.14929157873301735,-0.0023043028759259787,0.008300938791370118,-0.2792275320484785,0.017097953091763873,0,IVV
2026-01-30,691.327880859375,693.6156175324567,686.523591348871,691.1587426705045,11124800,689.6209594726563,682.2857861328125,690.7962707123704,688.2014930726286,47.6815392003642,2.5947776397417783,2.5981080828155054,-0.0033304430737270962,-0.002955031237769856,0.008332888534663713,0.500087647146074,0.013252650004352162,0,IVV
2026-02-02,694.819091796875,696.3310146981228,688.841156030847,688.9605119746252,8246400,690.0068908691406,683.0304174804687,691.4151662638326,688.691685570721,50.332833512091895,2.7234806931115827,2.623182604874721,0.10029808823686182,0.005050007433752279,0.008472561051915649,-0.25873723572558605,0.017259369443445527,0,IVV
2026-02-03,688.8809204101562,696.3509268859219,683.4400256866054,695.5750525421076,7309600,691.1975158691406,683.6067272949218,691.0252822863439,688.7057029662348,45.79913340191304,2.319579320109142,2.562461947921605,-0.24288262781246317,-0.008546356104525032,0.00559732856480235,-0.11360108653473033,0.007715244605776217,1,IVV
2026-02-04,685.618408203125,690.8205913844423,681.1423778889404,689.7761357430953,15289200,691.2940002441406,684.3195874023437,690.1934555043102,688.4770144652637,45.88886819991951,1.7164410390465719,2.393257766146599,-0.6768167271000269,-0.004735959598196948,0.004789477542852613,1.0916602823683923,0.0018979740236744203,1,IVV
2026-02-05,676.8951416015625,683.0521721941022,675.1942282821861,680.2869510829572,8108900,690.1560974121094,684.7289318847656,688.1475610577337,687.6190979568414,37.24576508699326,0.5284631008922815,2.0202988330957354,-1.491835732203454,-0.012723209437191962,0.005900761535084887,-0.4696321586479345,-0.011440717513775955,1,IVV
2026-02-06,690.0845336914062,691.6958997264875,680.2670514783465,680.8439790433897,7928100,690.3092834472657,685.208193359375,688.4455568475295,687.8017228260685,49.37699414009551,0.6438340214609752,1.7450058707687834,-1.1011718493078082,0.019485133337841853,0.00894076633256914,-0.02229648904290349,0.0071165820538776625,0,IVV
2026-02-09,693.3768310546875,695.2567174348279,687.7171376011564,688.8012974905977,5078600,690.4286437988281,685.628017578125,689.2042144178615,688.2146938059661,63.77156058178851,0.9895206118953865,1.5939088189941042,-0.6043882070987177,0.004770860963467793,0.008910848447296128,-0.35941776718255325,0.01130177483693573,0,IVV
2026-02-10,691.4471435546875,695.9330689776049,691.05920641143,694.3316595934348,5057100,690.0805053710938,685.9164758300781,689.5492804389116,688.4541345280936,56.31354326671099,1.0951459108180188,1.494156237358887,-0.3990103265408682,-0.0027830285258663157,0.008849952309880544,-0.004233450163430907,0.008063179584535174,0,IVV
2026-02-11,691.3477172851562,696.5399438728815,688.5925133187051,695.7839823941285,7277900,689.7174499511718,686.1272216796875,689.8259630306416,688.6684739915797,53.05640359555473,1.1574890390618293,1.4268227976994756,-0.2693337586376463,-0.00014379446130918794,0.008848757876131628,0.4391449645053489,0.007608640847521775,0,IVV
2026-02-12,680.684814453125,694.7395534119397,679.7995406222202,693.6453763268762,7400000,688.4482482910156,686.1885400390624,688.4196324802544,688.0770918035461,43.51530736981265,0.3425406767083814,1.209966373501257,-0.8674256967928755,-0.01542335725632138,0.010040167774351806,0.01677681748856119,-0.008020719182550207,1,IVV
2026-02-13,681.1124877929688,685.6780041697616,676.9149349644824,681.0826184536244,5509500,687.426708984375,686.2352172851563,687.2954563745183,687.56119521017,40.366899391050254,-0.26573883565174583,0.9148253316706564,-1.180564167322402,0.0006282986350847342,0.010058311243108183,-0.255472972972973,-0.007464976094426867,1,IVV
2026-02-17,682.186767578125,684.3352352088044,675.1842286424925,679.5309461372336,7334700,686.1634765625,686.2552087402344,686.5095042519962,687.1630894596482,38.58080100297677,-0.6535852076519859,0.601143223806128,-1.2547284314581137,0.0015772428261260352,0.009867394719953418,0.331282330520011,-0.0059284667136848546,1,IVV
2026-02-18,685.6780395507812,688.5327471668957,682.2563608482203,683.4301288089611,7366800,685.8431884765625,686.3333312988282,686.3815866056555,687.053085762695,42.14938199728996,-0.6714991570395341,0.3466147476369955,-1.0181139046765297,0.00511776560112831,0.009773384658929695,0.004376457114810384,-0.0009547718552541662,1,IVV
2026-02-19,684.0169067382812,685.5885075030254,680.9732089617737,683.2709017860977,4774300,685.6830383300781,686.3532531738281,686.0177897029824,686.8281836127384,42.10694811738826,-0.8103939097559305,0.11521301615841031,-0.9256069259143408,-0.0024226134084566198,0.00968695071629738,-0.35191670738991154,-0.0034039999442606605,1,IVV
2026-02-20,688.811279296875,689.3882068256394,681.2517862918575,681.6695320905976,6459200,686.8746520996094,686.5097009277343,686.447557332812,686.9750795893411,47.97171259238271,-0.527522256529096,-0.013334038379090946,-0.514188218150005,0.0070091433579553275,0.008821745809182026,0.35291037429570826,0.0033525795280537896,0,IVV
2026-02-23,681.8385620117188,689.4080109357876,679.789537528343,687.2595434106127,5701900,686.0500549316406,686.5375964355469,685.7384811295669,686.5945968058136,40.09408783705104,-0.8561156762466453,-0.18189036595260183,-0.6742253102940434,-0.01012282681008625,0.007000348249223843,-0.11724362150111467,-0.00684454055863104,1,IVV
2026-02-24,686.8319091796875,687.7569481161205,679.4116240838334,681.3114841925645,4646200,685.3955627441406,686.5779382324218,685.9067008295856,686.6121755001747,48.413446315401444,-0.7054746705890693,-0.28660722687989537,-0.41886744370917395,0.007323356944254122,0.007282267380623381,-0.18514881004577421,0.00036990840095962874,0,IVV
2026-02-25,692.5413208007812,693.1182483433125,689.5473442999422,689.5672571941809,7411800,685.50498046875,686.6993640136719,686.9274115943849,687.0513714483677,55.16472007831888,-0.12395985398279663,-0.25407775230047563,0.130117898317679,0.008312676718693401,0.007794806613816987,0.5952391201411906,0.008507298962625809,0,IVV
2026-02-26,688.7217407226562,692.7203469771673,683.798156257078,692.7203469771673,6298700,685.2423828125,686.8914880371094,687.2034622295037,687.1751025057224,59.51953999722914,0.028359723781250068,-0.1975902570841305,0.22594998086538057,-0.005515310008807006,0.008002343627158924,-0.15017944358995117,0.0026645441345867216,0,IVV
2026-02-27,685.7079467773438,686.2550050000918,681.0727347801392,682.4752582583242,7614200,685.7446960449219,687.0435546875,686.9733829291714,687.0664243036202,45.787035731408096,-0.09304137444883054,-0.1766804805570705,0.08363910610823996,-0.004375923928508829,0.006264267604856542,0.2088526203819836,-0.0019439930715363651,0,IVV
2026-03-02,685.777587890625,688.0553681214022,677.4322634927704,678.1285470149002,6344500,686.2112060546875,687.2347314453125,686.7894144617027,686.9709549396947,42.20098319251932,-0.18154047799203,-0.17765248004406242,-0.0038879979479675697,0.00010156089572621596,0.006267648021655567,-0.1667542223739854,-0.002120299641467427,0,IVV
2026-03-03,679.7298583984375,682.0175947462482,669.06699023019,674.4680587274693,8231300,685.9655151367188,687.452763671875,685.703328913508,686.4345774181202,38.91191494375558,-0.7312485046121537,-0.28837168495768073,-0.442876819654473,-0.008818791396769998,0.006932943366927329,0.2973914414059422,-0.01123408862623132,0,IVV
2026-03-04,684.61376953125,686.5135688259016,679.0336061666668,681.062778557439,7473600,685.8590881347657,687.6672155761719,685.5357043931606,686.2997027598335,44.15676720599529,-0.7639983666729222,-0.38349702130072905,-0.38050134537219316,0.007185076648420052,0.007141426813671805,-0.09205107334199947,-0.00444029608473262,0,IVV
2026-03-05,680.8141479492188,684.9519624029003,675.0251417249012,681.4506927582163,7001400,685.5388122558594,687.686513671875,684.8093110940927,685.8933653664546,50.127400866013254,-1.084054272361982,-0.5236084715129796,-0.5604458008490023,-0.005550022145527134,0.007319133938070475,-0.0631824020552344,-0.00999345717274791,0,IVV
2026-03-06,671.8023681640625,675.5224365761762,669.1664596465818,672.8268500893582,5369100,683.8379211425781,687.4392370605469,682.808242951011,684.849587795907,42.15561742686438,-2.0413448448960025,-0.8271557461895842,-1.2141890987064183,-0.013236769259719394,0.007811662315857565,-0.23313908646842063,-0.022746546972423065,0,IVV
2026-03-09,677.7206420898438,679.3519209045527,661.8058689747314,665.7945187003131,8305500,683.4261291503906,687.247861328125,682.025535126216,684.3215177436061,46.52098212969734,-2.2959826173901092,-1.1209211204296894,-1.1750614969604198,0.008809546090102316,0.008041600701176538,0.5469073028999274,-0.013862857601142142,0,IVV
2026-03-10,676.4971923828125,682.7835348537998,674.2194124068695,677.2232844564893,13577200,682.3926574707032,686.9838732910156,681.175020858,683.7419380872511,42.58637701988315,-2.5669172292510893,-1.4101203421939694,-1.15679688705712,-0.0018052419109717555,0.007548184057396509,0.6347239780868099,-0.015264813798272048,0,IVV
2026-03-11,675.7711181640625,679.5011430959516,672.7771417717929,676.994546914509,8208100,680.7156372070312,686.7077514648438,680.3436512127789,683.1515069818298,43.239350772701385,-2.8078557690508887,-1.6896674275653534,-1.1181883414855354,-0.00107328489596914,0.006733498878051687,-0.3954497245381964,-0.01592618297587578,0,IVV
2026-03-12,665.38671875,671.0464122772871,665.2773192569866,670.5689278086134,28564600,678.3821350097656,686.2708911132812,678.0425846800437,681.8355967424351,32.40705426754582,-3.7930120623914263,-2.110336354530568,-1.6826757078608585,-0.015366740505683207,0.00786155323909142,2.4800501943202446,-0.030431383049633,0,IVV
2026-03-13,661.65673828125,671.6531935140146,660.7714644109836,668.6592169548285,24744000,675.9770141601563,685.7791259765625,675.5216852340754,680.340866486051,34.06639264081572,-4.819181251975579,-2.65210533401957,-2.1670759179560086,-0.005605733273061353,0.007887864394638436,-0.13375296695910321,-0.03517515593808973,0,IVV
2026-03-16,668.3309326171875,671.4542214539354,666.5704021002017,667.7640222420845,8237300,674.2323486328125,685.5199133300781,674.415415600708,679.4512417550241,35.77107160091404,-5.035826154316055,-3.128849498078867,-1.9069766562371884,0.01008709493879656,0.008958870329040147,-0.6670990947300356,-0.025074371114021998,0,IVV
2026-03-17,670.18994140625,673.8600765445682,669.5317361212146,671.8055970684536,23215600,673.2783569335937,685.2730139160157,673.7653426477145,678.7652195069668,31.727555687283,-4.999876859252254,-3.5030549703135447,-1.496821888938709,0.0027815692770385425,0.00880487835853864,1.8183506731574668,-0.022010311515950343,0,IVV
2026-03-18,661.0744018554688,669.1028870481488,660.6755098569575,667.7864156225727,17019900,670.9244201660156,684.752294921875,671.8128902181383,677.4547885698188,29.199201350430457,-5.641898351680538,-3.9308236465869437,-1.7110747050935946,-0.013601426980020426,0.009010079556518003,-0.26687658298730166,-0.03457877139222687,0,IVV
2026-03-19,659.1595458984375,662.3210373101148,654.6117632991765,656.3072216485122,10220600,668.7589599609375,684.1117138671875,669.8662218612612,676.0995854089757,29.69015710199443,-6.233363547714475,-4.39133162681245,-1.8420319209020253,-0.002896581612684912,0.00898058574765932,-0.3994911838494938,-0.03647382066840943,0,IVV
2026-03-20,649.5553588867188,657.8830283720372,645.9650265091134,657.7234228738499,12760200,666.5342590332032,683.3240087890625,666.7414737113315,674.133346407327,25.81734847972409,-7.3918726959955166,-4.991439840649064,-2.4004328553464527,-0.01457035261262618,0.00915455729475331,0.24847856290237358,-0.04941821078727515,0,IVV
2026-03-23,656.5765380859375,663.8270226177577,655.180263903109,659.1994371296162,18623400,664.4198486328125,682.6783190917969,665.1776374612709,672.8328420872241,34.74073931050462,-7.655204625953161,-5.524192797709883,-2.1310118282432775,0.01080920833484078,0.009465601501628056,0.45949123054497587,-0.03823437814838471,0,IVV
2026-03-24,654.47216796875,658.2320889253318,651.0912948653711,652.4974911809065,14784000,662.2173461914062,681.9004235839843,663.5306421547293,671.4727921525223,29.379618123755705,-7.942149997792967,-6.007784237726501,-1.9343657600664663,-0.003205064444310124,0.00945427350395601,-0.20615999226779214,-0.04022325645594238,0,IVV
2026-03-25,657.9727783203125,662.0917203693691,655.4396040027602,659.8577302827617,19644600,660.4375122070312,681.1696643066406,662.6755861802037,670.4727911279142,34.30963886841468,-7.797204947710497,-6.3656683797233,-1.4315365679871972,0.005348753580197485,0.009830266787313836,0.32877435064935057,-0.034054490682494,0,IVV
2026-03-26,646.274169921875,656.0379233019553,645.9550198088957,653.2254699985067,5846600,658.5262573242187,680.2319873046876,660.15229137123,668.6803006682076,33.08824837575955,-8.52800929697753,-6.798136563174147,-1.7298727338033828,-0.017779775674461762,0.01020051815496071,-0.7023813159850545,-0.049920935822740486,1,IVV
2026-03-27,635.28369140625,643.8407252886177,634.2963530489887,643.740956634638,7237100,655.8889526367187,679.1417419433594,656.3263529150793,666.2064777599145,23.657004988326733,-9.880124844835223,-7.414534219506363,-2.4655906253288595,-0.017005907132190634,0.01113529280273864,0.2378305339855642,-0.06457864069967179,1,IVV
2026-03-30,633.2291870117188,641.556856143886,630.4466825806553,641.2576110653905,11817900,652.3787780761719,677.9740002441406,652.7729427761006,663.7637154822703,23.415413070006167,-10.99077270616965,-8.129781916839022,-2.8609907893306286,-0.003233995177781779,0.010001452936733607,0.6329607163090187,-0.06599783061932918,1,IVV
2026-03-31,651.4602661132812,652.7467886721907,639.173260433676,640.140632873051,10621700,650.505810546875,677.1840100097656,652.5709925202823,662.8523488623451,37.707263568460945,-10.28135634206285,-8.560096801883788,-1.7212595401790622,0.02879064875009485,0.01464890634931555,-0.1012193367687999,-0.037986342731443745,1,IVV
2026-04-01,656.2972412109375,659.7479947647292,654.2327788500412,655.0705555114894,13123000,650.0280944824219,676.7704614257813,653.1442615496139,662.3667853326112,45.13075378790356,-9.222523782997314,-8.692582198106493,-0.5299415848908211,0.007424819822879458,0.014423065457415144,0.23548961089091192,-0.030251350172275426,1,IVV
2026-04-02,657.1948852539062,659.1795449603046,646.3440243183417,647.6105810141775,10369300,649.8316284179688,676.2212878417969,653.7674344271974,661.9836816230775,47.534975940868826,-8.2162471958801,-8.597315197661215,0.3810680017811148,0.0013677400826985764,0.014411700668720412,-0.20983768955269377,-0.028136355553985304,1,IVV
2026-04-06,660.0870361328125,660.904846872592,656.8058710932644,657.0850893934778,3242000,650.8847961425781,675.6575451660157,654.7396808434459,661.8431893645393,45.24689620224656,-7.103508521093431,-8.29855386234766,1.1950453412542288,0.004400750741979431,0.013532464026899295,-0.6873463011003635,-0.023044971738423126,1,IVV
2026-04-07,660.605712890625,660.7752404740593,652.3079920519002,657.8431133047784,4140400,651.2877136230469,675.0986059570313,655.6421473122427,661.7515244405456,44.38736703648633,-6.109377128302867,-7.860718515538702,1.7513413872358345,0.0007857702536488986,0.013147849092080197,0.2771128932757556,-0.021467816610080126,1,IVV
2026-04-08,677.1712036132812,678.3680013897927,672.7430944503536,677.6498983752205,7110300,653.5576171875,674.7983654785156,658.9543098200949,662.8937228977853,58.66996725709101,-3.9394130776904603,-7.076457427969054,3.137044350278594,0.02507621475171673,0.015112032339787876,0.7172978456187808,0.0035163661564043824,1,IVV
2026-04-09,681.180419921875,682.4270715268706,675.0868014858553,676.1140107551082,4793800,655.8783813476563,674.5234033203125,662.3737113742148,664.2482930477179,61.59906999113971,-1.8745816735030303,-6.03608227707585,4.1615006035728195,0.00592053573335849,0.015120810120272095,-0.32579497348916364,0.009869215165543066,1,IVV
2026-04-10,680.7914428710938,683.3345999442774,679.7342847560125,682.5866089891258,3043800,659.3301086425781,674.2396667480468,665.2072085275807,665.4737115531531,68.22196839358756,-0.26650302557231953,-4.882166426775144,4.615663401202824,-0.0005710338104343293,0.013288717716856505,-0.3650548625307689,0.009717280732898903,1,IVV
2026-04-13,687.6929321289062,687.9821942742182,677.9092122573671,678.6971350706916,10447600,664.5710327148438,674.1259887695312,668.6665506200923,667.1195797439497,68.1775298061557,1.546970876142609,-3.5963389661915937,5.143309842334203,0.010137450066509235,0.010758576682555959,2.4324200013141466,0.020125234133367975,1,IVV
2026-04-14,695.8211059570312,695.9009087057531,688.9994014253717,689.0093843779198,3816900,670.830224609375,674.2158532714843,672.8441745180828,669.2456187226965,72.56691350128747,3.5985557953863463,-2.157360013876006,5.755915809262352,0.011819481411510901,0.010039643992924637,-0.6346625062215245,0.03204500840600555,1,IVV
2026-04-15,701.306396484375,701.7252544036913,695.6216526641397,696.5990080997659,4337000,675.8148376464844,674.3455993652344,677.2229778975124,671.6204911494874,73.14860823646482,5.602486748024944,-0.605390661495816,6.20787740952076,0.007883190780479943,0.007412901613823517,0.13626241190494914,0.039980682226619324,1,IVV
2026-04-16,702.8522338867188,704.1088685190093,699.8902187148888,702.43337596651,4760100,680.4703369140625,674.6250256347656,681.1659403573902,673.9339535744675,83.90101076742694,7.231986782922718,0.9620848273878908,6.269901955534827,0.0022042254428207286,0.007594484219963789,0.09755591422642373,0.041841329893437695,1,IVV
2026-04-17,711.4490966796875,713.7429234589895,707.1406614273928,707.4897603998552,4914700,685.8957580566406,675.1416394042968,685.8248874838974,676.7128530637431,96.98530530241077,9.112034420154373,2.5920747459411873,6.519959674213186,0.012231394279603736,0.007491097155674671,0.03247830927921691,0.05377754112074329,1,IVV
2026-04-20,710.1825561523438,711.2596193361057,707.489776449615,710.1526072947416,5023100,690.9053100585937,675.8073876953125,689.5722211251968,679.1920903295654,97.93741996514207,10.38013079563143,4.149685955879236,6.230444839752194,-0.0017802264888024943,0.00805390269313863,0.022056280139174378,0.05086533394412851,1,IVV
2026-04-21,705.3355102539062,712.6359093371975,704.0091167774497,711.6087000707815,4309200,695.3782897949219,676.1124072265625,691.9973425296137,681.1286399535907,90.27732147680896,10.868702576022997,5.493489279907989,5.3752132961150085,-0.006825070337826977,0.009044054199480376,-0.14212338993848417,0.04322225522708267,1,IVV
2026-04-22,712.6459350585938,712.9750681452213,709.5941341897069,710.4617988867273,4128400,698.9257629394531,676.4977893066406,695.1740490725336,683.4632544058131,90.62407319238963,11.710794666720517,6.736950357270494,4.973844309450023,0.010364464426377618,0.006562471673033217,-0.041956743711129674,0.05343424076670278,1,IVV
2026-04-23,709.8334350585938,713.7230123826595,703.6799798313178,710.8307563343378,5708100,701.791064453125,676.8655151367187,697.4293392242353,685.4166011208339,86.9296528288055,12.012738103401375,7.792107906496671,4.220630196904704,-0.003946560082137784,0.0071475242614238,0.382642185834706,0.04870675072760333,1,IVV
2026-04-24,715.358642578125,715.847320269713,710.4119070765173,712.1472363779365,4460400,705.2477844238281,677.3457336425781,700.1876935863721,687.6345301176702,87.39533831183526,12.553163468701882,8.744319018937713,3.8088444497641696,0.007783808491741651,0.007021325124742452,-0.2185841173069848,0.056120393246037015,1,IVV
2026-04-27,716.5753784179688,717.0241851925632,713.693105153755,714.5807357501386,2977400,708.1360290527343,678.063544921875,702.7088758681563,689.7782966584332,87.5132850014277,12.930579209723078,9.581571057094786,3.3490081526282918,0.0017008752916700676,0.006838198268982757,-0.33248139180342573,0.0567967910743985,1,IVV
2026-04-28,713.0448608398438,714.2515806588357,710.6512653635322,713.1645345264932,3505700,709.8584045410156,678.7021923828125,704.299027402262,691.5017458570562,79.13486761880402,12.797281545205806,10.22471315471699,2.572568390488815,-0.00492693118471299,0.006799986529471908,0.17743668972929405,0.050600497305688164,1,IVV
2026-04-29,712.9750366210938,713.5634220981932,709.7536474390562,712.3367363818155,4270200,711.0252685546875,679.3179577636719,705.6337980513131,693.0923599877257,77.58731537333114,12.541438063587407,10.688058136491074,1.8533799270963325,-9.792401934960449e-05,0.006557970935359797,0.21807342328208357,0.04954539839962657,1,IVV
2026-04-30,720.1358032226562,721.2129272779414,711.8480655989702,716.0268443088469,7612600,712.7536254882813,680.0071130371093,707.8648757699813,695.0955780051279,80.54818384128657,12.769297764853377,11.104306062163534,1.6649917026898429,0.01004350255444919,0.007076839661752918,0.7827268043651352,0.05901216239683227,1,IVV
2026-05-01,722.0706176757812,726.2992503275115,721.8611582850604,722.6091492740691,4448700,713.8157775878906,680.7681872558594,710.0503745247197,697.093729091843,78.92257448316234,12.956645432876712,11.47477393630617,1.4818714965705428,0.0026867355358066725,0.006201215027230089,-0.41561358799884407,0.060670329773207854,1,IVV
2026-05-04,719.4576416015625,723.5067637256572,716.4158237500744,721.4721892751131,3569600,714.7432861328125,681.3811145019531,711.4976463826955,698.7503152036741,71.92004519165133,12.747331179021444,11.729285384849225,1.0180457941722185,-0.0036187264933026375,0.006335088006868151,-0.19760829006226543,0.055881394845292975,1,IVV
2026-05-05,725.0326538085938,726.4389109968597,722.9283203743303,723.1876336641758,8410300,716.7130004882813,682.2449963378906,713.5799552174491,700.6971551003348,71.96669601353497,12.882800117114243,11.95998833130223,0.922811785812014,0.007748909573912943,0.005916578439678244,1.3560903182429405,0.0627159710959786,1,IVV
2026-05-06,735.4346923828125,736.0630096880628,729.2313829521354,729.6203528785595,11582300,718.9918762207031,683.2170520019531,716.9422224736588,703.270306010148,75.91616428088034,13.671916463510797,12.302373957743942,1.369542505766855,0.014346993227928317,0.006581012609100357,0.37715658181039924,0.07642906485991818,1,IVV
2026-05-07,732.9912719726562,737.5589596206099,731.1861228855262,736.5616383377389,4094700,721.3076599121093,684.0260510253906,719.4113070119661,705.4718590444079,68.99400603378965,13.93944796755818,12.629788759706791,1.3096592078513893,-0.003322416572761333,0.0065085589023713905,-0.6464691814233787,0.07158385396852096,1,IVV
2026-05-08,738.9851684570312,739.5137779887599,736.043119183942,736.4121232121938,3490100,723.6703125,685.0313195800782,722.4226703112068,707.954326408306,73.44146464074456,14.46834390290087,12.997499788345609,1.4708441145552609,0.008177309489980633,0.006540232226002041,-0.14765428480718978,0.0787611417679801,1,IVV
2026-05-11,740.7603759765625,742.2264090303779,737.9279567759694,737.937939728171,5321900,726.0888122558594,686.1323681640625,725.2438557981847,710.3844041541028,80.34855813223875,14.8594516440819,13.369890159492869,1.4895614845890321,0.0024022234752529847,0.006525233557152377,0.5248560213174407,0.07961730177323112,0,IVV
2026-05-12,739.6234130859375,740.3015842455347,733.2505155558348,738.316924655955,4541000,728.7466674804688,687.2092846679687,727.4560953809158,712.550256667572,75.84550667248288,14.905838713343883,13.677079870263073,1.2287588430808096,-0.0015348592169581732,0.006123294558378361,-0.1467333095323099,0.07627098409081179,0,IVV
2026-05-13,743.7423706054688,745.3779921336549,736.950615041369,739.9027079796809,4149500,731.8234008789062,688.4895349121093,729.9616761846933,714.8607836259347,81.69276335905732,15.100892558758574,13.961842407962173,1.1390501507964004,0.005568992877531764,0.005995376307072339,-0.0862144902003964,0.08025225205552733,0,IVV
2026-05-14,749.5468139648438,751.0029250158285,745.0688509467992,745.148653697012,5099500,734.764501953125,689.7881958007813,732.9747743047164,717.4301192065946,81.78782578692233,15.544655098121893,14.278404945994119,1.2662501521277747,0.007804373649775709,0.005793365610251263,0.22894324617423778,0.08663328617081967,0,IVV
2026-05-15,740.4612426757812,744.9491887155907,739.4140674408252,743.2736961653281,4880800,736.603564453125,690.9811376953126,734.1265386694956,719.1361283524602,69.37390963403308,14.990410317035412,14.420806020202377,0.5696042968330346,-0.012121419396078803,0.007739392517845986,-0.04288655750563786,0.07160847421320904,1,IVV
2026-05-18,739.922607421875,742.8846832901916,734.8263102671269,741.3288645211917,4998800,738.6500610351562,692.3435424804687,735.0182415544771,720.6758675427873,72.91269278837999,14.342374011689799,14.405119618499864,-0.06274560681006491,-0.0007274320691786906,0.007534839816722584,0.024176364530404948,0.06872175736765618,1,IVV
2026-05-19,735.2152709960938,739.0748994492926,733.0011861188235,736.2524632052547,4362400,739.6683227539063,693.4934350585937,735.0485537762643,721.7528603911803,67.57009057384005,13.29569338508395,14.183234371816681,-0.8875409867327306,-0.006361930800010462,0.007827792895523163,-0.12731055453308793,0.06016183258313745,1,IVV
2026-05-20,742.794921875,743.2836604525925,735.3449608544013,737.0902731593872,3864200,740.404345703125,694.8193896484376,736.2403027145314,723.311531612204,67.7833162644052,12.928771102327346,13.932341717918815,-1.0035706155914692,0.01030943069046586,0.007163017787285174,-0.11420319090408948,0.06904748621197365,1,IVV
2026-05-21,744.1812133789062,746.2955297022487,738.6361092885372,740.0922203258688,5419600,741.52333984375,696.1875915527344,737.4619812782814,724.857433965293,67.50352718347152,12.604547312988416,13.666782836932736,-1.0622355239443202,0.0018663179608267022,0.006999624865055465,0.40251539775373946,0.06893777253215583,1,IVV
2026-05-22,747.13330078125,750.4842857736451,745.9464859874856,747.5821075450816,2497800,742.3381530761719,697.8225231933594,738.9498765864304,726.5074981738824,71.79202519089253,12.44237841254801,13.42190195205579,-0.979523539507781,0.003966893209975009,0.006675008092542269,-0.5391172780278988,0.07066378047277078,1,IVV
2026-05-26,752.0101928710938,753.6557364576781,749.8659277735825,751.5713690736726,3354600,743.463134765625,699.6295922851563,740.9591560148401,728.3965866699722,71.47845642788972,12.562569344867939,13.250035430618222,-0.6874660857502839,0.006527472520290845,0.006887340283841389,0.3430218592361278,0.0748690466548878,1,IVV
2026-05-27,752.1497802734375,752.8579003031714,749.7662286526786,752.389127643584,5323800,744.715771484375,701.3059692382812,742.6807905161628,730.1560824924511,65.90733249844911,12.524708023711696,13.104969949236917,-0.580261925525221,0.0001856190297246929,0.006823471279719785,0.5870148452870685,0.07249875698388819,1,IVV
2026-05-28,756.1390991210938,756.6876136807268,750.7536004378824,751.7509217723656,22775800,745.9554443359375,703.0249523925781,744.751299532306,732.0807503908691,71.39955265955406,12.670549141436936,13.018085787676922,-0.3475366462399858,0.005303888869323314,0.0068072730308324945,3.2781096209474434,0.07555086991970095,1,IVV
2026-05-29,758.0140380859375,759.6097886809247,756.2587428672821,757.4355746907759,10822600,746.8021667480468,704.9637451171875,746.7917208482493,734.0017346645778,69.04186328317297,12.78998618367143,12.972465866875824,-0.18247968320439334,0.0024796217614233562,0.0064747116110270096,-0.5248202039006313,0.07525251239683439,0,IVV
2026-06-01,759.9788208007812,761.8836777611468,756.3186076851713,756.9569079467759,5879600,748.7539245605469,706.9801306152344,748.8205054563311,735.9259632672596,69.1588773673649,12.894542189071558,12.95688113131497,-0.06233894224341263,0.0025920136252424175,0.004494538018113458,-0.45672943654944287,0.07496489348212076,0,IVV
2026-06-02,761.0159912109375,761.953475670844,758.3232115178731,758.5526368103468,3527800,750.8632629394531,709.2093432617188,750.6967340339629,737.7844838556802,71.36878865325711,12.912250178282761,12.94795494070853,-0.03570476242576959,0.001364735939698214,0.004368636080579993,-0.3999931968161099,0.07304845662488768,0,IVV
2026-06-03,755.2215576171875,760.3178548725299,755.1018839304146,759.6995205336492,10080600,752.8638916015625,711.1822436523438,751.3928607390744,739.0761189491252,61.09504544204973,12.31674178994922,12.82171231055667,-0.5049705206074506,-0.007614075999283321,0.004668793124323611,1.8574749135438515,0.0619240909878116,0,IVV
2026-06-04,758.7919921875,759.8690553787575,752.9775918842489,753.6457801203986,4659800,754.4635986328125,713.2686401367188,752.5311886542169,740.5365540038196,59.33910508643449,11.994634650397302,12.656296778524796,-0.6616621281274941,0.004727665059744313,0.00393348666664788,-0.5377457691010455,0.06382357149762719,0,IVV
2026-06-05,738.92529296875,754.3538850363256,737.0004701764119,753.8751902942571,9660800,753.9380065917969,714.8876904296875,750.4379739333758,740.4172013345551,48.72595051230307,10.020772598820713,12.12919194258398,-2.1084193437632663,-0.02618200959327055,0.009790256871188946,1.0732220266964245,0.03362430611249523,1,IVV
2026-06-08,740.6705932617188,746.8440144051194,739.7032208408137,744.8693377543418,7668100,753.2917358398438,716.7756188964844,748.9352999838901,740.4359711069376,50.60826767549925,8.499328876952518,11.403219329457688,-2.90389045250517,0.002361944177004416,0.009718785488013236,-0.20626656177542235,0.033336756629671616,1,IVV
2026-06-09,738.7657470703125,748.4098269201656,724.0054041226189,745.138644735575,19904500,751.9672912597656,718.8452600097656,747.3707533818013,740.3122508079283,53.02516087629868,7.058502573872943,10.53427597834074,-3.4757734044677964,-0.0025717859042003743,0.00937372328715344,1.5957538373260651,0.027711787457951997,1,IVV
2026-06-10,726.9674072265625,739.8428589837556,726.7878967015388,734.9160894470167,20063800,749.4490539550782,720.7200244140626,744.2317770502261,739.3237438759753,37.41873445038289,4.908033174250818,9.409027417522754,-4.500994243271936,-0.015970339570477,0.01034755531909597,0.008003215353312054,0.008668252026962975,1,IVV
2026-06-11,739.06494140625,741.4784419219513,725.8604170583981,730.23867219957,25291400,747.7416381835938,722.4721179199219,743.4368792588452,739.3045733226622,46.52485562552599,4.132305936183002,8.353683121254804,-4.221377185071802,0.016641095679709395,0.011905026538726661,0.26054884917114407,0.02296673196759591,1,IVV
2026-06-12,743.14404296875,745.9465135184103,736.521814616754,742.236446455024,9499500,746.254638671875,724.2090539550782,743.3918275219075,739.5889784816317,47.33122095824521,3.8028490402758734,7.443516305059019,-3.6406672647831453,0.005519273522484491,0.01207584975453186,-0.624398016717145,0.02614575019500709,1,IVV
2026-06-15,756.3499755859375,758.27001953125,753.3300170898438,753.3499755859375,12683900,745.8917541503906,726.1921557617187,745.3853887625274,740.8305338226913,52.612173611473395,4.554854939836105,6.865784032014436,-2.3109290921783314,0.01777035386629988,0.01356687509319542,0.3352176430338438,0.04152870501965911,0,IVV
2026-06-16,752.010009765625,757.0,751.4600219726562,756.1599731445312,25038000,744.9911560058594,728.030615234375,746.4045612245425,741.6586431517975,49.91991954186984,4.745918072744985,6.441810840160547,-1.695892767415562,-0.005738039215179902,0.01365016438478424,0.9739985335740584,0.03293734360818101,0,IVV
2026-06-17,742.6099853515625,753.6900024414062,740.719970703125,752.8900146484375,17278500,743.7299987792969,729.6707006835937,745.8207803210071,741.7291129443727,42.70112963059308,4.091667376634405,5.971782147455318,-1.8801147708209136,-0.012499866081559396,0.013992160165866206,-0.30990893841361133,0.017733046778288575,0,IVV
2026-06-18,750.1099853515625,751.7100219726562,747.27001953125,751.25,11639300,742.8617980957031,731.1294763183594,746.4806580180157,742.3499183078682,45.97981400974282,4.130739710147509,5.603573659993757,-1.4728339498462484,0.010099514075951221,0.01436011411353743,-0.32637092340191565,0.02596053045047575,0,IVV
2026-06-22,747.780029296875,753.6599731445312,746.5800170898438,751.1599731445312,16420300,743.7472717285157,732.4614685058593,746.6805612916863,742.7521487514983,43.818372453382246,3.928412540187992,5.268541436032605,-1.3401288958446127,-0.0031061525645409427,0.011429001351603173,0.41076353388949505,0.020913811100895074,0,IVV
2026-06-23,737.1400146484375,743.02001953125,735.75,737.1500244140625,15553500,743.3942138671875,733.5884399414062,745.2127848850326,742.3364351142345,38.97413551093669,2.8763497707981287,4.790103102985709,-1.9137533321875804,-0.014228802898684112,0.012411688844423886,-0.05278831690042207,0.004841372237701647,1,IVV
2026-06-24,736.6599731445312,743.4000244140625,734.260009765625,738.5599975585938,9014700,743.1836364746093,734.5677807617187,743.8969676941863,741.915956449812,40.98586314155176,1.9810112443742582,4.228284731263419,-2.247273486889161,-0.0006512216056201448,0.012389333828882854,-0.4204069823512393,0.0028481951395187277,1,IVV
2026-06-25,736.5,742.7999877929688,733.0399780273438,742.3200073242188,25573300,744.1368957519531,735.3813586425781,742.7589726643114,741.5147744905667,38.803364827497404,1.244198173744735,3.6314674197596823,-2.3872692460149474,-0.00021716008791461405,0.011097837822092095,1.836844265477498,0.0015211717624807886,1,IVV
2026-06-26,730.1699829101562,739.969970703125,728.739990234375,732.2899780273438,5944000,743.2473999023438,735.9586303710937,740.822205009826,740.6744195586843,44.910357258170386,0.1477854511416581,2.9347310260360775,-2.7869455748944194,-0.008594727888450393,0.010057073444242169,-0.7675700828598577,-0.007865452244263604,1,IVV
2026-06-29,744.1900024414062,744.97998046875,735.6300048828125,740.010009765625,5056300,743.3519958496094,736.7853857421875,741.3403276916076,740.9348331055527,51.79039615876159,0.4054945860549424,2.4288837380398505,-2.023389151984908,0.01920103518275562,0.011840001292162583,-0.1493438761776581,0.010049896268992775,1,IVV
2026-06-30,748.8900146484375,751.5,744.239990234375,744.719970703125,14066600,742.6059997558593,737.5342041015625,742.5018179926584,741.5241058124329,55.00800067628359,0.9777121802254669,2.1386494264769738,-1.1609372462515068,0.00631560783081242,0.01042066807464268,1.7819947392362003,0.015396995127443969,1,IVV
2026-07-01,749.0999755859375,752.9299926757812,745.8200073242188,748.4099731445312,6336500,742.3149963378906,738.3125524902343,743.5169191608552,742.085281351211,62.36559213119763,1.431637809644144,1.997247103110408,-0.565609293466264,0.00028036284820620594,0.01028581950363367,-0.5495357797904256,0.014610916554673947,1,IVV
2026-07-02,748.4299926757812,754.760009765625,743.5,750.9000244140625,6033600,742.8969970703125,739.1744421386719,744.27277662469,742.5552599678459,55.99823927281655,1.7175166568440545,1.9413010138571374,-0.22378435701308286,-0.0008943838365930157,0.009375869131628696,-0.047802414582182595,0.01252146991220382,1,IVV
2026-07-06,754.760009765625,755.9099731445312,750.9400024414062,752.1199951171875,3958700,743.3619995117188,740.0167236328125,745.8861971079107,743.4593155084222,57.231422544030835,2.4268815994885244,2.0384171309834147,0.38846446850510974,0.008457727712398055,0.009208206432900984,-0.3438908777512596,0.019922909391069332,0,IVV
2026-07-07,751.0800170898438,754.4600219726562,748.760009765625,753.739990234375,3007800,743.6919982910156,740.8416552734375,746.6852463359004,744.0238119218608,46.27775100166146,2.6614344140396042,2.163020587594653,0.49841382644495136,-0.004875712316719016,0.009305036360563087,-0.24020511784171572,0.013819905702558533,1,IVV
2026-07-08,749.0599975585938,749.77001953125,743.0,746.6300048828125,4502000,744.8839965820313,741.5156823730468,747.0505926778532,744.3968627097669,47.845763955311625,2.6537299680862816,2.261162463692979,0.3925675043933028,-0.002689486453223533,0.007885650005957031,0.49677505153268164,0.010174181564714946,1,IVV
2026-07-09,755.0499877929688,755.5,749.0800170898438,750.8400268554688,3880200,746.722998046875,742.2851745605469,748.2812688494095,745.1859830863003,59.56040801431221,3.095285763109132,2.4279871235762096,0.6672986395329223,0.007996676172667305,0.00807910780207391,-0.13811639271434917,0.017196643109542054,0,IVV
2026-07-10,758.1099853515625,758.9400024414062,751.6400146484375,755.6699829101562,4651500,748.8839965820313,743.1864770507813,749.7933790805099,746.1433165874308,56.598482880553526,3.6500624930790764,2.672402197476783,0.9776602956022935,0.0040527085730286405,0.0080323633194171,0.19877841348384107,0.020080435747435565,0,IVV
2026-07-13,752.5800170898438,757.4199829101562,751.5399780273438,755.989990234375,2701100,751.125,743.9785766601562,750.2220926204075,746.6201092172391,53.76056662653126,3.601983403168333,2.8583184386150933,0.7436649645532398,-0.007294414225601176,0.007833212831427334,-0.419305600343975,0.011561408754941382,0,IVV
2026-07-14,755.1199951171875,756.739990234375,752.1900024414062,754.4400024414062,4372600,752.2179992675781,744.6782604980468,750.9756160814507,747.2497303950131,66.13423359871007,3.7258856864375502,3.031831888179585,0.6940537982579653,0.0033750271993211456,0.005442580130696304,0.6188219614231238,0.014021806695628802,0,IVV
2026-07-15,758.3900146484375,759.0900268554688,753.75,757.760009765625,3151700,753.1679992675781,745.4046484375,752.116292784064,748.0749366360076,68.569527042322,4.041356148056366,3.2337367401549413,0.8076194079014245,0.004330463439446541,0.005280077188850101,-0.2792160270777112,0.01742055974316381,0,IVV
2026-07-16,754.4199829101562,758.0499877929688,751.4500122070312,756.3599853515625,3956000,753.7,746.1038952636719,752.4707066496167,748.5449400637223,64.37739153088337,3.9257665858943938,3.372142709302832,0.5536238765915615,-0.005234815413704519,0.005669092060863729,0.2551956087191041,0.011146018268066271,0,IVV
2026-07-17,746.719970703125,750.7899780273438,744.2899780273438,745.5700073242188,7603700,753.5289978027344,746.5376416015625,751.585978042464,748.4097571481225,62.99261042437112,3.1762208943415544,3.3329583463105767,-0.15673745196902233,-0.010206532676041546,0.006644989938024519,0.9220677451971688,0.0002442329648257857,0,IVV
2026-07-20,745.3599853515625,752.1699829101562,745.0499877929688,750.5800170898438,4727900,752.5889953613281,746.7361474609374,750.6281330130945,748.1838481261551,51.146368447806715,2.4442848869393856,3.155223654436339,-0.7109387674969532,-0.0018212789330944723,0.005909764739564884,-0.37821060799347683,-0.0018429027629828232,0,IVV
2026-07-21,751.9500122070312,752.5399780273438,747.739990234375,749.8300170898438,3457700,752.6759948730469,747.115322265625,750.831499042931,748.462823243257,52.8911550895517,2.3686757996739516,2.9979140834838613,-0.6292382838099098,0.008841401450281117,0.006530600372513638,-0.2686605046638042,0.00647114280395833,0,IVV
2026-07-22,750.9299926757812,753.5599975585938,749.9099731445312,750.260009765625,3643700,752.8629943847657,747.35421875,750.8466519095233,748.6455765345551,51.70297382862687,2.201075374968241,2.838546341780737,-0.6374709668124963,-0.0013564991218714129,0.006479951116870732,0.05379298377534192,0.004784577160428682,0,IVV
2026-07-23,741.6199951171875,746.0399780273438,738.6699829101562,742.7000122070312,7865500,751.5199951171875,747.3714111328125,749.427166249164,748.1251630962315,44.540651412947426,1.302003152932457,2.531237704011081,-1.229234551078624,-0.012397956732850046,0.006968332971156886,1.1586574086779922,-0.007695525852276508,1,IVV
2026-07-24,742.3599853515625,747.1799926757812,740.7899780273438,741.969970703125,4072700,749.9449951171875,747.426142578125,748.339907649533,747.6981128929227,39.08064634025739,0.6417947566102384,2.1533491145309127,-1.5115543579206743,0.0009978024314973855,0.006748129461726968,-0.4822071069862056,-0.00677813758171153,1,IVV
2026-07-27,742.5499877929688,749.030029296875,739.3200073242188,748.4000244140625,4511400,748.9419921875,747.402294921875,747.4491507485232,747.3167702929261,41.99660063405963,0.13238045559705824,1.749155382744142,-1.6167749271470837,0.000255943807796033,0.0065179313157066295,0.10771723917794085,-0.006492229368138869,0,IVV
2026-07-28,744.219970703125,746.27001953125,739.4500122070312,742.4500122070312,4187200,747.8519897460938,747.2957580566406,746.9523538184619,747.0873777307186,45.428762153132055,-0.13502391225665633,1.3723195237439823,-1.5073434360006386,0.0022489838227859327,0.0064370000088691684,-0.071862393048721,-0.004115890288892143,0,IVV
2026-07-29,733.1199951171875,746.1500244140625,732.5,743.4199829101562,3960700,745.3249877929687,747.1489331054687,744.8242986336504,746.0527567963829,31.111113447609114,-1.2284581627325224,0.8521639864486813,-2.080622149181204,-0.014914912287895765,0.007336155930238891,-0.05409342758884217,-0.0187766285497738,0,IVV
2026-07-30,745.2000122070312,745.9500122070312,738.0800170898438,739.5,3848500,744.4029907226562,747.2544812011719,744.8821007218629,745.9895905305051,40.37574792401319,-1.1074898086421854,0.460233227430508,-1.5677230360726933,0.016477544154163803,0.009586973350344547,-0.028328325800994758,-0.0027493565389372643,0,IVV
2026-07-31,750.3200073242188,752.4199829101562,741.1799926757812,748.1599731445312,4894400,744.7629943847656,747.5565759277343,745.71870173761,746.3103621448543,48.30482402729275,-0.5916604072442624,0.2498545004955539,-0.8415149077398163,0.00687063208979799,0.00931915488879649,0.27176822138495527,0.003696618403837837,0,IVV
