Date,Close,High,Low,Open,Volume,sma_10,sma_50,ema_12,ema_26,rsi_14,macd,macd_signal,macd_hist,daily_return,volatility_10,volume_change,price_vs_sma50,direction,ticker
2021-10-11,282.912109375,286.5082365093531,281.4890287428217,281.65250240514854,19298600,277.63812561035155,283.4727209472656,280.9555662926651,282.11639990289325,49.41700775440385,-1.160833610228167,-1.5070489992348393,0.34621538900667237,-0.002103013767167483,0.018588187437933095,0.09119797350401737,-0.0019776561582088847,1,MSFT
2021-10-12,281.6141052246094,284.0756301147398,281.1044933374424,283.97947083828177,17974100,278.5381256103516,283.6381854248047,281.0568799745027,282.079192889687,43.86584162879854,-1.0223129151843295,-1.4101017824247375,0.38778886724040795,-0.004588011991632834,0.013779650139134533,-0.06863192148653274,-0.007136134357804691,1,MSFT
2021-10-13,284.9121398925781,285.84482905516467,282.200606944396,283.5659981485587,23416300,279.7217681884766,283.8254650878906,281.64999688497585,282.2890408158271,46.67753810573502,-0.6390439308512441,-1.2558902121100388,0.6168462812587947,0.011711184229704408,0.014009000340524878,0.3027801113824893,0.003828672682174572,1,MSFT
2021-10-14,291.1044006347656,291.60438772035315,286.3736407338717,287.7005622674281,27262900,281.7246398925781,284.1482977294922,283.10452053878964,282.94203043204476,53.083064242256796,0.16249010674488318,-0.9722141483390544,1.1347042550839377,0.02173393083398345,0.014330678964812382,0.16427018786059278,0.02448053696206065,1,MSFT
2021-10-15,292.5082397460937,292.7390278517721,288.9601770620516,290.71017592364666,25384800,283.1775177001953,284.441435546875,284.55124657068257,283.65063852938175,59.76275846063346,0.9006080413008135,-0.597649710411081,1.4982577517118945,0.004822459256084599,0.01282152051257197,-0.06888848948571136,0.02836015851104534,1,MSFT
2021-10-18,295.4697265625,296.3543212168892,291.0466652595065,291.89281968974484,22729300,285.50250549316405,284.7949536132812,286.2310127232698,284.5261265318349,77.1036523357911,1.7048861914349231,-0.1371425300418801,1.8420287214768032,0.010124456046014085,0.009055111716637431,-0.10460984526173145,0.03748231074246444,1,MSFT
2021-10-19,296.3736267089844,297.40244575766764,295.4024680074294,296.489006090617,17682100,287.37461853027344,285.1882403564453,287.79141487491825,285.4037191375497,77.34134038916928,2.387695737368574,0.3678251234402108,2.0198706139283633,0.0030591971536317875,0.008163835315456933,-0.22205699251626754,0.03922106443996043,1,MSFT
2021-10-20,295.5851135253906,297.7870341774877,294.3351019599555,297.31586265453666,16537100,288.74961242675784,285.6020318603516,288.9904454365294,286.157896499612,79.60495516450494,2.8325489369174193,0.8607698861356525,1.9717790507817667,-0.002660537620535308,0.008039354886057918,-0.0647547519808167,0.034954519055804045,1,MSFT
2021-10-21,298.8063049316406,299.0562838093166,294.5755320025028,295.3544015118529,16918100,290.27940979003904,286.070458984375,290.5005776665465,287.09481564272517,77.61334982018755,3.405762023821353,1.3697683136727927,2.0359937101485603,0.010897678059058613,0.008266892044774845,0.023039106010122712,0.04451996194392516,1,MSFT
2021-10-22,297.2677917480469,299.1235449309406,295.9600905274078,298.46008426452863,17449300,291.6553558349609,286.4532202148437,291.5416875252389,287.8483694283046,87.3956525106728,3.69331809693432,1.8344782703250981,1.8588398266092216,-0.005148864525953423,0.008778183114209965,0.03139832487099614,0.03775335995556994,1,MSFT
2021-10-25,296.2774658203125,297.4986033941539,294.6716911848848,297.4601338192577,17554500,292.9918914794922,286.7578271484375,292.2702688014041,288.47274693882366,82.05881395053207,3.7975218625804246,2.2270869887761635,1.570434873804261,-0.003331426932971393,0.008893123858609537,0.0060288951419253944,0.03319748502260489,1,MSFT
2021-10-26,298.1813049316406,300.3832260837612,296.7294084953105,299.0370843061052,28107300,294.6486114501953,287.06692077636717,293.17965897528666,289.19189938273604,80.53150108986111,3.987759592550617,2.5792215095310542,1.4085380830195628,0.0064258653828326295,0.008281214855504636,0.6011450055541314,0.03871704940860066,1,MSFT
2021-10-27,310.7389221191406,313.5562093922769,303.8447111727647,303.8447111727647,52588700,297.2312896728516,287.6563409423828,295.8810840743411,290.78797514098824,86.15920404461525,5.09310893335288,3.08199899429542,2.0111099390574605,0.04211403256947621,0.014184365653695257,0.8709979258057516,0.08024360283919907,1,MSFT
2021-10-28,311.8735046386719,312.37349166816404,308.9984985239614,311.854255182052,26297900,299.3082000732422,288.3028753662109,298.34145646885355,292.34986621489077,86.56405584194061,5.991590253962784,3.663917246228893,2.3276730077338907,0.003651240442599679,0.01348836495815543,-0.49993249500367953,0.0817564834985458,1,MSFT
2021-10-29,318.8638916015625,319.2292792064878,311.44084815229064,311.6620115299265,34766000,301.9437652587891,288.9730651855469,301.498754181578,294.313868095385,89.78507841733422,7.184886086193046,4.368111014221724,2.816775071971322,0.02241417388434286,0.0142964394410569,0.3220067001547653,0.10343810554393018,1,MSFT
2021-11-01,316.700439453125,318.7388867774264,313.81583753903345,318.61388266615893,27073200,304.06683654785155,289.45402465820314,303.83747499258527,295.9721326404028,88.09761289523023,7.865342352182495,5.067557281813879,2.797785070368616,-0.006784876574048915,0.015094146298750256,-0.22127365817177702,0.0941303712294046,1,MSFT
2021-11-02,320.3157958984375,320.6234937918966,317.3061900673543,317.60426323174084,26487100,306.4610534667969,290.00171447753905,306.3726012857933,297.77536695581273,88.17907229462047,8.597234329980552,5.773492691447213,2.8237416385333383,0.011415697595985153,0.01507912784267174,-0.021648715334722124,0.10453069725988229,1,MSFT
2021-11-03,321.1523132324219,322.0176878484429,317.9311688926411,321.05615397648955,21500100,309.0177734375,290.60517333984376,308.64640312373615,299.5069926059319,86.63528798928412,9.139410517804265,6.446676256718624,2.692734261085641,0.0026115394391901248,0.014757640765485856,-0.18828033269025302,0.10511560940745968,0,MSFT
2021-11-04,323.4984741210937,323.59463338175044,316.83505110356475,320.08504044543,23992200,311.4869903564453,291.2672863769531,310.9313371233296,301.28413938483277,86.93548598289927,9.647197738496857,7.086780553074271,2.560417185422586,0.007305446020480222,0.014734507190132784,0.11591108878563361,0.11065845445625344,0,MSFT
2021-11-05,323.1331481933594,325.758146857358,321.5562475237124,325.4889184823601,22570100,314.0735260009766,291.9782458496094,312.80853882641117,302.90258448176064,85.14539700854611,9.905954344650524,7.650615311389522,2.255339033261002,-0.0011292972207268548,0.014384583420338362,-0.0592734305315894,0.10670282045531954,1,MSFT
2021-11-08,324.02734375,324.661959731768,321.5754437081741,324.3254169521455,20897000,316.8485137939453,292.6949743652344,314.5345088146556,304.46738146459313,85.14173315680203,10.067127350062492,8.133917719124117,1.933209630938375,0.0027672665637681337,0.013951437691490069,-0.07412904683630117,0.10704785571640207,0,MSFT
2021-11-09,323.02734375,325.69078224022303,321.6619526233949,324.1426973147689,21307400,319.33311767578124,293.3172796630859,315.84109880470857,305.8421934857344,84.68653830872725,9.998905318974153,8.506915239094125,1.4919900798800274,-0.0030861592988631337,0.014467164772781855,0.019639182657797738,0.1012898528209456,1,MSFT
2021-11-10,318.075439453125,321.75813115179415,317.22931417120816,321.7004414585655,25500900,320.0667694091797,293.87343139648436,316.18484351984955,306.7483598536893,73.33492986708124,9.436483666160257,8.692828924507353,0.7436547416529038,-0.015329675312896751,0.010268144442938072,0.19680955912030562,0.08235520966163179,1,MSFT
2021-11-11,319.64276123046875,320.93121335247633,317.79663226365136,318.50815807964443,16849800,320.84369506835935,294.46189086914063,316.7168308599448,307.7035006964137,77.07720432093073,9.013330163531123,8.756929172312107,0.2564009912190155,0.004927515874971311,0.010293552377852769,-0.3392468501111725,0.08551487014840409,1,MSFT
2021-11-12,323.7677307128906,324.2581224444753,320.95044312615977,321.07544724155895,23831000,321.3340789794922,295.145927734375,317.8015846834749,308.89344366059714,80.92154901410218,8.908141022877771,8.787171542425241,0.12096948045252987,0.012904936331242789,0.008540577060676744,0.4143194577977187,0.09697509024849116,1,MSFT
2021-11-15,323.1427307128906,324.88310486387337,321.1811931834564,324.5561868329157,16723000,321.9783081054687,295.8176556396484,318.62329945723116,309.9489464052115,78.9087472414374,8.674353052019683,8.76460784434413,-0.09025479232444766,-0.0019303962091090643,0.008142208871076332,-0.2982669631991943,0.09237134617322629,1,MSFT
2021-11-16,326.4504089355469,327.5657918667416,322.60427303916015,322.7677173822912,20886800,322.5917694091797,296.5739984130859,319.8274701462028,311.1712769630141,73.15767409390571,8.656193183188691,8.742924912113043,-0.08673172892435232,0.010235966674413843,0.007998642208847759,0.2489864258805239,0.10073846892284632,0,MSFT
2021-11-17,326.6720275878906,329.6293451502645,325.59314376774387,326.49864184480543,19053400,323.14374084472655,297.3341961669922,320.8804789833855,312.31948071300496,72.41528824001458,8.560998270380537,8.706539583766542,-0.14554131338600484,0.0006788738695913121,0.008003630846840928,-0.0877779267288431,0.09866955028752034,0,MSFT
2021-11-18,328.7430419921875,329.87975024868393,324.74538130798175,325.76646969293915,22463500,323.66819763183594,298.19273681640624,322.0901040616627,313.53604080775926,67.58449487761695,8.55406325390345,8.676044317793924,-0.12198106389047325,0.006339735971852223,0.007934470218534951,0.17897593080500074,0.1024515402418762,0,MSFT
2021-11-19,330.5154724121094,332.4324456190178,329.63890158471446,330.06275288893943,21963400,324.40643005371095,299.11634216308596,323.3863145771161,314.7937764821556,74.93733866427526,8.592538094960503,8.65934307322724,-0.06680497826673637,0.005391537442681393,0.007949723597666596,-0.02226278184610586,0.10497296811654566,0,MSFT
2021-11-22,327.3558654785156,336.8346949958714,327.0861445993955,331.9700474366429,31031100,324.7392822265625,299.9521405029297,323.99701471579294,315.72430159299705,62.92052517970305,8.272713122795892,8.58201708314097,-0.309303960345078,-0.009559633957632485,0.008779855478279398,0.4128550224464336,0.09136032478260736,0,MSFT
2021-11-23,325.2848205566406,326.9898682292672,321.31605752223925,324.6779411746802,30427600,324.96502990722655,300.6926715087891,324.195138691308,316.4324881828966,57.25554450607391,7.7626505084114115,8.418143768195058,-0.6554932597836469,-0.006326585652734917,0.009006639788535796,-0.01944823096828663,0.0817849963700652,0,MSFT
2021-11-24,325.50634765625,325.74717091105794,321.65317557932343,323.9361753313232,21661300,325.70812072753904,301.34090209960937,324.3968631474529,317.1046259216635,53.80948079800279,7.292237225789393,8.192962459713925,-0.9007252339245326,0.00068102501441758,0.00704294499833438,-0.28810356386964464,0.08019304843207986,0,MSFT
2021-11-26,317.5784606933594,325.5256287318422,316.0757258160542,322.07705238453224,24217200,325.50169067382814,301.82288330078126,323.34787815451546,317.139724793641,41.81115852023546,6.208153360874462,7.796000639946033,-1.5878472790715712,-0.024355552572089434,0.010884755782058263,0.1179938415515227,0.05220140110078031,0,MSFT
2021-11-29,324.2734069824219,326.5853048710873,322.45276865427024,322.645439060566,28563500,325.55225830078126,302.54164733886716,323.4902672049626,317.66814569651365,50.30977106216552,5.822121508448959,7.4012248136466185,-1.57910330519766,0.021081235403829446,0.012234789600976771,0.17947161521563193,0.07183063830948755,0,MSFT
2021-11-30,318.4551086425781,325.3811893890692,316.9138335793029,323.0114962502423,42885600,325.08349609375,303.2511602783203,322.71562742613423,317.72643924807403,44.86672317657885,4.989188178060203,6.918817486529336,-1.9296293084691323,-0.017942570110780487,0.013527512764711848,0.5014126420081573,0.05013648867923148,1,MSFT
2021-12-01,317.9637756347656,326.8260839728482,317.2991304369134,322.8284234606484,33337600,324.2348327636719,303.94123107910156,321.9845733043852,317.7440197211623,49.86068032474163,4.240553583222891,6.383164705868047,-2.1426111226451567,-0.0015428642671390103,0.012902285695515287,-0.22263883448057153,0.04613571020252483,1,MSFT
2021-12-02,317.3954162597656,321.2485884430419,315.76744866054173,318.1756812750894,30766000,323.3071716308594,304.5472442626953,321.27854914367447,317.7181972425403,47.12437120880202,3.5603519011341405,5.818602144921266,-2.258250243787126,-0.0017874972514254628,0.012857082959206708,-0.07713812631983108,0.0421877795288399,1,MSFT
2021-12-03,311.1533203125,320.48763300351385,306.3561099885442,319.8036737217345,41779300,321.54819946289064,305.0095672607422,319.7208216311861,317.23191006253734,34.68858881306734,2.4889115686487457,5.152664029666762,-2.6637524610180163,-0.019666622854303983,0.013420325596728433,0.3579698368328674,0.020142820787341753,1,MSFT
2021-12-06,314.2165832519531,315.43034198292435,307.512071408828,312.05881608344686,30032600,319.918310546875,305.5371954345703,318.8740157266887,317.00855252101263,39.77088963869444,1.8654632056760647,4.495223864868623,-2.6297606591925584,0.00984486662837658,0.013884188589594067,-0.2811607662167629,0.028406976129495387,1,MSFT
2021-12-07,322.6260986328125,323.4737717636202,317.9830194018074,319.4664988261164,31021900,319.44533386230466,306.33262939453124,319.4512592507078,317.4246670478126,46.07625740427746,2.0265922028951877,4.001497532473936,-1.974905329578748,0.026763435888156994,0.016957568015561662,0.03294087092026654,0.05318881397154929,0,MSFT
2021-12-08,322.6742248535156,323.1847689161472,318.657280513666,323.0017409128108,24761000,319.1842742919922,307.3338317871094,319.9471001126782,317.81352318156837,45.883599506283325,2.1335769311098147,3.627913412201112,-1.4943364810912971,0.00014917026522986987,0.016868765540382854,-0.20182193869492193,0.049914430107494745,0,MSFT
2021-12-09,320.8729248046875,324.1384729979598,319.92888702095325,322.1348363640117,22214200,318.72093200683594,308.2897760009766,320.0895346806796,318.0401455240216,41.85114872866949,2.0493891566579805,3.312208561092486,-1.2628194044345054,-0.005582410710511021,0.016928891430328556,-0.10285529663583859,0.04081597828813832,0,MSFT
2021-12-10,329.9664611816406,330.4095678226741,322.5009388766094,322.6839669365227,38095700,319.95973205566406,309.46759155273435,321.60906183467364,318.9235763134749,49.506381101228364,2.685485521198757,3.1868639531137406,-0.5013784319149837,0.02833999279461885,0.017156093579747532,0.7149255881373175,0.0662391480996587,0,MSFT
2021-12-13,326.9416809082031,331.1705518397965,326.6334200526802,328.17469493292174,28899400,320.2265594482422,310.4468359375,322.4294647690628,319.51750998715846,49.626699408858215,2.911954781904342,3.1318821188718613,-0.21992733696751943,-0.009166932489458102,0.016455366033638785,-0.24139994802563014,0.053132591675129515,0,MSFT
2021-12-14,316.28765869140625,322.3564229704473,312.2129182210804,320.9885338086704,44438700,320.009814453125,311.32819213867185,321.4845715263464,319.2782617430286,42.97744017035994,2.2063097833177494,2.9467676517610393,-0.7404578684432899,-0.032586919438357675,0.0188063048301095,0.5377032049108286,0.015930027148088666,0,MSFT
2021-12-15,322.3660583496094,322.8862449005628,312.5886384053127,316.54775928331173,35381100,320.4500427246094,312.22246337890624,321.62018488377146,319.50698741759015,47.75423689973343,2.1131974661813047,2.7800536146450923,-0.6668561484637876,0.01921794762195783,0.019800902551211506,-0.20382234403796695,0.03248835737482825,0,MSFT
2021-12-16,312.9739074707031,324.39857838163,311.1629118249928,323.3871030361662,35034800,320.0078918457031,312.84523803710937,320.289988358684,319.02305556967264,46.77462522189121,1.2669327890113777,2.477429449518349,-1.2104966605069714,-0.02913504891610008,0.022071759386617124,-0.009787711518296494,0.000411287812469352,1,MSFT
2021-12-17,311.9142761230469,312.99318902693045,305.6047184390456,309.1014768949772,47750300,320.0839874267578,313.4133569335938,319.00141724550906,318.49647931436704,40.60067974856173,0.5049379311420239,2.082931145843084,-1.5779932147010602,-0.003385685906597269,0.021137484687002873,0.36293913480311013,-0.004783078887300007,1,MSFT
2021-12-20,308.1670837402344,310.9509853734048,305.9129815266249,308.30192948085835,28326500,319.4790374755859,313.9065319824219,317.334596706236,317.7313389014683,41.92129252417971,-0.39674219523226384,1.5869964776280148,-1.9837386728602786,-0.01201353278659889,0.02118766597447698,-0.4067785961554168,-0.018283940145944144,1,MSFT
2021-12-21,315.27618408203125,315.7000353671043,308.061099295699,311.42301196127266,24740600,318.7440460205078,314.5538134765625,317.0179178409737,317.54947558151,48.0882520858017,-0.5315577405363001,1.1632856339951518,-1.694843374531452,0.023068980163337027,0.02066109993866312,-0.1265917074117876,0.002296492919557691,1,MSFT
2021-12-22,320.9692077636719,321.3641319851116,313.7926638611622,316.2490490104151,24831500,318.57354431152345,315.3409155273437,317.6258085983119,317.802789076485,52.36938115177992,-0.1769804781731068,0.8952324115615002,-1.072212889734607,0.018057258902116624,0.0216319055964903,0.0036741226971050978,0.01784827771846853,1,MSFT
2021-12-23,322.404541015625,324.0421508973986,320.5164949405719,320.5357502177873,19617800,318.72670593261716,316.0907635498047,318.3609982009754,318.14365959049536,57.96722864571808,0.21733861048005565,0.7596536513452113,-0.5423150408651557,0.004471872121172282,0.021593689465469617,-0.20996315164206758,0.0199745712114916,1,MSFT
2021-12-27,329.8797607421875,329.908658361648,323.1174238146764,323.1463214341369,19947000,318.71803588867186,316.86627075195315,320.13311551500806,319.0130004165466,60.439149184049626,1.12011509846144,0.8317459407684571,0.288369157692983,0.02318583883159464,0.020911022874321637,0.016780678771319835,0.041069344362062,0,MSFT
2021-12-28,328.7236633300781,331.1896905112561,327.82780809417204,330.55391374460453,15661500,318.8962341308594,317.5905792236328,321.4547382557881,319.7323087805119,54.49885820124929,1.722429475276158,1.0098826476699974,0.7125468276061606,-0.0035046024330449566,0.0207057171175866,-0.21484433749436005,0.03505483107735996,0,MSFT
2021-12-29,329.3981018066406,331.6618171734092,327.2114075590468,328.771937746174,15042000,320.2072784423828,318.26914672851564,322.6767941866885,320.4482934491141,54.91552967192619,2.228500737574393,1.2536062656508764,0.9748944719235166,0.0020516882469920894,0.01709372744205169,-0.039555598122785196,0.034967118844284384,0,MSFT
2021-12-30,326.8646545410156,330.5347992684437,326.38300794269304,329.3595803926416,15994500,320.6571380615234,318.87896728515625,323.3210803950465,320.92357945592164,54.333895625554874,2.397500939124882,1.4823852003456777,0.9151157387792042,-0.007691141059192108,0.01657739236400587,0.06332269644994026,0.02504300400822057,0,MSFT
2021-12-31,323.9747314453125,326.90312120375734,323.5219825277928,326.08434561446063,18000800,321.75722045898436,319.4467596435547,323.4216420950874,321.149590714395,45.23882158427396,2.272051380692403,1.640318436415023,0.6317329442773802,-0.0088413447448491,0.013333810288012277,0.12543686892369244,0.01417441769267036,0,MSFT
2022-01-03,322.46240234375,325.5931052791262,317.67483390975656,323.04038414975616,28865100,322.81203308105466,319.91988159179687,323.27406674872776,321.2468360202732,46.35299133873646,2.027230728454583,1.717700894822935,0.3095298336316481,-0.004668046470216125,0.013413744014568085,0.603545397982312,0.007947367132366212,0,MSFT
2022-01-04,316.93310546875,322.895892734741,314.14917400711465,322.5394495565749,32674300,323.6886352539062,320.3131878662109,322.29853424411584,320.9273004238641,50.57336775889384,1.3712338202517458,1.6484074799086974,-0.2771736596569516,-0.017147105630955672,0.01414782296492427,0.13196559166606048,-0.010552429701622845,0,MSFT
2022-01-05,304.7667236328125,314.10103759223983,304.381412211663,313.8987248433004,40054300,322.6376892089844,320.48297302246095,319.60133261160763,319.730220661564,35.89199244369837,-0.12888804995634473,1.292948373935689,-1.4218364238920338,-0.038387854174915526,0.017389169306410397,0.2258655885512466,-0.049039264836534646,1,MSFT
2022-01-06,302.3584289550781,307.0015085378214,300.05614444176234,301.6552144415301,39646100,320.776611328125,320.5665155029297,316.9485782029108,318.44342127589834,40.41746326466521,-1.4948430729875213,0.735390084551047,-2.230233157538568,-0.007902091964068658,0.015712135031341147,-0.01019116549284349,-0.05679971446576482,0,MSFT
2022-01-07,302.5125732421875,304.88226603603744,298.7075537396608,302.61852137240913,32720000,318.78741455078125,320.4019885253906,314.7276543627995,317.2633584585864,41.37208675775301,-2.5357040957869117,0.08117124848345525,-2.616875344270367,0.000509806482465569,0.015471228649864837,-0.17469814180966092,-0.05583428294417547,0,MSFT
2022-01-10,302.734130859375,303.1676245403952,293.505795319919,298.1295907297212,44289500,316.0728515625,320.21920104980467,312.8824969007342,316.18711937716336,44.66924699861241,-3.304622476429131,-0.595987496499062,-2.708634979930069,0.0007323914335624071,0.011956271616635697,0.353591075794621,-0.05460344080900437,0,MSFT
2022-01-11,303.4181823730469,304.9883260074489,298.5150222255438,301.8769069689528,29386800,313.54230346679685,319.91028686523435,311.42644851185923,315.24127219167326,36.68643675797913,-3.814823679814026,-1.2397547331620549,-2.575068946651971,0.002259578435143794,0.012355335990726045,-0.33648381670599126,-0.051552279402428125,0,MSFT
2022-01-12,306.5872802734375,311.53862085227667,305.4409591479046,307.9359141133859,34372200,311.26122131347654,319.7080236816406,310.68196109056356,314.60023575328546,32.882575617240235,-3.918274662721899,-1.7754587190740239,-2.142815943647875,0.010444653895178568,0.013351971097303945,0.169647596880232,-0.04103976890260508,0,MSFT
2022-01-13,293.6116943359375,309.10146222236773,292.8410716956861,308.7065085650938,45366000,307.93592529296876,319.17394165039065,308.05576620523647,313.04552898163007,23.11585538905878,-4.989762776393604,-2.41831953053794,-2.571443245855664,-0.04232264928253837,0.017406789193215998,0.3198456892488697,-0.08008876659001485,0,MSFT
2022-01-14,298.8135070800781,299.41074404993253,292.6002553313774,293.0819018422109,39846400,305.4198028564453,318.72716552734374,306.63388018598135,311.9913051370707,19.707099100300127,-5.357424951089342,-3.0061406146482206,-2.351284336441122,0.017716640190049482,0.019583370583658697,-0.12166820967244196,-0.06247869840124187,0,MSFT
2022-01-18,291.5406799316406,298.4282204045511,290.6640795954702,292.9085692050015,42333200,302.3276306152344,318.0880096435547,304.31184937762123,310.47644401074257,17.60679761360373,-6.1645946331213395,-3.637831418342844,-2.5267632147784953,-0.024339017400871632,0.020203416918221067,0.062409653067780235,-0.08345907078252546,0,MSFT
2022-01-19,292.1956787109375,302.3873360187906,291.58882876082123,295.0470474103309,45933900,299.8538879394531,317.46926025390627,302.44782312120833,309.122313247794,17.578880683906533,-6.674490126585681,-4.245163159991412,-2.429326966594269,0.0022466805642713528,0.020354696227458793,0.08505617340527061,-0.07960953927556769,0,MSFT
2022-01-20,290.5291748046875,300.2102576999121,290.08606825576,297.7249746936836,35380700,298.4301330566406,316.799296875,300.61418491866664,307.7450437334898,17.84858083348861,-7.130858814823171,-4.822302290957763,-2.3085565238654073,-0.005703383135582385,0.01731276016781684,-0.2297475285137992,-0.08292354916645517,0,MSFT
2022-01-21,285.1636047363281,292.9469986716374,284.7590087711074,291.5791391743098,57984400,296.7106506347656,316.0420220947266,298.23717258292226,306.0723445485149,17.099429461949555,-7.835171965592622,-5.424876225884735,-2.4102957397078866,-0.018468265956307017,0.017848405833044114,0.6388709098463285,-0.09770351788580611,1,MSFT
2022-01-24,285.4911804199219,286.20400792942536,265.9170569502406,281.4742645277423,85731500,295.0085113525391,315.3903369140625,296.27625071169143,304.5478138723228,18.01670085510702,-8.271563160631388,-5.9942136128340655,-2.2773495477973222,0.0011487289336822304,0.017874199652822362,0.47852698311959774,-0.09480048370120975,1,MSFT
2022-01-25,277.900390625,284.1617951804752,274.70228017866594,280.8191672649652,72848600,292.52513732910154,314.5554895019531,293.44919531373887,302.5739306688174,17.396223029101705,-9.124735355078542,-6.620317961282962,-2.5044173937955803,-0.026588526425778802,0.018855012849941778,-0.15027032071059065,-0.11652983368686531,1,MSFT
2022-01-26,285.8187255859375,297.1759609807795,282.27381356056463,296.68467202710303,90428900,290.76519165039065,313.79650939941405,292.27527689407714,301.3328043663818,32.963848307546755,-9.057527472304685,-7.107759863487306,-1.9497676088173783,0.02849342868187099,0.02205097888665256,0.24132653201296939,-0.08915900265119003,1,MSFT
2022-01-27,288.83380126953125,296.019959606394,286.9939079100606,291.55029488282537,53481300,288.98984375,313.1103308105469,291.7458191056855,300.4069522851336,37.971249882609925,-8.661133179448143,-7.418434526679474,-1.2426986527686692,0.010548908849176142,0.022059502567528116,-0.4085817697660814,-0.07753346712697451,1,MSFT
2022-01-28,296.9447937011719,297.15671939709773,283.6417159546675,289.2095498959442,49743700,289.3231536865234,312.52021850585936,292.54566135114493,300.15049609372903,45.66201859450781,-7.604834742584103,-7.455714569860399,-0.1491201727237037,0.02808186713601324,0.020242083234319676,-0.06988610972433351,-0.04983813488660882,0,MSFT
2022-01-31,299.5649108886719,300.91351540352434,295.124114232146,297.6094269927924,46444500,289.39829406738284,311.978076171875,293.62554589537984,300.10711941187293,47.6197526902669,-6.481573516493086,-7.260886359186937,0.7793128426938516,0.008823583518142941,0.019627392338652603,-0.06632397670458767,-0.039788582055248156,0,MSFT
2022-02-01,297.42645263671875,299.22780642788894,293.92969320803354,299.0158807231996,40950400,289.98687133789065,311.35174438476565,294.21030077866277,299.9085515026023,45.596112928210204,-5.698250723939509,-6.948359232137452,1.2501085081979433,-0.007138547187016342,0.01789319071283789,-0.11829387763890231,-0.044725272940299154,0,MSFT
2022-02-02,301.9538879394531,303.5529582305001,297.5420178765897,298.2644877997953,36636000,290.9626922607422,310.7805126953125,295.4016218803228,300.060057905332,46.661151288922674,-4.658436025009166,-6.490374590711796,1.8319385657026297,0.015222033086156772,0.018365648129310644,-0.10535672423224196,-0.028401474337333865,0,MSFT
2022-02-03,290.1920166015625,299.80569133626227,288.9493603987936,298.12954152402045,43730000,290.92897644042966,310.03723571777346,294.6001441451289,299.32909188283054,47.49188852360386,-4.728947737701617,-6.1380892201097605,1.4091414824081436,-0.03895254145642624,0.022702864707865675,0.19363467627470254,-0.06400914738601282,1,MSFT
2022-02-04,294.7098999023437,297.46490411871,288.95903879189694,289.19021973386526,35096500,291.88360595703125,309.4257373046875,294.6170296462389,298.98692951390564,46.95977003437994,-4.3698998676667316,-5.784451349621156,1.4145514819544243,0.015568599555873641,0.022151661675612593,-0.1974273953807455,-0.04755854354756961,0,MSFT
2022-02-07,289.90313720703125,296.54021291337386,288.8916615798332,294.93152952709977,28533300,292.3248016357422,308.71367309570314,293.89181542482237,298.31405600969276,48.7407851020321,-4.422240584870394,-5.512009196671004,1.0897686118006096,-0.01631015007268244,0.023029985343244786,-0.18700440214836234,-0.06093198172936287,0,MSFT
2022-02-08,293.3805236816406,294.343816714322,288.9397569117174,290.192026095255,32421200,293.87281494140626,308.22971435546873,293.81315515664056,297.9486091705778,50.87320304596612,-4.135454013937249,-5.236698160124253,1.1012441461870042,0.011994994287095384,0.020882002465524494,0.13625833675039334,-0.04817572733011444,0,MSFT
2022-02-09,299.78643798828125,300.4800101974915,296.10668068130565,298.4956287595179,31284700,295.26958618164065,307.73997497558594,294.73212174612377,298.08474463855583,56.37691627866693,-3.3526228924320662,-4.859883106585816,1.5072602141537494,0.02183483152273591,0.020165954793614035,-0.03505422377950229,-0.025844991337039214,0,MSFT
2022-02-10,291.280517578125,297.7731024456367,289.66219252942125,292.8795873514991,45386200,295.5142578125,307.19648315429686,294.2011057202778,297.58072781926467,54.03892492003317,-3.3796220989868857,-4.56383090506603,1.1842088060791447,-0.02837326620655456,0.022580575551697343,0.4507474899871182,-0.05181037690518642,0,MSFT
2022-02-11,284.2099609375,293.12042074814497,283.4200536610799,292.060792620919,39175600,294.2407745361328,306.5214068603516,292.66400652292737,296.59030064283763,49.22319731931562,-3.926294119910267,-4.436323548034878,0.5100294281246107,-0.024274045855911308,0.021674473784345102,-0.136838951046794,-0.07278919326184774,0,MSFT
2022-02-14,284.17144775390625,285.866852917156,280.65543402557785,282.9865867276755,36359500,292.70142822265626,305.8569274902344,291.35745902000104,295.6703856140279,54.18543584830184,-4.312926594026862,-4.411644157233274,0.0987175632064119,-0.00013550961925012928,0.021259334661782137,-0.07188402985531805,-0.07090073098645289,0,MSFT
2022-02-15,289.4407958984375,289.75866981504925,286.11742160148407,288.9976891246385,27058300,291.9028625488281,305.4226770019531,291.0625877705297,295.2089345239842,52.506059915034506,-4.146346753454509,-4.358584676477522,0.2122379230230127,0.01854284864359257,0.02249510450024171,-0.2558120986262188,-0.05232709391586332,0,MSFT
2022-02-16,289.1028137207031,290.42524925713894,283.484848801482,288.0120371225755,29982100,290.6177551269531,304.92040161132815,290.7610840705564,294.75662927929676,50.19328622543466,-3.9955452087403387,-4.285976782930085,0.2904315741897463,-0.0011677074639228069,0.021642283325055058,0.10805556890122436,-0.0518744820190391,0,MSFT
2022-02-17,280.63726806640625,286.4965245719969,279.9325995384942,286.0717968919068,32461600,289.6622802734375,304.080625,289.2035739160718,293.7107506709345,38.34239053368034,-4.507176754862712,-4.330216777316611,-0.17695997754610104,-0.029282128199815016,0.020072396912924926,0.08269934394188527,-0.0770958588157129,1,MSFT
2022-02-18,277.9344787597656,283.65861124098427,276.37072190934305,282.876732815773,34264000,287.9847381591797,303.185830078125,287.46986696894777,292.5421379367738,34.55550887639977,-5.072270967826057,-4.4786276154185005,-0.5936433524075566,-0.009630899435641105,0.019013775577730364,0.055524065357221986,-0.08328671333964577,1,MSFT
2022-02-22,277.73175048828125,281.4191455825817,274.6235321794877,275.106174591051,41736100,286.76759948730466,302.32300659179685,285.97169520269136,291.4450721998484,35.53787792545155,-5.473376997157061,-4.677577491766213,-0.795799505390848,-0.0007294102998268714,0.01868138846618228,0.21807436376371703,-0.08134100140357248,1,MSFT
2022-02-23,270.5403747558594,281.5736029979626,270.37629282765295,280.10635117029534,37811200,284.48358459472655,301.1344848632813,283.5976459031788,289.8965760928862,27.80107363167167,-6.298930189707448,-5.00184803135446,-1.2970821583529881,-0.02589324310158525,0.018890397107430037,-0.09404089026046991,-0.10159616930393078,1,MSFT
2022-02-24,284.3633117675781,284.9135313013762,262.0941791874867,263.0498313930732,56989700,282.94127197265624,300.28291748046877,283.7154406515479,289.4867046613819,45.99762869008387,-5.771264009833999,-5.155731227050368,-0.6155327827836308,0.05109380447998868,0.025216306524715338,0.5072174382193635,-0.0530153558066655,1,MSFT
2022-02-25,286.9888610839844,287.2977593325136,281.52534482802724,284.8942092758671,32546700,282.51210632324216,299.69694152832034,284.21904379499966,289.30167921120426,44.55676921190271,-5.082635416204596,-5.141112064881214,0.05847664867661795,0.009233080386094938,0.024121163562704405,-0.42890206475907044,-0.0424031035469713,0,MSFT
2022-02-28,288.4174499511719,288.7553055184813,282.8284427823769,284.0929634975504,34627500,282.9328552246094,299.0179693603516,284.8649524344108,289.23618074749817,48.90022631170653,-4.371228313087386,-4.987135314522448,0.6159070014350627,0.00497785475642365,0.022750053935304815,0.06393274894228917,-0.03545111162334469,0,MSFT
2022-03-01,284.71075439453125,289.55647332988616,282.0079393664894,286.1103996346633,31217800,282.9867858886719,298.4527062988281,284.8412296590447,288.9009639806117,43.60395401185051,-4.059734321567021,-4.8016551159313625,0.7419207943643418,-0.012851842207425968,0.023214753911417724,-0.09846798065121654,-0.04604398490706807,0,MSFT
2022-03-02,289.76885986328125,291.00442328606925,283.504170648304,285.10651756719705,31873000,283.01959228515625,298.0097979736328,285.59932661354264,288.96525256451315,42.45966771230155,-3.3659259509705066,-4.5145092829391915,1.148583331968685,0.0177657689099473,0.02314859059106321,0.0209880260620543,-0.02765324551872861,0,MSFT
2022-03-03,285.647216796875,292.6069150221364,283.8421086809278,292.37525599470666,27314500,282.6740325927734,297.5594006347656,285.6066943340553,288.7194721372807,45.460117146842805,-3.1127778032254128,-4.234162986996436,1.1213851837710234,-0.014223899242834181,0.023607446565372,-0.14302073855614472,-0.04003296085581254,0,MSFT
2022-03-04,279.7974548339844,285.39612468595874,277.20086566715224,284.0736891436429,32356500,282.5900512695313,296.8498260498047,284.71296518019824,288.05858196666617,46.37258084667293,-3.3456167864679287,-4.056453746890735,0.7108369604228066,-0.020478974129303107,0.02257530023045022,0.18459060206117628,-0.057444437285805616,0,MSFT
2022-03-07,269.2276306152344,279.6334012626767,268.8608176186458,278.5136671787281,43157200,281.7193664550781,295.81499450683594,282.33060601635765,286.6636966813749,39.52823050941987,-4.3330906650172665,-4.111781130516042,-0.22130953450122437,-0.037776698951824006,0.025468391767080285,0.33380309984083567,-0.08987835094676777,0,MSFT
2022-03-08,266.2738342285156,274.1022802945537,260.6269119121218,268.1561220285429,48159500,280.5735748291016,294.69238037109375,279.8603334336127,285.1533364996816,33.2214223670164,-5.293003066068877,-4.34802551762661,-0.9449775484422673,-0.010971371623220039,0.025577627228792504,0.11590881706876255,-0.09643461465407366,1,MSFT
2022-03-09,278.48468017578125,279.5464994060376,271.03267993001293,273.60034117475794,35204500,281.3680053710938,293.66447875976564,279.64869447086943,284.65936195717046,43.438320952451,-5.010667486301031,-4.480553911361494,-0.5301135749395369,0.04585822704902465,0.028610579747218604,-0.2690019622296743,-0.05169095917930999,1,MSFT
2022-03-10,275.67578125,276.65072867385646,270.83969324300017,273.1949913553708,30628000,280.49925231933594,292.60352111816405,279.03747705227414,283.9939115344171,46.70348609923809,-4.956434482142981,-4.575730025517792,-0.3807044566251889,-0.010086367853370803,0.02329319479662805,-0.12999758553593999,-0.05785213999980543,1,MSFT
2022-03-11,270.34735107421875,279.4596429563479,269.7295545935928,277.9634336750457,27209300,278.83510131835936,291.4225061035156,277.7005345941118,282.9830552040321,45.12891147732416,-5.2825206099203115,-4.717088142398296,-0.5654324675220153,-0.019328611862893696,0.023397087581833363,-0.11162008619563801,-0.07231821354871881,1,MSFT
2022-03-14,266.8433532714844,275.4922975054639,266.2448813621328,270.6079583933382,30660700,276.6776916503906,290.222080078125,276.03019900601527,281.7875217275471,43.293707316321324,-5.757322721531807,-4.925135058224998,-0.8321876633068088,-0.01296109537900525,0.02317307781139478,0.12684633562789194,-0.08055461114587581,1,MSFT
2022-03-15,277.1815185546875,277.8282723185702,269.05383720748546,270.6175938370436,34245100,275.9247680664063,289.2862158203125,276.20732509042637,281.44633630733523,53.937721547389195,-5.239011216908864,-4.987910289961771,-0.2511009269470925,0.0387424500421607,0.027237667619314423,0.11690535441134742,-0.04184332541148017,1,MSFT
2022-03-16,284.17022705078125,284.343971257443,273.36868699762886,279.07349465678493,37826300,275.3649047851562,288.52037231445314,277.43238693048096,281.64810599203497,49.87541798084584,-4.215719061554012,-4.83347204428022,0.6177529827262083,0.025213472141054405,0.02794142706388003,0.10457554511448364,-0.015077428428280082,1,MSFT
2022-03-17,284.971435546875,285.3478813742308,279.3245124712581,283.1084425886128,30816600,275.2973266601563,287.88113891601563,278.59224056377235,281.89427855165275,48.66693473027544,-3.3020379878803965,-4.527185233000256,1.2251472451198593,0.002819466713346319,0.027603693810586912,-0.18531286432984462,-0.01010730810673044,1,MSFT
2022-03-18,290.00054931640625,290.55076880569743,282.56787290557435,285.11620984529543,43390600,276.31763610839846,287.5858154296875,280.3473649872545,282.4947430527456,50.99855899515417,-2.147378065491125,-4.0512237994984295,1.9038457340073043,0.017647781995694167,0.027072963527733845,0.4080268426757008,0.008396568109977354,1,MSFT
2022-03-21,288.7746276855469,289.7206174710808,284.662504677972,288.5140113733799,28351200,278.2723358154297,287.3141394042969,281.64386694083794,282.95991969221234,52.646149774084215,-1.3160527513744,-3.5041895898736235,2.1881368384992235,-0.004227307961137128,0.023122866939631413,-0.3466050250515088,0.005083245413115112,1,MSFT
2022-03-22,293.5046081542969,294.4119785760698,288.3982413267731,289.39248387937545,27599700,280.9954132080078,287.13398010253906,283.46859635829315,283.74100772644084,52.44293342795368,-0.2724113681476865,-2.8578339455284363,2.5854225773807498,0.016379487722517627,0.02232933948608454,-0.02650681452636927,0.02218695275802185,1,MSFT
2022-03-23,289.0932006835937,292.70338668332965,287.3846568062616,290.07781025541306,25715400,282.05626525878904,286.8611614990234,284.3339201006471,284.13746646400773,52.24493885753408,0.19645363663937587,-2.246976429094874,2.44343006573425,-0.015030113150332869,0.01960172890510584,-0.06827248122262197,0.007780904089304208,1,MSFT
2022-03-24,293.5430603027344,293.6395946568473,287.9637163495372,288.7552568118544,24484500,283.8429931640625,286.66365905761717,285.7507109009682,284.83417711872823,59.12115230244211,0.9165337822399806,-1.614274386827903,2.5308081690678836,0.015392474152344349,0.019231713708776615,-0.04786625912877107,0.02399816310073155,1,MSFT
2022-03-25,293.1377258300781,294.8945515047454,288.9001402281707,294.6339351738191,22566500,286.1220306396484,286.39466796875,286.8871747362159,285.4492548010505,68.33999374533003,1.4379199351654393,-1.0038355224292346,2.441755457594674,-0.0013808347989499037,0.017297305228334937,-0.07833527333619228,0.023544634783716933,1,MSFT
2022-03-28,299.9140319824219,300.0105369064653,293.7651423882981,293.7651423882981,29578200,289.42909851074216,286.52071472167967,288.89130662024763,286.5207197774484,74.37406578633147,2.3705868427992414,-0.32895104938353936,2.699537892182781,0.023116458767479697,0.016100454924417414,0.3107127822214344,0.0467446735003163,1,MSFT
2022-03-29,304.46051025390625,304.8562805932184,298.3212830440557,303.01258292097964,30393400,292.15699768066406,286.63365478515624,291.2865687177336,287.84959314607494,71.17233151950582,3.4369755716586496,0.42423427482489845,3.012741296833751,0.01515927161337638,0.013190780361087152,0.027560838725818382,0.06219386722788012,0,MSFT
2022-03-30,302.96435546875,304.9818271718414,300.763506705358,302.86785052906407,28163600,294.0364105224609,286.86212829589846,293.08315129481304,288.9692051699768,72.72871000834728,4.113946124836218,1.1621766448271624,2.9517694800090557,-0.004914117709086563,0.012634168126318887,-0.07336461205393274,0.056132286504693596,0,MSFT
2022-03-31,297.60699462890625,304.19990720218783,297.20159145457893,303.0029338565664,33422100,295.2999664306641,286.9703546142578,293.7791271923658,289.6090414261938,72.69367687543885,4.170085766172008,1.7637584690961317,2.406327297075876,-0.017683139099168188,0.014778695445768781,0.1867126361686715,0.037065292088954926,0,MSFT
2022-04-01,298.67840576171875,299.3637496525615,294.9330964008012,298.6301238516783,27110500,296.1677520751953,287.13333923339843,294.53286235688165,290.2808461917882,77.62144958389263,4.252016165093437,2.261410008295593,1.9906061567978441,0.0036000872027504016,0.014033227202025262,-0.18884510548409583,0.04020803212592394,0,MSFT
2022-04-04,304.0357360839844,304.1708606294997,298.9583289191664,299.3251418340904,24289600,297.69386291503906,287.5107818603516,295.99484293028206,291.2997269245435,75.50423940785666,4.695116005738555,2.7481512077841854,1.9469647979543696,0.017936784912865766,0.014500209000587164,-0.10405193559690895,0.05747594617741747,0,MSFT
2022-04-05,300.0877685546875,303.93924580373067,299.11282139815006,302.3947841023135,23156700,298.3521789550781,287.8027136230469,296.6245237955752,291.95069297122086,66.04402134994865,4.673830824354354,3.1332871310982195,1.5405436932561347,-0.012985208844681129,0.014963592145676295,-0.04664136091166593,0.04268568137175777,0,MSFT
2022-04-06,289.1028137207031,296.3424501243935,286.4096607302466,294.59528689562205,40110400,298.35314025878904,288.0267620849609,295.4673376302103,291.73973895266397,53.45493151489011,3.7275986775463252,3.252149440387841,0.4754492371584842,-0.03660580665080493,0.01880565245660318,0.7321293621284553,0.003735943243443396,0,MSFT
2022-04-07,290.9078674316406,293.108715536556,286.0621484743513,286.361384397438,31411200,298.08962097167966,288.128544921875,294.7658806765842,291.6781188399956,50.80200632411834,3.0877618365885837,3.2192719196279898,-0.13151008303940603,0.006243639374196253,0.01819508839771957,-0.2168814073158084,0.009646119965375899,0,MSFT
2022-04-08,286.66070556640625,290.6666326754491,285.99465651807475,290.0102459043335,24361900,297.4419189453125,288.0850830078125,293.5189306596337,291.3064585975075,48.22618139765711,2.21247206212621,3.017911948127634,-0.805439886001424,-0.014599680313673202,0.018718556058027646,-0.22441995211898935,-0.004944294326296728,0,MSFT
2022-04-11,275.3571472167969,282.4519668205672,275.10616374606843,281.66045568500346,34569300,294.98623046875,287.653330078125,290.7248101299665,290.1250281248623,36.28524194835474,0.5997820051042027,2.534285959522948,-1.9345039544187452,-0.039431837465392916,0.019786029400178172,0.41899030863766784,-0.042746534024092675,1,MSFT
2022-04-12,272.2682800292969,280.64694661427023,270.7527755355778,279.1990191393396,30966700,291.7670074462891,287.1073974609375,287.8853439606327,288.8023060437093,37.02537648174607,-0.9169620830765552,1.844036351003047,-2.7609984340796023,-0.01121767573030541,0.01798303694803922,-0.10421385448938802,-0.051684901060968125,1,MSFT
2022-04-13,277.63525390625,278.5619192143064,271.5346459237141,272.91502579688114,21907200,289.2340972900391,286.7115734863281,286.3084070291892,287.9751169964901,37.90371274871128,-1.6667099673009034,1.141887087342257,-2.8085970546431605,0.019712079116875447,0.020424293438645866,-0.2925561974637272,-0.03165662086714094,0,MSFT
2022-04-14,270.1156921386719,278.30131965119733,269.62341681375074,278.08895577007974,28221600,286.48496704101564,286.0748095703125,283.81722012295575,286.65219663665175,34.2031664611756,-2.834976513696006,0.3465143671346045,-3.1814908808306104,-0.027084318946459462,0.02109901703764982,0.28823400525854503,-0.05578651771406007,0,MSFT
2022-04-18,270.7817077636719,272.65436281401867,268.67739376545774,269.2276132247998,20778000,283.69529724121094,285.68660339355466,281.81175668306594,285.47660486828283,28.180927190825912,-3.664848185216897,-0.45575814333569586,-3.2090900418812014,0.00246566802441861,0.021024012196885728,-0.263755421379369,-0.05217218957008696,1,MSFT
2022-04-19,275.3957824707031,276.2356051160154,268.7449845312876,269.6813121043786,22297700,280.8313018798828,285.3003210449219,280.8246837273178,284.72987728327695,28.253573778786702,-3.9051935559591584,-1.1456452258603884,-2.75954833009877,0.017039831623553603,0.020895202119028174,0.07313985946674362,-0.03471618446815283,0,MSFT
2022-04-20,276.41900634765625,279.64308426283594,275.46338359699905,279.353481079676,22906700,278.4644256591797,285.0306384277344,280.1468872073699,284.1142572139717,29.99702889058959,-3.9673700066018114,-1.709990182008673,-2.2573798245931385,0.0037154667648622297,0.02126286152320305,0.027312233997228486,-0.030213004916176844,0,MSFT
2022-04-21,271.0616760253906,283.11807613900845,270.33771228198214,278.56192980216474,29454600,276.6603118896484,284.5842614746094,278.74916241014233,283.1473993481509,29.99704268695116,-4.3982369380085515,-2.2476395332086487,-2.150597404799903,-0.019381193764685056,0.01929230267650951,0.2858508645942017,-0.04751698277040961,1,MSFT
2022-04-22,264.5170593261719,273.3687361378023,263.8896299394481,271.90148401826906,29405800,274.02123107910154,283.8788739013672,276.5596080895315,281.7673741613376,26.21960157493764,-5.207766071806134,-2.8396648409281458,-2.368101230877988,-0.02414438217598014,0.019497236578593993,-0.0016567870553325648,-0.06820449267359885,1,MSFT
2022-04-25,270.97479248046875,271.351238292918,261.3701954398088,263.8027323682706,35678900,272.4526397705078,283.4727593994141,275.7004056881372,280.96792366645843,27.332879994141464,-5.267517978321223,-3.3252354684067615,-1.9422825099144614,0.024413295576274807,0.022052970343272103,0.21332866305286702,-0.0440887757448879,1,MSFT
2022-04-26,260.8392944335937,268.6966984296061,260.6269305710984,267.86656753140664,46518400,271.00085449218744,283.0053460693359,273.4140808797459,279.47691409365365,25.195183819955645,-6.062833213907766,-3.8727550175069627,-2.190078196400803,-0.03740384097759053,0.02171183713950257,0.30380701198747717,-0.07832379120609112,1,MSFT
2022-04-27,273.3879699707031,280.86892738240044,269.46891592845344,272.30685567741426,63477700,271.1128234863281,282.78967651367185,273.41006381681626,279.0258811956573,40.26080430674352,-5.6158173788410295,-4.221367489773776,-1.3944498890672534,0.048108838679228105,0.02727417888208408,0.3645718683359702,-0.033246286282003656,1,MSFT
2022-04-28,279.5754699707031,280.87861047579827,271.68907938541145,275.2896026631033,33646600,271.3068450927734,282.59236999511717,274.35858784049117,279.0665914752903,43.338647968336076,-4.708003634799127,-4.318694718778847,-0.38930891602027984,0.022632671074235944,0.027514439784877158,-0.46994613856519696,-0.010675801418368658,0,MSFT
2022-04-29,267.88580322265625,279.8167376058599,266.9012234193171,278.59080716587056,37073900,271.0838562011719,282.16802978515625,273.3627748223627,278.2383849380582,39.85176573364284,-4.875610115695451,-4.430077798162168,-0.44553231753328326,-0.04181220458744772,0.029508813756962134,0.10186170370854697,-0.050616033904955615,0,MSFT
2022-05-02,274.5946044921875,275.0482895864189,266.63100384066234,268.06926895596354,35151100,271.46514587402345,282.0471765136719,273.55228707925886,277.9684752754011,49.5662863159488,-4.41618819614223,-4.4272998777581805,0.011111681615950886,0.02504351178309805,0.03059914152680551,-0.05186397978092405,-0.026423139964044773,0,MSFT
2022-05-03,271.9979858398437,274.26641131232816,270.42456669386183,274.1022999129748,25978600,271.1253662109375,281.92844665527343,273.3131638116565,277.5262167986931,49.84539827269179,-4.213052987036576,-4.38445049961386,0.17139751257728353,-0.009456189633244128,0.030280422685257952,-0.2609448921939854,-0.035223337457578996,0,MSFT
2022-05-04,279.913330078125,280.7820806094394,267.1233049625317,272.77986042090856,33599300,271.47479858398435,281.9720782470703,274.32857400649783,277.70304000457696,51.266095017507006,-3.374465998079131,-4.182453599306914,0.8079876012277829,0.029100745778838144,0.031732916529476005,0.2933452918940975,-0.007301248342544753,0,MSFT
2022-05-05,267.72186279296875,276.4094298097779,264.8163448418446,275.62755113491846,43260400,271.1408172607422,281.9157080078125,273.3121568967241,276.9636935444578,48.73525137122866,-3.6515366477336784,-4.076270208992267,0.42473356125858874,-0.04355443623122046,0.03433236914950477,0.28753872848541495,-0.05034783380871566,0,MSFT
2022-05-06,265.1927185058594,269.5557954403699,261.85281170163194,265.2699283325795,37780300,271.20838317871096,281.5322961425781,272.06301252889875,276.09176946752456,47.10414148563203,-4.028756938625804,-4.066767554918975,0.03801061629317104,-0.00944690979184315,0.03352260193579418,-0.12667705337907187,-0.05803802214025133,0,MSFT
2022-05-09,255.39508056640625,262.904996341923,254.1788415540158,260.68485272752093,47726000,269.65041198730466,280.9004205322266,269.4987153038999,274.5586814007751,40.165194208688796,-5.059966096875144,-4.265407263310209,-0.7945588335649347,-0.03694535051586134,0.034318642471774005,0.2632509535392784,-0.09079851115030357,0,MSFT
2022-05-10,260.14422607421875,264.24668604013874,255.86802193263964,262.25820191919195,39336400,269.5809051513672,280.3349560546875,268.05956311471823,273.4909439691783,42.280188347122,-5.4313808544600874,-4.498601981540185,-0.9327788729199025,0.01859528968717794,0.03305697489722002,-0.17578678288563887,-0.07202359015309512,0,MSFT
2022-05-11,251.50503540039065,261.93976557129577,250.2984289564084,256.4569529598001,48975900,267.3926116943359,279.6708416748047,265.51271269712936,271.8623581492681,41.0035635789429,-6.349645452138759,-4.8688106756598994,-1.4808347764788596,-0.03320923475489068,0.02981210625326854,0.2450529280767939,-0.10071055711687193,0,MSFT
2022-05-12,246.48550415039065,250.8582435521003,241.3405338858611,248.74426727264887,51033800,264.0836151123047,278.8051745605469,262.58544984378494,269.98259118638833,41.587087874692415,-7.3971413426033905,-5.374476809048598,-2.022664533554792,-0.01995797516343567,0.027948694473459067,0.042018625487229455,-0.11592206084804046,0,MSFT
2022-05-13,252.05523681640625,253.90859714218703,246.4855524779226,248.4161226489529,34925100,262.5005584716797,278.1333349609375,260.9654170703421,268.6546390108341,41.09902151203327,-7.689221940492018,-5.8374258353372825,-1.8517961051547358,0.0225965931960741,0.027778158195957806,-0.31564766879989337,-0.09376113851363332,0,MSFT
2022-05-16,252.42198181152344,256.5920193267036,246.90055143257808,250.9354349323041,32550900,260.2832962036133,277.5858255004883,259.6510424151392,267.4522199590333,45.63911392359036,-7.8011775438940845,-6.2301761770486435,-1.571001366845441,0.0014550183513319936,0.025806803562903827,-0.06797976240583425,-0.09065248070067822,0,MSFT
2022-05-17,257.5573425292969,259.0149028011125,253.34868474571132,256.87196899135023,28828800,258.83923187255857,277.3524197387695,259.32893474039423,266.71926607534914,41.115960505484864,-7.390331334954908,-6.462207208629897,-0.9281241263250113,0.020344348304847104,0.0273075005215946,-0.11434706874464295,-0.07137156844752635,0,MSFT
2022-05-18,245.830810546875,255.04172974493503,244.5633445545784,254.4612039825872,31356000,255.43097991943358,276.94355926513674,257.2523002490836,265.17197307323994,32.17113721812696,-7.9196728241563505,-6.753700331735188,-1.1659724924211625,-0.04552979102542187,0.027118821882761567,0.08766233766233755,-0.11234328323366205,1,MSFT
2022-05-19,244.92132568359372,249.30426416130737,243.7022393056512,245.65664551679004,32692300,253.1509262084961,276.272292175293,255.35522723900823,263.6719251184513,36.30698840361139,-8.316697879443097,-7.06629984127677,-1.2503980381663276,-0.003699637410209289,0.024896012648728552,0.04261704299017732,-0.11347850428593576,1,MSFT
2022-05-20,244.36016845703125,250.1460272870901,238.43887034074825,248.8882164839808,39199300,251.0676712036133,275.6459799194336,253.6636797340887,262.2414246250128,30.54589668327374,-8.577744890924123,-7.368588851206241,-1.2091560397178815,-0.0022911734002591944,0.024971043227623065,0.19903769389122217,-0.11349997366747977,1,MSFT
2022-05-23,252.1875457763672,253.00995497705824,245.20195425137905,247.19508522720383,33175400,250.74691772460938,275.28278381347656,253.43658220213155,261.49669285844647,38.05705728081484,-8.060110656314919,-7.506893212227977,-0.5532174440869415,0.03203213260475524,0.02556514666749742,-0.15367366253989234,-0.0838964126894256,1,MSFT
2022-05-24,251.1909637451172,252.8454372435976,245.26966530696012,249.5171502123445,29043900,249.85159149169922,274.96973602294923,253.09110243951397,260.73330551671836,31.108451306677424,-7.642203077204385,-7.53395518522326,-0.10824789198112583,-0.003951749592478904,0.024625200034456743,-0.12453504705293683,-0.0864777797795444,1,MSFT
2022-05-25,253.99679565429688,255.98991161054977,248.7818072528061,249.759025197284,28547900,250.10076751708985,274.5060415649414,253.23043985717288,260.23430478616865,39.70106872396602,-7.0038649289957675,-7.427937133977761,0.4240722049819938,0.011170114829555544,0.022530164036676674,-0.017077596328316735,-0.07471327696003571,1,MSFT
2022-05-26,257.2670593261719,258.43776617311875,252.9421849537325,253.7549092585627,25002100,251.17892303466797,273.96797821044925,253.8514582370189,260.0145088261689,44.11821191902995,-6.163050589149975,-7.174959825012205,1.0119092358622295,0.012875216254011335,0.02146889514202832,-0.1242052830505922,-0.06095938289345815,1,MSFT
2022-05-27,264.3687438964844,264.4655031151688,258.87316278571984,259.763306260141,26910800,252.41027374267577,273.5559243774414,255.46950218462896,260.3370447573034,56.93711725407654,-4.8675425726744095,-6.713476374544646,1.8459338018702365,0.02760432909255095,0.021989986734965238,0.07634158730666618,-0.03358428629124077,0,MSFT
2022-05-31,263.04315185546875,265.84899122205303,260.1986029072962,263.6817270812585,37827700,253.4723907470703,273.01677642822267,256.63467905706585,260.5374971349452,52.36627431364793,-3.902818077879374,-6.151344715211592,2.248526637332218,-0.005014178383866197,0.02220004721906479,0.40566984259107874,-0.03653117842513254,1,MSFT
2022-06-01,263.5754699707031,268.674360516744,261.27273568320817,266.2652117248108,25292200,254.07420349121094,272.5127932739258,257.70249304377927,260.76253215981615,61.3554514343462,-3.060039116036876,-5.53308359537665,2.473044479339774,0.002023691213701939,0.02147802985201741,-0.3313841444232666,-0.03279597701029402,0,MSFT
2022-06-02,265.66522216796875,265.7329565705162,253.1066615896332,255.8641367942992,44008200,256.0576446533203,271.95600555419924,258.9275282936546,261.1256943826422,69.09629991546933,-2.198166088987648,-4.86610009409885,2.667934005111202,0.007928477553309055,0.013275875402304743,0.7399909853630764,-0.023131621504040578,0,MSFT
2022-06-03,261.2532958984375,264.5719571114333,259.6955816677973,261.5338887851949,28059000,257.6908416748047,271.3992074584961,259.2853386943904,261.13514634677523,59.374179686965434,-1.8498076523848113,-4.2628416057560425,2.4130339533712313,-0.016607090056905416,0.015036223685629513,-0.36241427733922316,-0.03738371845323163,0,MSFT
2022-06-06,260.0245056152344,265.27820295854366,258.5441812387559,263.2270376292287,22400300,259.257275390625,270.7288363647461,259.3990566822126,261.0528766629574,57.61430264285175,-1.6538199807447995,-3.741037280753794,2.0872173000089944,-0.004703444138292601,0.015212619429269233,-0.20167147795716167,-0.03953893827213162,0,MSFT
2022-06-07,263.6527709960937,264.26232157625736,257.3057561922374,257.9830411761452,22860700,260.40379791259767,270.1391372680664,260.0534742689635,261.2454614283749,56.294906777956946,-1.191987159411383,-3.2312272564853117,2.039240097073929,0.013953551694193544,0.012683573899388146,0.020553296161212042,-0.024011205253595347,0,MSFT
2022-06-08,261.6306457519531,264.136553097098,260.8566015066696,262.88842705123176,17372300,261.44776611328126,269.373469543457,260.29611603557726,261.2739936004918,70.40734355180626,-0.9778775649145359,-2.7805573181711565,1.8026797532566206,-0.007669652916981962,0.013010042789929649,-0.24008013752859714,-0.02874382471527981,0,MSFT
2022-06-09,256.193115234375,263.8559613723618,256.0383063846379,259.08602995149107,26439700,261.6673980712891,268.4081216430664,259.6648851430846,260.8976322400387,63.034226339615365,-1.2327470969541423,-2.470995273927754,1.2382481769736118,-0.02078323241510993,0.014884829243948,0.5219458563345096,-0.04550907898731593,0,MSFT
2022-06-10,244.7762451171875,252.1198042646384,244.33117332105223,252.1198042646384,31422800,260.41831665039064,267.24435943603515,257.3743251391004,259.7034554161238,50.38458023380583,-2.3291302770234097,-2.4426222745468853,0.11349199752347561,-0.04456353211031028,0.019985022106909067,0.18847036842324227,-0.08407329668720431,0,MSFT
2022-06-13,234.3946075439453,240.93514197775667,233.6883123819497,237.15208330254623,46135800,257.42090301513673,265.98011169433596,253.838983970615,257.8287259441106,34.295499601353214,-3.9897419734955974,-2.7520462143366275,-1.23769575915897,-0.04241276586407283,0.01963957365994597,0.4682268925748183,-0.11875137561671778,1,MSFT
2022-06-14,236.5521697998047,237.76158615878143,233.66891057036807,235.94261923059773,28651500,254.7718048095703,264.73758697509766,251.17947409818265,256.2526847482361,37.338906828455315,-5.073210650053454,-3.216279101479993,-1.8569315485734612,0.009204828892895422,0.020671830989083033,-0.37897467909952787,-0.10646549096915436,1,MSFT
2022-06-15,243.5861358642578,247.01121141715927,238.41951248541616,240.2481495133605,33111700,252.7728713989258,263.5285949707031,250.01126821604038,255.3144218679414,41.60948766780764,-5.303153651901027,-3.6336540115642,-1.6694996403368272,0.029735369032573233,0.024091428002186374,0.1556707327714082,-0.07567474455158218,1,MSFT
2022-06-16,237.0165863037109,239.3870394621926,235.1298996985269,237.9937894265541,33169200,249.9080078125,262.2671713256836,248.0120863833743,253.95902664096135,34.50319397902312,-5.946940257587045,-4.096311260768769,-1.8506289968182754,-0.026970129220358796,0.02412104898813244,0.0017365462963243594,-0.0962781002835329,1,MSFT
2022-06-17,239.6095733642578,242.3670486857971,236.10710816342055,236.75535358790023,43084800,247.74363555908204,261.27730651855467,246.71939207274102,252.89610417602034,29.64850453319606,-6.176712103279328,-4.512391429270881,-1.6643206740084473,0.010940108036254781,0.024977690814354303,0.29893998046380377,-0.08293002344142775,1,MSFT
2022-06-21,245.5018615722656,246.4790647181553,241.40918580520895,242.1348356522693,29928300,246.29137115478517,260.3691864013672,246.53207968805248,252.34838250166814,36.588318908833955,-5.816302813615664,-4.773173706139838,-1.043129107475826,0.024591205289824725,0.027079347048253846,-0.30536291221033873,-0.05710093822770235,1,MSFT
2022-06-22,244.9116973876953,248.8205400026025,242.2412961572336,243.7119508375324,25939900,244.41726379394532,259.53420623779294,246.28279010338215,251.79751693767014,35.74270524564899,-5.514726834287984,-4.921484331769467,-0.5932425025185166,-0.00240390920374578,0.026262274411763396,-0.13326517042398,-0.05634135500697757,1,MSFT
2022-06-23,250.4556579589844,250.94910939467707,245.3954776548155,247.2724946346494,25861400,243.29976501464844,259.0361764526367,246.9247697734748,251.69811997628602,38.96380147610792,-4.77335020281123,-4.89185750597782,0.11850730316659064,0.02263656914072576,0.027879512947401253,-0.00302622600703939,-0.03312478824833642,0,MSFT
2022-06-24,259.00860595703125,259.2795140264686,253.2227477629766,253.30982219314237,33923200,243.58131408691406,258.7709829711914,248.78382149402194,252.23963745634123,48.46356497043437,-3.455815962319292,-4.604649197246115,1.1488332349268227,0.0341495499352924,0.02956656411468336,0.3117309967751165,0.0009182752374763403,0,MSFT
2022-06-27,256.2898254394531,259.58908692020407,254.7320819865546,259.5020124951496,24615100,244.73267211914063,258.3440744018555,249.93859133178057,252.53965138101617,47.49480241819592,-2.601060049235599,-4.203931367644012,1.602871318408413,-0.010496873289334463,0.025329581549088154,-0.2743874398641638,-0.007951600853081553,0,MSFT
2022-06-28,248.1529083251953,258.2442718055391,247.99809948086303,255.40940681520112,27295500,246.10850219726564,257.9048187255859,249.663870869229,252.21470745095536,40.19582881232361,-2.5508365817263723,-3.873312410460484,1.3224758287341118,-0.03174888858855662,0.023256101371983254,0.10889250906963621,-0.03781205193675252,1,MSFT
2022-06-29,251.8102264404297,253.4647001181268,247.4563118212705,249.22689953422443,20069800,247.63430786132812,257.52538909912107,249.9940794186445,252.1847458946201,43.914156252535406,-2.190666475975604,-3.5367832235635084,1.3461167475879043,0.014738163416733396,0.02340712107531425,-0.2647212910553022,-0.02219261828390684,1,MSFT
2022-06-30,248.49154663085935,251.1038981642681,244.6891481209095,248.7044051226688,31730900,248.12484893798828,256.9873043823242,249.76292052821603,251.911175578786,45.09851525012108,-2.148255050569958,-3.2590775889647987,1.110822538394841,-0.013179289246838533,0.022597281568553212,0.5810272150195817,-0.033059056251376506,1,MSFT
2022-07-01,251.15223693847656,251.33607059535083,246.343610863831,248.0658334178518,22837700,249.53841400146484,256.48196899414063,249.97666151440995,251.854957901726,54.56684199286498,-1.8782963873160554,-2.9829213486350503,1.104624961318995,0.01070736748872081,0.020202642271624282,-0.2802693904049365,-0.020780143245803906,1,MSFT
2022-07-05,254.31610107421875,254.44188511131125,246.46940643072733,247.84330176827007,22941000,251.00906677246093,256.14705749511717,250.6442676005344,252.03726480339213,65.91436066951786,-1.3929972028577424,-2.6649365194795887,1.2719393166218462,0.012597395803873424,0.02025446170797027,0.004523222566195306,-0.007148067359443733,0,MSFT
2022-07-06,257.5670166015625,259.28922459470346,253.8807173042958,255.186893088968,23824400,252.21558227539063,256.008056640625,251.70930590838486,252.44687604770104,66.49956595506298,-0.7375701393161762,-2.2794632434469064,1.5418931041307302,0.012782971717528069,0.01938607573452593,0.03850747569853108,0.006089495703355485,0,MSFT
2022-07-07,259.6859130859375,260.32448856109585,256.4156460435075,256.5124052718838,20859900,253.69300384521483,255.78227905273437,252.93647624339297,252.98310101349634,63.69775072395431,-0.046624770103363744,-1.832895548778198,1.7862707786748342,0.008226583171760504,0.019227101428065534,-0.12443125535165633,0.015261549969997512,0,MSFT
2022-07-08,258.969970703125,259.395687723977,254.74185483976467,256.1931548126402,19658800,254.5444351196289,255.744892578125,253.86470616027484,253.42657284235773,70.7442625645403,0.4381333179171065,-1.3786897754391372,1.8168230933562437,-0.002756955024262653,0.018453120427465462,-0.05757937478127895,0.012610527985480013,0,MSFT
2022-07-11,255.92225646972656,257.8766632117664,253.667887223836,257.0252291374442,19455200,254.23580017089844,255.39557830810546,254.18125236172895,253.6114382962369,65.28289716708277,0.5698140654920394,-0.988989007252902,1.5588030727449413,-0.011768600912003935,0.015447870734881667,-0.010356685046900127,0.002062205481826007,0,MSFT
2022-07-12,245.43411254882807,257.3057474734128,243.8570289175313,257.2476978512468,35868500,253.15022888183594,254.71275115966796,252.8355385443596,253.0057104630955,49.941560338950005,-0.17017191873591742,-0.8252255895495051,0.6550536708135877,-0.040981757763374316,0.019882074772735094,0.843645914716888,-0.0364278528208567,1,MSFT
2022-07-13,244.51495361328125,245.3180078165061,240.05462566158545,242.06709617748936,29497400,252.78643341064452,254.24533416748048,251.55544855496294,252.37676551125742,49.65970404290078,-0.8213169562944813,-0.8244438628985005,0.003126906604019153,-0.0037450333452077045,0.01737514379373103,-0.17762382034375568,-0.038271618970161625,1,MSFT
2022-07-14,245.830810546875,246.85639326542395,237.95509174418504,242.43477469827525,25102800,252.18849182128906,253.6700582885742,250.67473501525708,251.8918799583402,45.722947637456805,-1.2171449430831274,-0.902984078935426,-0.3141608641477014,0.0053814988169389455,0.016650045363408927,-0.1489826221972106,-0.030903322980204928,1,MSFT
2022-07-15,248.38514709472656,251.9166376936757,246.4984601341457,247.41761380587624,29774100,252.17785186767577,253.19780151367186,250.32249071979084,251.6321219684429,38.94937134400358,-1.3096312486520674,-0.9843135128787543,-0.325317735773313,0.010390628181102146,0.016602910589211445,0.18608681103303226,-0.01900748896781168,1,MSFT
2022-07-18,245.9952850341797,252.37132447376123,245.07613156293317,251.31671696215605,20975000,251.6621566772461,252.51944061279298,249.65676676815835,251.2145784918308,39.2177338131681,-1.5578117236724438,-1.0990131550374924,-0.4587985686349514,-0.009621598104799123,0.016400886758206317,-0.2955286641745678,-0.025836250717097275,1,MSFT
2022-07-19,251.1038818359375,251.2877154999448,245.4438068994524,249.2171803481861,25012600,251.34093475341797,252.18708099365233,249.879399855509,251.2063787395424,53.300128698108225,-1.3269788840333945,-1.144606300836673,-0.18237258319672156,0.020767051697954342,0.017380246697232975,0.19249582836710366,-0.004295220649078724,0,MSFT
2022-07-20,253.75494384765625,256.27053629222974,250.5040461852087,251.4618946881133,22788300,250.95972747802733,251.9583255004883,250.47563739276242,251.39516134014343,52.22488772477303,-0.9195239473810091,-1.0995898301455402,0.18006588276453117,0.010557630540538154,0.01719554292299031,-0.08892718070092676,0.007130617111378079,1,MSFT
2022-07-21,256.24151611328125,256.2899104944366,248.6850833881356,251.3554847497521,22404700,250.61528778076172,251.97525421142578,251.3626956574576,251.75415058259807,59.03857940215703,-0.3914549251404651,-0.9579628491445253,0.5665079240040602,0.009799108651525668,0.01729977701102858,-0.016833199492722106,0.016931273331609598,1,MSFT
2022-07-22,251.90689086914065,256.7155313114598,250.65879449319837,256.6284568801219,21881300,249.9089797973633,251.81050750732422,251.44641799771654,251.7654646778975,50.847058767110504,-0.3190466801809748,-0.8301796153518153,0.5111329351708405,-0.016916170766896,0.018006567816008318,-0.023361169754560374,0.00038276147715410325,1,MSFT
2022-07-25,250.42662048339844,253.00994727720533,248.4722139294801,252.5261806476122,21056000,249.35941619873046,251.78893920898437,251.28952607243684,251.66629103386055,45.46278196412176,-0.37676496142370297,-0.7394966845661929,0.3627317231424899,-0.005876259996838162,0.017768538881541306,-0.0377171374644103,-0.005410558263066578,1,MSFT
2022-07-26,243.7216033935547,251.44252883940965,241.46726406430727,251.42315927857732,39348000,249.18816528320312,251.73366119384767,250.12523027568574,251.07779565309716,35.05333288967503,-0.9525653774114176,-0.7821104231352378,-0.17045495427617974,-0.0267743783664095,0.014591443731132175,0.8687310030395137,-0.03182751866514699,1,MSFT
2022-07-27,260.0149230957031,261.2823895198712,250.44603287969764,252.6810327285299,45994000,250.7381622314453,251.8928549194336,251.64672147876533,251.7398050932902,50.2719518987444,-0.0930836145248577,-0.6443050614131618,0.5512214468883041,0.06685217672656796,0.025729857654574983,0.1689031208701841,0.032244138798090516,1,MSFT
2022-07-28,267.4358215332031,268.819386747802,259.17308078267786,260.9920476929204,33459300,252.89866333007814,252.1931317138672,254.0758137948327,252.90247297772817,56.299424123241266,1.1733408171045312,-0.2807758857096232,1.4541167028141544,0.02854027895456057,0.026648242670238804,-0.2725290255250685,0.06044054299079793,1,MSFT
2022-07-29,271.625244140625,272.8443453449876,267.64869711004144,268.6839646557535,32152800,255.22267303466796,252.47448974609375,256.7757261557238,254.28934491572053,61.489350442766764,2.4863812400032828,0.272655539432958,2.2137257005703246,0.015665151300241043,0.026735899028119955,-0.03904743972527813,0.07585223526460272,1,MSFT
2022-08-01,268.9839782714844,272.1478019573402,266.8844177370036,268.8001445576773,21539600,257.52154235839845,252.93755310058594,258.65391878891774,255.37783627540674,69.46583120811047,3.2760825135109997,0.8733409342485664,2.4027415792624334,-0.009723933714250843,0.026743964345004624,-0.33008633773730434,0.06344026410549342,1,MSFT
2022-08-02,265.8974304199219,268.86776386408434,263.5366474998383,267.03911229184763,22754200,259.0008972167969,253.3570751953125,259.7683051936876,256.15706547129673,67.06294084355577,3.611239722390849,1.420920691877023,2.190319030513826,-0.01147483902720503,0.02714692180720212,0.056389162287136196,0.04949676347085252,1,MSFT
2022-08-03,273.2990417480469,274.29559953530566,267.62928313742134,267.77443670567607,23518900,260.95530700683594,253.9358526611328,261.8499569712813,257.4268414917967,69.9788110010548,4.423115479484579,2.0213596493985344,2.401755830086045,0.027836340187401998,0.028001100546599204,0.03360698244719651,0.07625228530747674,1,MSFT
2022-08-04,274.4407043457031,274.5858283770252,271.0737087119871,272.6507625547015,18098700,262.7752258300781,254.38091583251952,263.7869950288847,258.6871276291231,69.34893295021719,5.099867399761592,2.6370611994711464,2.462806200290446,0.0041773384581009765,0.028012774769665186,-0.2304614586566549,0.07885728552998317,1,MSFT
2022-08-05,273.7248229980469,274.44078812230066,269.632146904856,270.0868886929883,16774600,264.95701904296874,254.83159301757811,265.31589163952503,259.8010309897841,71.11704925142016,5.5148606497409105,3.212621089525099,2.3022395602158117,-0.0026085100946049433,0.026989115983157834,-0.07315995071469217,0.07414006150785823,1,MSFT
2022-08-08,271.2188720703125,276.6370630638141,270.25133901885744,274.82775145511005,18739200,267.03624420166017,255.17603454589843,266.2240424750308,260.6467969957492,65.95057877983135,5.577245479281601,3.6855459674763993,1.8916995118052014,-0.00915500063270569,0.027204404415668827,0.11711754676713593,0.06286968740212329,1,MSFT
2022-08-09,273.1346435546875,273.8893183608111,268.59690993620944,270.5610309152516,23405200,269.97754821777346,255.49338623046876,267.28721187190104,261.57182266678166,65.54883468335697,5.715389205119379,4.0915146150049955,1.6238745901143838,0.007063562611816954,0.024301961775267205,0.24899675546448097,0.06904780426803447,1,MSFT
2022-08-10,279.7719421386719,280.4008328998237,277.6240169581476,278.8140935874834,24687800,271.9532501220703,255.8014501953125,269.20793960525043,262.91997966469944,67.70015619304027,6.287959940550991,4.530803680114195,1.7571562604367958,0.024300464040752257,0.015820805470276273,0.054799788081281164,0.09370741223342227,1,MSFT
2022-08-11,277.7013854980469,281.7553522172892,277.2079636139316,281.40705441673725,20065900,272.9798065185547,256.09461486816406,270.51462358875756,264.01489861531775,70.08745725170337,6.499724973439811,4.924587938779318,1.575137034660493,-0.007400873099700278,0.01453012811951077,-0.18721392752695665,0.08437026542321413,1,MSFT
2022-08-12,282.4326171875,282.4326171875,277.62397604955174,279.1139854304459,22619700,274.0605438232422,256.4717578125,272.34816106548715,265.379174065109,73.72345659464014,6.968987000378149,5.333467751099085,1.6355192492790644,0.017037119497865794,0.014659795324890914,0.12727064323055526,0.10122307265495989,0,MSFT
2022-08-15,283.94195556640625,284.62889583747915,280.6910288186994,281.5521474976408,18085700,275.55634155273435,256.83729248046876,274.1318217579362,266.7541949170569,82.29992199143156,7.377626840879316,5.742299569055131,1.6353272718241847,0.005344065405534337,0.013843515846063291,-0.20044474506735277,0.10553242803709528,0,MSFT
2022-08-16,283.2066650390625,284.49350086788803,280.9910350330185,282.5100398793754,18102900,277.2872650146484,257.27635986328124,275.52795149349413,267.97289640757583,74.82910827879806,7.555055085918298,6.104850672427765,1.4502044134905328,-0.0025895804157473057,0.012883991328606103,0.0009510276074466972,0.10078774897763965,0,MSFT
2022-08-17,282.4601135253906,284.4283741022155,280.6663715204341,280.9281493782367,18253400,278.2033721923828,257.7250720214844,276.59443795993974,269.04602360148806,68.7670491365837,7.54841435845168,6.393563409632549,1.1548509488191314,-0.0026360661871036584,0.010662927316673256,0.008313585116196842,0.09597452552790164,0,MSFT
2022-08-18,281.3450927734375,283.03216480452807,280.2882168297288,281.3644738626118,17186200,278.89381103515626,258.07891845703125,277.3253079312471,269.9570657623732,63.151288124283596,7.3682421688739055,6.58849916148082,0.7797430073930851,-0.003947533469545572,0.010900067102587011,-0.058465820066398555,0.09015139421502161,0,MSFT
2022-08-19,277.447265625,280.4529907173876,276.8752129457477,280.11362940883,20570000,279.26605529785155,258.3952508544922,277.3440706533629,270.511895381827,61.074545377582794,6.8321752715359025,6.637234383491837,0.19494088804406573,-0.013854256742186544,0.012013594995569005,0.19689052844724264,0.07373206244118014,0,MSFT
2022-08-22,269.30279541015625,273.86954199957296,268.7889154719794,273.5010941968334,25061100,279.07444763183594,258.65744445800783,276.10695138517724,270.4223324209625,53.93515824635126,5.684618964214735,6.446711299636417,-0.7620923354216815,-0.029355020661302467,0.0152506882897061,0.21833252309188134,0.0411561746249165,0,MSFT
2022-08-23,268.0325622558594,270.3789456095567,267.0241837556368,268.0325622558594,17527400,278.5642395019531,259.12257080078126,274.86473767297446,270.2453124087326,42.90940646293721,4.6194252642418405,6.0812540925575025,-1.461828828315662,-0.004716747007257327,0.01504623051192452,-0.3006133010921308,0.03438523872136279,0,MSFT
2022-08-24,267.4023742675781,268.79858174374715,266.7430327003448,267.0339265183886,18137000,277.32728271484376,259.7827261352539,273.71668176445195,270.0347243982767,40.391518379399876,3.6819573661752543,5.601394747281054,-1.9194373811057996,-0.0023511620490337393,0.011955974550670278,0.034779830436916015,0.029330849843946627,0,MSFT
2022-08-25,270.3692932128906,270.5341064037505,266.170965672793,268.89550229541334,16583400,276.5940734863281,260.4590686035156,273.2016989103656,270.05950727343327,45.68438900707272,3.1421916369323526,5.109554125211314,-1.9673624882789618,0.011095335086081182,0.012845820727527855,-0.08565914980426748,0.0380490672200815,0,MSFT
2022-08-26,259.9366455078125,271.81408946680835,259.8300051119354,270.5924000481146,27549300,274.3444763183594,260.78607879638673,271.16092146381897,269.30966566116507,37.9472005383229,1.8512558026538954,4.457894460699831,-2.6066386580459353,-0.03858665894008673,0.015222241144027013,0.6612576431853541,-0.0032572033464924877,0,MSFT
2022-08-29,257.16357421875,259.2675614677576,255.8255394059336,257.76471343275216,20338500,271.66663818359376,261.1890185546875,269.00748342611604,268.40995518394914,33.24501326721922,0.5975282421669021,3.6858212169932454,-3.0882929748263432,-0.010668258350587823,0.014467393841966743,-0.261741677646982,-0.015411996868063715,0,MSFT
2022-08-30,254.9722442626953,258.928145422764,252.7325011017951,258.5597272905954,22767100,268.843196105957,261.49627197265625,266.84821586251286,267.4145691897822,21.306393768336548,-0.5663533272693257,2.8353863081407313,-3.401739635410057,-0.008521152199380655,0.014260820575402303,0.11940900263047904,-0.024948836404991348,0,MSFT
2022-08-31,253.5178985595703,258.9863535184162,253.38214218494332,257.3186923863377,24791800,265.948974609375,261.65659271240236,264.7973978159063,266.3851861801369,21.614602829138747,-1.587788364230562,1.9507513736664728,-3.5385397378970347,-0.005703937333769615,0.014108521835813318,0.08893095739026924,-0.031104487253556856,0,MSFT
2022-09-01,252.4803771972656,252.95549481319304,247.64214890957027,250.9969106920329,23263400,263.0625030517578,261.80796630859373,262.9024715668846,265.35520032955384,11.505681929604776,-2.45272876266921,1.0700553463993363,-3.5227841090685463,-0.004092497485186142,0.014100929851675539,-0.061649416339273455,-0.03562759851368957,1,MSFT
2022-09-02,248.2723693847656,256.6883748850605,246.73073007411588,253.74085260542932,22855400,260.1450134277344,261.76430053710936,260.6516866157894,264.0898054447547,7.131429711551931,-3.438118828965287,0.16842051132641167,-3.6065393402916985,-0.016666672710221153,0.01419908077703347,-0.017538279013385782,-0.0515422887103395,1,MSFT
2022-09-06,245.54788208007807,249.98857705648493,244.27772561001785,248.40817526683784,21328200,257.76952209472654,261.4950860595703,258.32802437952614,262.7163296399638,6.806011860466242,-4.388305260437676,-0.7429246430264058,-3.64538061741127,-0.010973783798168824,0.012658942015579914,-0.06682009503224617,-0.06098471760903135,0,MSFT
2022-09-07,250.24069213867188,250.9581770123724,245.5188084309381,246.9537929730619,24126700,255.9903350830078,261.37410339355466,257.08381941939473,261.7922083435718,16.112556924906073,-4.708388924177086,-1.536017499256542,-3.172371424920544,0.01911158841542515,0.015502778857840866,0.13121126020948792,-0.042595693721497185,0,MSFT
2022-09-08,250.65757751464844,252.509491917148,247.041022768642,249.67831493374948,20319900,254.31585540771485,261.42419677734375,256.09516681866455,260.9674208747627,17.242711551899177,-4.872254056098143,-2.2032648106248622,-2.6689892454732806,0.0016659375915790697,0.015680048055603538,-0.15778370021594335,-0.04118447869561703,0,MSFT
2022-09-09,256.4169616699219,257.1635625736853,252.37380057718096,252.57740555573184,22084700,252.92062225341797,261.5163314819336,256.144673718858,260.63034982255226,28.40933229816588,-4.4856761036942885,-2.6597470692387475,-1.825929034455541,0.02297709972457085,0.017492908444544306,0.08685082111624576,-0.019499240384396432,0,MSFT
2022-09-12,258.54034423828125,259.316031521762,257.09566920762467,257.6968083589195,18747700,252.78099212646484,261.71730743408204,256.5132384141539,260.4755345940877,37.39205106901442,-3.962296179933844,-2.920256891377767,-1.0420392885560772,0.008280975464847629,0.01331811419266623,-0.15110008286279641,-0.01213891135801548,0,MSFT
2022-09-13,244.32620239257807,252.4804167818652,243.9383587650543,250.96786362132625,33353300,251.49725494384765,261.5807867431641,254.6383097954499,259.27928776434624,28.690959245612632,-4.640977968896323,-3.264401106881478,-1.3765768620148444,-0.054978428560468084,0.0217770095321502,0.7790608981368381,-0.06596273589286061,0,MSFT
2022-09-14,244.5491943359375,246.49805856116708,242.26096879830945,245.8193507310912,23913000,250.45494995117187,261.38544860839846,253.08613818629416,258.18816973261227,29.30637604794134,-5.102031546318102,-3.631927194768803,-1.470104351549299,0.0009126812481665691,0.021806551163097487,-0.283039459363841,-0.0644115973635726,0,MSFT
2022-09-15,237.917236328125,243.75413876662037,236.59859756302296,242.1737221928397,31530900,248.89488372802734,260.99245300292966,250.75246097734504,256.6866191100577,22.44359481869968,-5.934158132712639,-4.09237338235757,-1.8417847503550693,-0.02711911615910778,0.023016281438919588,0.3185673064860117,-0.0884133483911339,0,MSFT
2022-09-16,237.29672241210935,237.83968875284023,234.6982216168246,236.8313100102916,39791800,247.37651824951172,260.54466918945315,248.6823473519242,255.25033046576522,26.931384188468286,-6.567983113841024,-4.587495328654261,-1.9804877851867628,-0.0026081082883792073,0.02303536130568303,0.2619937902184841,-0.08922825728757944,0,MSFT
2022-09-19,237.08338928222656,237.68452841666505,233.5250071893504,235.0957332088687,26826900,246.25762023925782,260.1069375610352,246.8978922642784,253.90463111883642,28.413553003115766,-7.006738854558023,-5.071344033835013,-1.93539482072301,-0.000899014228743944,0.02275749475244265,-0.3258183846923235,-0.08851570240569251,0,MSFT
2022-09-20,235.0763397216797,236.1040994631712,232.3518029140257,234.7079067620096,26660300,245.21046600341796,259.69001922607424,245.07919187310935,252.50994286719518,28.526577415438595,-7.430750994085827,-5.5432254258851765,-1.8875255682006502,-0.008465584900837042,0.022690261801315826,-0.006210184553563813,-0.09478099919953797,0,MSFT
2022-09-21,231.6827850341797,240.12789337863487,231.634302730604,236.8409944044197,28625600,243.35467529296875,259.41499267578126,243.01820620558172,250.96719043511996,27.380450321545453,-7.94898422953824,-6.024377186615789,-1.9246070429224513,-0.014435968721981274,0.02131333443365537,0.0737163497785096,-0.10690287155554457,1,MSFT
2022-09-22,233.65103149414065,236.44344631490492,230.3447516288207,230.63561584371607,31061200,241.65402069091797,259.1977142333984,241.57710240382158,249.68451199504742,30.86322072305404,-8.107409591225831,-6.440983667537798,-1.6664259236880339,0.008495436808870327,0.021743576343102172,0.0850846794477671,-0.09856060195135008,0,MSFT
2022-09-23,230.6841278076172,233.79650845970187,228.04685009215584,232.2548539489129,34176000,239.0807373046875,258.8947805786133,239.90126015825166,248.27707612931187,31.66196865809424,-8.375815971060206,-6.82795012824228,-1.5478658428179255,-0.012698012362928002,0.019081779953786192,0.10027944831493962,-0.10896570687113538,0,MSFT
2022-09-26,230.2283935546875,234.106740937524,229.69511783060327,229.84056473429231,27694200,236.24954223632812,258.5316455078125,238.41312683462638,246.9401366793397,33.234261903935035,-8.52700984471332,-7.1677620715364885,-1.3592477731768309,-0.0019755769816541813,0.0182254276185942,-0.18965941011235954,-0.1094769342357732,1,MSFT
2022-09-27,229.2200469970703,234.44611989699396,227.3681324316485,232.6814646035204,27018700,234.73892669677736,258.19614074707033,236.99880685961776,245.62753744361603,24.976867922101945,-8.628730583998276,-7.459955774028846,-1.1687748099694302,-0.004379766292282539,0.00989594347708481,-0.024391388810653503,-0.11222512337388146,1,MSFT
2022-09-28,233.73834228515625,234.96001656386545,227.5911495376008,229.60789224789136,29029700,233.65784149169923,257.8488299560547,236.4971969250852,244.74685632076717,31.650946346817065,-8.24965939568196,-7.617896498359469,-0.6317628973224902,0.019711606149979133,0.012785663659054716,0.07442993186200675,-0.0935062907790104,1,MSFT
2022-09-29,230.27688598632807,232.6523709038743,227.28086605201815,231.6246111693645,27484200,232.89380645751953,257.37926879882815,235.54022601143026,243.67500666636425,20.163755580201737,-8.13478065493399,-7.721273329674374,-0.41350732525961664,-0.014809107761213025,0.010797208788293454,-0.053238579799309016,-0.10530134357357179,1,MSFT
2022-09-30,225.81674194335935,233.22438391773605,225.6519139757613,231.04281379026585,35694800,231.74580841064449,256.77077331542966,234.04430538557318,242.35217224243797,14.540844164991853,-8.307866856864791,-7.838592035112457,-0.46927482175233415,-0.01936861367507603,0.011934938805613938,0.29873891181114964,-0.12055122540774876,1,MSFT
2022-10-03,233.41830444335935,234.2618401270606,227.5232156087884,228.2504056243153,28880400,231.37929992675777,256.40100158691405,233.9479975483095,241.69040425732103,36.203044493956035,-7.742406709011533,-7.819354969892272,0.07694826088073903,0.03366252844931528,0.017102251844417708,-0.19090735905510048,-0.0896357541558358,0,MSFT
2022-10-04,241.310791015625,242.74577547683293,237.52939325058415,237.6360484007584,34888400,232.0027450561523,256.21868499755857,235.0807350048196,241.66228475793613,46.56945784269862,-6.581549753116548,-7.5717939265371275,0.9902441734205798,0.03381262918127659,0.02012701204295719,0.20803035969030903,-0.05818425764723456,0,MSFT
2022-10-05,241.6210479736328,242.95908260476145,236.67616375353109,238.5086823682533,20347100,232.9965713500976,256.17667388916016,236.08693700002163,241.65923018132105,54.530336811905144,-5.572293181299415,-7.1718937774895855,1.5996005961901707,0.0012857152251750659,0.01922475018823259,-0.4167946939383864,-0.056818701306993735,0,MSFT
2022-10-06,239.2843475341797,242.72638403117548,238.59594911161383,240.38967602221572,20239900,233.55990295410152,255.76206237792968,236.578846312969,241.48331294819948,52.33321810030292,-4.904466635230477,-6.718408349037764,1.8139417138072869,-0.009670930819355328,0.019645694585026262,-0.005268564070555537,-0.06442595391415606,0,MSFT
2022-10-07,227.11605834960935,233.9807359079613,226.0785931848945,233.57349635910583,37769600,233.20309600830075,254.9556671142578,235.12303278014446,240.41907186682243,40.86387826318034,-5.296039086677979,-6.433934496565808,1.137895409887829,-0.050852842277250065,0.02570754360085947,0.8660961763645076,-0.10919392018131613,0,MSFT
2022-10-10,222.27780151367188,227.4263056941176,219.83443833161004,225.9622347703348,29743600,232.40803680419918,253.96871826171875,233.14684335453327,239.07527406288534,38.84760712155474,-5.928430708352067,-6.3328337389230605,0.40440303057099314,-0.021303015168085304,0.02648231288719625,-0.21249894094721677,-0.12478275657314963,1,MSFT
2022-10-11,218.55458068847656,222.0935668585732,217.29411479408543,220.69735939369207,30474000,231.3414901733398,252.9601303100586,230.90187986744763,237.55522270181802,38.62569128700747,-6.653342834370392,-6.396935558012527,-0.25640727635786487,-0.016750304348166378,0.026830642027948163,0.02455654325636436,-0.13601174848941777,1,MSFT
2022-10-12,218.8842315673828,220.9300604143529,217.14867761413385,218.54487025171545,21903900,229.85607910156244,252.01986633300783,229.05301089820688,236.1721863214895,36.83212375251347,-7.119175423282627,-6.541383531066548,-0.5777918922160792,0.001508322899789194,0.025600184582627934,-0.2812266194132703,-0.13148024894926758,1,MSFT
2022-10-13,227.11605834960935,228.9194907148944,212.4655985656021,213.1637023711785,42551800,229.5399963378906,251.09620666503906,228.75501819842265,235.50136202727617,47.091384970785334,-6.746343828853526,-6.582375590623943,-0.1639682382295824,0.037608130669259277,0.02881684479948966,0.9426586133063062,-0.09550183427270609,1,MSFT
2022-10-14,221.60877990722656,230.02480190806705,221.3954696052538,228.37649233923707,30198600,229.11920013427735,250.03956817626954,227.65559692285402,234.47228187023546,43.508131513617414,-6.816684947381447,-6.629237461975444,-0.1874474854060022,-0.024248740852596207,0.029201112185925953,-0.2903096931269653,-0.11370515665344705,1,MSFT
2022-10-17,230.3059539794922,231.6924708121533,227.98864209353195,228.6479688181128,28142300,228.80796508789064,249.17119079589844,228.06334416233682,234.16366498943967,50.73296222781956,-6.100320827102848,-6.523454135000925,0.4231333078980768,0.03924562048447067,0.029990687754918838,-0.06809256058227864,-0.07571195031073708,1,MSFT
2022-10-18,231.24647521972656,236.51132497546385,228.2116634940623,235.84232244327512,26329600,227.8015335083008,248.3717428588867,228.55305663270445,233.9475768583498,48.23268893996399,-5.394520225645351,-6.29766735312981,0.9031471274844591,0.004083790383978103,0.027536421642072463,-0.06441193505861287,-0.06895014481937234,1,MSFT
2022-10-19,229.2878570556641,232.32266813956105,227.16445983049132,229.830823236678,19985700,226.5682144165039,247.49480712890625,228.6661028516213,233.60241242852123,49.28327068388348,-4.93630957689993,-6.025395797883835,1.089086220983905,-0.008469829268538787,0.027504709464475197,-0.24094175376762272,-0.07356497812804275,0,MSFT
2022-10-20,228.9679412841797,233.97101325567385,227.7268712315997,228.59950832135635,21811000,225.5365737915039,246.4787271118164,228.71253953355335,233.2591182696811,52.42939054726078,-4.546578736127742,-5.729632385532617,1.183053649404875,-0.0013952582382360523,0.027469185844767634,0.09133030116533325,-0.07104380176262781,0,MSFT
2022-10-21,234.75634765625,235.6095887613836,227.3681010886603,227.6008072431659,26299700,226.30060272216798,245.61982635498046,229.64235616781437,233.3700241501677,51.06122142725752,-3.7276679823533243,-5.3292395048967585,1.6015715225434342,0.025280422838261485,0.023291091473505353,0.20579982577598455,-0.04422883469932137,0,MSFT
2022-10-24,239.73040771484372,240.30246054652335,233.9613674952111,236.3465434487032,24911200,228.04586334228514,244.76578216552736,231.19436409812658,233.84116367347704,48.685733921647525,-2.6467995753504567,-4.792751518987498,2.1459519436370416,0.02118818131332123,0.022097397525814657,-0.05279527903360115,-0.020572215634611757,0,MSFT
2022-10-25,243.03663635253903,243.40506928448784,238.35353022692632,239.74003228091627,34775500,230.49406890869142,243.94767578125,233.01625213726695,234.52230979785202,51.12134431744394,-1.5060576605850713,-4.135412747307013,2.629355086721942,0.013791444603172831,0.020369496392340303,0.3959785156877227,-0.003734569004575916,0,MSFT
2022-10-26,224.2848052978516,231.0525164043825,223.0631165722391,224.1393584142353,82543200,231.03412628173828,242.7692385864258,231.67295262351075,233.76397613118533,40.57050999688437,-2.091023507674578,-3.7265348993805265,1.6355113917059487,-0.07715639640225602,0.03460048375606534,1.3736021049301952,-0.07613993188018231,0,MSFT
2022-10-27,219.85385131835935,226.58278743700097,218.9133507487669,224.0133730210549,40424600,230.3079055786133,241.51711334228514,229.85462934579516,232.73359651542046,44.942607882516704,-2.878967169625298,-3.557021353429481,0.6780541838041829,-0.01975592583549257,0.032939260462194975,-0.5102612934802624,-0.0896965921964461,0,MSFT
2022-10-28,228.6964569091797,229.40426599695732,219.1751212635659,219.35934514135127,40647700,231.01667327880858,240.464140625,229.67644897093123,232.4345491371804,54.23381354122235,-2.7581001662491644,-3.397237115993418,0.6391369497442536,0.04022038066558964,0.03453302544276139,0.005518916699237542,-0.048937374550876656,0,MSFT
2022-10-31,225.07020568847656,227.7753465559676,224.11999990021067,226.65062223193132,28357300,230.49309844970702,239.41659942626953,228.9677961582459,231.8890422150542,54.30328067103316,-2.921246056808286,-3.302038904156392,0.3807928473481059,-0.01585617577863563,0.03257207067521201,-0.30236397139321536,-0.059922301846121795,0,MSFT
2022-11-01,221.23065185546875,228.57043214353084,220.41620237096572,227.46510361607025,30592300,229.49151611328125,238.4551565551758,227.77746626551095,231.09953181804786,51.48104122760331,-3.3220655525369125,-3.3060442338324965,-0.016021318704416032,-0.01705936075040604,0.03283238676791726,0.07881568414482332,-0.07223372708118181,1,MSFT
2022-11-02,213.4060821533203,224.2654524512448,213.34789451187777,222.4814161097781,38407000,227.90333862304686,237.362626953125,225.5664840944047,229.78890591695694,41.30165608889013,-4.222421822552235,-3.4893197515764447,-0.7331020709757903,-0.03536837972732765,0.03431483270198072,0.2554466319956328,-0.10092804038832814,1,MSFT
2022-11-03,207.7340087890625,213.7066680884104,207.47221616405207,213.39639315584648,36633900,225.77994537353516,236.16925964355468,222.82302635512127,228.1552098334092,41.21547063805089,-5.332183478287931,-3.8578924969187423,-1.4742909813691885,-0.026578780262610957,0.03481004264877295,-0.046166063478011776,-0.12040199853871292,1,MSFT
2022-11-04,214.6568298339844,214.85074424296624,206.93891208084915,210.9336199205367,36789100,223.7699935913086,235.05501037597656,221.56668842879253,227.15532983345182,39.86434815265035,-5.588641404659285,-4.204042278466851,-1.384599126192434,0.033325410149627865,0.035773291381081235,0.004236513174955547,-0.0867804541131233,1,MSFT
2022-11-07,220.9397735595703,221.4633587976089,214.55019910987951,215.23861235404937,33498000,221.89093017578125,234.2750729370117,221.47023998737373,226.69491825760875,43.75660424934688,-5.224678270235017,-4.408169476820484,-0.816508793414533,0.029269712640614065,0.036595929001446446,-0.08945856245464012,-0.05692154615624345,1,MSFT
2022-11-08,221.9093475341797,224.6047979139628,218.97150043107277,221.7445195376861,28192500,219.7782012939453,233.5699884033203,221.53779499457465,226.34043153735476,45.47618165550207,-4.802636542780107,-4.487062890012409,-0.31557365276769733,0.004388408474348182,0.03610510741688091,-0.15838259000537347,-0.049923540900320806,1,MSFT
2022-11-09,217.68194580078125,221.67665381960256,217.507427263288,220.45496487826287,27852900,219.11791534423827,232.82418243408202,220.94458742629874,225.6990622235345,43.39685740553031,-4.754474797235758,-4.54054527145708,-0.21392952577867863,-0.019050129164781215,0.02746147885313894,-0.01204575685022613,-0.06503721595838907,1,MSFT
2022-11-10,235.59019470214844,235.92955599741592,227.85289624042093,228.2698114597355,46268000,220.6915496826172,232.4656283569336,223.19775777642946,226.43173870343182,50.427267161797324,-3.2339809270023636,-4.279232402566136,1.0452514755637727,0.08226795674528065,0.03751153506190368,0.6611555708741279,0.013440982081089903,0,MSFT
2022-11-11,239.59458923339844,240.4478303320997,234.57212203157076,235.5998964435155,34620200,221.78136291503907,232.20791259765625,225.72034723134777,227.40676466861453,49.92970745634811,-1.6864174372667549,-3.76066940950626,2.074251972239505,0.016997288602408345,0.035951012789126456,-0.251746347367511,0.031810615551852495,0,MSFT
2022-11-14,234.20372009277344,236.49194578262,231.93489028356817,234.6303406985499,31123300,222.69471435546876,231.9265396118164,227.02548151772095,227.91024284818187,45.525103834004135,-0.8847613304609183,-3.185487793697192,2.300726463236274,-0.022499961947694658,0.036442093558470404,-0.1010075042894033,0.009818542046841294,1,MSFT
2022-11-15,234.6109161376953,239.487936494884,232.72991540292844,238.1886937504624,31390100,224.0327407836914,231.70780029296876,228.19247145925544,228.40658901777547,56.425750249440604,-0.21411755852003012,-2.59121374666176,2.37709618814173,0.001738640380095413,0.035679306124709646,0.008572355759190131,0.012529210674202096,1,MSFT
2022-11-16,235.0387420654297,237.0514501535852,233.76500614633548,236.06939815763067,24093300,226.19600677490234,231.4037612915039,229.24574386020532,228.897859613898,59.94474194018388,0.3478842463073306,-2.003394148067942,2.3512783943752726,0.0018235550790965949,0.03264538801509545,-0.23245545570100123,0.01570839105483124,1,MSFT
2022-11-17,234.99012756347656,236.5166760266284,231.05224616268976,231.19808812700944,23123500,228.92161865234374,231.09041229248047,230.12949519917015,229.3491387212742,54.6583662931348,0.780356477895964,-1.446644022875161,2.227000500771125,-0.0002068361221044812,0.030330118088081302,-0.040251854249936714,0.016875279386582287,1,MSFT
2022-11-18,234.54286193847656,236.99311072037335,232.4134803048627,236.769466599912,27613500,230.91022186279298,230.65293029785155,230.808474697525,229.73385895958546,57.357591261153715,1.0746157379395527,-0.9423920707122182,2.017007808651771,-0.0019033379386509397,0.029721699089801663,0.1941747572815533,0.016864869809378957,1,MSFT
2022-11-21,235.3498992919922,237.8973712159803,234.51370406585943,234.74705121223045,26394700,232.35123443603516,230.18912139892578,231.50715540436613,230.14986194717113,61.50884831044919,1.3572934571949986,-0.48245496513077485,1.8397484223257734,0.0034408949683888412,0.028902785336682862,-0.04413783113332248,0.022419729749620032,0,MSFT
2022-11-22,238.24740600585935,238.5196542333606,234.0469941841152,236.8472637864728,19665700,233.98504028320312,230.0675454711914,232.5441170353651,230.74968002559248,72.01707377040532,1.794437009772622,-0.027076570150095458,1.8215135799227176,0.01231148482571598,0.02894095977437028,-0.2549375442797228,0.03555416961534119,1,MSFT
2022-11-23,240.7268218994141,241.40744246425524,237.50844728562427,238.3251919634337,19508500,236.2895278930664,229.99109802246093,233.80299470675726,231.4887275718015,80.99598067489914,2.31426713495577,0.4411921708710777,1.8730749640846924,0.010406895651547066,0.02739719239076049,-0.007993613245396824,0.046678867005125246,1,MSFT
2022-11-25,240.6393280029297,241.81582614094168,239.9003557809556,240.46430280009824,9200800,236.79444122314453,230.04553985595703,234.85473829078379,232.16654982595915,78.00696000807906,2.688188464824634,0.890591429661789,1.7975970351628452,-0.00036345719930186426,0.01069648216712762,-0.5283696850090986,0.04605083042951397,1,MSFT
2022-11-28,235.06790161132807,239.82254225297007,234.1344834195783,239.26832798344637,24778200,236.3417724609375,230.00096343994142,234.88753264779058,232.3814647730235,65.46617806581268,2.5060678747670693,1.213686718682845,1.2923811560842242,-0.02315260118883722,0.011973487099047123,1.6930484305712548,0.022030073681451157,1,MSFT
2022-11-29,233.677490234375,236.0693873127296,231.61617814466865,234.717864130748,17956300,236.28914947509764,229.9328454589844,234.70137227649587,232.47746665904955,62.765066839595875,2.22390561744632,1.41573049843554,0.80817511901078,-0.00591493507800156,0.009732876497440266,-0.27531862685747954,0.016285819313529126,1,MSFT
2022-11-30,248.07752990722656,248.26227293636023,233.22049313047097,233.9108463177998,47594200,237.63581085205078,230.19286926269533,236.75924268122367,233.63302689965525,77.00977583298234,3.126215781568419,1.757827555062116,1.368388226506303,0.06162356356364729,0.02188397373055656,1.6505571860572612,0.07769424266622837,0,MSFT
2022-12-01,247.63999938964844,249.03040883628205,243.97435155588244,246.8426904598809,26041500,238.89593658447265,230.5120135498047,238.43320525175056,234.67058041743252,65.52928850052031,3.7626248343180464,2.1587870109133025,1.603837823404744,-0.0017636845938515666,0.02198568204384695,-0.4528429934739947,0.07430409190427323,0,MSFT
2022-12-02,247.96090698242188,248.97211266889656,242.77844260274807,242.90484887721385,21528500,240.1930145263672,230.79821105957032,239.8990055180077,235.65504905187618,61.91323574081532,4.243956466131522,2.5758209019569467,1.668135564174575,0.001295863324036306,0.021947841696632553,-0.17330030912197836,0.0743623438156622,0,MSFT
2022-12-05,243.2743225097656,246.79412899432043,241.19355948803093,245.0342183338344,23435300,241.0661605834961,231.05001495361327,240.4182850552012,236.2194396783865,63.18046868244308,4.198845376814717,2.9004257969285008,1.298419579886216,-0.018900497379566783,0.023214909216786688,0.08857096407088272,0.052907625037836636,1,MSFT
2022-12-06,238.3348846435547,244.8883215875388,237.03198043755037,243.87711611749123,22463700,241.36465911865236,231.2121447753906,240.0977619149479,236.37613930543597,54.78149110330045,3.7216226095119396,3.0646651594451884,0.6569574500667512,-0.02030398364797681,0.024448471845137137,-0.041458824935033944,0.030806080169722083,1,MSFT
2022-12-07,237.6056671142578,239.3461270027659,235.5054686619729,238.0529405287907,20481500,241.30048522949218,231.37985717773438,239.71436271484174,236.46721543942277,53.27056071532166,3.2471472754189676,3.1011615826399446,0.14598569277902307,-0.003059634053938276,0.024176569390122263,-0.08824013853461365,0.02690731169282845,1,MSFT
2022-12-08,240.55178833007807,241.8547074647456,236.33192613856,238.06265330165112,22611800,241.2829818725586,231.51612609863278,239.8431974248781,236.7697763942861,56.598965931651776,3.0734210305919873,3.095613472230353,-0.022192441638365867,0.01239920432707331,0.02427996708125413,0.10401093669897232,0.03902821969125303,1,MSFT
2022-12-09,238.6265869140625,241.43658893378705,237.4014700085944,237.92651587196235,20609700,241.0817077636719,231.68312011718746,239.65602657706035,236.90731791426956,54.681202600879956,2.74870866279079,3.026232510342441,-0.27752384755165105,-0.00800327209945273,0.024418973868051374,-0.08854226554276967,0.029969670614600652,0,MSFT
2022-12-12,245.52032470703125,245.5494930971703,240.32814355248385,240.600391751391,30665100,242.1269500732422,232.0771917724609,240.55822628936357,237.54531841743707,60.230780400366065,3.012907871926501,3.023567582659253,-0.010659710732752181,0.028889227651114346,0.024618073788331512,0.4878964759312363,0.057925265433884654,0,MSFT
2022-12-13,249.80828857421875,256.61452370043395,246.0648533202343,254.44624097086364,42196900,243.74002990722656,232.4049914550781,241.9813127947259,238.45368657719868,61.31301674673016,3.527626217527228,3.1243793096328485,0.40324690789437945,0.017464802037485683,0.024615938080380144,0.37605616808684794,0.07488349114267878,0,MSFT
2022-12-14,250.1000061035156,255.32135671859504,247.27055298866887,250.01250091515968,35410900,243.94227752685546,232.5807757568359,243.23034253453972,239.31637691248142,59.58250616728141,3.9139656220582992,3.282296572117939,0.6316690499403603,0.0011677656132300651,0.015398257391005686,-0.160817500811671,0.07532535864011458,0,MSFT
2022-12-15,242.11721801757807,247.16355744305537,240.49344660406408,246.69684834391964,35560400,243.38999938964844,232.5906991577148,243.05909260885332,239.52384662397006,51.3008888567731,3.535245984883261,3.3328864546710038,0.20235953021225717,-0.03191838421080839,0.01860136795221887,0.004221863889367405,0.04095829667463846,0,MSFT
2022-12-16,237.9168243408203,242.9242630632895,236.76947979184487,241.6699776286764,86102000,242.38559112548828,232.56334869384762,242.2679744137713,239.40480793632935,52.5697431316659,2.8631664774419505,3.2389424592251936,-0.3757759817832431,-0.017348595490853547,0.019149819078313028,1.4212888493942701,0.02301942966094872,0,MSFT
2022-12-19,233.794189453125,238.42243914772908,232.1023632453267,238.08212143380248,29696400,241.4375778198242,232.69691131591793,240.9643151890565,238.9892065672031,50.10031863759735,1.9751086218533942,2.9861756917508337,-1.0110670698974396,-0.01732805109145863,0.01901953209422383,-0.6551020882209473,0.004715482173793806,0,MSFT
2022-12-20,235.10679626464844,236.18607121939564,231.82035247090369,232.77322117622552,25150800,241.1147689819336,232.95349121093747,240.06315843145524,238.70162061886572,35.61264198640825,1.3615378125895177,2.6612481159185704,-1.2997103033290527,0.005614368836940775,0.01827253037072904,-0.15306905887582334,0.009243497672078993,0,MSFT
2022-12-21,237.6639862060547,238.82104848275608,233.4635747777796,234.9998409670087,23690600,241.12060089111327,233.33567932128904,239.69405501216283,238.62475881050935,39.431406337392914,1.0692962016534864,2.3428577330655536,-1.2735615314120672,0.010876716377555162,0.018643666127660344,-0.058057795378278265,0.018549700145968018,0,MSFT
2022-12-22,231.5967559814453,235.2915726004728,227.39632912956156,234.5817687693653,28651700,240.22509765625,233.58992980957026,238.44831669974474,238.10416600835646,34.5454498292484,0.34415069138827903,1.9431163247300987,-1.5989656333418196,-0.025528605833233353,0.01970942443803107,0.20941217191628758,-0.008532790046856253,1,MSFT
2022-12-23,232.12176513671875,232.2578892351766,227.46436256281203,229.57429350711573,21207000,239.57461547851562,233.69004394531245,237.47500107466382,237.66102520304995,38.5688073050128,-0.1860241283861228,1.5172882341068543,-1.7033123624929771,0.002266910661371746,0.019722719818492985,-0.25983449498633593,-0.006710935485812586,1,MSFT
2022-12-27,230.4008026123047,232.31625810648032,229.30207698528272,232.092628807354,16688600,238.06266326904296,233.86588439941403,236.38666284968548,237.12323093706883,41.29324092884061,-0.7365680873833469,1.0665169698088142,-1.803085057192161,-0.007414050653114845,0.016336107593779233,-0.21306172490215491,-0.014816533826675693,0,MSFT
2022-12-28,228.0380401611328,233.08437961165023,227.6880046259404,230.33271426152407,17457100,235.88563842773436,233.82052612304685,235.1022593591389,236.45025384255504,39.86401160275685,-1.3479944834161302,0.5836146791638253,-1.9316091625799554,-0.010255009637044066,0.01406564571749675,0.04604939899092786,-0.024730446286272745,0,MSFT
2022-12-29,234.33865356445312,235.22346762933785,229.12702186965717,229.12702186965717,19770700,234.30950317382812,233.88236968994136,234.98478154457186,236.2938390071401,43.85456479493185,-1.3090574625682336,0.2050802508174135,-1.514137713385647,0.02762965950272278,0.018099117817142116,0.13253060359395308,0.0019509117985962998,0,MSFT
2022-12-30,233.1816253662109,233.3177494769252,230.1090927684712,231.6161906747891,21938500,233.41594390869142,233.9602450561523,234.70737290174708,236.06330466336757,44.531264607033414,-1.3559317616204964,-0.10712215167016853,-1.2488096099503279,-0.004937419331565773,0.01571674989039431,0.10964710404790923,-0.0033279999760408296,0,MSFT
2023-01-03,232.94825744628903,238.9474656895386,230.8285936776272,236.3513749637393,25740000,232.9190872192383,234.0398513793945,234.43673975475355,235.83256042506545,35.422766882951166,-1.395820670311906,-0.36486185539851607,-1.03095881491339,-0.0010007989246809679,0.01496492013137436,0.1732798504911457,-0.0046641370120164005,0,MSFT
2023-01-04,222.7583770751953,226.42401047503648,219.7052947992431,225.8503455985308,50623400,231.8155059814453,233.7998919677734,232.64006857328306,234.86410239914915,22.41166640573519,-2.224033825866087,-0.7366962494920303,-1.4873375763740566,-0.04374310622797084,0.01958712381979163,0.9667210567210567,-0.047226347282059544,1,MSFT
2023-01-05,216.1562957763672,221.25125412142148,215.62151720752516,220.91093644040888,39585600,229.9204559326172,233.32840972900388,230.10410352760368,233.47833894560975,19.328646414286325,-3.374235418006066,-1.2642040831948376,-2.1100313348112283,-0.029637858676800688,0.020676674258274637,-0.21803750834594282,-0.07359632705070507,1,MSFT
2023-01-06,218.7037506103516,219.51077732700105,213.27822252851436,216.82718167517945,43613600,228.02443237304686,232.8417520141601,228.35020307879566,232.38392499484988,26.539243072660867,-4.033721916054219,-1.818107649766714,-2.2156142662875054,0.01178524467600961,0.020771464090021723,0.10175417323471159,-0.06071935673696838,1,MSFT
2023-01-09,220.8331756591797,224.8391416447206,220.14283719895343,220.18172344662707,27369800,226.9480743408203,232.77271942138668,227.19373732193165,231.52831393294838,32.14062846948386,-4.334576611016729,-2.3214014420167173,-2.0131751690000117,0.00973657307149689,0.020472050674427634,-0.37244804372947893,-0.051292710726092094,1,MSFT
2023-01-10,222.51528930664065,224.90718660058684,221.0373597396168,221.45544993887123,27033900,225.9874267578125,232.8259481811523,226.47397608880996,230.8606824791478,37.57494461309859,-4.386706390337849,-2.7344624316809436,-1.6522439586569058,0.00761712384219404,0.020738382641509203,-0.012272650877975022,-0.04428483575417186,1,MSFT
2023-01-11,229.2437438964844,229.41875426303784,224.71273203443783,224.88774240099133,28669300,225.87172088623046,232.8368939208984,226.90009421306758,230.74090925080236,44.22968508735496,-3.840815037734785,-2.955732952891712,-0.8850820848430732,0.030238167502150803,0.023312385965201157,0.060494416269942564,-0.015432047575908214,0,MSFT
2023-01-12,231.90786743164065,233.25939064495995,227.09488993594465,228.7478297539272,27269500,226.25870361328126,232.97364715576168,227.6705208620788,230.82735059753114,44.34682633237337,-3.156829735452334,-2.9959523094038363,-0.16087742604849753,0.011621357642628727,0.02329633357836169,-0.04882574740227352,-0.004574679313014585,1,MSFT
2023-01-13,232.60792541503903,232.7440495138857,228.41723190438844,230.4396576846913,21333300,226.08563079833985,233.2011926269531,228.43012156253423,230.95924502845764,51.11011790689132,-2.529123465923419,-2.902586540707753,0.37346307478433394,0.0030186900994411126,0.021511390288721708,-0.21768642622710355,-0.0025440144847933555,1,MSFT
2023-01-17,233.6969451904297,234.24144161412065,230.52717483814848,231.38282055332843,29831300,226.1371627807617,233.60700988769528,229.240402120672,231.16203763304816,51.708166056688135,-1.921635512376156,-2.706396335041434,0.784760822665278,0.0046817827614753504,0.021507485873040272,0.39834437241308196,0.00038498546245535614,1,MSFT
2023-01-18,229.2826232910156,235.67076853478864,229.0006572078567,234.88319223600368,30028700,225.77059936523438,234.03798217773434,229.24689768534023,231.02282175586058,48.8543410158767,-1.7759240705203467,-2.5203018821372165,0.7443778116168698,-0.01888908687196167,0.022366616576336554,0.006617210781963978,-0.020318748446170543,1,MSFT
2023-01-19,225.510009765625,229.0006473536565,224.2946106317964,227.3088064182575,28623000,226.04576263427734,234.25504577636715,228.67199185153788,230.61446531213943,47.48257080245877,-1.9424734606015477,-2.4047361978300827,0.46226273722853506,-0.016453987970131645,0.017824026701860486,-0.04681188329831132,-0.03733125995967079,1,MSFT
2023-01-20,233.57054138183597,234.07615156759215,228.0185916995672,228.3589093861448,35389800,227.7871871948242,234.50766113281247,229.42561485619913,230.83343390989472,49.26101099345058,-1.4078190536955901,-2.205352769003184,0.7975337153075941,0.03574356466299822,0.01716459370772902,0.23641127764385295,-0.003996115719416826,1,MSFT
2023-01-23,235.8652191162109,238.38352255893332,233.0163158336519,234.4261906970003,31934000,229.50333404541016,234.7867785644531,230.41632320389326,231.20615873999222,52.52653789950508,-0.7898355360989626,-1.92224932242234,1.1324137863233774,0.009824345659342537,0.017126561424681316,-0.09764960525349109,0.004593276326510631,1,MSFT
2023-01-24,235.3401641845703,237.19729766623652,233.7844621578948,235.78743760454404,40234400,230.95403289794922,235.13994293212886,231.1738372009205,231.51238136551652,52.239620986338515,-0.33854416459601566,-1.6055082908570752,1.2669641262610596,-0.0022260803589778666,0.017385410000726013,0.2599235924093444,0.0008514982607581434,1,MSFT
2023-01-25,233.94976806640625,236.56530958865665,224.5085403000208,227.9894454823822,66526600,232.09748077392578,235.10713439941404,231.6009034879183,231.6929285285454,62.546310598930475,-0.09202504062710659,-1.3028116408110815,1.2107866001839749,-0.00590802731434148,0.017811252015798567,0.6534756327918398,-0.00492271889564011,1,MSFT
2023-01-26,241.13519287109372,241.4366094883561,235.30127691453504,236.90559786802248,33454500,233.28662567138673,235.13794647216793,233.06771723917606,232.3923555168823,77.64150972069365,0.6753617222937578,-0.9071769681901136,1.5825386904838714,0.03071353677362021,0.017886082800181325,-0.497125961645417,0.025505225714964164,1,MSFT
2023-01-27,241.29075622558597,242.9145276437586,239.9975698020656,242.0977830088241,26498900,234.22491455078125,235.2796871948242,234.3328001601622,233.0514963101196,76.39175838556673,1.2813038500426046,-0.46948080454357005,1.7507846545861747,0.0006451292017561894,0.01778560493470199,-0.20791223901119427,0.02554861026223776,1,MSFT
2023-01-30,235.99163818359372,238.80164053803625,235.49574581512883,237.7418011609033,25867400,234.56328582763672,235.30730163574216,234.5880060099209,233.26928459704362,66.49040164587791,1.3187214128772666,-0.1118403610594027,1.4305617739366694,-0.021961545999043652,0.019616694013210815,-0.02383117789795053,0.002908267372471629,1,MSFT
2023-01-31,240.9504547119141,241.0865788268712,236.22498209780977,236.7111417707159,26541100,235.28863677978515,235.42553588867185,235.566844271766,233.83826016110808,68.72039897448704,1.7285841106579198,0.2562445332840618,1.472339577373858,0.02101267895120329,0.020557407462858,0.02604436472161864,0.02346779758783213,1,MSFT
2023-02-01,245.7537078857422,248.11643670951443,238.6752244300908,241.1351911203326,31259900,236.9357452392578,235.64080749511714,237.13405405853158,234.7208859184884,67.4476078489297,2.413168140043183,0.6876292546358861,1.725538885407297,0.019934609293728034,0.019553254931521078,0.17779217892250143,0.042916591986447816,1,MSFT
2023-02-02,257.2757263183594,257.36323150604915,250.12917259535388,251.65572121722164,39940400,240.11231689453126,236.0954647827148,240.23277286773586,236.39161483699735,72.58097464586407,3.8411580307385123,1.3183350098564115,2.5228230208821008,0.046884413389905344,0.021249038525999575,0.27768802843259266,0.08971058192556702,0,MSFT
2023-02-03,251.1986846923828,256.88675825123045,249.9832856273653,252.35574697610576,29077300,241.87513122558593,236.41244049072262,241.91983622537384,237.48843482628516,65.10268742562477,4.431401399088685,1.940948287702866,2.490453111385819,-0.023620734505114926,0.02258428630056953,-0.27198275430391283,0.06254427292814335,1,MSFT
2023-02-06,249.6623992919922,251.15004653464848,247.72749350962195,250.3138662354951,22518000,243.25484924316407,236.64074035644526,243.11099977408435,238.39020997189309,62.8763802907865,4.720789802191263,2.4969165906005455,2.223873211590717,-0.006115817852597294,0.022963691126250647,-0.22558146733018536,0.05502712219346839,1,MSFT
2023-02-07,260.1537170410156,261.33021493867875,252.88075890318808,253.31831440266956,50841400,245.7362045288086,237.0292782592773,245.73295627668915,240.0023216066429,72.67528681911982,5.730634670046243,3.143660206489685,2.5869744635565577,0.042022017647732834,0.02535478906496092,1.2578115285549338,0.0975594194589049,1,MSFT
2023-02-08,259.3467102050781,269.09907056810056,258.8410852318201,265.63761659917793,54686000,248.2758987426758,237.40342590332028,247.82737995797976,241.43523928060105,75.98565207812842,6.3921406773787055,3.7933563006674893,2.598784376711216,-0.0031020384606316176,0.02516959111786024,0.075619475466844,0.09243036075938504,1,MSFT
2023-02-09,256.32281494140625,266.3960585481187,255.525505975814,266.2210185187912,42375100,249.79466094970704,237.82852416992185,249.13436995542997,242.5380226628829,68.93817446368679,6.59634729254708,4.353954499043407,2.2423927935036723,-0.011659663086841299,0.02498101043910857,-0.22511977471382072,0.07776313138230107,0,MSFT
2023-02-10,255.81719970703125,256.77978626583,253.44473837157508,254.2906513684381,25818500,251.24730529785157,238.27131835937496,250.16249760952246,243.5216654068939,67.11711063070969,6.640832202628559,4.811330039760438,1.8295021628681205,-0.0019725721040110278,0.025061645277757377,-0.39071530214677963,0.07363824344645864,0,MSFT
2023-02-13,263.8097229003906,266.9989295409681,259.7551376978075,260.2315944105398,44630900,254.02911376953125,238.58596221923824,252.2620707311945,245.02448448048625,71.65042230241319,7.237586250708262,5.2965812819500036,1.941004968758258,0.031243103288256746,0.024059977967087247,0.7286403160524431,0.10572189766124662,0,MSFT
2023-02-14,264.6361389160156,267.35862090148964,261.82612208741193,265.12229853290944,37047900,256.3976821899414,238.92588500976558,254.1657735288593,246.4771996238588,73.53816248345586,7.6885739050004815,5.774979806560099,1.9135940984403828,0.003132621521827028,0.023935463539832117,-0.16990470727679696,0.1076076537508659,0,MSFT
2023-02-15,262.5209350585937,263.89534271397224,259.4601911138888,261.5461803878701,28922400,258.07440490722655,239.21708557128903,255.45118299497227,247.66562447087622,67.78763317220161,7.7855585240960465,6.177095550067288,1.6084629740287584,-0.007992876052704267,0.024232748432673246,-0.21932417222028777,0.09741716161975345,0,MSFT
2023-02-16,255.53192138671875,260.0060415876993,255.28823272818724,257.3547077929904,29603600,257.9000244140625,239.46223754882809,255.4636042860102,248.248313131309,60.63606545271044,7.215291154701191,6.384734670994069,0.830556483707122,-0.026622690759177114,0.02177423025219012,0.02355267889248469,0.06710738195041688,0,MSFT
2023-02-17,251.54519653320312,253.5239473924271,249.53720422274543,252.8416369479222,30000100,257.9346755981445,239.72644378662105,254.86077232403989,248.4925267166345,61.84850088249026,6.368245607405385,6.381436858276333,-0.013191250870947968,-0.015601670554036828,0.020959262423277725,0.0133936413138942,0.049300997252943235,0,MSFT
2023-02-21,246.2912750244141,249.04009049318063,245.2385381346892,248.05557870006876,28397400,257.5975631713867,239.90015594482418,253.54238812409744,248.32947103572928,54.05035729461462,5.212917088368158,6.147732904294697,-0.9348158159265392,-0.02088659048631658,0.021960782090009692,-0.05342315525614916,0.026640745832027912,0,MSFT
2023-02-22,245.1605529785156,247.91911060638247,244.0200917469653,247.6754219276689,22491100,256.0982467651367,239.99233123779297,252.25287502477715,248.09473636482457,49.52362932373817,4.158138659952584,5.749814055426276,-1.5916753954736915,-0.004590995136902087,0.015887729726025677,-0.20798735095466492,0.021534945362907232,0,MSFT
2023-02-23,248.3382568359375,250.35599131241565,244.15655088158255,249.1083064975943,29219100,254.99740142822264,240.18656463623046,251.65062607264798,248.11277491824035,41.71127126501586,3.537851154407633,5.307421475222547,-1.769570320814914,0.012961725770378685,0.016966863058502056,0.2991405489282428,0.033939001592587115,0,MSFT
2023-02-24,242.9283599853516,244.66342210762315,241.8366395147742,243.649683795455,24990900,253.6579559326172,240.13472534179687,250.30873898229467,247.72874418247082,42.233889451521804,2.579994799823851,4.761936140142809,-2.181941340318958,-0.02178438763126178,0.017745747949984264,-0.14470671581260208,0.011633613754022498,1,MSFT
2023-02-27,243.8446502685547,246.4375014566137,243.09408495125825,246.08658915391717,21190000,252.46070098876953,240.01545257568358,249.31426379556544,247.44103352218076,44.47257890454792,1.873230273384678,4.184194966791183,-2.310964693406505,0.0037718539048234856,0.017953995271545783,-0.15209136125549705,0.01595396317936504,1,MSFT
2023-02-28,243.12332153320312,245.1410709516809,242.4507383937105,242.78216630386785,22491000,250.39206085205078,239.87591888427735,248.36181113981738,247.1212030044787,30.130796958514978,1.2406081353386753,3.5954776005006814,-2.354869465162006,-0.002958148700646701,0.012908129754814075,0.06139688532326559,0.01353784349854803,1,MSFT
2023-03-01,240.05284118652344,244.59518672884,239.58494822729267,244.4294802167035,27565300,247.93373107910156,239.83463134765626,247.08350807007983,246.59762064759312,28.619257502704627,0.48588742248671224,2.973559564897888,-2.4876721424111756,-0.012629312265546533,0.012339769613504921,0.2256146903205727,0.0009098345707667654,1,MSFT
2023-03-02,244.7706756591797,245.05334800361368,239.4095243197137,240.32579620114032,24808200,246.15870513916016,239.97170837402345,246.72768769917212,246.46229138919213,37.66157613101254,0.265396309979991,2.4319269139143085,-2.1665306039343175,0.019653316533714493,0.015452484359922525,-0.1000206781714692,0.019998054427634804,1,MSFT
2023-03-03,248.84510803222656,249.1667788515273,245.04357084699137,245.82337754163785,30760100,245.49002380371093,240.27272674560547,247.05344467348817,246.6387963257132,43.080838810285215,0.41464834777497117,2.028471200686441,-1.6138228529114698,0.016645917089840312,0.015364144436092943,0.23991664046565253,0.035677712584072374,0,MSFT
2023-03-06,250.3852386474609,253.55319146823703,249.5177075468684,249.9563441934913,24109800,245.37402801513673,240.5782955932617,247.56602836179167,246.9163105717686,34.72063071834238,0.6497177900230611,1.752720518553765,-1.103002728530704,0.006189113490769893,0.014842500849259468,-0.21619890702565991,0.04076403912504012,0,MSFT
2023-03-07,247.73391723632807,251.1845574289097,246.9931089704297,249.82963402877948,21473200,245.51829223632814,240.77969421386717,247.59185741941266,246.97687402840262,31.529647168678665,0.6149833910100426,1.5251730930450207,-0.9101897020349781,-0.010588968524881226,0.01356237406967376,-0.10935802039004883,0.02888209923667384,1,MSFT
2023-03-08,247.2952423095703,248.11403261472037,244.47820207332853,247.62665530828696,17340200,245.73176116943358,241.09366394042968,247.54622432559077,247.00045686404468,32.728880229942135,0.5457674615460917,1.329291966745235,-0.7835245051991433,-0.0017707503746420272,0.013469894765853961,-0.19247247732056705,0.02572269327937593,1,MSFT
2023-03-09,245.9501495361328,253.00736509215724,245.228825596619,249.36179149233467,26653400,245.49295043945312,241.37023162841797,247.30067435798185,246.9226563212364,37.53495150757468,0.3780180367454591,1.1390371807452797,-0.7610191439998206,-0.005439218162368364,0.012890945075203029,0.5370872308277874,0.0189746592892428,1,MSFT
2023-03-10,242.31427001953125,246.4082368307068,241.3492723748031,244.74141460422547,28333900,245.4315414428711,241.6085009765625,246.53353522898945,246.5812943729619,37.88074142157352,-0.047759143972456286,0.9016779158017326,-0.9494370597741889,-0.014782993722341375,0.011771627350215141,0.06305011743342304,0.002921126699251486,1,MSFT
2023-03-13,247.5097198486328,251.3989965851208,239.52647621107045,241.1543148292338,33339700,245.7980484008789,241.9979345703125,246.68371747816536,246.65006663041902,51.60215278998336,0.03365084774634397,0.7280725021906549,-0.6944216544443109,0.021440956938618472,0.01361435379852168,0.1766717606824335,0.022776166615251947,1,MSFT
2023-03-14,254.20628356933597,254.479213692258,249.4007352202757,250.26826629818711,33620300,246.90634460449218,242.39528717041014,247.84103533834548,247.20978640367213,60.375667052298375,0.6312489346733514,0.7087077886871942,-0.07745885401384278,0.02705576057699277,0.015658623503429583,0.008416392469038358,0.04872618002107609,1,MSFT
2023-03-15,258.7388610839844,259.75261418809725,252.6661292714571,253.41670934490335,46028000,248.7749465942383,242.90643188476562,249.51762391459764,248.06379193554713,61.570123079409235,1.4538319790505057,0.8577326267598566,0.596099352290649,0.017830312653983382,0.014882963298575387,0.36905381570063334,0.06517912710820939,1,MSFT
2023-03-16,269.2273254394531,269.5782229380597,256.63347856741376,258.5147484560944,54768800,251.22061157226562,243.6320132446289,252.54988568765233,249.63146108398462,76.2860743037701,2.9184246036677166,1.2698710221414289,1.6485535815262877,0.04053687301369191,0.017914895111242356,0.18990179890501424,0.10505726178572505,1,MSFT
2023-03-17,272.3757019042969,276.1772393298442,269.3442290300633,271.2352555502092,69527400,253.57367095947265,244.62435974121092,255.6000112594438,251.316219663267,77.29898977688197,4.283791596176798,1.8726551369485027,2.411136459228295,0.011694119308672368,0.01776978019657744,0.269470939659076,0.1134447206829452,1,MSFT
2023-03-20,265.35748291015625,270.47494508940247,263.0375619626868,269.98756773899805,43466600,255.07089538574218,245.6083834838867,257.1011607441688,252.35631323711064,68.98619416150993,4.744847507058154,2.447093610970433,2.2977538960877206,-0.025766685299287717,0.020961414240205523,-0.37482776574415266,0.08040889788098449,1,MSFT
2023-03-21,266.8683166503906,268.05751846766043,262.7158524815854,267.9405526736913,34558700,256.9843353271484,246.5716748046875,258.6038001143568,253.43127645290915,73.52488481717867,5.172523661447627,2.992179621065872,2.180344040381755,0.005693578804204735,0.02014429594222498,-0.20493666401328836,0.08231538298865981,1,MSFT
2023-03-22,265.4158935546875,273.94499486477235,265.3086550982741,266.49785669939456,34873300,258.79640045166013,247.46332916259766,259.6518144897923,254.31902586785571,69.21256056620189,5.332788621936572,3.4603014212400125,1.8724872006965598,-0.005442471080618572,0.02036729985493363,0.009103351688576344,0.07254636253719027,1,MSFT
2023-03-23,270.6503295898437,273.964488836945,268.25244192390784,270.9232596514369,36610900,261.26641845703125,248.42602996826173,261.34389373595405,255.52875206948445,69.86321743571123,5.8151416664696,3.9312694702859305,1.8838721961836695,0.01972163748391975,0.02017437671151708,0.04982608471237304,0.08946043063370324,1,MSFT
2023-03-24,273.4869384765625,273.54542137989336,268.3304776871036,270.24098860593506,28172000,264.38368530273436,249.31089385986328,263.2120544652784,256.8589880996384,70.55862970803628,6.353066365640018,4.415628849356748,1.9374375162832695,0.010480714695664917,0.018243595927066907,-0.2305023913643205,0.0969714730166924,1,MSFT
2023-03-27,269.4026794433594,274.3544196920251,268.56437502402,273.41866361100745,26840200,266.572981262207,250.06079010009765,264.1644583080601,257.78815042139547,68.80385927706358,6.37630788666462,4.807764656818323,1.5685432298462967,-0.014934018626096668,0.019785125784752444,-0.047273888967769406,0.07734874922021673,1,MSFT
2023-03-28,268.28179931640625,269.16882983673474,265.18205615567683,268.8276596755071,21878600,267.98053283691405,250.774267578125,264.7978953862672,258.56545774695184,67.99874265622509,6.232437639315378,5.092699253317734,1.139738385997644,-0.004160612393570462,0.019012461678164064,-0.18485704279401793,0.06981390837011237,1,MSFT
2023-03-29,273.42840576171875,274.0425058819728,271.38141527658803,271.91751837517444,25087000,269.4494873046875,251.5688967895508,266.12566621325976,259.66641685915675,72.12363776997358,6.459249354103008,5.3660092734747895,1.0932400806282185,0.019183584046425395,0.019114006385047327,0.14664558061301913,0.08689273296950728,1,MSFT
2023-03-30,276.8790283203125,277.2786812703255,274.3739316415299,277.0545067536676,25053400,270.21465759277345,252.5208248901367,267.7800296143448,260.94142511553866,77.91247756144541,6.8386044988061485,5.660528318541061,1.1780761802650872,0.012619839365193064,0.0150719941160726,-0.0013393390999322241,0.0964601768617428,1,MSFT
2023-03-31,281.0217590332031,281.96727225154604,275.8555711889492,276.5671528059377,32766000,271.0792633056641,253.6310598754883,269.81721875570764,262.4288572575879,77.53044369461463,7.388361498119764,6.0060949544568025,1.3822665436629613,0.014962240867509857,0.015317091024384829,0.3078464400041512,0.10799426210323526,1,MSFT
2023-04-03,279.978759765625,280.9924830784479,276.7815660353918,279.28666261801845,24883300,272.54139099121096,254.55922424316407,271.38053275723337,263.728850035961,73.34039016152857,7.65168272127238,6.335212507819919,1.3164702134524608,-0.0037114537720009944,0.011879006702920431,-0.24057559665506922,0.0998570591894139,0,MSFT
2023-04-04,279.9300537109375,283.1175206876223,278.4581943099055,279.9788092952923,25824300,273.8475646972656,255.4405209350586,272.6958436731878,264.92893919707035,70.88783205339926,7.766904476117475,6.621550901479431,1.1453535746380439,-0.00017396339182396137,0.012009357377940219,0.03781652755060616,0.09587176179500889,0,MSFT
2023-04-05,277.1617736816406,279.90083226436434,275.77763853693574,278.6336629350254,22064800,275.02215270996095,256.276953125,273.3829098283344,265.8350750848163,59.22481940364174,7.547834743518081,6.806807669887162,0.741027073630919,-0.009889184789552696,0.01250508219047078,-0.14557993827519045,0.08149316706779319,1,MSFT
2023-04-06,284.2384948730469,284.70635812116194,274.9100846507428,276.06028813189846,29770300,276.38096923828124,257.2827276611328,275.05299983521326,267.198291365426,62.63765130589931,7.854708469787283,7.0163878298671865,0.8383206399200969,0.02553281824330811,0.013398778406630237,0.34922138428628413,0.10477099437245352,0,MSFT
2023-04-10,282.08428955078125,282.2889797177499,277.5224147425445,281.90881108908263,23103000,277.24070434570314,258.1017095947266,276.1347367145314,268.3009578976745,69.87958449396471,7.8337788168569205,7.179866027265134,0.6539127895917867,-0.007578865498945819,0.013788058212764341,-0.22395810589748844,0.09291910539342152,0,MSFT
2023-04-11,275.6899108886719,278.7604125725099,274.5299799435266,278.5362082401025,27276600,277.8694274902344,258.7896926879883,276.0663019720915,268.8482877488595,59.393897245779236,7.2180142232319895,7.187495666458505,0.030518556773484917,-0.022668326096048852,0.015074294605320223,0.18065186339436434,0.06530483507725893,1,MSFT
2023-04-12,276.3332214355469,279.7643772791171,274.84184782081707,277.60042049037634,27403400,278.67456970214846,259.59652435302735,276.1073665049308,269.4027272812067,61.829437903378874,6.704639223724087,7.090924377911621,-0.38628515418753473,0.002333456979986437,0.014898560549598922,0.0046486732217358995,0.0644719613416671,1,MSFT
2023-04-13,282.5228881835937,282.58137108364906,276.02129123451107,276.4306715348985,24222700,279.5840179443359,260.42797302246095,277.09436984010966,270.3745910517539,62.603571919148465,6.719778788355768,7.016695260000451,-0.2969164716446828,0.02239928560124471,0.015314123344133262,-0.11606953881635129,0.08484079073651252,0,MSFT
2023-04-14,278.9163513183594,281.1972739689878,276.5281901717606,279.75462616342,20987900,279.7877502441406,261.09122589111325,277.3746746829173,271.0073140344654,55.6710087523851,6.367360648451893,6.88682833769074,-0.519467689238847,-0.012765467918091855,0.0157116118198465,-0.13354415486300042,0.06827163711230955,0,MSFT
2023-04-17,281.5091247558594,284.238455563406,278.9357880056503,282.61060224538903,23836200,279.83648681640625,261.5758938598633,278.0107439249084,271.78522593975384,63.051809271132754,6.225517985154568,6.754566267183506,-0.5290482820289384,0.009295881812753759,0.015240997869453883,0.13571152902386618,0.07620438795738238,0,MSFT
2023-04-18,281.0899963378906,284.39442891149264,279.76434427989847,284.2092231464568,20161800,279.94761047363284,262.17372009277346,278.48447506536723,272.4744681914677,64.02050332290398,6.010006873899556,6.605654388526716,-0.59564751462716,-0.0014888626375156866,0.015192493768421418,-0.1541520880006041,0.07215168720352061,0,MSFT
2023-04-19,281.16802978515625,281.7528588587504,277.3567350040731,278.7701115947992,17150300,280.0714080810547,262.8038327026367,278.8973296376425,273.1184357169261,59.52965702373135,5.778893920716371,6.440302294964647,-0.6614083742482766,0.00027761018991157016,0.015190940035078595,-0.14936662401174494,0.06987796522472589,1,MSFT
2023-04-20,278.88702392578125,281.7333204424285,277.88302787911294,278.0487492496202,23244400,280.2439331054687,263.17849884033205,278.89574414351,273.54573854721167,52.54573170731708,5.350005596298331,6.222242955231385,-0.8722373589330541,-0.00811260747218645,0.015065224312596213,0.3553348921010129,0.059687722039099445,1,MSFT
2023-04-21,278.5458679199219,279.042972509136,275.91401875313767,277.81480201216493,21676400,279.67467041015624,263.5624819946289,278.84191703218875,273.91611850074577,46.52622564761292,4.925798531442979,5.962954070473704,-1.0371555390307252,-0.0012232767271028733,0.01228953364670078,-0.06745710794858117,0.056849464354332246,1,MSFT
2023-04-24,274.6566467285156,277.75638957147896,271.6836565150722,274.9685754009273,26611000,278.93190612792966,263.9291586303711,278.1980292931621,273.97097244354353,43.08513380094604,4.227056849618577,5.615774626302679,-1.3887177766841017,-0.013962587994751141,0.012770612484815038,0.22764850251886837,0.040645331322289424,1,MSFT
2023-04-25,268.46697998046875,274.49095750236273,268.4182243921978,272.45372354096446,45772200,278.20961303710936,264.18215423583985,276.700944783517,273.5632692981306,37.15595640119757,3.13767548538641,5.120154798119426,-1.982479312733016,-0.022536016592982877,0.012747548486731394,0.7200481004096051,0.016219209647309274,1,MSFT
2023-04-26,287.9132995605469,292.0072813214267,285.3399625443694,289.20974000859206,64599200,279.36762084960935,264.66422576904296,278.4259224415216,274.626234502754,58.76929311192844,3.7996879387675904,4.85606142624906,-1.0563734874814692,0.0724346792350139,0.02702652538798661,0.4113195345646483,0.08784365821995155,1,MSFT
2023-04-27,297.1344909667969,297.495175228431,287.79635312272336,288.4981777647632,46462600,280.8287811279297,265.3141928100586,281.30416375310244,276.29351275934977,60.16287497270348,5.010650993752677,4.886979339749783,0.12367165400289348,0.03202766742739804,0.02789529476432339,-0.28075579883342205,0.11993439860761157,1,MSFT
2023-04-28,299.503173828125,301.1309977099639,295.65288041191343,296.335220680939,36469600,282.88746337890626,266.05383758544923,284.1040114569521,278.0127469125924,63.680954303021146,6.091264544359717,5.12783638067177,0.9634281636879471,0.007971753308143592,0.027156283128666685,-0.21507621183489511,0.12572393823085815,1,MSFT
2023-05-01,297.84600830078125,300.80927056527844,297.44635535169203,299.2204158338492,21294100,284.5211517333984,266.90011932373045,286.2181648175412,279.48187738579156,68.8006165265792,6.736287431749645,5.449526590887345,1.2867608408623,-0.005533048301834542,0.027448704452385515,-0.41611369469366266,0.11594557940049355,1,MSFT
2023-05-02,297.6998596191406,301.3746744145902,296.2377274555762,299.9905392914893,26404400,286.18213806152346,267.8232125854492,287.9845794024027,280.8313575512248,68.28499586842909,7.153221851177875,5.790265642945451,1.3629562082324238,-0.0004906853795839661,0.027420303846897927,0.2399866629723726,0.11155361309154355,1,MSFT
2023-05-03,296.7153015136719,300.8190101503688,296.413129960088,298.87925796823623,22360800,287.736865234375,268.8316931152344,289.327767419521,282.0079459928875,63.33332377656669,7.319821426633496,6.09617679968306,1.2236446269504357,-0.003307217231235282,0.027527890780501756,-0.15314114314280958,0.10372143282408763,1,MSFT
2023-05-04,297.6998596191406,299.9905392914893,295.74059300087464,298.5088929942314,22519900,289.61814880371094,269.8824792480469,290.6157816040779,283.1703099652026,68.56092224109315,7.44547163887529,6.366035767521507,1.079435871353783,0.0033181912103827926,0.027123723337478072,0.007115130049014429,0.10307219812341728,1,MSFT
2023-05-05,302.8075256347656,304.0942089102195,296.5885862172232,298.00199235653776,28197100,292.0443145751953,270.97186462402345,292.491434531876,284.62491853331835,70.04951575908842,7.866515998557645,6.666131813728735,1.20038418482891,0.017157099174179846,0.02713711840415669,0.2520970341786597,0.11748696144123483,0,MSFT
2023-05-08,300.8580017089844,302.3688891891244,298.36263230970064,302.3006492277248,21318600,294.66445007324216,272.1304574584961,293.7785987129696,285.82736913892325,68.08769554854116,7.9512295740463514,6.9231513657922585,1.028078208254093,-0.006438162069104858,0.026536343993558947,-0.24394352610729475,0.10556533994313977,1,MSFT
2023-05-09,299.2497253417969,302.21298828024834,298.5771421461096,300.2244801474705,21340800,297.742724609375,273.2385589599609,294.62031050201995,286.8216177465435,66.09403682309411,7.798692755476452,7.098259643729098,0.7004331117473539,-0.005345632684029988,0.024728512727602087,0.0010413441783232447,0.0951958116044942,1,MSFT
2023-05-10,304.4256286621094,305.09821176430125,299.9027824610233,300.8287815493971,30078000,299.3939575195312,274.46460510253905,296.12882098818756,288.1256185551039,71.61722395093632,8.00320243308363,7.279248201600005,0.7239542314836243,0.01729626757184377,0.012843863971908334,0.409412955465587,0.10916170246570411,1,MSFT
2023-05-11,302.2812194824219,303.2657314235519,298.5284370179185,302.27149216175627,31680200,299.90863037109375,275.70917266845703,297.0753438334544,289.1741815867571,69.49570260330397,7.901162246697311,7.403631010619467,0.4975312360778439,-0.007044115139424267,0.009419856315801903,0.05326816942615875,0.09637708661190603,1,MSFT
2023-05-12,301.16998291015625,302.80756378679547,298.8598188614768,302.71008236022425,19774700,300.0753112792969,276.83715881347655,297.70528830679314,290.0627594625644,72.81882808285272,7.642528844228764,7.451410577341326,0.19111826688743783,-0.0036761680866853608,0.009285386667896531,-0.3758025517515672,0.0878958019977163,1,MSFT
2023-05-15,301.6475830078125,302.0764774582507,299.82479646702666,301.2966855922646,16336500,300.45546875,277.8932083129883,298.3117951838731,290.9208945399901,81.67101079293025,7.390900643882958,7.439308590649652,-0.048407946766694465,0.0015858157344941226,0.009032938164887485,-0.17386863011828246,0.08548022759904916,1,MSFT
2023-05-16,303.8700256347656,305.790293615096,302.0082405576207,302.0082405576207,26730300,301.0724853515625,278.96290405273436,299.16690756093345,291.88008943589944,72.69200122905784,7.286818125034017,7.408810497526526,-0.1219923724925085,0.007367679212916478,0.009199598268251882,0.6362317509870534,0.08928470854075599,1,MSFT
2023-05-17,306.7420654296875,307.1621190650021,303.5574089684494,305.0715994717328,24315000,302.0751617431641,280.14306701660155,300.3323164638187,292.98097654655044,66.67390496084437,7.3513399172682625,7.397316381474873,-0.0459764642066105,0.009451540305505102,0.009252279604391777,-0.09035813290535455,0.09494790892508398,0,MSFT
2023-05-18,311.1575622558594,311.6655618014146,306.4685237275618,307.25979860655974,27276000,303.4209320068359,281.42031341552735,301.9977388933634,294.32739030279555,68.88449773172997,7.670348590567869,7.451922823293472,0.21842576727439678,0.014394820025700028,0.009887016123722062,0.12177668106107342,0.10566845185913754,1,MSFT
2023-05-19,310.98175048828125,311.38227715164794,309.05728471229986,309.4187276052405,27546700,304.2383544921875,282.7209454345703,303.3798945233508,295.56104661283155,72.3581990936876,7.818847910519253,7.525307840738629,0.2935400697806241,-0.0005650248906164945,0.008900272155061182,0.009924475729579108,0.0999600684352242,1,MSFT
2023-05-22,313.756103515625,315.1335157612651,310.65939292099665,311.2357518358931,24115700,305.5281646728516,284.1497821044922,304.97623436831606,296.908828605631,75.08484289641585,8.067405762685041,7.633727425127911,0.43367833755713026,0.008921272785260337,0.008462056505653851,-0.12455212421088546,0.10419265920902765,1,MSFT
2023-05-23,307.9729309082031,315.26048835857114,307.9631525133489,312.63266399021563,30797200,306.4004852294922,285.3590463256836,305.4372646052218,297.72839173915486,65.29465713167443,7.70887286606694,7.648756513315718,0.060116352751222735,-0.01843206408615372,0.010798327125884726,0.27706017241879777,0.07924712699211245,1,MSFT
2023-05-24,306.5955505371094,309.1842914063532,305.38419212471825,307.45521463229585,23384900,306.6174774169922,286.4068316650391,305.6154624408968,298.3852183167811,61.95808062906952,7.2302441241157,7.565054035475714,-0.33480991136001403,-0.00447240725680631,0.009720844666941213,-0.2406809709973634,0.07048965541325347,1,MSFT
2023-05-25,318.3865661621094,319.3438949651791,312.6033903237595,315.7684901108892,43301700,308.22801208496094,287.59978576660154,307.5802476287757,299.86679963865726,67.7524106005219,7.713447990118425,7.594732826404257,0.11871516371416835,0.038457882393739595,0.014922991546937747,0.8516948971344758,0.10704729947362512,1,MSFT
2023-05-26,325.19537353515625,325.69356478381513,316.39362712536325,316.5303755699565,36630600,310.63055114746095,288.7191467285156,310.2902669989881,301.7429902976572,74.96758075069894,8.54727670133093,7.7852416013895915,0.7620350999413379,0.02138534755131638,0.015345838397718622,-0.1540609260144521,0.12633809437286625,1,MSFT
2023-05-30,323.55426025390625,327.9795506793169,322.8802068277949,327.4813593124993,29503100,312.8212188720703,289.74271789550784,312.33088134589855,303.35863992404603,74.91710577609581,8.972241421852516,8.022641565482177,0.9495998563703392,-0.005046545599372121,0.015781837179136702,-0.19457775739409133,0.11669505485412102,1,MSFT
2023-05-31,320.7994689941406,328.1749431768424,319.7639428551413,324.6093167826368,45950600,314.5141632080078,290.8515576171875,313.6337409840896,304.6505531884975,67.66338378152024,8.98318779559213,8.214750811504167,0.7684369840879626,-0.008514155423587466,0.016538082194787865,0.5574837898390339,0.10296630907636373,0,MSFT
2023-06-01,324.8926086425781,325.82066191290807,317.2143019258067,318.3963251868189,26773900,316.3292175292969,292.01204345703127,315.36587447001097,306.1499647036146,73.40801015011607,9.21590976639635,8.414982602482604,0.8009271639137463,0.012759184612341823,0.016657251928578542,-0.41733296191997493,0.1126000311366786,0,MSFT
2023-06-02,327.6473999023437,329.6988654721622,324.8632701870316,326.5239875083562,25873800,317.9782012939453,293.25667358398437,317.25533992113907,307.7423673109279,76.50819004972811,9.512972610211193,8.634580604028322,0.8783920061828709,0.00847908258447383,0.016425029462039165,-0.03361856136013053,0.11727176025718067,0,MSFT
2023-06-05,328.1749572753906,330.734392827561,326.924544875392,327.47159843713,21307100,319.69752197265626,294.4071661376953,318.93528105256235,309.25589249348064,76.53166558311739,9.679388559081701,8.843542195038998,0.8358463640427036,0.0016101375234602866,0.016353014340598434,-0.17649900671721974,0.11469758559444165,0,MSFT
2023-06-06,325.9672241210937,327.61816339427435,324.4921469370549,327.57907961755546,20396200,320.91863403320315,295.45677185058594,320.01711844772103,310.49376891034086,72.10727791540691,9.52334953738017,8.979503663507233,0.5438458738729377,-0.006727305375846537,0.016735080122820198,-0.04275100788000241,0.10326536799074293,1,MSFT
2023-06-07,315.9052429199219,326.7584266923508,315.04557889593144,323.9840754044963,40717100,321.711865234375,296.3868231201172,319.384522212675,310.89461883697646,58.014373925999315,8.489903375698532,8.881583605945494,-0.39168023024696197,-0.030868076470884298,0.018904556415864544,0.9963081358292232,0.06585454641448218,1,MSFT
2023-06-08,317.74188232421875,319.08998948746154,315.8760268835758,316.45238592353536,23277700,322.8264984130859,297.37602478027344,319.13180838368174,311.4018235397351,56.03089086283207,7.7299848439466246,8.651263853545721,-0.9212790095990968,0.005813893391957592,0.01874976291073393,-0.4283065346009416,0.06848520340196673,1,MSFT
2023-06-09,319.2364501953125,322.3624661949436,316.9114577219513,317.47803824659906,22529000,322.91148681640624,298.2921856689453,319.14790712393267,311.98216625496303,57.382522126550654,7.165740868969635,8.354159256630505,-1.1884183876608692,0.004703716929481461,0.014319001437770368,-0.03216383061900441,0.07021392290045392,1,MSFT
2023-06-12,324.1794128417969,324.4236341819199,317.6440473951295,320.98497863319494,24260300,322.8098907470703,299.238193359375,319.921984926681,312.8856660021359,58.97390625336636,7.036318924545071,8.090591190213418,-1.054272265668347,0.015483703829748174,0.013451463720892022,0.07684761862488343,0.08334905114357616,1,MSFT
2023-06-13,326.5630798339844,329.1909043563213,322.7532321400216,326.738912078587,22951300,323.11077270507815,300.1490197753906,320.94369183549685,313.89880776745804,67.00023665627016,7.044884068038812,7.881449765778497,-0.8365656977396858,0.007352925256085774,0.01352947245555829,-0.053956463852466774,0.08800315282841864,0,MSFT
2023-06-14,329.5426330566406,331.20335074507136,325.11734183212303,326.611975826836,26003800,323.98508911132814,301.14029724121093,322.26660586951897,315.0576096407308,70.38714232417706,7.20899622878818,7.746959058380434,-0.5379628295922538,0.00912397452942626,0.013297704998601875,0.13299900223516747,0.09431595862668507,1,MSFT
2023-06-15,340.0538635253906,341.753634830536,329.4058170677285,329.6793438273172,38899100,325.5012145996094,302.3427734375,325.0031070473454,316.9091840025574,69.69806768646183,8.09392304478797,7.816351855661942,0.27757118912602863,0.031896420718782625,0.015997507656280285,0.49590059914320217,0.12472958972735704,0,MSFT
2023-06-16,334.417236328125,343.3459850753044,334.04604484014123,343.1994581968657,46552000,326.1781982421875,303.4878826904297,326.4514346290038,318.2060767674143,58.56630808115742,8.245357861589525,7.902153056847459,0.34320480474206594,-0.016575689330007415,0.0172505153430852,0.19673719957531155,0.10191297709650105,0,MSFT
2023-06-20,330.236083984375,334.172930792226,328.09670266125204,331.4669690777266,26375400,326.3843109130859,304.40783447265625,327.033688375984,319.0971884131151,55.92713428268545,7.936499962868936,7.909022438051755,0.02747752481718102,-0.012502801559090448,0.017868667804992994,-0.4334206908403506,0.08484751897553022,0,MSFT
2023-06-21,325.8499755859375,329.9236018707608,324.39442550484875,328.5950218821544,25117800,326.3725860595703,305.28314819335935,326.85157871597687,319.5973948703612,54.35405681439686,7.254183845615671,7.778054719564539,-0.5238708739488676,-0.01328173573740965,0.018289493749495272,-0.04768079346663934,0.06736967799988625,1,MSFT
2023-06-22,331.8577880859375,332.2583147464339,325.6350317853251,326.3970013361719,23556800,327.96784057617185,306.4065057373047,327.62176477289387,320.50557214558904,55.812804444152405,7.116192627304827,7.645682301112597,-0.5294896738077703,0.01843735752687059,0.015431719083723637,-0.06214716256997033,0.08306377923467867,0,MSFT
2023-06-23,327.2761535644531,330.1481991797799,325.7424660612822,326.6314055883412,23146900,328.9212677001953,307.4253643798828,327.56859381774916,321.0070966951345,49.699343226214054,6.5614971226146395,7.428845265413006,-0.8673481427983667,-0.013806017776198498,0.016531196419853966,-0.017400495822862183,0.06457108451220983,1,MSFT
2023-06-26,321.00457763671875,328.3409673865728,320.89710473059927,326.00622657027685,21520600,329.09808044433595,308.1949981689453,326.5587451745137,321.00691009821486,44.68728900899972,5.5518350762988575,7.053443227590177,-1.501608151291319,-0.01916294804686791,0.01793453112073399,-0.07025994841641858,0.04156322959125891,1,MSFT
2023-06-27,326.83660888671875,328.3800749537934,321.6884029069419,324.1892275549751,24354100,329.3638000488281,309.1534033203125,326.6014934379299,321.43873963810404,50.61131682898068,5.16275379982585,6.675305342037312,-1.5125515422114617,0.018168062564516196,0.018198596039124614,0.13166454466882893,0.057198806082961795,1,MSFT
2023-06-28,328.0870056152344,330.1677765285819,326.0941508206252,326.924509469394,20259500,329.5161926269531,310.0849609375,326.8300337728998,321.93120378455814,59.77732970037927,4.898829988341674,6.320010271298185,-1.4211802829565103,0.0038257548099485117,0.018094916404810542,-0.1681277485105177,0.05805520081756832,1,MSFT
2023-06-29,327.30548095703125,328.3409772213773,324.93165630266327,326.97334345829574,16997000,329.2924774169922,311.0092706298828,326.90317949353545,322.3292983899265,57.80818641179226,4.573881103608926,5.970784437760334,-1.3969033341514079,-0.002382065259602717,0.01785780654093863,-0.16103556356277304,0.0523978281873847,1,MSFT
2023-06-30,332.6686096191406,334.80799133337183,329.4058154981012,329.94309061938924,26832800,328.5539520263672,312.0392822265625,327.7901687436285,323.0951732957942,60.31506839683995,4.6949954478342875,5.715626639775125,-1.0206311919408373,0.016385697686539746,0.015204025683557897,0.5786785903394718,0.06611131536189019,0,MSFT
2023-07-03,330.1775207519531,333.02026113567905,328.7903600361568,331.34979527734635,12508700,328.12998046875,313.0650921630859,328.15745366798615,323.61979162588005,54.786422113793265,4.537662042106092,5.480033720241319,-0.9423716781352267,-0.00748819935262135,0.014497120332144342,-0.5338280015503414,0.05466092840511516,0,MSFT
2023-07-05,330.3338623046875,333.7529619318794,326.9929302209396,327.3445947298887,18172400,328.13975830078124,314.10085205078127,328.49228576594015,324.1171301946806,53.119948368251926,4.3751555712595405,5.259058090444963,-0.8839025191854226,0.00047350756156361307,0.0139411707156097,0.45278086451829536,0.05168088576621188,0,MSFT
2023-07-06,333.3817749023437,335.06201951292167,327.7451550984621,329.50353744833353,28161200,328.89293823242184,315.2753546142578,329.2445148638484,324.80340017302603,53.17291972375131,4.44111469082236,5.095469410520443,-0.654354719698083,0.009226764027131074,0.01334169417653166,0.549668728401312,0.057430496938903675,1,MSFT
2023-07-07,329.4254150390625,333.88979008817773,329.21049898077155,331.47688108416946,21214800,328.6497009277344,316.49452331542966,329.27234566003517,325.1457716445843,40.14857206865473,4.126574015450899,4.9016903315065345,-0.7751163160556356,-0.011867354969959387,0.012712977213372462,-0.24666562504438727,0.04085660499959243,1,MSFT
2023-07-10,324.1598815917969,327.48131592887023,320.01789687690416,326.86587333332807,32791400,328.33807373046875,317.2194549560547,328.48581272646004,325.0727427517852,40.42667848498432,3.4130699746748405,4.603966260140195,-1.1908962854653549,-0.01598399275490403,0.012979038854695138,0.5456850877689161,0.02187894382677036,1,MSFT
2023-07-11,324.7851867675781,325.1661566846007,319.4416208471581,323.4077743662795,26698200,328.7161346435547,317.7724688720703,327.91648565586286,325.0514423085106,44.550928674412674,2.865043347352241,4.256181677582605,-1.3911383302303637,0.0019290023574498605,0.011280545946068574,-0.18581701299731024,0.022068362059178392,1,MSFT
2023-07-12,329.4057922363281,333.7529146882439,327.9111586604982,328.81965499219945,29995300,328.9730529785156,318.3705212402344,328.14560974516525,325.3739867476082,53.53803792344743,2.7716229975570172,3.9592699415774875,-1.1876469440204702,0.014226650897279258,0.010675557969706378,0.12349521690600862,0.03466172355752373,1,MSFT
2023-07-13,334.7395935058594,335.7946167426784,331.1837159282275,331.711242452727,20567200,329.6383117675781,319.10839294433595,329.160068785272,326.0677353963676,52.906379439930035,3.0923333889044216,3.785882631042875,-0.6935492421384533,0.016192190287001917,0.011725206099027564,-0.31431924334812456,0.04898398446151209,1,MSFT
2023-07-14,337.2599182128906,343.3068414436236,336.3514219127962,339.55560494875635,28352700,330.6337554931641,319.89959411621095,330.40619946644415,326.8967859753693,60.50570262594399,3.509413491074838,3.7305888030492675,-0.22117531197442952,0.007529210036478995,0.011725843677138758,0.3785396164767203,0.05426804039761657,0,MSFT
2023-07-17,337.7386779785156,338.9695335941496,334.29027291358,337.689815809939,20363900,331.14076232910156,320.7200616455078,331.53427308368595,327.6998890867135,70.05375286263805,3.8343839969724627,3.751347841833907,0.08303615513855567,0.001419557260649018,0.010750954766084059,-0.28176505235832916,0.053063772330583125,0,MSFT
2023-07-18,351.1806030273437,358.302107565512,334.2609666964125,337.8363418414127,64738600,333.24107055664064,321.78967651367185,334.55678538271025,329.4392012304638,74.67312983748047,5.1175841522464225,4.02459510391641,1.0929890483300122,0.039799779904637234,0.015622279525939666,2.1790865207548653,0.09133582789882677,0,MSFT
2023-07-19,346.8724365234375,354.08185516729856,344.29347470501904,353.3882749170818,39732900,334.8949279785156,322.6709747314453,336.4515009428221,330.7305519929063,67.9281848572383,5.720948949915794,4.363865873116287,1.3570830767995066,-0.012267666456426518,0.016636431505132766,-0.38625642198008603,0.07500352894193463,0,MSFT
2023-07-20,338.852294921875,349.6957307761419,337.3869665581141,345.3974402048797,33778400,335.4419799804688,323.4308605957031,336.8208538626764,331.3321625802373,59.68214926179777,5.488691282439106,4.5888309549808515,0.8998603274582546,-0.023121299812533858,0.018739621231722618,-0.14986321159542848,0.04768077572365326,0,MSFT
2023-07-21,335.8239440917969,342.20300571747845,331.97501253322577,341.07959326630163,69405400,336.0818328857422,324.16234497070315,336.6674831286949,331.66488713664916,52.75360466169179,5.002595992045769,4.671583962393835,0.33101202965193455,-0.008937082249291906,0.018524082450157686,1.054727281339554,0.035974564294775524,0,MSFT
2023-07-24,337.1329345703125,338.9011247209187,334.3976671440658,337.85585009967554,26678100,337.37913818359374,324.81649108886717,336.73909104278994,332.0699276872909,56.197738069663565,4.669163355499052,4.671099841014878,-0.0019364855158263694,0.0038978473737352193,0.017403055074219097,-0.6156192457647387,0.03791815938949861,0,MSFT
2023-07-25,342.8673095703125,343.7562790203098,337.09391224924093,339.0867373558683,41637700,339.1873504638672,325.628212890625,337.68189389317797,332.8697337526999,60.158319960266695,4.812160140478056,4.699311900907514,0.11284823957054257,0.017009240011832905,0.017844985536980308,0.5607445807609988,0.052941041338693706,0,MSFT
2023-07-26,329.962646484375,336.70318113968654,325.4103558990967,333.547829841797,58383700,339.2430358886719,326.20406616210937,336.49431736874675,332.6543939550462,47.61058187336799,3.8399234137005465,4.527434203466121,-0.6875107897655743,-0.03763748460624561,0.02208431865210698,0.4021835980373556,0.011522174957800058,0,MSFT
2023-07-27,323.0755920410156,333.4403334728924,321.4441800463063,332.61000460063315,39635300,338.0766357421875,326.63262634277345,334.4298980875574,331.9448530725254,45.73711480662734,2.4850450150319716,4.118956365779291,-1.6339113507473195,-0.020872224528255767,0.022246931421343857,-0.3211238753282166,-0.010890015310427104,0,MSFT
2023-07-28,330.5487365722656,332.1508430764587,325.4689499409115,325.9573926830905,28484900,337.405517578125,327.16620056152345,333.83279631597406,331.84143703546914,54.165615396799005,1.9913592805049234,3.693436948724418,-1.7020776682194945,0.023131256942187317,0.023598241091379486,-0.28132498050979804,0.010338891991094057,0,MSFT
2023-07-31,328.1554260253906,329.8942812123279,325.6545714457516,329.13231163180893,25446000,336.4471923828125,327.5944677734375,332.95935473280736,331.56839918287073,52.14791844304892,1.3909555499366206,3.2329406689668585,-1.8419851190302379,-0.007240416562148244,0.02362756554464441,-0.10668459429381882,0.001712355693201495,0,MSFT
2023-08-01,328.5656433105469,330.7148031903255,325.9866812669901,327.44223102382614,18311900,334.1856964111328,327.94262939453125,332.28339912938264,331.34597282195784,49.43419152072384,0.9374263074248006,2.773837796658447,-1.8364114892336465,0.0012500700967368328,0.018532239241416514,-0.2803623359270613,0.0018997649593950339,0,MSFT
2023-08-02,319.92999267578125,325.9183054002414,318.81632892578153,325.9183054002414,27761300,331.4914520263672,328.12159423828126,330.38287505959784,330.50034466298183,40.450972590679946,-0.11746960338399504,2.1955763166499587,-2.3130459200339537,-0.026282877746300337,0.019522191363814966,0.5160250984332593,-0.024965140077160775,0,MSFT
2023-08-03,319.1094055175781,322.25497786737617,318.41582519365545,318.46465754141326,18253700,329.5171630859375,328.2286602783203,328.64849513005635,329.65657139295195,38.03452299521183,-1.0080762628955995,1.554845800740847,-2.5629220636364467,-0.0025648959990903775,0.018808249822720297,-0.34247675721237836,-0.027783237310872066,0,MSFT
2023-08-04,320.2035217285156,327.3934143700841,319.67599522143337,324.2087581625364,23741500,327.9551208496094,328.47327209472655,327.34926845289624,328.9563454918826,38.53322179045477,-1.607077038986347,0.9224612327954084,-2.5295382717817554,0.0034286554768352406,0.018986538505231083,0.3006404181070139,-0.02517632656524349,0,MSFT
2023-08-07,322.47967529296875,323.45656084506595,319.94954529049863,320.77990397221754,17741500,326.489794921875,328.79095458984375,326.6001002744459,328.4765921438149,28.02208279740364,-1.8764918693690333,0.3626706123625201,-2.2391624817315536,0.007108458870677126,0.01917221680281384,-0.25272202683065514,-0.0191954164455288,0,MSFT
2023-08-08,318.5135498046875,321.1511529476865,315.53406053871555,319.4025193112215,22327600,324.0544189453125,328.79349426269533,325.35601558679076,327.73858900758324,28.169646716557594,-2.3825734207924825,-0.18637819426848046,-2.196195226524002,-0.012298838631234932,0.01774542035286955,0.2584956176197053,-0.031265656521155205,0,MSFT
2023-08-09,314.7818298339844,319.5490060989431,313.62908227048086,318.9238148724649,22373300,322.5363372802734,328.58522338867186,323.7292177786667,326.7788290687982,30.160982728602164,-3.0496112901315087,-0.7590248134410861,-2.2905864766904225,-0.011716047788206896,0.014378800386861726,0.0020467941023665226,-0.04200856451283552,0,MSFT
2023-08-10,315.46563720703125,320.6724537793776,313.7560875286693,318.4842099187915,20113700,321.775341796875,328.4234509277344,322.4578976907228,325.94081485681545,32.546007984188606,-3.4829171660926477,-1.3038032839713984,-2.179113882121249,0.002172321615283579,0.013287358676274421,-0.10099538288942622,-0.03945459340403301,0,MSFT
2023-08-11,313.590087890625,314.95772190728826,311.83167574447026,312.8574236161069,24355500,320.07947692871096,328.2792633056641,321.0936192599385,325.0259461926532,30.009971019780338,-3.932326932714659,-1.8295080137200506,-2.1028189189946085,-0.005945336338408769,0.00983705193400896,0.21089108418640024,-0.04474597410486403,0,MSFT
2023-08-14,316.5499267578125,316.56945373178775,312.6814394341866,313.96118662782794,18836100,318.91892700195314,328.11240966796873,320.3945896442268,324.3980929011835,26.549212585577877,-4.003503256956662,-2.264307062367373,-1.7391961945892893,0.009438560023044662,0.010819273985467604,-0.22661821765104395,-0.03523939530923814,0,MSFT
2023-08-15,314.4203796386719,317.5757308061961,313.482577825794,315.53404351386234,16966300,317.5044006347656,327.8478692626953,319.47548041260296,323.6590030298863,32.85911320499436,-4.183522617283359,-2.6481501733505706,-1.535372443932788,-0.006727365698523502,0.010720411179265121,-0.09926683336784159,-0.040956464515754964,1,MSFT
2023-08-16,313.65673828125,317.5921510091484,313.069360125936,314.0483137596947,20698900,316.8770751953125,327.5575048828125,318.58028931547176,322.91809452998734,37.990264174731216,-4.337805214515583,-2.9860811815835735,-1.35172403293201,-0.002428727292739241,0.007450172997407575,0.22000082516518038,-0.04243763734412276,1,MSFT
2023-08-17,310.2109069824219,315.09587723168505,309.5549947446499,313.7938817302348,21257200,315.9872253417969,327.24237854003906,317.2926920334641,321.97682137831583,21.099622022276222,-4.684129344851726,-3.325690814237204,-1.3584385306145221,-0.010985994809836752,0.007983798672408643,0.02697244781123631,-0.05204543382676008,1,MSFT
2023-08-18,309.8193359375,311.679342341884,304.99307058455463,307.8711973932979,24755000,314.9488067626953,327.12066040039065,316.14294494177733,321.0762669012184,22.37238880433334,-4.933321959441059,-3.6472170432779754,-1.286104916163084,-0.0012622736212949404,0.007710600238776239,0.16454660068118088,-0.0528897332308943,1,MSFT
2023-08-21,315.1056823730469,315.9769357985516,310.3675491383052,311.23880256380994,24040000,314.21140747070314,327.0679364013672,315.98336608504957,320.6340013806131,32.31767062283609,-4.650635295563518,-3.847900693735084,-0.8027346018284338,0.017062674347134044,0.00960768089789508,-0.028883053928499325,-0.03657421806593919,1,MSFT
2023-08-22,315.6734313964844,319.2172393434008,314.6944776045053,318.6494592891844,16084600,313.9273956298828,326.9966760253906,315.9356838252703,320.2665517521591,42.903977118367266,-4.3308679268888,-3.9444941403658276,-0.3863737865229724,0.0018017733579471784,0.008986789667020212,-0.33092346089850244,-0.03462801141142802,1,MSFT
2023-08-23,320.1178894042969,322.2715996929162,316.6523846218089,317.00482352144604,21166400,314.46100158691405,326.91544555664063,316.5791000681975,320.25553972639153,51.49998547493336,-3.676439658194056,-3.890883243931474,0.21444358573741784,0.01407929070289815,0.009223163699006474,0.3159419569028761,-0.020793010072587825,1,MSFT
2023-08-24,313.2359313964844,325.9721332618648,313.2261322957979,325.8448644541688,23281400,314.2380310058594,326.64890258789063,316.06476642639547,319.735568738991,41.15884448574968,-3.6708023125955265,-3.8468670576642845,0.17606474506875802,-0.021498198743653663,0.011777921174948715,0.09992251870889701,-0.04106234885573279,1,MSFT
2023-08-25,316.1825256347656,318.5124107055097,312.0904758312742,314.70429575926823,21684100,314.4972747802734,326.38170043945314,316.08288322768317,319.4723803609002,42.14324279662404,-3.3894971332170485,-3.7553930727748375,0.365895939557789,0.009406948382788105,0.012008800358332341,-0.06860841701959508,-0.03124922381051065,1,MSFT
2023-08-28,316.88739013671875,319.2858092722639,314.949050654982,318.8061314202153,14808500,314.53102111816406,325.9183709716797,316.206653521381,319.28089960355345,47.79135276016659,-3.074246082172465,-3.619163674654363,0.5449175924818981,0.002229296196992747,0.011649515325479,-0.31708025696247477,-0.027709333499784994,1,MSFT
2023-08-29,321.49822998046875,322.0562408320529,315.1056626837717,315.1056626837717,19284600,315.2388061523437,325.65999084472656,317.0207422073945,319.4451462981398,58.90944214730498,-2.42440409074527,-3.3802117578725444,0.9558076671272744,0.014550404930157246,0.012181246900027143,0.3022655907080394,-0.01277946625700832,1,MSFT
2023-08-30,321.8702087402344,322.86873080054954,319.57946057224274,321.7527390714088,15222100,316.0601531982422,325.49267333984375,317.76681398167756,319.62478055310976,58.56666663945341,-1.8579665714322005,-3.0757627205844758,1.2177961491522753,0.0011570165091989715,0.012079077001650089,-0.21066031963328247,-0.011129174007020404,1,MSFT
2023-08-31,320.8619079589844,323.9456064626788,319.9025224771531,322.27160382501023,26411000,317.12525329589846,325.3929119873047,318.2429822858786,319.7164196202116,59.95770910382582,-1.4734373343329707,-2.755297643334175,1.2818603090012042,-0.0031326315821410544,0.01132550491416008,0.7350431280835101,-0.013924716431736761,1,MSFT
2023-09-01,321.7430114746094,325.0029150101556,319.9025732532159,324.3372334886783,14942000,318.3176208496094,325.1906164550781,318.78144831491414,319.86653753535217,57.540463629040055,-1.0850892204380216,-2.4212559587549447,1.3361667383169231,0.0027460520983302317,0.011210965079508944,-0.43425088031502024,-0.010601797241418742,1,MSFT
2023-09-05,326.530029296875,327.8026871669536,321.74296073160247,322.07580143984785,18553900,319.4600555419922,325.1756939697266,319.97353769675425,320.3601295176872,66.32369045258545,-0.3865918209329493,-2.0143231311905456,1.6277313102575963,0.014878389433622186,0.010942793690313998,0.2417280149912997,0.004164934071839044,0,MSFT
2023-09-06,325.8741455078125,327.42087936565457,323.23095829944674,326.3636224074877,17535800,320.480126953125,325.27308532714846,320.88132351384013,320.76857514658536,66.51693032804471,0.11274836725476689,-1.5889088315014832,1.70165719875625,-0.002008647689999088,0.011078710199615255,-0.054872560485935584,0.001847863250227233,1,MSFT
2023-09-07,322.9666748046875,326.0699418421109,322.1051906191248,324.3176359252016,18381000,320.76500549316404,325.1956866455078,321.2021467893551,320.9313973434818,67.49947875977483,0.270749445873264,-1.2169771760265338,1.4877266218997978,-0.008922066212384783,0.010965583543507166,0.04819854241038324,-0.006854370867625081,1,MSFT
2023-09-08,327.2348327636719,329.08506954151505,322.52606799742864,323.14281359004303,19530100,322.16489562988284,325.17864318847654,322.13025232386536,321.3983184857181,71.59513961681532,0.7319338381472562,-0.8271949731917758,1.559128811339032,0.013215474821250517,0.008225037930525788,0.06251564115118868,0.006323261438801131,0,MSFT
2023-09-11,330.82769775390625,331.2976064014658,328.37051379787096,330.14241804396147,16583300,323.62941284179686,325.24908752441405,323.468320851564,322.09679102410246,70.34988856875833,1.3715298274615293,-0.3874500130611149,1.7589798405226442,0.010979469880668669,0.008345298310530559,-0.15088504411139725,0.0171518090087599,0,MSFT
2023-09-12,324.7875366210937,329.7019045004539,324.5036614898463,328.7523179874356,17565500,324.4194274902344,325.09146606445313,323.6712771237993,322.2961055127685,60.333065074737505,1.3751716110307939,-0.03492568824273312,1.410097299273527,-0.018257725014625747,0.011057529834872975,0.059228259755296,-0.0009349044041013777,0,MSFT
2023-09-13,328.9872131347656,329.76059500536803,324.2001445661415,324.3371825636095,16544400,325.16832580566404,325.0676599121094,324.4891134331788,322.79174311439795,60.11166917866649,1.697370318780827,0.3115335131619789,1.385836805618848,0.012930534703895935,0.010872027027702917,-0.05813099541715294,0.012057653547313807,0,MSFT
2023-09-14,331.5716857910156,333.68619984765456,329.48650927999284,332.0121971047733,20267000,326.1384735107422,325.09241638183596,325.57873994976904,323.44210923859185,73.17497272969918,2.1366307111771903,0.6765529527650213,1.4600777584121691,0.007855845312721321,0.010995440448394286,0.22500664877541654,0.019930546154510953,0,MSFT
2023-09-15,323.2701721191406,330.29905425690873,322.7121612017879,329.8291754846568,37679800,326.3792999267578,324.8901843261719,325.2235756681339,323.42937315566957,57.890188020807834,1.7942025124643237,0.9000828647048817,0.894119647759442,-0.025036859381012744,0.01410209361244605,0.859170079439483,-0.0049863378002360514,0,MSFT
2023-09-18,322.1345520019531,323.4463465779978,319.4913646526402,320.90106058890035,16834200,326.4184539794922,324.7443670654297,324.74834125795223,323.33346047761654,55.78581393893261,1.414880780335693,1.003042447831044,0.4118383325046491,-0.003512913392977546,0.014146826513817719,-0.553230112686373,-0.008036521424714116,0,MSFT
2023-09-19,321.7331237792969,322.4575698240528,317.6802710436974,319.30533775178856,16505900,325.9387634277344,324.6958319091797,324.2844616458514,323.21491701848174,50.2855112234807,1.0695446273696803,1.0163428837387714,0.053201743630908904,-0.001246150778181132,0.013174985953931446,-0.01950196623540179,-0.009124564711725291,0,MSFT
2023-09-20,314.0190124511719,322.65339248865484,313.76450476801705,322.5750893265996,21436500,324.7532501220703,324.4805084228516,322.7051617697469,322.53373890238475,41.90227381461992,0.1714228673621392,0.847358880463445,-0.6759360131013058,-0.023976739595568453,0.0149936577696407,0.2987174283135121,-0.03224075314270236,0,MSFT
2023-09-21,312.8051147460937,318.50263318201627,308.37045511046944,312.54080796824985,35560400,323.7370941162109,324.1484948730469,321.18207761226176,321.8131000759928,41.72531447910898,-0.6310224637310284,0.5516826116245503,-1.1827050753555788,-0.003865682194217235,0.01487894956057187,0.6588715508595153,-0.03499439394711934,0,MSFT
2023-09-22,310.3381652832031,314.68472270748657,309.4962494486184,314.5574539286877,21447900,322.04742736816405,323.66046630859375,319.5137834077912,320.9631049061565,38.656234557333526,-1.4493214983652933,0.15148178962658165,-1.600803287991875,-0.007886538124202369,0.013763860898506295,-0.396859990326318,-0.04116134780788605,0,MSFT
2023-09-25,310.8570251464844,310.98429393163934,308.3704739123921,309.92700700519936,17836000,320.05036010742185,323.1324084472656,318.18197444451323,320.2145064054401,32.96452148553472,-2.0325319609268604,-0.28532096048410677,-1.7472110004427537,0.001671917673444323,0.012831162410773488,-0.16840343343637376,-0.0379887098287901,1,MSFT
2023-09-26,305.5706787109375,309.23195666524725,303.4952713882668,308.4977412546043,26297600,318.12867431640626,322.4890484619141,316.2417751008862,319.1297784280695,29.949779819588315,-2.8880033271833554,-0.8058574338239566,-2.0821458933593986,-0.017005716480288036,0.012705193116554677,0.4744113029827315,-0.05246184275611032,1,MSFT
2023-09-27,306.2069702148437,307.6851701509051,303.1722074325514,305.7272625333357,19410100,315.85065002441405,321.5895758056641,314.69795896457197,318.172533375238,32.672060842874714,-3.474574410666037,-1.3396008291923727,-2.1349735814736643,0.002082305496687198,0.011293216396205875,-0.26190602944755415,-0.04783303548407325,1,MSFT
2023-09-28,307.03912353515625,308.8403951730469,302.9373041972711,304.44487173232886,19683600,313.39739379882815,320.79290954589845,313.5196765908157,317.3478363500468,27.522534425755154,-3.8281597592310845,-1.8373126152001151,-1.9908471440309694,0.00271761717157748,0.010635268652012815,0.014090602315289358,-0.042874345415587656,1,MSFT
2023-09-29,309.1047058105469,312.74641565358826,308.3509220336715,311.0626136858314,24147300,311.98084716796876,320.19795776367187,312.8404503169282,316.7372340878616,24.97181855580213,-3.896783770933439,-2.24920684634678,-1.6475769245866592,0.006727423696394563,0.009537573543090235,0.22677254160824245,-0.03464498034466723,1,MSFT
2023-10-02,315.0273132324219,315.1154453625428,308.5466440139972,309.6234991428816,20570000,311.27012329101564,319.7820251464844,313.17689076546566,316.61057328375495,38.72419849906544,-3.433682518289288,-2.4861019807352815,-0.9475805375540065,0.019160521695535282,0.012124016270473381,-0.14814492717612326,-0.01486860279868607,1,MSFT
2023-10-03,306.7943420410156,314.6259723470464,304.66020007739525,314.0777307403494,21033500,309.7762451171875,319.1752532958984,312.19496019247333,315.883445043552,26.546654746746853,-3.6884848510786696,-2.726578554803959,-0.9619062962747105,-0.026134150423116176,0.014278206837124253,0.022532814778803978,-0.03879032326921905,1,MSFT
2023-10-04,312.2471008300781,313.3043876816742,307.3914982671209,307.420865686593,20720100,309.59905395507815,318.56284912109373,312.2029818290279,315.6140862129243,30.745152748772455,-3.4111043838963724,-2.863483720622442,-0.5476206632739302,0.01777333556018945,0.014102231676177883,-0.014900040411724103,-0.01982575277826837,1,MSFT
2023-10-05,312.6387023925781,313.2456789043345,308.2725763744339,312.3743955953389,16965600,309.58241271972656,318.2163702392578,312.2700157618818,315.39368741141715,37.424682812303715,-3.1236716495353676,-2.9155213064050276,-0.20815034313033998,0.00125413994704493,0.01405836076411928,-0.18120086293019821,-0.01752790983847241,1,MSFT
2023-10-06,320.3724365234375,322.2618102249638,309.6430811517103,309.8878196065806,25673600,310.58583984375,318.16230712890626,313.51654203289036,315.7624836419372,48.19711380842028,-2.245941609046838,-2.78160536693339,0.5356637578865517,0.024736969772693573,0.01570447194083159,0.513273918989013,0.006946546919638141,1,MSFT
2023-10-09,322.87860107421875,323.34847985310256,316.3783324634904,317.91529734513176,19891200,311.7879974365234,318.0089044189453,314.9568588084793,316.28960345173584,51.12358911512006,-1.3327446432565466,-2.4918332221980215,1.1590885789414749,0.007822659708111024,0.015754060573367184,-0.2252274710208152,0.015313082708080739,1,MSFT
2023-10-10,321.4786682128906,324.13162477364205,320.7738202479149,323.9945568948938,20557100,313.37879638671876,317.8753692626953,315.9602141014657,316.6739786192288,58.35163528570862,-0.7137645177631384,-2.136219481311045,1.4224549635479065,-0.004335787062600405,0.01432983662666239,0.03347711550836552,0.011335571417669499,1,MSFT
2023-10-11,325.423828125,325.8154036612572,322.21286092721374,324.23927254305164,20063200,315.30048217773435,317.8125329589844,317.41615472047096,317.3221156196563,63.31337513007828,0.09403910081465483,-1.690167764885905,1.7842068657005599,0.012271918177466201,0.014446854594904314,-0.02402576238866372,0.02394900885484552,0,MSFT
2023-10-12,324.1903991699219,326.608416662478,321.8017491013521,323.6128199146543,19313100,317.01560974121094,317.8977410888672,318.45834617423264,317.8308773641204,65.00536862343735,0.6274688101122479,-1.2266404498862744,1.8541092599985223,-0.003790223236524448,0.014764220545988246,-0.03738685753020454,0.019794598286546616,1,MSFT
2023-10-13,320.83258056640625,326.80417560812504,319.49138859402285,325.38471034218486,21072400,318.1883972167969,317.93220458984376,318.82361300379785,318.0532257494749,60.17985461399087,0.7703872543229409,-0.8272349090444313,1.5976221633673722,-0.010357551032088574,0.015578721294499212,0.09109361003671079,0.009122624052206874,0,MSFT
2023-10-16,325.6391906738281,329.06552880865223,323.6421166530187,324.08262791660326,22158000,319.2495849609375,318.04091796875,319.87216341457173,318.61514907720476,70.68201703485786,1.257014337366968,-0.4103850597621515,1.6673993971291194,0.014981677044569874,0.015172866332441463,0.05151762495017187,0.02389086521824435,0,MSFT
2023-10-17,325.0714416503906,326.4419711859503,320.51931182231954,322.6534242330698,18338500,321.077294921875,318.09275329589843,320.67205237392847,319.0933929715148,69.46867285690622,1.5786594024136775,-0.012576167326985688,1.5912355697406633,-0.001743491077541015,0.011380070886837925,-0.17237566567379725,0.021939161713628863,0,MSFT
2023-10-18,323.16241455078125,328.52709196343386,321.3905106177838,325.4923293025366,23153600,322.1688262939453,318.1857305908203,321.0551850165212,319.39480197738635,66.27788321707624,1.6603830391348424,0.32201567396537994,1.3383673651694625,-0.005872638611122638,0.0110826826815287,0.2625678217956757,0.01564081440962184,1,MSFT
2023-10-19,324.3469543457031,329.7899346500429,323.94557973464435,325.15947278983907,25052100,323.3396514892578,318.37703308105466,321.56161106716456,319.7616280787431,65.66710791294692,1.7999829884214478,0.6176091368565936,1.1823738515648543,0.0036654627567642706,0.01105466382932721,0.0819958883283809,0.018751105275639057,0,MSFT
2023-10-20,319.7948913574219,324.9343994561592,318.60056637565555,324.7385967213242,25027700,323.2818969726562,318.4636181640625,321.28980803489645,319.7640920253119,55.042541928653506,1.525716009584528,0.7992305114021805,0.7264854981823474,-0.014034548273974101,0.009570941141321778,-0.0009739702460073163,0.004180299153272671,1,MSFT
2023-10-23,322.3890991210937,325.7273354388913,317.56286365993043,318.620120705819,24374700,323.2329467773437,318.63959838867186,321.45892974046524,319.9585369953698,68.72803342986708,1.5003927450954393,0.9394629581408322,0.560929786954607,0.00811209882890962,0.009598093583984743,-0.026091091071093198,0.011767215221782479,1,MSFT
2023-10-24,323.5736389160156,324.8560661648909,320.7053110922139,324.32742268148115,31153600,323.44244384765625,318.78007263183594,321.7842696136268,320.22632232282507,65.15597487153185,1.557947290801735,1.063159824673013,0.49478746612872215,0.003674255110210689,0.009540339937286493,0.2781121408673748,0.015037220628642878,1,MSFT
2023-10-25,333.5002136230469,338.9138270951405,330.51438652342347,337.7586388732426,55053800,324.2500823974609,319.16166931152344,323.58672253815297,321.2095735302489,72.23968195097828,2.377149007904052,1.3259576613192208,1.051191346584831,0.03067794626374898,0.013125018774546826,0.7671729751938781,0.04492564643634589,1,MSFT
2023-10-26,320.9891967773437,334.4400133073603,320.0591786565096,333.37295718073534,37828500,323.9299621582031,319.3083184814453,323.1871031903362,321.19324932633003,50.59672424666879,1.9938538640061552,1.4595369018566078,0.5343169621495474,-0.03751426936069169,0.018258483016925807,-0.31288121800856616,0.00526412310174762,1,MSFT
2023-10-27,322.8688049316406,329.63338041744635,321.48847625541964,323.47575161012696,29856500,324.1335845947266,319.5614764404297,323.13813422745994,321.317364556353,49.99040577303466,1.8207696711069161,1.5317834557066696,0.2889862154002465,0.005855674188314675,0.018038068032189207,-0.21074057919293654,0.010349584461966321,1,MSFT
2023-10-30,330.2109375,332.3059131853902,324.8462593748241,326.393023266436,22828100,324.59075927734375,319.9693084716797,324.2262578078507,321.97614773736393,57.66062770568564,2.2501100704867554,1.675448778662687,0.5746612918240683,0.022740297161609968,0.018864696965961162,-0.23540602548858702,0.03200816064902923,1,MSFT
2023-10-31,330.9940185546875,331.8653016809535,327.6460136572754,331.71846460217154,20265300,325.1830169677734,320.2870751953125,325.2674517689025,322.6441381682768,55.17364142450594,2.6233136006256927,1.8650217430552882,0.7582918575704045,0.002371457046868697,0.01882957344738517,-0.11226514690228273,0.033429208321459125,1,MSFT
2023-11-01,338.7865905761719,340.1081843444484,332.5016932588563,332.6387611479277,28158800,326.7454345703125,320.74933837890626,327.34731927771315,323.83987538367643,62.08463244917654,3.507443894036726,2.193506173251576,1.31393772078515,0.023542939100565263,0.019744128181655482,0.38950817407094895,0.05623472923881123,1,MSFT
2023-11-02,340.9892578125,341.4885040275744,337.51395325496594,339.9319707829099,24348100,328.4096649169922,321.1667657470703,329.4460790522957,325.11020000803376,67.01376259751123,4.335879044261958,2.6219807474536525,1.7138982968083054,0.006501636421270662,0.01974464864771065,-0.13532892026648868,0.06172024686091149,1,MSFT
2023-11-03,345.3749084472656,346.93147136857294,340.02002965992455,342.2716414539088,23637700,330.96766662597656,321.8095452880859,331.8966681899834,326.6112895220509,66.77767031397875,5.285378667932491,3.1546603315494206,2.1307183363830706,0.012861550721275705,0.018635217305337095,-0.029176814617978386,0.073227669919125,1,MSFT
2023-11-06,349.0263671875,350.0151200008031,345.91330154053924,346.0112028872033,23828300,333.6313934326172,322.46642211914065,334.53200649729365,328.2716656454175,69.34996654852236,6.260340851876151,3.775796435614767,2.484544416261384,0.010572449390288785,0.018654818834725303,0.008063390262165848,0.08236499445063572,1,MSFT
2023-11-07,352.9422302246094,354.83160398439014,350.1032700356418,351.83600759444016,25833900,336.56825256347656,323.1875189208984,337.36434860918837,330.0991148735058,73.2997114233471,7.265233735682557,4.473683895628325,2.7915498400542322,0.011219390296108411,0.018607174232101373,0.08416882446502694,0.09206639972688291,1,MSFT
2023-11-08,355.5560607910156,356.2119431597548,352.9618091115113,354.0680317747925,26767800,338.7738372802734,323.86867553710937,340.16307356023873,331.98481457109915,73.88381367514496,8.178258989139579,5.214598914330576,2.9636600748090025,0.007405831160365306,0.016960874205211612,0.036150174770359866,0.09784022860918973,1,MSFT
2023-11-09,353.0988464355469,357.1125629670032,352.77577495327927,354.6749477041347,24847300,341.98480224609375,324.4932482910156,342.1531924641323,333.5488169314286,76.3312264568862,8.604375532703727,5.892554238005206,2.711821294698521,-0.006910905554533664,0.009034331008052588,-0.07174665082673959,0.08815467901161655,1,MSFT
2023-11-10,361.889892578125,362.31083557483976,353.47088326732273,353.88202716517856,28042100,345.8869110107422,325.3138079833984,345.18960786628503,335.64815586822095,78.44351563736087,9.541451998064076,6.622333790016981,2.919118208047095,0.024896841865448494,0.010097736180546206,0.1285773504565888,0.11243323737611877,1,MSFT
2023-11-13,358.9627685546875,360.715104203908,358.19918579348337,360.4703657564029,19986500,348.76209411621096,326.058203125,347.3085556645008,337.3751642153666,74.85895556591194,9.933391449134149,7.284545321840414,2.6488461272937345,-0.00808843817821081,0.010960749888672454,-0.28726807193469817,0.10091623248341652,1,MSFT
2023-11-14,362.4772033691406,364.1218684157094,359.6186750774512,363.2016494775537,27683900,351.91041259765626,326.7771466064453,349.6421937729069,339.23457452305354,72.36993876477868,10.407619249853383,7.909160107443008,2.4984591424103746,0.009790527381442704,0.010753682696511597,0.38512996272483924,0.10924893963191007,1,MSFT
2023-11-15,362.6243591308594,366.0184055463694,360.11312341587404,364.203659277244,26860100,354.294189453125,327.51215087890625,351.63944998182274,340.96715116066883,89.72529785944192,10.672298821153902,8.461787850185187,2.2105109709687145,0.00040597245937390447,0.009763281557557258,-0.02975736800089579,0.10720887196925855,1,MSFT
2023-11-16,369.0004577636719,369.17701989618257,363.12460290925713,363.8897354194032,27182300,357.0953094482422,328.4328265380859,354.3103742559534,343.0436923905209,90.5372457106693,11.266681865432474,9.022766653234644,2.2439152121978303,0.017583205519052125,0.010329848970086179,0.011995487730872112,0.12351880794985526,1,MSFT
2023-11-17,362.8009643554688,367.23480603716206,360.0052770614011,366.4892814424939,40157000,358.8379150390625,329.1441491699219,355.6166188866481,344.50719401755407,79.22469223915046,11.109424869094028,9.440098296406521,1.6693265726875062,-0.016800774301948374,0.012746445023270853,0.47732163944920036,0.10225554751748445,1,MSFT
2023-11-20,370.2463073730469,371.64904556813445,363.9290460653395,364.1448542442713,52465100,360.9599090576172,329.93252136230467,357.86734019224787,346.41379500684985,81.4421008938695,11.453545185398013,9.84278767420482,1.610757511193194,0.020521839104824524,0.01358952030046597,0.3064994895036979,0.12218797299606887,1,MSFT
2023-11-21,365.9595947265625,369.0495522871196,364.0467481750121,368.5100468166504,28423100,362.2616455078125,330.7559625244141,359.1123024282963,347.86163202312486,73.06154839919466,11.250670405171434,10.124364220398142,1.1263061847732914,-0.011578002430055911,0.014498868468676209,-0.4582474826122508,0.10643385514040404,1,MSFT
2023-11-22,370.6484680175781,372.5514954656195,367.8233538705503,370.7956031427492,23345300,363.77088623046876,331.5891876220703,360.8870971343397,349.5495458004917,74.15233366385603,11.337551333847955,10.367001643088106,0.9705496907598494,0.012812543675809529,0.014750111890935004,-0.1786504638832499,0.11779419189031493,1,MSFT
2023-11-24,370.2364807128906,370.766197129462,367.99014782412655,370.1383806452385,10176600,365.4846496582031,332.3624835205078,362.3254638387321,351.0819113495583,71.64637710734021,11.243552489173794,10.542311812305243,0.7012406768685508,-0.0011115311143494733,0.014371094033229644,-0.5640835628584768,0.11395388790939132,0,MSFT
2023-11-27,371.39398193359375,373.3853204961733,369.0299409491242,369.5988734413345,22179200,366.43505859375,333.32495971679685,363.7206204687108,352.586509170598,70.35911543893064,11.134111298112828,10.66067170946676,0.47343958864606783,0.0031263834900179255,0.012526236978406678,1.1794312442269521,0.11420993570100935,0,MSFT
2023-11-28,375.4060668945313,375.7003371685908,370.95258715282,371.1389683050371,20453100,368.0793884277344,334.39039001464846,365.5183814572986,354.2768467797783,70.4109446219389,11.241534677520292,10.776844303077468,0.46469037444282435,0.01080277321686629,0.012142736040081512,-0.07782516952820662,0.12265806107073263,0,MSFT
2023-11-29,371.6294250488281,376.97553440384473,370.24629493974936,376.4458479300218,28963400,368.99461059570314,335.38831604003906,366.45854200984155,355.562222947856,64.30225548392703,10.896319061985537,10.800739254859081,0.09557980712645531,-0.010060151336776957,0.012796757246455017,0.41608851469948327,0.10805716023948353,0,MSFT
2023-11-30,371.6882629394531,372.8457658390955,368.313824366715,371.2762546529022,30554400,369.9010009765625,336.5417010498047,367.26311446055104,356.7567444287151,67.27854995177853,10.506370031835957,10.741865410254457,-0.23549537841850032,0.0001583240902338634,0.012801649670604464,0.05493139617586329,0.10443449290240281,0,MSFT
2023-12-01,367.37213134765625,370.95255911244834,364.2331089605876,369.57924804408185,33040500,369.73816833496096,337.63304138183594,367.27988628933645,357.5430693856737,55.55800320036434,9.73681690366277,10.54085570893612,-0.8040388052733487,-0.011612235365365708,0.01231083234574771,0.0813663498546855,0.0880811008428164,0,MSFT
2023-12-04,362.1044616699219,362.47719398696046,355.98337139108264,362.06521566015255,32063300,369.66851806640625,338.6683673095703,366.48366711711884,357.880950295618,53.04080138897339,8.602716821500849,10.153227931449065,-1.550511109948216,-0.014338784105399127,0.011965598318813834,-0.02957582361041755,0.06920071852748233,1,MSFT
2023-12-05,365.4200439453125,365.9693683802573,358.65155863650625,359.46575623768496,23065000,369.18589172363284,339.7596276855469,366.3200327829948,358.43940167707683,52.85934131754283,7.880631105917985,9.698708566342848,-1.8180774604248633,0.00915642480653256,0.010195042084142594,-0.28064173057670294,0.07552520714295907,1,MSFT
2023-12-06,361.7708740234375,367.0483391349549,361.01556055357673,366.42055273027614,21182100,368.7670196533203,340.88363159179687,365.6201622046014,358.68617740643685,49.223569807645646,6.933984798164545,9.145763812707187,-2.2117790145426426,-0.009986233602503503,0.01002716666852108,-0.08163451116410148,0.061273820435745696,1,MSFT
2023-12-07,363.8800048828125,364.37047528705625,359.33824414976533,361.211844686289,23118900,368.0901733398438,342.03709228515623,365.352445693557,359.07090536764986,44.949761584994754,6.2815403259071445,8.57291911534718,-2.291378789440035,0.005830018419996863,0.00915553301533447,0.09143569334485258,0.06386123929344434,0,MSFT
2023-12-08,367.0974426269531,367.3230398250767,361.2117985281366,362.163312188216,20154400,367.77626953125,343.2382586669922,365.62090676023337,359.6654636831538,54.50240907523868,5.955443077079565,8.049423907693656,-2.0939808306140915,0.008842029517881267,0.009760209622635138,-0.1282284191721924,0.06951201784038008,0,MSFT
2023-12-11,364.2233276367188,364.5176278549032,359.1224531501872,361.4570971757964,27708800,367.0592041015625,344.34063110351565,365.405894587385,360.00308323526974,43.019566759781156,5.402811352115236,7.520101396577973,-2.1172900444627363,-0.007829297228733378,0.009883592437166543,0.3748263406501806,0.05774136055186019,1,MSFT
2023-12-12,367.2445983886719,367.28384440026525,363.3992975227853,363.7818787799653,24838300,366.24305725097656,345.3849768066406,365.6887720952753,360.5394917651514,51.534280177844884,5.149280330123872,7.045937183287153,-1.8966568531632806,0.008295105015806437,0.009551619125918665,-0.1035952477191362,0.0632905975938527,0,MSFT
2023-12-13,367.2348327636719,370.44252860296217,363.7034396055238,368.8533792298406,30955500,365.80359802246096,346.5937866210937,365.92662758272087,361.035442950227,45.41145082132643,4.891184632493889,6.6149866731285005,-1.7238020406346113,-2.6591609632475866e-05,0.009147324372318317,0.24628094515325127,0.05955399934835981,0,MSFT
2023-12-14,358.95562744140625,366.6364099780049,357.1899461347514,366.19497468337374,43277500,364.53033447265625,347.5279571533203,364.8541660225186,360.8813825421662,37.48367108537762,3.9727834803524047,6.086546034573282,-2.1137625542208776,-0.022544716850412705,0.011340636089483276,0.3980552728917317,0.0328827366341764,1,MSFT
2023-12-15,363.6641540527344,365.30230824664153,359.2989559925913,359.8580993724713,78502300,364.15953674316404,348.54846618652346,364.67108725793645,361.08751376517125,42.050049120075826,3.583573492765197,5.585951526211666,-2.002378033446469,0.013117294315428296,0.012031326212520564,0.8139287158454163,0.04336753517119729,1,MSFT
2023-12-18,365.5476379394531,365.89097325811696,361.6533011821368,362.4086448703857,21802900,364.5038543701172,349.45197021484375,364.80594120893903,361.4178933336365,39.39656728714579,3.3880478753025045,5.146370796029834,-1.7583229207273297,0.005179184876290099,0.011170039417765369,-0.7222641884377909,0.04605974238666821,1,MSFT
2023-12-19,366.14599609375,366.14599609375,362.7911651705603,364.4097116072821,20603700,364.5764495849609,350.3173181152344,365.01210349890994,361.768123167719,43.66936572104633,3.243980331190926,4.765892703062053,-1.5219123718711272,0.001636881468225937,0.010807415051486887,-0.055001857551059685,0.045183829516840746,1,MSFT
2023-12-20,363.5562744140625,368.8631677330293,363.46799333439736,367.852799906723,26316700,364.75498962402344,351.1588702392578,364.7881297935488,361.9005788155963,41.12994658707875,2.8875509779525146,4.390224358040146,-1.5026733800876313,-0.0070729209313118435,0.010536655419533414,0.2772802943160695,0.03530426033765832,1,MSFT
2023-12-21,366.4205932617188,367.2740068711911,362.9873008510564,365.459260609797,17708000,365.00904846191406,351.9788055419922,365.03927801942115,362.2353947004943,48.928152530976384,2.8038833189268644,4.07295615021749,-1.2690728312906252,0.007878612058814571,0.01066994828827081,-0.3271192816728541,0.0410302765176116,1,MSFT
2023-12-22,367.4407348632813,368.0293052394396,365.60638064073504,366.5578942670101,17107500,365.0433776855469,352.84381225585935,365.4087329184765,362.6209754532933,56.64703892223543,2.7877574651832333,3.8159164132106387,-1.0281589480274054,0.00278407278499726,0.010325734885730293,-0.03391122656426471,0.04136935975750422,0,MSFT
2023-12-26,367.5192260742188,369.7557695499751,366.3813313323872,367.8527423015936,12673100,365.3729675292969,353.7775451660156,365.7334241732061,362.9838088326211,52.84417841920814,2.7496153405850237,3.6026561986855157,-0.853040858100492,0.00021361597528568588,0.009941974622701218,-0.2592079497296508,0.03884271654876992,0,MSFT
2023-12-27,366.9405212402344,367.9116430236214,365.7045262897879,366.5677589576593,14905400,365.3425598144531,354.60357177734375,365.9191314142874,363.27689864059244,57.64002204524688,2.642232773694957,3.410571513687404,-0.7683387399924473,-0.001574624653425838,0.009615900272955913,0.17614474753611975,0.034790821200856525,0,MSFT
2023-12-28,368.1274719238281,369.2849749136942,367.0288229886373,368.2157530058411,14327000,365.43182373046875,355.4646923828125,366.25887610806285,363.6362003652766,56.453059176881546,2.622675742786271,3.2529923595071777,-0.6303166167209069,0.003234722291182157,0.009671584082402644,-0.03880472848766214,0.035623171055702674,0,MSFT
2023-12-29,368.8729553222656,369.9716041347207,366.3617494835299,368.83370931155366,18730800,366.4235565185547,356.3789031982422,366.6610421410171,364.02410813986836,52.91655387453504,2.636934001148745,3.1297806878354915,-0.49284668668674625,0.002025068638701777,0.005408941725581004,0.3073776785091087,0.0350583382234424,0,MSFT
2024-01-02,363.8015441894531,368.735675683701,359.77968054105025,366.7345478799601,25258600,366.4372955322266,357.16799499511717,366.221119379238,364.00762192131907,49.35380316828601,2.2134974579189475,2.9465240418521828,-0.7330265839332353,-0.013748395103625466,0.006284283506332592,0.3485062036859077,0.018572630491224817,1,MSFT
2024-01-03,363.5366516113281,366.1459576250118,361.48648901542015,361.9769593953772,23083500,366.23619689941404,358.04283020019534,365.8081243380211,363.9727352316901,43.795156727165036,1.8353891063310357,2.7242970547479533,-0.8889079484169176,-0.0007281238421216196,0.006021292782877766,-0.0861132445978795,0.01534403414267782,1,MSFT
2024-01-04,360.9273986816406,365.98905733956127,360.17208496235486,363.6053781270113,20901500,365.71433715820314,358.81359619140625,365.05724346780875,363.7471547465012,40.289964012891495,1.3100887213075225,2.4414553880598673,-1.1313666667523448,-0.007177413661380028,0.0063064093273470356,-0.09452639331123958,0.005891088054274185,1,MSFT
2024-01-05,360.740966796875,364.96881910463645,359.5147908390338,361.9377157291655,21004600,365.43280639648435,359.55694274902345,364.3932009030497,363.52447415764004,53.660557186585656,0.8687267454096741,2.126909659529829,-1.2581829141201548,-0.0005165356951193356,0.005985667264682919,0.004932660335382533,0.00329300844199798,1,MSFT
2024-01-08,367.5486755371094,368.0489648766836,361.9769395114855,362.2613907623612,23134000,365.5456146240234,360.2379119873047,364.8786585390589,363.8225631487118,57.333339478632766,1.0560953903470818,1.9127468056932795,-0.8566514153461977,0.01887146004148632,0.008307680767362194,0.10137779343572362,0.020294264724869615,1,MSFT
2024-01-09,368.6277160644531,368.8238862439724,364.11538283242464,364.9197613954772,20830000,365.6643127441406,361.19068237304685,365.45543661988876,364.1785004017297,55.99682476304554,1.276936218159051,1.7855846881864337,-0.5086484700273828,0.0029357758554480196,0.008312779898856792,-0.09959367165211375,0.02059032542740158,1,MSFT
2024-01-10,375.4747314453125,376.8480726318605,369.14768070417387,369.1967157740048,25514200,366.45986328125,362.2428009033203,366.9968665930309,365.01525825680994,64.60830303516875,1.9816083362209724,1.8247894177933415,0.15681891842763096,0.01857433687829979,0.010111525269620494,0.22487758041286598,0.036527794366087996,1,MSFT
2024-01-11,377.2992858886719,383.2339660876797,373.1302872544769,378.6431700704151,27850800,367.49573974609376,363.18456787109375,368.5818541769757,365.92518622954043,72.04921684888774,2.656667947435267,1.9911651237217267,0.6655028237135401,0.0048593268482706176,0.010049901172074077,0.09158037485008341,0.038863760374829415,1,MSFT
2024-01-12,381.0660400390625,381.27202920676456,377.31883933016337,378.1428259369064,21661200,368.7895965576172,364.1860083007812,370.50249815575825,367.0467309561717,72.83581691832421,3.455767199586546,2.284085538894691,1.1716816606918554,0.009983464828242639,0.010303276372162752,-0.22224137188159765,0.0463500281546787,1,MSFT
2024-01-16,382.8317260742188,386.5200727807335,380.2322391394401,386.1571295021332,27202300,370.1854736328125,365.06691101074216,372.399302450906,368.21598985380484,73.45302623893681,4.183312597101178,2.6639309505359883,1.51938164656519,0.004633543400968776,0.010294580151936902,0.2558076191531402,0.04866180562432265,1,MSFT
2024-01-17,382.0470275878906,382.6748141545887,377.4758397118604,380.5854353256014,22234100,372.01002197265626,365.88806640625,373.88356785659596,369.2405111674408,71.67126300944044,4.6430566891551734,3.0597560982598253,1.5833005908953481,-0.0020497216737362933,0.00860958064543618,-0.18263896802843882,0.0441636737168114,1,MSFT
2024-01-18,386.3631286621094,386.4808367624356,382.6846008472352,384.2541120354354,23392100,374.29266967773435,366.70783081054685,375.8035002882134,370.5088532040829,76.06642835377333,5.2946470841304745,3.5067342954339553,1.7879127886965192,0.011297303113360302,0.008569869019612571,0.05208216208436589,0.053599340401642825,1,MSFT
2024-01-19,391.0716247558594,391.0716247558594,386.0001483892021,388.21708385271495,29331100,377.3070922851563,367.5487359619141,378.1524425140051,372.03202146717746,78.13333053933616,6.12042104682763,4.0294716457126905,2.0909494011149397,0.01218671178601971,0.007323110179632976,0.25388913351088616,0.06399937339570339,1,MSFT
2024-01-22,388.952880859375,392.9845335375129,386.08852029622886,392.3959630178593,27016900,380.12828369140624,368.2689489746094,379.81404841329277,373.2854184591921,73.81915830978485,6.528629954100666,4.529303307390286,1.9993266467103794,-0.005417789894132774,0.00808644481074649,-0.07889918891551972,0.056165288825889226,1,MSFT
2024-01-23,391.2972412109375,391.7681035262422,386.42196470997874,388.2072839775827,20525900,382.5031402587891,368.9837725830078,381.5806934590843,374.619627551914,84.87200784619102,6.96106590717028,5.0156558273462855,1.9454100798239944,0.0060273633823786366,0.007048427599927933,-0.2402570243070078,0.06047276407774804,1,MSFT
2024-01-24,394.8875427246094,397.89903829237466,392.8177719184772,393.8869938433054,24867000,385.1291229248047,369.8195465087891,383.62790103839586,376.1209546017433,86.6684418376874,7.5069464366525835,5.513913949207545,1.9930324874450385,0.009175381616699063,0.0069931847925676595,0.21149377128408497,0.06778440039870781,0,MSFT
2024-01-25,397.1535034179688,399.25273113363767,394.858105500646,396.613997943498,21021200,387.29700012207036,370.52481872558593,385.70876294294555,377.67892118072297,92.71356657347125,8.029841762222588,6.017099511810554,2.0127422504120345,0.005738243039334678,0.005670759830484476,-0.15465476334097394,0.07186747917176461,0,MSFT
2024-01-26,396.23138427734375,398.4287118822507,394.759973173457,396.66300059602537,17803300,389.1902099609375,371.27019104003904,387.3276277636222,379.05317770639857,91.13253380228066,8.274450057223646,6.468569620893173,1.8058804363304732,-0.002321820486761772,0.006210121516298113,-0.15307879664338853,0.06723188082345355,1,MSFT
2024-01-29,401.9109802246094,402.1660343578197,396.6236960687851,398.3207340684993,24510200,391.27470397949224,372.0588665771484,389.5712204499279,380.74634826330305,90.89443130509545,8.824872186624873,6.939830134039513,1.8850420525853595,0.014334038576031105,0.006734136448826204,0.3767222930580285,0.08023492067826044,0,MSFT
2024-01-30,400.8026123046875,405.17760004808207,398.70341448382425,404.4026783420674,33477600,393.07179260253906,372.822431640625,391.29912688912174,382.23199745155375,88.26449544407622,9.067129437567985,7.365289994745209,1.7018394428227763,-0.0027577448103121016,0.00721148065734177,0.3658640076376365,0.07504961689385015,0,MSFT
2024-01-31,390.0024719238281,407.4043839387936,389.6395285786488,399.2037024045015,47871100,393.8673370361328,373.24247192382813,391.0996415098458,382.8075881532037,65.79243666869465,8.2920533566421,7.550642667124587,0.7414106895175125,-0.026946282407583677,0.012283999436282222,0.4299442014959256,0.04490378577125176,1,MSFT
2024-02-01,396.0842895507813,400.2238610760148,394.1420159186215,394.1714429462631,30657700,394.839453125,373.9081384277344,391.8665104392205,383.79104751598726,68.69037678501478,8.07546292323326,7.655606718346322,0.41985620488693876,0.015594305330816072,0.01270808224926764,-0.3595781170685445,0.05930908916905775,1,MSFT
2024-02-02,403.3824768066406,404.7852149654356,395.8684666894352,396.11370188933375,28256700,396.07053833007814,374.57086181640625,393.63819757266975,385.24226450048013,70.74613044729008,8.39593307218962,7.8036719891149815,0.5922610830746393,0.01842584381252932,0.013369124680960964,-0.07831637728857677,0.07691899698369009,1,MSFT
2024-02-05,397.918701171875,403.32369553246,396.2903355584007,402.0877003224384,25352300,396.9671203613281,375.2100439453125,394.2967365879321,386.18125980947235,63.123064867550845,8.115476778459765,7.866032946983939,0.24944383147582627,-0.01354490080486237,0.014173059524541953,-0.1027862418470663,0.06052251956739285,1,MSFT
2024-02-06,397.7616271972656,400.1943708633147,395.2308134118543,398.1442084321405,18382600,397.6135589599609,375.75230712890624,394.82979668167576,387.03906480116075,63.81988227754199,7.790731880515011,7.8509727336901545,-0.06024085317514327,-0.00039473886034202543,0.01413449309615228,-0.27491391313608626,0.05857401179125388,1,MSFT
2024-02-07,406.1585083007813,406.4037434899342,399.63525825649936,399.674504268826,22340500,398.74065551757815,376.4707476806641,396.5726753923074,388.4553198752067,66.24281017355747,8.117355517100691,7.904249290372262,0.21310622672842872,0.02111033475672941,0.01528968011880808,0.21530686627571716,0.0788580807486785,0,MSFT
2024-02-08,406.2174072265625,407.6397834551556,404.66753383171147,406.158553169539,21225300,399.6470458984375,377.16721618652343,398.0564802898851,389.77103004938124,63.454253364396926,8.285450240503849,7.98048948039858,0.30496076010526885,0.0001450146299473154,0.015277580501532105,-0.04991830979611023,0.07702204696834691,0,MSFT
2024-02-09,412.5346374511719,412.7995106235944,407.178709117354,407.3356632361391,22032800,401.2773712158203,377.90978759765625,400.28388908392924,391.45722319025464,69.49398147190433,8.826665893674601,8.149724763053785,0.6769411306208166,0.015551352827886111,0.015707853824827162,0.038044220811955576,0.09162199813247263,0,MSFT
2024-02-12,407.3454895019531,412.7210259706923,406.8452001103824,412.5444638098807,21202900,401.82082214355466,378.6241088867188,401.3702891482406,392.634131805936,62.67043694019941,8.73615734230458,8.267011278903944,0.46914606340063614,-0.012578696376332577,0.016070773542854855,-0.037666569841327435,0.07585724189535847,0,MSFT
2024-02-13,398.5758666992188,402.2543946406928,395.701717385572,397.2221636270064,27824900,401.5981475830078,379.16186096191404,400.94037800223725,393.07426031654956,52.69186069561324,7.866117685687698,8.186832560260696,-0.32071487457299774,-0.02152870972858112,0.017638030883050777,0.3123157681260582,0.05120242233238437,0,MSFT
2024-02-14,402.4281921386719,402.772162264522,397.5930560545051,401.0326973304229,20401200,402.84071960449216,379.86298217773435,401.16927248476566,393.7671441552253,53.762518617654614,7.402128329540346,8.029891714116626,-0.62776338457628,0.00966522502066125,0.01514259478639455,-0.2668005994630709,0.059403550805536165,1,MSFT
2024-02-15,399.5487976074219,402.0744846951828,397.3179549607251,401.1015670196542,21825500,403.1871704101562,380.6118688964844,400.919968657482,394.19541478131396,52.30208194357088,6.724553876168045,7.768824146526911,-1.044270270358866,-0.007155051727235295,0.014785741595694775,0.06981452071446781,0.04975391010753727,1,MSFT
2024-02-16,397.0919189453125,401.2489827226472,396.48261574205486,400.92465682975353,22296500,402.55811462402346,381.24530639648435,400.33103793253287,394.4099706453139,46.499288600358334,5.921067287218989,7.399272774665327,-1.4782054874463384,-0.006149132913981115,0.01355287894164082,0.021580261620581354,0.04156539708936924,1,MSFT
2024-02-20,395.8438415527344,397.5145068330212,391.1462744848481,396.28606324841394,24307900,402.3506286621094,381.9267657470703,399.64070002794847,394.51618330512275,46.405096303480846,5.124516722825717,6.944321564297406,-1.8198048414716883,-0.0031430440485745725,0.012908540455386211,0.09021146816764958,0.03643912145942818,1,MSFT
2024-02-21,395.2443237304688,395.3524423554376,390.3698682526408,393.2690069492409,18518900,402.09889831542966,382.5540521240234,398.9643344437208,394.57011963292615,54.45972113533682,4.394214810794665,6.434300213596858,-2.040085402802193,-0.001514531134080288,0.012912885814514831,-0.23815302843931396,0.0331724929744861,1,MSFT
2024-02-22,404.5509643554688,405.7106076981084,401.5240930898632,403.1161508977741,27009900,401.9381439208984,383.30312255859377,399.8238159686051,395.30944146422564,56.82866268125361,4.514374504379475,6.050315071753382,-1.535940567373907,0.023546550997014526,0.01338162551430701,0.458504554806171,0.05543352126912815,1,MSFT
2024-02-23,403.26361083984375,408.6884066709004,401.9172415297094,408.5017108463529,16295900,401.64276428222655,384.08392822265625,400.3530151795649,395.89863919575293,49.89383710059445,4.454375983811985,5.731127254165103,-1.2767512703531176,-0.003182178832958793,0.013410219391883006,-0.3966693693793757,0.04993617594451627,1,MSFT
2024-02-26,400.5119323730469,405.0522551220829,400.3350137011801,404.3643147092536,16193500,400.44049377441405,384.74927490234376,400.3774639785621,396.2403646162932,52.43401171533736,4.137099362268884,5.41232167578586,-1.2752223135169753,-0.006823522859070175,0.012220763913043664,-0.006283789173963994,0.04096864763345942,1,MSFT
2024-02-27,400.4529418945313,401.2784523382821,396.88553712565647,400.9541264549498,14835800,399.75123901367186,385.41363708496095,400.3890759656343,396.5524073776442,52.530732724159975,3.8366685879900615,5.0971910582267,-1.2605224702366389,-0.00014728769294347632,0.011748425483316097,-0.0838422823972581,0.03902120569297618,0,MSFT
2024-02-28,400.6887512207031,402.2414904650158,398.33014591696406,401.14080998935714,13183100,399.9625274658203,386.24829956054685,400.4351798510295,396.8588032178708,43.92405380832689,3.576376633158702,4.793028173213101,-1.2166515400543991,0.0005888565209590801,0.00944491641567374,-0.1113994526752855,0.0373864472065919,0,MSFT
2024-02-29,406.5067443847656,407.057084720192,398.91987548490425,401.59296996753153,31947300,400.37038269042966,387.1051513671875,401.3692667023735,397.5734655265297,50.28494523797931,3.795801175843849,4.593582773739251,-0.7977815978954022,0.014519981273090288,0.010068618547007102,1.4233526257101894,0.05011969732010835,0,MSFT
2024-03-01,408.3345947265625,408.6982091819838,403.79427262351686,404.1775313768845,17823400,401.24896240234375,387.9608905029297,402.44085562917184,398.37058620801355,45.46248215516188,4.070269421158287,4.488920103223058,-0.4186506820647713,0.004496482203667496,0.009679752945373916,-0.4420999583689389,0.052514840341822966,0,MSFT
2024-03-04,407.76458740234375,410.1526740907754,405.2094192211678,406.3100996705869,17596000,402.31622924804685,388.79326232910154,403.2598912865829,399.0664381483343,50.5029721246571,4.193453138248572,4.429826710228161,-0.23637357197958941,-0.0013959319919989444,0.009333686186559885,-0.01275850847761928,0.048795405968695915,0,MSFT
2024-03-05,395.7061767578125,407.1061373567677,393.73086019090937,406.8211300941881,26919200,402.3024627685547,389.4362603759766,402.09778135907976,398.81752989718456,46.80797473373192,3.2802514618952046,4.19991166056157,-0.9196601986663655,-0.02957199084243467,0.01382936428020025,0.529847692657422,0.01609998097193799,1,MSFT
2024-03-06,395.1558532714844,398.1729175476419,391.5196786963873,396.0206822488724,22344100,402.2936157226562,390.0109655761719,401.0297924225266,398.5462945915771,41.2694760659812,2.4834978309494886,3.856628894639154,-1.3731310636896654,-0.0013907376701499663,0.013827861872586151,-0.169956759487652,0.013191648823801305,1,MSFT
2024-03-07,402.0842895507813,402.7132369902085,395.30325783772497,399.1163510354161,18718500,402.0469482421875,390.7038366699219,401.1920227499504,398.80836829225893,52.7741845868024,2.3836544576914775,3.562034007249619,-1.1783795495581413,0.01753342692999893,0.012784639444110343,-0.16226207365702805,0.029128080691139813,1,MSFT
2024-03-08,399.2146606445313,403.3422428484954,397.3572396553584,400.92464441897226,18002200,401.6420532226563,391.33774536132813,400.88781319527055,398.8384640220569,52.301787742330085,2.0493491732136704,3.2594970404424295,-1.210147867228759,-0.0071368839341025,0.012935817128393331,-0.038266955151320836,0.02012817668771083,1,MSFT
2024-03-11,397.5439758300781,398.68397503984977,394.34021545583295,396.7971025481086,16120800,401.34525756835944,391.949814453125,400.37337667754866,398.74257600783625,51.826792164763475,1.6308006697124142,2.9337577662964263,-1.302957096584012,-0.004184928508777386,0.01282877660314775,-0.10450944884514113,0.01427264708559317,1,MSFT
2024-03-12,408.118408203125,408.4034154899357,399.7748296289143,400.5905029088669,22457000,402.1118041992188,392.74963317871095,401.5649199891758,399.4370820963761,61.391333839545176,2.1278378927996755,2.7725737915970763,-0.6447358987974008,0.026599402873524358,0.01546662130788107,0.3930450101731924,0.039131226934643326,1,MSFT
2024-03-13,407.9414978027344,410.968369200055,404.35444900675975,410.88976201717287,17115900,402.83707885742194,393.5310040283203,402.54593196049245,400.0670388153656,53.57813434984493,2.4788931451268468,2.713837662303031,-0.23494451717618414,-0.00043347812016014675,0.015480400289731038,-0.2378367546867346,0.03661844588330587,1,MSFT
2024-03-14,417.8869934082031,420.4421618629372,410.7816654727546,412.99286375239626,34157300,403.97510375976566,394.61271301269534,404.90609526014026,401.3870354518721,63.04805171960272,3.519059808268139,2.8748820914960524,0.6441777167720866,0.024379710470833427,0.01664354220703967,0.9956473220806386,0.058980057225776816,1,MSFT
2024-03-15,409.23876953125,415.31218703472393,405.67136478668334,412.0592710260042,45079900,404.06552124023443,395.52675537109377,405.57266053261867,401.96864538367794,57.04536305075275,3.604015148940732,3.0207087029849884,0.5833064459557438,-0.020695125747800747,0.01820640395059154,0.3197735183987025,0.03466772847589339,1,MSFT
2024-03-18,410.1232299804688,413.4744273628243,406.6442696787311,407.1061656227225,20106000,404.3013854980469,396.5106719970703,406.2727481399802,402.5726886871439,57.70434471396698,3.7000594528362853,3.1565788529552483,0.543480599881037,0.0021612332825453606,0.01820280960512219,-0.5539919121382257,0.03433087415992442,1,MSFT
2024-03-19,414.1426696777344,414.3981955018545,408.3837114296865,410.62439098905713,19837900,406.1450347900391,397.5787060546875,407.4835052996347,403.4297243160765,60.10929813828103,4.053780983558227,3.336019279075844,0.7177617044823825,0.009800565789596982,0.01487516655488935,-0.013334328061275214,0.04166209953097555,1,MSFT
2024-03-20,417.8968200683594,418.6142118533255,413.4056235884817,414.7225113763612,17860100,408.4191314697266,398.5856689453125,409.0855537255924,404.5013610384678,58.83246640761442,4.584192687124585,3.585653960685592,0.9985387264389924,0.009064872242085853,0.014769432851995444,-0.0996980527172735,0.04844918577766655,0,MSFT
2024-03-21,421.9654235839844,423.3904300401875,419.7935438740281,422.41748239432127,21296200,410.40724487304686,399.6524230957031,411.06707216534494,405.79499530109865,60.215070977539206,5.272076864246287,3.9229385413977313,1.3491383228485558,0.009735904463114675,0.014273293608175535,0.19238974025901312,0.055831015149226504,0,MSFT
2024-03-22,421.3462524414063,422.446932938044,418.7223141130456,422.2897185739193,17648500,412.6204040527344,400.569853515625,412.6484845155082,406.9469402744548,60.17073257685803,5.701544241053398,4.278659681328865,1.4228845597245332,-0.0014673504225041212,0.013846997802051689,-0.17128407884974783,0.05186710568315611,0,MSFT
2024-03-25,415.5677185058594,420.03927125139006,414.3392748930156,417.9066799433217,18060500,414.4227783203125,401.33522216796877,413.0975974371007,407.585516439744,66.41761940822977,5.512080997356691,4.52534394453443,0.986737052822261,-0.013714454328392356,0.014876886107952366,0.023344760177918866,0.035462863839879954,0,MSFT
2024-03-26,414.3785400390625,418.6436921137748,414.08372560652526,418.2702405050307,16725600,415.0487915039063,402.00147216796876,413.2946655297102,408.0887033730269,65.72347469147849,5.205962156683313,4.661467586964207,0.5444945697191059,-0.0028615756562431205,0.012795186224735296,-0.07391268237313475,0.030788613296227396,0,MSFT
2024-03-27,414.162353515625,417.13029224439015,411.7841036640323,417.1204550990482,16705000,415.67087707519534,402.6280847167969,413.4281559890817,408.5386033835897,61.098081178907826,4.889552605491986,4.707084590669763,0.18246801482222264,-0.0005217126432685015,0.012796772350848574,-0.001231644903620821,0.028647452169018983,0,MSFT
2024-03-28,413.464599609375,414.5947616282559,411.89218593509474,413.70045116356334,21871200,415.2286376953125,403.2564361572266,413.4337626998961,408.90349199290716,63.638073585815974,4.530270706988915,4.671721813933594,-0.14145110694467888,-0.0016847352259979909,0.009984100791354597,0.309260700389105,0.025314322443122483,1,MSFT
2024-04-01,417.2482299804688,420.5109832500247,414.9387501061958,416.6389267777452,16316000,416.0295837402344,403.87413818359374,414.0206038199842,409.52162073272655,68.1251308850553,4.49898308725767,4.6371740685984095,-0.13819098134073915,0.009151038262207756,0.007632498678449411,-0.2539961227550386,0.03311450408046546,1,MSFT
2024-04-02,414.1721801757813,415.0959720756304,410.6342569413904,412.8650995128624,17912000,416.4344787597656,404.3361492919922,414.0439232593376,409.8661066173973,56.45972870246632,4.1778166419402964,4.545302583266787,-0.3674859413264908,-0.007372229727209412,0.008181131880960785,0.09781809266977204,0.024326370276346543,1,MSFT
2024-04-03,413.1992492675781,415.9607877333754,411.8626872035861,412.49166464341647,16502300,416.34013671875,404.8210766601562,413.91397341445156,410.11300607296624,55.51661201905834,3.8009673414853182,4.396435534910494,-0.5954681934251758,-0.0023490976815252473,0.007613584423906324,-0.07870142920946854,0.02069598914301407,1,MSFT
2024-04-04,410.673583984375,421.27751676074166,410.3689323931849,417.66095627375125,19370900,415.61781311035156,405.208603515625,413.41545196367053,410.15453036270026,41.035674653952164,3.2609216009702777,4.169332748122451,-0.9084111471521732,-0.006112463388256439,0.007053175139044857,0.17383031456221243,0.013486832266974114,1,MSFT
2024-04-05,418.1817932128906,419.1547408159618,411.1059769604637,412.76683489834704,16554800,415.2394500732422,405.67448852539064,414.1487352327813,410.7491424256773,61.43785747573631,3.399592807104,4.015384759918761,-0.6157919528147611,0.01828266906205811,0.008877462967233823,-0.14537786060534097,0.03083088791943389,0,MSFT
2024-04-08,417.267822265625,419.91143485729225,416.0000602813901,417.837836797393,14272400,414.83160705566405,406.07677490234374,414.6285947762957,411.23200759900675,59.13082547710675,3.39658717728895,3.8916252433927987,-0.4950380661038487,-0.002185582830480426,0.008885779391126279,-0.13786937927368492,0.027558944650239114,0,MSFT
2024-04-09,418.9286804199219,420.3634939121141,414.3490398303801,419.0859247739188,12496900,415.16770324707034,406.5307208251953,415.29014641377665,411.80213151166714,56.508941556156145,3.488014902109512,3.8109031751361417,-0.3228882730266296,0.003980316874852674,0.0077474962556862035,-0.1244009416776436,0.030496980817490416,0,MSFT
2024-04-10,415.9607849121094,416.7174952724338,412.4621804028437,414.90923013212864,16216600,415.325927734375,406.8117169189453,415.3933215673663,412.1101799116999,47.30946572707194,3.283141655666384,3.7053508712421905,-0.4222092155758066,-0.007084488712583603,0.008079218018504211,0.29764981715465444,0.02248968653719219,0,MSFT
2024-04-11,420.55023193359375,421.9654011694112,415.07628079166767,418.4766338120234,17966400,415.9647155761719,407.20666931152346,416.18669239293973,412.7353689503587,48.0613537455634,3.4513234425810424,3.654545385509961,-0.2032219429289186,0.011033364653483257,0.008731113572892519,0.10790177965788139,0.032768526715514446,0,MSFT
2024-04-12,414.6242065429688,417.8476407951663,412.5309342100816,416.7371231732088,19253800,416.08067626953124,407.69910400390626,415.9463099544827,412.87528284610755,41.96049375506423,3.0710271083751195,3.537841730082993,-0.46681462170787347,-0.01409112381980726,0.010029259958608603,0.07165598005165208,0.01698581741056815,0,MSFT
2024-04-15,406.5067443847656,419.45944655068297,406.30034426550657,419.2432392766727,20273500,415.00652770996095,407.9075531005859,414.49406909760313,412.4035392563785,39.73732019312132,2.0905298412246225,3.248379352311319,-1.1578495110866966,-0.019577878064294674,0.011259459448810101,0.05296097393761223,-0.003434132820469893,0,MSFT
2024-04-16,407.430419921875,411.1845499778848,406.5951024412481,407.420612769205,16765600,414.3323516845703,407.98851196289064,413.4073538397988,412.0351600464153,42.08277347042674,1.3721937933835306,2.8731422405257616,-1.500948447142231,0.0022722268446180305,0.01121324593212637,-0.1730288307396355,-0.0013679111657595167,0,MSFT
2024-04-17,404.7377014160156,411.6563030616971,403.2537321874578,410.054408065017,15855500,413.48619689941404,408.12489196777346,412.0735611592168,411.49460755527457,39.83454937218691,0.5789536039422387,2.414304513209057,-1.8353509092668183,-0.006609026656320127,0.011325926723069023,-0.054283771532185,-0.008299397116962148,0,MSFT
2024-04-18,397.2982482910156,404.786864609064,396.983789567324,403.5485840383649,21029900,412.14866333007814,408.1156243896484,409.8004361025705,410.4430253875517,34.77687128394206,-0.6425892849812271,1.8029257535710002,-2.4455150385522275,-0.018380924482627403,0.012430404739221638,0.3263473242723345,-0.026505665189394678,0,MSFT
2024-04-19,392.2370910644531,398.4874271893145,390.91036608589934,397.0624207324797,30565800,409.5541931152344,407.8371960449219,407.09838301978317,409.0944376599148,27.001471003385916,-1.9960546401316037,1.0431296748304795,-3.039184314962083,-0.012738936676245483,0.01011956613417188,0.45344485708443694,-0.038250814618562834,1,MSFT
2024-04-22,394.0453796386719,395.9028007169284,388.9252352238132,393.18055056464544,20286900,407.23194885253906,407.59375549316405,405.0902286534583,407.9796926213042,31.05097874712321,-2.8894639678458702,0.25661094629520953,-3.1460749141410798,0.00461019270082641,0.01064401478881367,-0.33628761557034337,-0.03323990044474423,1,MSFT
2024-04-23,400.5413818359375,401.1605221597847,396.10914808184776,397.2687915502586,15734500,405.3932189941406,407.35389038085935,404.3904060661474,407.428706637203,39.20545071738457,-3.038300571055572,-0.40237135717494676,-2.635929213880625,0.01648541648482782,0.012478724770063343,-0.22440096811242727,-0.01672380872207313,0,MSFT
2024-04-24,402.0056762695313,405.3568737379943,399.7649965241752,402.4970536697523,15065300,403.9977081298828,407.2470941162109,404.02352455897574,407.02700068404215,42.47178276920081,-3.0034761250664133,-0.9225923107532401,-2.0808838143131734,0.0036557881407459636,0.012683302275344288,-0.04253074454224792,-0.012870362790566525,0,MSFT
2024-04-25,392.1584777832031,392.9938253486681,381.3383380037112,387.2348667133991,40586500,401.1585327148438,407.1187463378906,402.19813274731837,405.92562861731335,28.280762882816845,-3.727495869994982,-1.4835730226015886,-2.243922847393393,-0.024495172749068317,0.013177992496542295,1.6940386185472578,-0.0367466953788248,0,MSFT
2024-04-26,399.3129577636719,405.8777529623426,398.76261744709456,405.0620796331898,29694700,399.6274078369141,407.05644165039064,401.75425967291125,405.43580114667327,36.428459716853325,-3.6815414737620245,-1.9231667128336758,-1.7583747609283487,0.018243848815692187,0.015048207202724637,-0.268360169021719,-0.019023120860888976,1,MSFT
2024-04-29,395.3131103515625,399.3129295050505,392.3058831233316,398.2613746922827,19582100,398.50804443359374,406.97172790527344,400.763313623473,404.68597219888727,32.759323647087,-3.922658575414289,-2.3230650853497985,-1.5995934900644904,-0.010016823482288828,0.014204070351187507,-0.3405523544605603,-0.028647241944100288,1,MSFT
2024-04-30,382.6159057617188,395.2246663994194,382.4586913890698,394.5662074998568,28781400,396.02659301757814,406.68220764160156,397.97140472166467,403.0511524628007,28.684448013147033,-5.079747741136032,-2.874401616507045,-2.2053461246289867,-0.03211936122875292,0.01679444703314324,0.4697810755741212,-0.05917716936633666,1,MSFT
2024-05-01,388.1292114257813,394.7922882562086,383.5790515712344,385.8393757796091,23562500,394.3657440185547,406.5279150390625,396.4572211376826,401.94582349709555,29.51695448572015,-5.488602359412937,-3.3972417650882236,-2.0913605943247133,0.01440950462602042,0.01800067349240825,-0.1813289138123927,-0.045258155547604484,1,MSFT
2024-05-02,390.9791870117188,393.0331410549717,387.84419663220166,390.8022983361386,17709400,393.73383789062507,406.4426123046875,395.6144466567651,401.13348005373433,34.45737211634908,-5.519033396969235,-3.821600091464426,-1.6974333055048088,0.00734285259145584,0.01755524218388968,-0.24840742705570296,-0.03804577774285289,1,MSFT
2024-05-03,399.6470642089844,400.1286044561088,394.9298232492529,395.3425934548566,17446700,394.4748352050782,406.3445343017578,396.23484935710655,401.02337517634544,45.52330657676289,-4.788525819238885,-4.014985237019317,-0.7735405822195673,0.022169663974992426,0.018508624839216562,-0.014833930003275042,-0.016482244812968894,1,MSFT
2024-05-06,406.4083862304688,406.79164496723695,399.3620218492585,401.7108199734264,16996600,395.71113586425787,406.4074298095703,397.80000887608537,401.4222648840583,49.380233501516045,-3.622256007972908,-3.9364393912100355,0.3141833832371277,0.016918232678293288,0.019099187645366833,-0.02579857508869876,2.3533548560994433e-06,1,MSFT
2024-05-07,402.2808227539063,407.5189223273103,402.0351340682459,407.5090851826696,20018200,395.8850799560547,406.4428076171875,398.4893648572886,401.4858617633063,48.5356191936893,-2.9964969060176827,-3.7484508941715653,0.7519539881538826,-0.010156196615051627,0.018906446921724045,0.17777673181695164,-0.01024002586656969,1,MSFT
2024-05-08,403.4601745605469,405.1210326153664,399.6962067828019,401.13105042212936,11792300,396.0305297851563,406.5029522705078,399.254104811636,401.6321071556945,53.968887962857394,-2.3780023440584728,-3.474361184148947,1.096358840090474,0.0029316630073663585,0.018894805545741574,-0.41092106183373134,-0.007485253656746238,1,MSFT
2024-05-09,405.20941162109375,405.6025074897573,402.04494039272,403.48959095331,14689700,397.33562316894535,406.59336547851564,400.1703058592449,401.89709267165,58.727817393750364,-1.7267868124051233,-3.124846309800182,1.3980594973950589,0.00433558792377009,0.016728681240639018,0.24570270430704788,-0.003403778750283193,1,MSFT
2024-05-10,407.5877380371094,408.2167155386998,404.6984363706866,405.81879129865774,13402300,398.1631011962891,406.6149853515625,401.31144927122403,402.3186219579803,59.04198439685329,-1.0071726867562916,-2.7013115851914042,1.6941388984351127,0.005869376050523734,0.015948633335581386,-0.08763963865837965,0.0023923188288446084,1,MSFT
2024-05-13,406.5853271484375,411.1354867839949,403.7353441559508,410.80135374265615,15440200,399.2903228759766,406.58,402.12281509848765,402.6346741943105,54.35490467708952,-0.5118590958228424,-2.263421087317692,1.7515619914948495,-0.002459374498112621,0.01547921371245835,0.15205599038970918,1.3102337639514516e-05,1,MSFT
2024-05-14,409.3763122558594,410.2902669665076,404.4527014093116,404.9145973369448,15109300,401.96636352539065,406.6122344970703,403.23873773808333,403.13405479146223,55.21120706953667,0.10468294662109656,-1.7898002805299342,1.8944832271510308,0.0068644511276299,0.009380568264157419,-0.021431069545731263,0.0067978224074047855,1,MSFT
2024-05-15,416.5338439941406,417.2525598208021,410.8137421375517,411.433999213995,22239500,404.80682678222655,407.0287878417969,405.28413870055374,404.1266317694384,67.91531266093307,1.1575069311153356,-1.2003388382008802,2.357845769316216,0.0174839909491582,0.009701744311779418,0.47190803015361404,0.023352294570471832,1,MSFT
2024-05-16,414.4761657714844,418.8376448328751,413.8460838814957,415.2736305334928,17530100,407.1565246582031,407.4151940917969,406.6982967114661,404.89326391773807,62.047177350526844,1.80503279372806,-0.5992645118150921,2.4042973055431522,-0.0049400024807713105,0.010422560957673362,-0.2117583578767508,0.017331144694855416,1,MSFT
2024-05-17,413.708251953125,416.37634285020215,411.56198942365705,416.0022176294818,15352200,408.56264343261716,407.6476733398438,407.77675136402905,405.54622599443337,65.40613984149446,2.230525369595682,-0.033306535532937276,2.2638319051286193,-0.0018527333578518546,0.008915946410895697,-0.1242377396592147,0.014867197851583747,1,MSFT
2024-05-20,418.7588806152344,420.1667475860199,413.49165301735496,413.7082502471213,16272100,409.7976928710938,408.03855773925784,409.4663097103683,406.5249411515298,84.71673655940138,2.941368558838519,0.561628483341354,2.3797400754971654,0.01220818931762957,0.008226024629178236,0.059919750915178316,0.026272818273284315,1,MSFT
2024-05-21,422.4016418457031,426.27082729608,418.2764696581723,420.225814670678,21453300,411.8097747802734,408.5357110595703,411.45636080811215,407.7009930548019,84.14706749816803,3.7553677533102245,1.2003763373351282,2.5549914159750964,0.008698946814254649,0.006926387649556681,0.31841003926967026,0.03394055993335421,1,MSFT
2024-05-22,423.8587341308594,425.7195053768376,420.5212017999642,423.43539455106486,18073700,413.84963073730466,408.850517578125,413.36441824238096,408.8978627641395,83.6944957164025,4.466555478241446,1.8536121655163917,2.6129433127250543,0.0034495421911464597,0.006911839760387729,-0.15753287373038183,0.03670832225341769,0,MSFT
2024-05-23,420.3932189941406,426.89110613989686,418.8376788510908,426.2708490423147,17211700,415.3680114746094,409.0995520019531,414.4457722041901,409.7493706330285,73.79783827229815,4.69640157116163,2.4221700466454394,2.2742315245161904,-0.0081761088250899,0.008073413429582059,-0.047693610052175206,0.027606158297952987,0,MSFT
2024-05-24,423.5043029785156,424.3903716147688,417.84327052223153,420.5802554471063,11855300,416.95966796875,409.2118981933594,415.83939232331716,410.768254510472,71.40302791109585,5.071137812845166,2.951963599885385,2.1191742129597806,0.007400414287886958,0.008133112798001848,-0.3112069115775896,0.034926659875375465,0,MSFT
2024-05-28,423.6618347167969,424.1540984130066,419.99939161518114,422.98250841239616,15718000,418.6673187255859,409.5003594970703,417.0428449992371,411.72333452575526,79.72222999980482,5.3195104734818415,3.425472974604676,1.8940374988771653,0.0003719719898318541,0.007935252749006255,0.32582051909272636,0.03458232670935635,0,MSFT
2024-05-29,422.5296630859375,424.2722658732092,419.1034967099491,419.1034967099491,15517100,419.98265380859374,409.7484881591797,417.88697085872946,412.523803307991,76.54374689373054,5.363167550738467,3.8130118898314347,1.5501556609070324,-0.002672347466974867,0.00814324378845704,-0.012781524366967778,0.031192732361693398,0,MSFT
2024-05-30,408.2539978027344,417.7349716036768,407.8306281783295,417.7349716036768,28394500,419.1546691894531,409.6307147216797,416.404975003961,412.20752141871276,53.142163158786566,4.19745358524824,3.889900228914796,0.3075533563334445,-0.03378618480638984,0.012899636678743049,0.8298844500583227,-0.003360873268208664,1,MSFT
2024-05-31,408.7068176269531,410.30174702528416,398.2511426419933,410.30174702528416,47995300,418.577734375,409.44691467285156,415.2206430998059,411.9482100267305,51.202747788347885,3.2724330730753763,3.766406797746912,-0.49397372467153566,0.001109162008592346,0.012884619374705857,0.6903026994664461,-0.0018075531146443113,1,MSFT
2024-06-03,407.1217651367188,409.9867435149057,402.5929630717942,409.1006748520027,17484700,417.91908569335936,409.15004150390627,413.9746618747156,411.59069559043337,50.569413508621274,2.3839662842822236,3.4899186950539747,-1.105952410771751,-0.003878213971172495,0.012909734634493665,-0.63569974560009,-0.004957292341294051,1,MSFT
2024-06-04,409.63232421875,409.9965945509901,403.341179685009,406.04863004617806,14348900,417.0064300537109,408.91576293945315,413.306609927644,411.44563104438276,50.27337683117507,1.8609788832612253,3.1641307326954253,-1.3031518494342,0.006166604925158303,0.01232356234259704,-0.17934537052394384,0.0017523444783491549,1,MSFT
2024-06-05,417.449462890625,417.5183569725432,409.8587351784671,411.3453811328119,16988000,416.51121215820314,408.9533978271484,413.9439719219488,411.8903593292896,50.964142002631206,2.053612592659192,2.942027104688179,-0.8884145120289868,0.019083305222027613,0.013698418849165239,0.1839235063314959,0.020775142372255306,1,MSFT
2024-06-06,417.9515380859375,418.7293231019465,414.0724979392672,417.44944957036887,14861300,415.9204925537109,409.0248577880859,414.56052056256243,412.3393355334857,53.78349985946555,2.2211850290767075,2.797858689565885,-0.5766736604891776,0.001202720903833221,0.013633904232966983,-0.12518836825994817,0.021824297785041802,1,MSFT
2024-06-07,417.2919616699219,419.6843561394708,416.4551073364084,419.6056071642028,13621700,415.61036682128906,409.0874499511719,414.98074227138693,412.7061967287773,53.91066717551863,2.274545542609644,2.693196060174637,-0.41865051756499305,-0.001578116972690724,0.013423151678003549,-0.08341127626789047,0.0200556426742724,1,MSFT
2024-06-10,421.249755859375,421.45649821147657,417.3313558315188,418.1288206635897,13982900,415.384912109375,409.2431530761719,415.9452059003082,413.33905296067337,52.784542125491875,2.6061529396348533,2.6757874360666807,-0.0696344964318274,0.009484472630660878,0.013577459564768047,0.026516514091486476,0.02933855506916294,1,MSFT
2024-06-11,425.98529052734375,426.1231387794062,418.6702594600756,418.89671156901073,14551100,415.6172576904297,409.4178942871094,417.48983430446754,414.27581129894526,53.91060578107215,3.2140230055222787,2.7834345499578004,0.43058845556447833,0.011241631839780997,0.014076469746996724,0.04063534746011199,0.04046573555140287,1,MSFT
2024-06-12,434.2356872558594,436.5394779500611,426.5465300525426,428.584509143896,22366200,416.78786010742186,409.81916442871096,420.06611937391244,415.7543206290871,59.861602533613315,4.311798744825353,3.089107388931311,1.222691355894042,0.019367797226758965,0.015182679516786365,0.5370796709527115,0.059578772654971246,1,MSFT
2024-06-13,434.7476196289063,436.52964196122593,432.57182236972,434.0289338170149,15960600,419.4372222900391,410.2501318359375,422.3248117208346,417.1612316661107,64.45287318319342,5.163580054723866,3.5040019220898224,1.6595781326340435,0.0011789274536186944,0.008256697589050241,-0.28639643748155696,0.059713540330477155,1,MSFT
2024-06-14,435.7223205566406,436.2835084137765,429.9628289677156,431.4986893853765,13582000,422.13877258300784,410.7511065673828,424.3859669263432,418.5361271394833,62.8548604189999,5.849839786859889,3.9731694950438357,1.876670291816053,0.002241992557811656,0.00818444379807808,-0.14902948510707614,0.06079402730753536,1,MSFT
2024-06-17,441.43255615234375,443.9627988421197,433.9009273701985,435.7419888452348,20790000,425.5698516845703,411.2161218261719,427.00851911495863,420.2321589182137,66.74093525523195,6.776360196744918,4.533807635384052,2.2425525613608652,0.013105217075884967,0.007539558804632428,0.530702400235606,0.07348066557308974,1,MSFT
2024-06-18,439.4339294433594,443.1751513635572,438.0063828272257,442.7517817727517,17112500,428.5500122070313,411.65944396972657,428.9201207039433,421.65451229044675,65.66889665219301,7.2656084134965795,5.080167791006558,2.185440622490021,-0.0045275924512795385,0.00854363818385633,-0.17688792688792687,0.06746956952037109,1,MSFT
2024-06-20,438.8038635253906,439.6210080275433,434.4423844149745,439.3945559147101,19877400,430.6854522705078,412.05694763183595,430.4406965226275,422.92483460414627,87.90634305638451,7.515861918481221,5.567306616501492,1.948555301979729,-0.0014338126297321896,0.007769282079001636,0.1615719503287072,0.06491072665386155,1,MSFT
2024-06-21,442.82073974609375,443.6083496603445,439.60134591371855,440.4578799579492,34187100,433.17237243652346,412.5941467285156,432.3453185570069,424.3986053554016,88.88905896997206,7.9467132016052915,6.043187933522252,1.9035252680830395,0.00915414962035932,0.007741090765133123,0.7198979745842011,0.07325986870450452,0,MSFT
2024-06-24,440.7433776855469,445.74476346815527,439.502863594004,442.8403957299967,15913700,435.51751403808595,412.99800964355467,433.63732765370537,425.60932923170867,87.90240512469423,8.027998421996699,6.440150031217142,1.5878483907795573,-0.004691203175664294,0.008124900593319682,-0.5345115555282548,0.0671803916583964,1,MSFT
2024-06-25,443.9726257324219,444.4353547941903,439.83759879553867,441.3143898379412,16413400,437.7898010253906,413.58497802734377,435.22737351196946,426.9695734169467,88.09530741652307,8.257800095022787,6.803680043978272,1.4541200510445158,0.007326821480183376,0.00803585203322187,0.0314006170783665,0.0734737703724555,1,MSFT
2024-06-26,445.1638793945313,446.5816011478092,441.2553047079256,442.0527694384708,16507000,439.70765991210936,414.3581207275391,436.75606672467126,428.3172997856567,86.04360416197014,8.438766939014556,7.130697422985529,1.3080695160290272,0.0026831691709465755,0.00778411919641695,0.005702657584656379,0.07434573410291279,1,MSFT
2024-06-27,445.84320068359375,449.11183858085,444.7798943577927,445.1835541624589,14806300,440.8684112548828,415.1263763427734,438.15408733373624,429.6155146669854,86.10765204694073,8.538572666750838,7.412272471738591,1.1263001950122469,0.0015260027160928225,0.005765523950276353,-0.10302901799236686,0.07399391147205048,1,MSFT
2024-06-28,440.0345153808594,448.33407381119525,439.5028621939787,446.0598180142048,28362300,441.3971008300781,415.83231262207033,438.44338395637055,430.38729249764276,75.9784065223848,8.056091458727792,7.541036269136431,0.5150551895913607,-0.013028538494762598,0.00762174977618028,0.9155562159351087,0.058201832864261505,1,MSFT
2024-07-01,449.6632080078125,450.2932899171113,438.7644825324962,441.71806471797646,17662800,442.7911895751953,416.8796118164062,440.16951073351544,431.8151380909887,78.73358326965595,8.354372642526755,7.7037035438144965,0.6506690987122585,0.021881675846766813,0.010052610076402093,-0.3772437355221544,0.07864044021861205,1,MSFT
2024-07-02,452.1737365722656,452.4789376582484,446.0991893815869,446.1878232862581,13979800,443.8653076171875,418.0783447265625,442.0163147087078,433.3231824229351,77.73146583231916,8.69313228577272,7.9015892922061415,0.7915429935665781,0.005583130929425639,0.009495006579017085,-0.20851733586973753,0.08155263786265388,1,MSFT
2024-07-03,453.6406555175781,453.8867873546844,450.795387104232,451.1005881786126,9932800,445.2859802246094,419.27025024414064,443.8046748331494,434.8281804299457,73.99558928749332,8.97649440320373,8.11657031440566,0.8599240887980706,0.00324414893362146,0.00917327609211839,-0.2894891200160231,0.08197673279566975,0,MSFT
2024-07-05,460.3255920410156,461.1033770377166,451.8685059547019,452.498587816865,16000300,447.4381530761719,420.4659344482422,446.34635440359034,436.71687758632123,77.43978816591833,9.629476817269108,8.41915161497835,1.2103252022907576,0.014736193597574276,0.009672478083991897,0.6108549452319587,0.0947987799417791,0,MSFT
2024-07-08,459.0260620117188,460.4634937005408,457.2736043779676,459.331263113158,12962300,449.0586853027344,421.6063421630859,448.2970786509947,438.3694097659803,74.82698551314581,9.927668885014384,8.720855068985557,1.206813816028827,-0.00282306708939406,0.009819561426426258,-0.1898714399105017,0.08875511610344367,0,MSFT
2024-07-09,452.4297180175781,460.0991646310165,450.9135374483829,459.7742838174559,17207200,450.2273193359375,422.81176696777345,448.9328693227768,439.41091408091347,61.49888347342833,9.521955241863338,8.881075103561114,0.640880138302224,-0.014370303867348388,0.011122958674394088,0.32748046257222874,0.07004996871825986,0,MSFT
2024-07-10,459.035888671875,459.24263100795065,451.76021694759896,454.0837171765978,18196100,451.7336456298828,424.0062255859375,450.48717999186886,440.8646159024662,68.69490707512051,9.622564089402658,9.029372900729424,0.5931911886732344,0.014601540065147134,0.011684649070105163,0.057470128783299934,0.08261591687133785,0,MSFT
2024-07-11,447.6646423339844,457.58866578342753,444.5633568384772,455.81652839633193,23111200,451.9837219238281,425.0532562255859,450.0529434291174,441.3683215640601,57.01375938469268,8.684621865057295,8.960422693595,-0.2758008285377045,-0.02477202026793801,0.014707276288797323,0.27011832205802344,0.05319659543179234,0,MSFT
2024-07-12,446.5323791503906,449.29889867197954,443.6772557704516,447.3003093014831,16324300,452.0526397705078,426.3315856933594,449.51131815546717,441.7508443482327,53.07853799123896,7.760473807234462,8.720432916322892,-0.9599591090884303,-0.0025292665011256155,0.014736558835923034,-0.29366281283533524,0.0473828215757881,0,MSFT
2024-07-15,446.93603515625,450.1849934949163,444.4451821193013,446.28624348851673,14429400,452.7427917480469,427.5077221679687,449.1151207709722,442.13493255623393,55.28304450992532,6.980188214738291,8.372383976005972,-1.392195761267681,0.0009039792514653477,0.01398064786449792,-0.11607848422290701,0.045445525263863695,0,MSFT
2024-07-16,442.5647583007813,447.27079820143007,439.7490242805094,447.19204922721934,17175700,452.03294677734374,428.53943359375006,448.1073726986352,442.1667715002745,48.82188450468998,5.940601198360696,7.886027420476918,-1.9454262221162217,-0.009780542430284145,0.012382492389349546,0.1903266941106352,0.03272820097187856,0,MSFT
2024-07-17,436.6575927734375,437.9670310742686,432.3847473538584,435.74198947896895,21778000,450.48133239746096,429.27964416503914,446.3458680947586,441.75868418717545,43.40257691794247,4.587183907583153,7.2262587178981645,-2.6390748103150115,-0.013347573245606426,0.012620580290248555,0.26795414451812727,0.01718681216005158,0,MSFT
2024-07-18,433.5563354492188,437.7701116080265,427.6787055457858,437.4649105112389,20794800,448.472900390625,429.82260314941414,444.3782476877525,441.1511027991786,40.815436388588815,3.227144888573889,6.4264359520333105,-3.1992910634594214,-0.00710226359404631,0.012436886572381796,-0.045146478097162324,0.008686682069408924,0,MSFT
2024-07-19,430.3467712402344,434.3144456334854,425.31585048613374,426.39883667006126,20940400,445.4750183105469,430.3839221191407,442.2195590035189,440.3507819429605,42.46553753844985,1.8687770605583864,5.514904173738326,-3.64612711317994,-0.007402876965594163,0.010454955122204996,0.007001750437609422,-8.632032238431453e-05,0,MSFT
2024-07-22,436.0865478515625,437.72086686190295,432.1189038234256,434.9543474054432,15808800,443.1810668945312,431.036449584961,441.27601882629483,440.0349127510051,38.76116103006859,1.2411060752897356,4.660144554048609,-3.419038478758873,0.013337561694227285,0.012215159020475999,-0.24505740100475637,0.011716174517176325,0,MSFT
2024-07-23,437.9670104980469,441.4522458319455,436.24408758502966,437.0316974699668,13107100,441.73479614257815,431.69160156250007,440.766940621949,439.8817348063415,38.115617478537814,0.8852058156074918,3.9051568063603854,-3.0199509907528936,0.004312131744830694,0.012058313104242676,-0.17089848691867815,0.014536787171288701,0,MSFT
2024-07-24,422.2637939453125,434.64916540683873,420.9740654607642,433.6351033912307,26805800,438.0575866699219,431.9851226806641,437.9203026716972,438.576702149969,28.801384874664805,-0.6563994782717941,2.99284554943395,-3.649245027705744,-0.03585479311530115,0.014164547294356752,1.0451358424060242,-0.022503850769272637,0,MSFT
2024-07-25,411.9262390136719,423.1498448431678,411.0500252919827,422.1653174889069,29943800,434.48374633789064,432.0919409179688,433.92121595507786,436.60259376950256,18.838736754080756,-2.6813778144247067,1.8580008766622187,-4.539378691086926,-0.02448127232281594,0.014127053728652748,0.11706421744547812,-0.04666993293477173,0,MSFT
2024-07-26,418.68994140625,422.28349032231534,410.8137224917234,411.7293557750341,23583800,431.6995025634766,432.2782135009766,431.5779429475659,435.27573063148384,25.737279884396614,-3.6977876839179658,0.7468431645461819,-4.444630848464148,0.01641969302264723,0.016103898161725656,-0.21239789205110904,-0.03143408959863281,0,MSFT
2024-07-29,420.1273498535156,425.4634710488169,418.1287606158368,424.9022832711689,15125800,429.0186340332031,432.35008361816415,429.8163132407889,434.1536283516343,29.28398417378152,-4.337315110845452,-0.2699884905321449,-4.067326620313307,0.003433109576116866,0.016248809301312332,-0.35863601285628266,-0.028270455419740825,0,MSFT
2024-07-30,416.3763732910156,422.4115014796213,410.90237288373,421.1020931567628,32687600,426.39979553222656,432.3880877685548,427.748630171593,432.8367946434403,21.601794904820395,-5.088164471847335,-1.233623686795183,-3.8545407850521523,-0.008928189425915334,0.016229270385198155,1.161049332927845,-0.03703088713699665,0,MSFT
2024-07-31,411.87701416015625,415.2539356882569,405.8320019373709,413.9937419087569,42891400,423.92173767089844,432.3514630126954,425.3068430929104,431.2842183113452,23.777208609438873,-5.9773752184348155,-2.1823739931231096,-3.795001225311706,-0.010805990491959738,0.01612028305824178,0.31216118650497426,-0.04735602999899624,0,MSFT
2024-08-01,410.6562194824219,420.8460843318748,406.6984300535164,414.2793032379423,30296400,421.63172607421876,432.1894097900391,423.0529009989891,429.7562183980916,23.74640003716091,-6.703317399102502,-3.0865626743189885,-3.616754724783514,-0.002963978653248378,0.01613360533556808,-0.2936486102109047,-0.049823502889805305,0,MSFT
2024-08-02,402.1696166992188,408.5789001449341,398.0838337068482,406.1077265801338,29437900,418.8140106201172,431.78476928710944,419.84008802979366,427.7127664203973,20.706102068317676,-7.872678390603653,-4.043785817575921,-3.8288925730277317,-0.020665954588242497,0.016855305805417307,-0.02833670006997535,-0.06858776569814218,0,MSFT
2024-08-05,389.0360107421875,394.83489176821496,379.6140759587015,383.1485558976655,40709200,414.1089569091797,431.088314819336,415.1009992163158,424.84782155534475,18.575884894395998,-9.746822339028938,-5.184393121866525,-4.562429217162413,-0.03265688259800559,0.017078249383651163,0.3828839693048758,-0.09754916250692647,1,MSFT
2024-08-06,393.4269714355469,399.3932349930632,392.3341604668248,393.81095153508136,24946500,409.6549530029297,430.54898986816414,411.7665334038898,422.52035117610046,24.16143936174288,-10.753817772210652,-6.29827805193535,-4.455539720275302,0.011286771846602317,0.01790540432873097,-0.3872024014227742,-0.08622019632187305,1,MSFT
2024-08-07,392.2652587890625,403.7349973998657,391.32012086399686,402.3173055349637,20650900,406.6550994873047,429.92420898437507,408.766337309301,420.2792332215051,24.73491780136385,-11.512895912204101,-7.341201623989101,-4.171694288215,-0.0029528037751084257,0.01560876973445074,-0.172192491932736,-0.08759439317054418,1,MSFT
2024-08-08,396.4592895507813,399.5802241774896,393.7518395528805,396.2131577327903,20203000,405.1084045410156,429.3801580810548,406.8729453464518,418.5147929495996,29.511841497845552,-11.641847603147824,-8.201330819820846,-3.440516783326977,0.01069182311649497,0.015248617186006449,-0.021689127350381865,-0.07667067960801988,1,MSFT
2024-08-09,399.7378234863281,401.736413003281,396.0360207139592,397.7786234799922,19276700,403.21319274902345,428.92432128906256,405.77523429104815,417.12390632269063,27.34969301353341,-11.34867203164248,-8.830799062185173,-2.517872969457306,0.008269534910536835,0.014237181470349226,-0.045849626293124834,-0.0680457981842092,1,MSFT
2024-08-12,400.5155944824219,402.43543495594565,397.98535182009545,400.7617263356741,16762900,401.25201721191405,428.7695532226563,404.96605893587486,415.89366100118923,26.337376828673854,-10.927602065314375,-9.250159662811015,-1.6774424025033596,0.001945702784165837,0.014152269601040162,-0.1304061379800484,-0.06589544086765509,1,MSFT
2024-08-13,407.6042175292969,408.52967573216,403.23291326546496,403.2525929980432,19414300,400.3748016357422,428.7475012207032,405.37192948870904,415.2796281514194,39.606327187406556,-9.907698662710345,-9.381667462790881,-0.5260311999194638,0.017698744180074888,0.01568557599253446,0.15817072224973017,-0.04931406860963272,1,MSFT
2024-08-14,410.41009521484375,411.2568044389076,406.0683556338293,408.38197108714223,18267000,400.2281097412109,428.8132678222657,406.1470319081144,414.91892200796934,48.79651947259156,-8.771890099854943,-9.259711990203694,0.48782189034875145,0.006883828883211152,0.015581188979961766,-0.059095615087847664,-0.042916518653638436,1,MSFT
2024-08-15,415.2626953125,415.3415862221362,411.9388626649199,414.0495331175792,20752100,400.6887573242187,428.9258752441407,407.5494416626352,414.9443866971938,47.19440880329684,-7.394945034558589,-8.886758599074675,1.491813564516086,0.01182378346496571,0.015990952405821584,0.1360431378989435,-0.0318544082328065,0,MSFT
2024-08-16,412.7377624511719,415.5684441235936,411.5837759699612,414.8385903403338,22775600,401.7455718994141,428.83164123535164,408.34764486087164,414.7809330493403,44.05660488506029,-6.43328818846868,-8.396064516953476,1.9627763284847966,-0.006080326718074236,0.014352922330046447,0.09750820398899385,-0.03752959725130711,0,MSFT
2024-08-19,415.755859375,415.9728470077707,410.75530126947416,413.22105614207504,15234000,404.4175567626953,428.78772766113286,409.48737017073756,414.853149814204,49.49497107130314,-5.365779643466453,-7.790007542256072,2.424227898789619,0.007312383790385901,0.007197114896089702,-0.3311262930504575,-0.030392353711279352,0,MSFT
2024-08-20,418.9810791015625,420.0265568174448,415.8643912576991,415.92356696995296,16387600,406.97296752929685,428.8215100097657,410.9479407754799,415.1589223540083,55.90437183140889,-4.210981578528447,-7.074202349510547,2.8632207709821005,0.007757484720506191,0.00703116301608429,0.07572535118813173,-0.022947614983164222,0,MSFT
2024-08-21,418.3301086425781,420.5591305026096,415.943244764668,418.27090283610073,16067300,409.57945251464844,428.76311706542975,412.0836589088796,415.3938250420505,56.4389566891833,-3.310166133170867,-6.321395106242612,3.011228973071745,-0.0015536989412034963,0.006837053941111174,-0.01954526593277839,-0.024332802910516094,0,MSFT
2024-08-22,409.8577575683594,420.9438117994872,408.9306313403218,418.54707521874735,19361900,410.91929931640624,428.44056640625007,411.7412125487996,414.9837459699252,56.452458119531975,-3.2425334211256427,-5.705622769219218,2.4630893480935754,-0.02025278816700604,0.010653843057678648,0.20505000840215848,-0.043373131059373904,0,MSFT
2024-08-23,411.080810546875,413.51697764071497,406.4451792024677,411.2682103309817,18493800,412.05359802246096,427.9774688720704,411.6396122408112,414.69463964229186,73.12485354169787,-3.055027401480686,-5.175503695671512,2.1204762941908264,0.0029840913241996336,0.010514539468090736,-0.044835475857224805,-0.03948025200888805,1,MSFT
2024-08-26,407.8259582519531,411.5640508373135,405.7054152115458,410.6665125068156,13152800,412.7846343994141,427.4390356445313,411.0528962425253,414.18584842819274,65.47325615715081,-3.1329521856674205,-4.7669933936706945,1.634041208003274,-0.007917791858471412,0.011057609163664472,-0.28879948955866286,-0.0458850871282821,0,MSFT
2024-08-27,408.1712036132813,408.68406980179446,404.6303831532702,407.2046168469379,13492900,412.8413330078125,426.8880133056641,410.60955891494933,413.74031918264376,67.39793683940678,-3.130760267694427,-4.439746768475441,1.308986500781014,0.0008465507267070294,0.009559090339000273,0.025857612067392566,-0.04384477687121435,0,MSFT
2024-08-28,404.9756164550781,409.3153393341326,401.7306743732061,409.1969879073614,14882700,412.2978851318359,426.1588745117188,409.74279853650756,413.09108194356486,59.52317088901758,-3.348283407057295,-4.2214540961918114,0.8731706891345166,-0.007829036271825851,0.0095449388734182,0.10300231973852925,-0.049707419752579085,0,MSFT
2024-08-29,407.4610290527344,416.268697643249,404.9755591436319,409.2561057035253,17045200,411.51771850585936,425.5194165039063,409.3917570774655,412.67404098868855,58.792237300147974,-3.2822839112230326,-4.033620059198056,0.7513361479750236,0.006137190726227093,0.00881854235197231,0.14530293562324048,-0.04243845697933302,0,MSFT
2024-08-30,411.426025390625,411.7712070065085,406.4846428028709,409.9071119024553,24308300,411.3865447998047,424.971859741211,409.7047214333362,412.58159538883194,61.58027608965624,-2.876873955495739,-3.802270838457593,0.925396882961854,0.009730982977951275,0.009377439496590497,0.42610822988289954,-0.03187466191016697,0,MSFT
2024-09-03,403.83148193359375,414.1284769320411,401.4544905684809,412.1854608426902,20313600,410.19410705566406,424.192074584961,408.8011461256835,411.9334388365921,46.038185958658055,-3.1322927109085867,-3.668275212947792,0.535982502039205,-0.018459074021437205,0.010529979407705264,-0.1643348156802409,-0.04799852206406385,1,MSFT
2024-09-04,403.2988586425781,405.6068015782242,398.830912042889,400.3498254636215,15135800,408.6258850097656,423.4431842041016,407.9546403590519,411.29384030370215,42.15796144218585,-3.339199944650261,-3.602460159288286,0.26326021463802496,-0.0013189246377359742,0.00988494769823827,-0.25489327347195967,-0.04757267636598406,1,MSFT
2024-09-05,402.7958068847656,407.4412799387572,400.5667551830583,402.036335234427,14195500,407.07245483398435,422.6196478271485,407.1609736707002,410.66435634674394,34.793115796636556,-3.5033826760437705,-3.582644662639383,0.07926198659561257,-0.0012473423790626548,0.00989302789678836,-0.062124235256808324,-0.04690704997816586,1,MSFT
2024-09-06,396.197509765625,405.0248942566708,395.3098139211049,403.4566777506577,19609500,405.70643005371096,421.6403204345704,405.4742869160732,409.5927380814759,31.648164413506947,-4.118451165402689,-3.6898059631920446,-0.4286452022106446,-0.016381245798391064,0.009228102355518356,0.3813884681765347,-0.06034245169608632,1,MSFT
2024-09-09,400.1624145507813,403.0522719406784,396.6413094868822,401.6615826272171,15295100,404.6145904541016,420.7267047119141,404.6570757829514,408.89419559772074,33.054695521366554,-4.237119814769358,-3.7992687335075077,-0.4378510812618499,0.010007394512655532,0.009998464779660385,-0.22001580866416792,-0.04887802445346057,1,MSFT
2024-09-10,408.5262451171875,410.6270428090768,402.1152829853601,402.6084339185776,19594300,404.684619140625,420.0965393066407,405.2523326036031,408.8669400065701,39.78016483759073,-3.6146074029669535,-3.7623364673993973,0.14772906443244382,0.020901089813233353,0.012216469272814182,0.2810834842531269,-0.027541988821306873,1,MSFT
2024-09-11,417.2452087402344,418.1821775855184,403.9695620775317,409.80848319257257,19266900,405.59201965332034,419.44817932128916,407.09739047077716,409.48755250536004,49.083973478262216,-2.390162034582886,-3.487901580836095,1.0977395462532091,0.02134248099665137,0.013929060217348589,-0.016708940865455824,-0.005252068526365838,1,MSFT
2024-09-12,421.1509399414063,421.5158668532968,414.000250680106,417.51148327493246,17395700,407.2095520019531,418.8277233886719,409.2594750047201,410.35150713025234,60.332073752224574,-1.0920321255322278,-3.0087276897753217,1.9166955642430938,0.009360757461935432,0.013598516886426132,-0.09711993107349914,0.005546950268567663,1,MSFT
2024-09-13,424.6917724609375,425.9147773030141,419.63203841011375,419.9969653323754,15874600,408.93262634277346,418.24874572753913,411.63367461336895,411.4137490065994,61.945964014579275,0.21992560676955009,-2.3629970304663472,2.5829226372358973,0.008407514227615875,0.013656853496626374,-0.08744114924952717,0.01540477239732252,1,MSFT
2024-09-16,425.4314880371094,427.5914917589124,422.3542307072933,424.7016342113202,13834700,410.3331726074219,417.55086364746103,413.7564151400982,412.45210004589643,66.16558503424233,1.3043150942017974,-1.6295346055327182,2.9338496997345156,0.001741770441855861,0.01353269401888018,-0.1285008756126138,0.01887344770600685,1,MSFT
2024-09-17,429.1892700195313,435.7975048548551,426.3487157034463,434.1997005769437,18874200,412.86895141601565,416.95412780761717,416.1307005061648,413.6918904143138,68.16089553529706,2.438810091851053,-0.815865666055964,3.254675757907017,0.00883287224403606,0.011172792606439882,0.36426521717131566,0.02934409661860804,0,MSFT
2024-09-18,424.9087524414063,430.05724996700025,424.5142376703877,429.0413601343423,18898000,415.0299407958984,416.40370849609377,417.48117003466353,414.5227690829873,66.90647109586158,2.9584009516762535,-0.06101234250952048,3.019413294185774,-0.00997349625709465,0.012112560677474585,0.0012609805978531785,0.020424995675542457,1,MSFT
2024-09-19,432.6808166503906,435.4523227974912,430.9153276838819,435.1860320995677,21706600,418.01844177246096,415.87660705566407,419.81957720631385,415.8678096435357,69.63000476021713,3.9517675627781728,0.7415436385480182,3.2102239242301547,0.018291137013130898,0.012508601165572,0.14861890147105505,0.040406719949211745,0,MSFT
2024-09-20,429.3076477050781,433.2232677304983,428.2720426762547,431.2309485866615,55167100,421.32945556640624,415.50946716308596,421.2792803599699,416.8633532036499,64.04771300465632,4.415927156319981,1.476420342102411,2.93950681421757,-0.007795975267463784,0.010897037577090072,1.5414896851648807,0.03320786078882865,0,MSFT
2024-09-23,427.57177734375,430.4813501002658,424.4945200082598,428.33121902605126,15128900,424.0703918457031,415.1302551269531,422.24735681901296,417.6565698066203,70.54108205849673,4.590787012392639,2.099293676160457,2.491493336232182,-0.004043418212108407,0.011513834531595971,-0.725762274979109,0.029970164937730415,0,MSFT
2024-09-24,423.2911987304688,427.4139334394583,420.2632446802758,427.0687217553129,17015800,425.54688720703126,414.6573583984375,422.40794788231386,418.07394972690537,66.24460855519452,4.333998155408494,2.5462345720100643,1.78776358339843,-0.010011368476829485,0.011428796744409086,0.12472155939955987,0.020821625752352357,0,MSFT
2024-09-25,426.1909484863281,427.1871231515397,422.6994610311912,423.94218110016,13396400,426.44146118164065,414.32988220214844,422.98994797523915,418.67520889427,68.29689287057673,4.3147390809691615,2.8999354738018837,1.4148036071672778,0.006850484405431123,0.009722631828277373,-0.2127081888597656,0.028627107996986645,0,MSFT
2024-09-26,425.4019165039063,429.3372518825034,423.2517853511596,429.1301368887743,14492000,426.86655883789064,414.1047686767578,423.36102005657256,419.17348353202084,75.12304640532291,4.187536524551717,3.157455683951851,1.0300808405998665,-0.0018513579071168795,0.009443223472592709,0.08178316562658616,0.027280892860151562,0,MSFT
2024-09-27,422.1569213867188,425.9344744566884,421.6144673905514,425.6089779793521,14896100,426.6130737304687,413.8767803955078,423.1757741073643,419.39447892866514,69.15803285103061,3.7812951786991675,3.282223582901314,0.49907159579785354,-0.007628068871564864,0.009415506402524037,0.027884349986199375,0.020006295069992408,0,MSFT
2024-09-30,424.4057312011719,424.5241127227398,419.5432696493765,422.34436366886086,16807300,426.510498046875,413.7579595947266,423.3649982756424,419.7656828007027,65.4807601337381,3.599315474939715,3.3456419613089943,0.25367351363072066,0.005326952373695848,0.009579663272887883,0.1283020387886762,0.025734300354909756,0,MSFT
2024-10-01,414.9273681640625,422.6106687530044,413.07311568923785,422.5810808985996,19092900,425.0843078613281,413.33477600097655,422.06690133539934,419.40728912391455,47.77332872857718,2.6596122114847844,3.2084360113441526,-0.5488237998593681,-0.022333258814114743,0.011240161980450468,0.1359885287940359,0.003853032107518972,0,MSFT
2024-10-02,411.41607666015625,417.0281363375408,411.0018166583336,416.7914034366954,16582300,423.73504028320315,412.80375732421874,420.42831292382346,418.81534745993247,40.57663016570175,1.612965463890987,2.88934190185352,-1.2763764379625329,-0.008462424446578964,0.011150529613873318,-0.13149390611169598,-0.0033615989182302908,1,MSFT
2024-10-03,410.8341979980469,413.8029462214933,408.61501874387466,411.90926344701154,13686400,421.5503784179688,412.5751654052734,418.9522952429347,418.2241512034965,35.77070429349723,0.7281440394382344,2.457102329370463,-1.7289582899322284,-0.0014143313670020863,0.008318977700637475,-0.1746380176453206,-0.004219758127022466,0,MSFT
2024-10-04,410.3608093261719,414.00026612845136,409.28574375388894,412.5109404707377,19169700,419.65569458007815,412.5438568115234,417.63052817881737,417.6416814348058,34.43995482937494,-0.011153255988403998,1.9634512122986896,-1.9746044682870936,-0.0011522620905994874,0.008348206678753205,0.40063859013327097,-0.005291673719792889,1,MSFT
2024-10-07,403.9300842285156,411.3963666559109,403.3974727803463,410.3015860064157,20919800,417.29152526855466,412.24865966796875,415.52276757107865,416.6260075676732,25.28476361618867,-1.1032399965945388,1.350112970520044,-2.453352967114583,-0.015670904607620217,0.009061194010936231,0.09129511677282376,-0.02017853847275819,1,MSFT
2024-10-08,409.029296875,409.9662958214234,402.5789034212119,405.2714886364785,19229300,415.86533508300784,412.0266986083984,414.5237720793742,416.0632882571048,34.707509495757776,-1.5395161777305475,0.7721871408699257,-2.311703318600473,0.012623998175881335,0.010551113151160339,-0.0808086119370166,-0.007274775502466246,1,MSFT
2024-10-09,411.7415771484375,414.6215919010832,408.62485957486433,410.1634881099829,14974300,414.42039794921874,411.9340026855469,414.09574208999936,415.74316150831464,27.657349101620426,-1.6474194183152804,0.2882658290328845,-1.935685247348165,0.0066310171280137276,0.010527691704651707,-0.22127690555558444,-0.00046712710253316025,0,MSFT
2024-10-10,410.1438293457031,411.63315503124784,407.49067449772366,409.5421995598772,13848400,412.89458923339845,411.8993389892578,413.4877555139538,415.328396162936,28.74650547278489,-1.8406406489821734,-0.13751546657012712,-1.7031251824120464,-0.0038804626285248167,0.010514221092457237,-0.0751888235176269,-0.004261987037567083,1,MSFT
2024-10-11,410.6171875,411.4160895790265,407.58923364023417,410.4396603934482,14144900,411.74061584472656,411.8985583496094,413.0461296656532,414.9794177434592,30.654902015404446,-1.933288077805969,-0.4966699888172955,-1.4366180889886735,0.0011541272120367818,0.010506784006000552,0.02141041564368451,-0.003110889377092252,1,MSFT
2024-10-14,413.3986206054688,418.2314942204609,411.8007861364326,412.0473616280092,16653100,410.63990478515626,412.1231384277344,413.1003590410094,414.8623216591636,38.31279708339098,-1.7619626181542003,-0.7497285146846765,-1.012234103469524,0.006773786363895917,0.010639002140670692,0.17732186158968966,0.003094905524112068,0,MSFT
2024-10-15,413.0040588378906,416.69284850861214,409.57174739931537,416.3969398711013,18900200,410.44757385253905,412.6024993896484,413.085543625145,414.7246725612915,33.44066110432381,-1.6391289361465056,-0.9276085989770423,-0.7115203371694633,-0.000954434165746143,0.00806325595290248,0.1349358377719463,0.0009732356174192436,1,MSFT
2024-10-16,410.4199523925781,410.65665522282575,404.85722518493617,409.4829836231505,15508900,410.34796142578125,412.9423590087891,412.67545266628855,414.40580440064605,31.998090274849304,-1.7303517343574981,-1.0881572260531334,-0.6421945083043648,-0.006256854842016879,0.007846539929445284,-0.17943196368292402,-0.0061083745980083926,1,MSFT
2024-10-17,411.01171875,416.712542386237,409.8971928147913,416.5744456758898,14820000,410.36571350097654,413.3172882080078,412.4194936022442,414.15439064874636,35.696213240420235,-1.7348970465021694,-1.2175051901429406,-0.5173918563592288,0.0014418557235633678,0.0078500006566616,-0.04441965581053464,-0.005578207163808524,1,MSFT
2024-10-18,412.4320068359375,413.9015870376485,410.5580392425752,411.4259897320176,17145300,410.5728332519531,413.6367425537109,412.4214187151201,414.02680666261233,34.29897947668471,-1.6053879474922041,-1.2950817416127933,-0.3103062058794108,0.003455590245107887,0.007905262429399998,0.15690283400809713,-0.0029125452210450042,1,MSFT
2024-10-21,413.0434875488281,413.22101465794185,408.082390447192,410.4199210158205,14206100,411.4841735839844,413.9028558349609,412.51712161261366,413.9539682097394,46.78117898816049,-1.4368465971257365,-1.323434712715382,-0.11341188441035444,0.0014826218691941229,0.005491322555227284,-0.17142890471441152,-0.0020762559958645843,1,MSFT
2024-10-22,421.6539611816406,424.68188532771023,412.3136804024992,412.75749822543423,25482200,412.74664001464845,414.3256231689453,413.92278923861784,414.5243380595099,64.89679812646033,-0.6015488208920488,-1.1790575343507153,0.5775087134586665,0.02084640937909632,0.007475030261144008,0.7937505719374072,0.01768738789709645,1,MSFT
2024-10-23,418.7838134765625,425.17503084101816,416.742161218674,424.9580432083023,19654400,413.45086364746095,414.5492150878906,414.67063912137854,414.8398547570693,60.84502726525606,-0.1692156356907617,-0.9770891546187246,0.8078735189279629,-0.006806879501463303,0.007956002950427027,-0.22870081861063807,0.010214947307942923,1,MSFT
2024-10-24,418.9120178222656,420.144895200207,416.6139175340375,419.5037748840412,13581600,414.3276824951172,414.71925354003906,415.323158921515,415.14149646560236,61.77664693006784,0.18166245591265806,-0.7453388325124481,0.9270012884251062,0.0003061349115640599,0.007735317495576502,-0.30897915988277436,0.010109885775587246,0,MSFT
2024-10-25,422.2851867675781,426.5953216047658,420.7268428827928,420.914242666979,16899100,415.494482421875,414.8597033691406,416.3942401286016,415.67065871019315,77.60312736925381,0.7235814184084575,-0.45155478232826696,1.1751362007367243,0.008052213356990912,0.007942024346462639,0.24426429875714195,0.017898782017472303,0,MSFT
2024-10-28,420.74652099609375,426.0232421444704,420.46048501920137,425.7470788183642,14882400,416.2292724609375,415.0198785400391,417.0638218005235,416.0466485091487,69.73415048838095,1.0171732913747746,-0.15780916758765867,1.1749824589624334,-0.003643665038933097,0.008050317996228903,-0.11933771620973899,0.013798477499920914,0,MSFT
2024-10-29,426.0331115722656,427.2364010768137,419.967330895513,422.1372070838931,17644100,417.532177734375,415.22542358398437,418.4437125346377,416.7863865138241,72.14918068298009,1.6573260208136276,0.20521787009259856,1.452108150721029,0.012564787377578712,0.008650585086011096,0.1855681879266784,0.026028483263369484,0,MSFT
2024-10-30,426.6051940917969,432.4934181148105,426.1810914644013,431.4479404242528,29749100,419.15070190429685,415.3779058837891,419.699325081893,417.5137055936739,76.34971159257165,2.1856194882191176,0.6012981937179024,1.584321294501215,0.00134281234014888,0.008045585040028114,0.6860650302367364,0.027029093384540515,0,MSFT
2024-10-31,400.7837829589844,410.4594021869807,400.7344498042727,409.6703426075015,53971000,418.12790832519534,415.0269793701172,416.78924167836857,416.2744520651783,41.31084908128062,0.5147896131902598,0.5839964776123738,-0.06920686442211399,-0.06052765294567941,0.021969574928576926,0.8142061440514168,-0.03431872412909065,1,MSFT
2024-11-01,404.7487182617188,409.8084519793405,401.9180365381017,403.40736208449033,24230400,417.3595794677734,414.9247985839844,414.9368534604224,415.4206940056628,42.51322547278359,-0.48384054524041176,0.3704290730418167,-0.8542696182822285,0.009892953436043017,0.022249255058336966,-0.551047784921532,-0.0245251196288907,1,MSFT
2024-11-04,402.8648986816406,404.7980722358363,400.0145016086674,404.1865397240717,19672300,416.3417205810547,414.7604803466797,413.07962964830216,414.4906350927723,41.44477782275468,-1.4110054444701632,0.014142169539420713,-1.425147614009584,-0.004654294121470337,0.02223791155828171,-0.18811493000528257,-0.028680605382403024,1,MSFT
2024-11-05,405.8237609863281,409.2166418436789,402.4900558335031,402.7760918050739,17626000,414.7587005615234,414.7204364013672,411.9633421618446,413.8486444182209,46.14619722029173,-1.885302256376292,-0.36574671564372185,-1.5195555407325703,0.007344552266455251,0.021057488114654126,-0.10401935716718436,-0.021452223315151064,1,MSFT
2024-11-06,414.42431640625,414.6906371773605,404.8966366405916,406.77063429083336,26681800,414.3227508544922,414.8454986572266,412.34195358406083,413.89128678770453,52.52259243384691,-1.5493332036436982,-0.6024640132437171,-0.9468691903999811,0.021192833556662016,0.02240407944679994,0.5137751049585839,-0.0010152749694521956,1,MSFT
2024-11-07,419.6023864746094,421.0029483375747,414.12842327754487,415.5092398399127,19901800,414.39178771972655,415.1380340576172,413.45894325952986,414.31433120895673,55.02138199723454,-0.8553879494268699,-0.6530488004803477,-0.20233914894652216,0.012494609663018519,0.022799774504877114,-0.25410579496135943,0.010753898825788033,1,MSFT
2024-11-08,416.7519836425781,420.65773046119216,416.0023846199846,419.493901525776,16891400,413.8384674072266,415.32385314941405,413.9655648569219,414.49489805589167,52.518079529206986,-0.5293331989697663,-0.6283056801782315,0.09897248120846525,-0.006793104433889363,0.022729787389994538,-0.15126269985629437,0.0034385949237794033,0,MSFT
2024-11-11,412.2840270996094,418.9908673331369,410.3015508398996,416.7322277720358,24503300,412.9922180175781,415.34101318359376,413.7068667404123,414.3311298369078,43.258542917467366,-0.6242630964954969,-0.6274971634416846,0.0032340669461876637,-0.010720900483585094,0.02292784466611969,0.4506376025669867,-0.0073601835285962425,0,MSFT
2024-11-12,417.2352600097656,418.6259491955741,411.4851336112788,412.52073848816826,19401200,412.1124328613281,415.60908874511716,414.249696474159,414.5462505904528,48.91824468395809,-0.29655411629380524,-0.5613085540121088,0.26475443771830354,0.0120092765780615,0.022889851874352943,-0.2082209335069154,0.003912742306859673,0,MSFT
2024-11-13,419.3755798339844,423.4489813965326,412.4813090867046,415.8643474786666,21502200,411.38947143554685,415.9306231689453,415.03829391413217,414.9039786825663,50.31497088333677,0.13431523156589265,-0.4221837968965085,0.5564990284624012,0.005129767374331351,0.022979545143181655,0.10829227058120106,0.008282527116643124,0,MSFT
2024-11-14,421.0424499511719,422.30491523139983,414.24681513135374,419.1783248352984,30246900,413.41533813476565,416.2955560302734,415.9620102275229,415.3586802580185,49.13556891291667,0.6033299695043866,-0.2170810436163295,0.8204110131207161,0.003974647541107101,0.009873875939893972,0.4066886179088651,0.011402701403214754,0,MSFT
2024-11-15,409.3153381347656,417.0084818478404,407.9739818358906,414.0693210931382,28247600,413.8720001220703,416.55791259765624,414.9394452901756,414.9110252859257,43.03573042122475,0.028420004249937847,-0.16798083404307604,0.19640083829301389,-0.027852564077009867,0.014100195397364174,-0.06609933579970184,-0.017386716813818093,1,MSFT
2024-11-18,410.0649108886719,412.6687324009395,406.4550421174999,409.1870876999845,24727000,414.5920013427734,416.7559625244141,414.1895169207135,414.5520538490921,39.70234683981159,-0.36253692837857443,-0.2068920529101757,-0.15564487546839872,0.0018312843034957726,0.013948704315231122,-0.12463359719055778,-0.01605508315996862,1,MSFT
2024-11-19,412.0670776367188,412.2150169012381,405.912533336808,407.4511618868994,18133500,415.2163330078125,416.8267791748047,413.86298780009895,414.36798153706445,40.79438246409914,-0.5049937369655026,-0.26651238972124114,-0.2384813472442615,0.00488256052854652,0.013862626450628409,-0.2666518380717434,-0.011418895752112412,1,MSFT
2024-11-20,409.798583984375,411.57394553855335,404.9558378403451,411.1596854793811,19191700,414.753759765625,416.6778466796875,413.2376949053722,414.0295076442726,58.134579363073,-0.7918127389003757,-0.3715724595570681,-0.42024027934330765,-0.005505156260854571,0.01213658387934744,0.05835608128601755,-0.016509787477616444,1,MSFT
2024-11-21,408.0295715332031,414.85856338751086,405.47983232208855,414.5818472703372,20780200,413.5964782714844,416.41541931152346,412.43644515580775,413.58506793234153,53.08267158179781,-1.1486227765337844,-0.5269825229524114,-0.621640253581373,-0.004316785172784554,0.01117763863865458,0.08277015584862202,-0.02013817786138905,1,MSFT
2024-11-22,412.1111755371094,412.50647998528166,406.2408124943726,406.54717570369087,24814600,413.1323974609375,416.1638073730469,412.386403676008,413.47589071787985,58.3431731716075,-1.0894870418718483,-0.6394834267362988,-0.45000361513554954,0.010003206357248384,0.01174769669480815,0.19414635085321597,-0.00973806891454343,1,MSFT
2024-11-25,413.8801574707031,416.143288030705,409.9863472135053,413.4749606494442,27691100,413.29201049804686,415.93278076171873,412.6162119521149,413.50583640327415,57.42903648105143,-0.8896244511592499,-0.689511631620889,-0.2001128195383609,0.004292487169968773,0.011327180849058387,0.11591966020004363,-0.004934988021998543,1,MSFT
2024-11-26,422.9723205566406,424.0100286609721,413.9394917851935,414.67080652096905,23458900,413.8657165527344,415.8084417724609,414.20945942973424,414.2070574516717,57.8115387254046,0.0024019780625508247,-0.5511289096842011,0.553530887746752,0.02196810579541042,0.012799051775059064,-0.15283610979701057,0.017228795917760387,1,MSFT
2024-11-27,418.0308837890625,422.2211948203964,417.0722547980022,420.12602422483343,18332400,413.7312469482422,415.67088439941404,414.79737086963087,414.490303847034,48.55765433336713,0.30706702259686836,-0.3794897232279873,0.6865567458248556,-0.011682648077479652,0.013352863670131292,-0.21853113317333717,0.005677567224989355,1,MSFT
2024-11-29,418.4954223632813,419.8987878079345,412.9017755703151,415.1649364652311,16271900,413.47654418945314,415.3871765136719,415.366301868654,414.78697929268196,51.6734400237151,0.5793225759720144,-0.18772726338798695,0.7670498393600014,0.0011112541973172796,0.013282949226156445,-0.11239663110121967,0.007482767946032531,1,MSFT
2024-12-02,425.92724609375,427.9235529659965,416.370602899235,416.6275643373692,20207200,415.1377349853516,415.3195684814453,416.99106251866874,415.61218424090924,62.39046192101893,1.3788782777594975,0.1255938448415099,1.2532844329179875,0.017758434939384893,0.010368483768322327,0.24184637319550872,0.025541001236927263,1,MSFT
2024-12-03,426.1446533203125,427.3997530713115,422.7251964040861,424.8005821824231,18302000,416.74570922851564,415.29102600097656,418.39930725738316,416.3923671356799,58.852471443689396,2.0069401217032805,0.501863100213864,1.5050770214894165,0.0005104327759173355,0.010408004026699584,-0.09428322578090975,0.026134991222541926,1,MSFT
2024-12-04,432.2918090820313,434.5154306370045,427.5579574158117,427.9532618825141,26009400,418.7681823730469,415.4710382080078,420.53661523040597,417.57010357615036,61.88719329120773,2.966511654255612,0.9947928110222136,1.9717188432333983,0.014425044908631834,0.010932125916075446,0.4211233744945908,0.04048602508269683,1,MSFT
2024-12-05,437.4307556152344,439.4468472719849,431.05639296725934,432.78587611481566,21697800,421.5313995361328,415.6958343505859,423.1357137511488,419.0412629864529,64.17663320668802,4.094450764695864,1.614724401756944,2.47972636293892,0.011887679630376402,0.010474450684731023,-0.1657708366975017,0.052285636440412064,1,MSFT
2024-12-06,438.3696899414063,440.87002757046025,436.5907746503493,437.1145598403157,18821000,424.56541137695314,415.95518981933594,425.4794023958038,420.47299831644943,80.90083914476946,5.006404079354354,2.293060337276426,2.713343742077928,0.0021464753315101337,0.009910503258171182,-0.1325848703555199,0.05388681442298093,1,MSFT
2024-12-09,440.7908935546875,443.0738089240489,435.3356203613735,437.4110061952819,19144400,427.4333831787109,416.3278692626953,427.8350164202474,421.978027593356,81.55663638762762,5.856988826891438,3.0058460351994283,2.85114279169201,0.005523200323463984,0.009873005079398103,0.017182933956750412,0.05875903608210398,1,MSFT
2024-12-10,438.1324157714844,444.3486806813264,436.4227174768319,439.1800161501316,18469500,429.8586090087891,416.60240295410154,429.4192317050531,423.17464893988404,76.41390690997338,6.244582765169071,3.653593381193357,2.5909893839757134,-0.006031154050766041,0.010671125532007433,-0.035253128852301474,0.05168000151874996,1,MSFT
2024-12-11,443.7261352539063,445.07020661100427,438.8440482605507,438.8440482605507,19200200,431.9339904785156,417.1783782958984,431.62029378949205,424.69698125944126,82.2104720293903,6.923312530050794,4.307537210964845,2.615775319085949,0.012767189281286617,0.009444690249995641,0.039562521995722744,0.06363646425409408,0,MSFT
2024-12-12,444.2894287109375,450.8120574082061,443.8446923743848,443.8446923743848,20834800,434.5598449707031,417.8358453369141,433.5693914697144,426.14827366325585,85.23132358496552,7.42111780645854,4.930253330063584,2.4908644763949557,0.0012694619772821714,0.007643104956329907,0.08513452984864744,0.06331094775435808,0,MSFT
2024-12-13,442.0262145996094,446.13744655491615,440.3560256752725,443.18251083945466,20177800,436.9129241943359,418.4596856689453,434.87044118200595,427.3244174363191,80.13120248658896,7.546023745686853,5.453407413188238,2.092616332498615,-0.0050940084662707275,0.008318506303219002,-0.03153378002188645,0.05631732216447771,0,MSFT
2024-12-16,446.2956237792969,446.8787030896928,440.0596036741231,442.02626356510217,23598800,438.94976196289065,419.17838195800783,436.6281615815892,428.7296919802434,81.08399957859743,7.898469601345823,5.942419850819755,1.956049750526068,0.009658723936893043,0.007329596064397519,0.16954276482074349,0.06469141298418757,0,MSFT
2024-12-17,449.1319885253906,449.9522746519603,444.2993336430134,445.7224537683285,22733500,441.2484954833984,420.0824200439453,438.55182726525095,430.24097320580984,78.5051111007655,8.310854059441112,6.416106692544027,1.8947473668970858,0.006355349671760102,0.007189533368792454,-0.03666711866705086,0.06915206896400572,0,MSFT
2024-12-18,432.2621154785156,447.3431888706938,431.8964279723808,446.0287948744165,24444500,441.2455261230469,420.5470764160156,437.5841792980609,430.3906874482325,62.307695962070476,7.193491849828433,6.5715837240009085,0.6219081258275247,-0.03756105883765459,0.014711280624940351,0.07526337783447334,0.027856665090476573,1,MSFT
2024-12-19,431.9063415527344,437.9842340814429,431.2046739034814,436.4425256398133,22963700,440.6930847167969,420.95037170410154,436.71066579877987,430.50295812264,61.62011997480557,6.207707676139876,6.498808514428703,-0.29110083828882694,-0.0008230513686988683,0.014115963055190287,-0.06057804414080881,0.026026749434334917,0,MSFT
2024-12-20,431.48138427734375,438.5376604876813,423.6048219518138,428.03227991601136,64263700,440.00425415039064,421.3771228027344,435.9061609493282,430.5754341340995,55.47759098920361,5.330726815228672,6.265192174588697,-0.9344653593600247,-0.0009839107105092948,0.014068656118564444,1.7984906613481275,0.02397914107771726,0,MSFT
2024-12-23,430.147216796875,432.5190736490341,427.755575118412,431.619738686297,19152500,438.93988647460935,421.76772338867187,435.02016954125844,430.54371433134213,53.86232323648763,4.47645520991631,5.90744478165422,-1.4309895717379106,-0.00309206266848161,0.013853479034566032,-0.7019701635604548,0.019867554920700137,0,MSFT
2024-12-24,434.1793518066406,434.44620567192754,429.0996280307953,429.55422661934296,7164500,438.544580078125,422.1833380126953,434.89081296670184,430.81302081099386,51.898918386206375,4.077792155707982,5.541514256464973,-1.463722100756991,0.009373848887809233,0.014249922488059064,-0.625923508680329,0.028414228402317,0,MSFT
2024-12-26,432.97369384765625,435.77053252746487,431.511064298451,433.9323230175154,8194200,437.4693359375,422.5827307128906,434.59587156377177,430.9730706655614,45.13072289839494,3.6228008982103574,5.15777158481405,-1.5349706866036925,-0.002776866182068738,0.01342807001606403,0.1437225207620909,0.02458918072027272,0,MSFT
2024-12-27,425.4825439453125,430.117561657289,421.351556737901,429.5048352492743,18117700,435.5886474609375,422.8839825439453,433.19382116093186,430.56636498258,37.68416042445114,2.6274561783518493,4.65170850352161,-2.024252325169761,-0.01730162827162318,0.014134807439160166,1.2110395157550462,0.0061448565295261215,0,MSFT
2024-12-30,419.8493347167969,422.5374469947348,416.9536928964599,421.0649252132939,13158700,433.37095947265624,423.06073486328125,431.14082324644954,429.77251088881826,31.144399509137187,1.3683123576312823,3.995029274343545,-2.6267169167122626,-0.013239577765708943,0.014422267242299528,-0.2737102391583921,-0.007590872614359201,0,MSFT
2024-12-31,416.5584106445313,421.72710593306806,415.7282622709632,421.1044871129431,13246500,430.39723815917966,423.1432629394531,428.8973751538468,428.79368864850073,30.793690640559007,0.1036865053460474,3.2167607205440456,-3.113074215197998,-0.007838345330439589,0.013471013396226686,0.00667239164963096,-0.015561756198547827,1,MSFT
2025-01-02,413.672607421875,421.0748161119684,409.98635677531166,420.5411385593524,16896500,426.85130004882814,423.15584533691407,426.55510319508187,427.67360855763957,21.889436437997603,-1.1185053625576984,2.349707503923697,-3.4682128664813954,-0.006927727658148086,0.012661500200939904,0.27554448344845817,-0.022410745401587384,1,MSFT
2025-01-03,418.3866882324219,419.0587087344669,414.6213587468145,416.1432822085411,16662900,425.46375732421876,423.0904998779297,425.29842397005723,426.98568853354936,27.517605158140483,-1.6872645634921355,1.5423130904405304,-3.229577653932666,0.011395680366477201,0.008925256726663326,-0.013825348444944208,-0.01111774347773098,0,MSFT
2025-01-06,422.833984375,429.2281326887413,420.491774572373,422.9822197752049,20573600,424.5565216064453,423.17150329589845,424.9192794169715,426.6781548921753,33.95051614796667,-1.7588754752038085,0.8820753773116627,-2.6409508525154712,0.010629631074943635,0.009943862640461907,0.23469504107928385,-0.0007975936901933878,0,MSFT
2025-01-07,417.4181518554688,425.601076371356,415.8665512132567,423.9704269151791,18139100,423.1501983642578,423.1416259765625,423.7652597921249,425.99222874130817,26.305557266634338,-2.226968949183288,0.2602665120126727,-2.4872354611959606,-0.012808413513725636,0.010487725767063406,-0.11833125947816614,-0.013526142950092912,1,MSFT
2025-01-08,419.5825805664063,421.9643300518433,416.5979970189095,418.4954706120866,15054600,422.09373474121094,423.08757385253904,423.1217706804759,425.51743998761174,25.483891059883874,-2.3956693071358472,-0.2709206518170313,-2.124748655318816,0.005185276925108173,0.010823588034466787,-0.1700470254863803,-0.008284321031263198,1,MSFT
2025-01-10,414.038330078125,419.73078053679086,410.1543816529302,419.65173171033285,20201100,420.0796325683594,422.9534100341797,421.72431828011423,424.667135549872,31.381375669953954,-2.942817269757768,-0.8052999754051786,-2.1375172943525893,-0.013213728941742442,0.010436325059380702,0.3418556454505599,-0.02107816072539581,1,MSFT
2025-01-13,412.2989196777344,413.5935589908242,407.456372689251,410.3717691669062,17604800,418.0121551513672,422.67872619628906,420.2742569566712,423.7509714111951,30.518546459235154,-3.476714454523915,-1.339582871228926,-2.137131583294989,-0.0042010854407185105,0.010417022757250328,-0.12852270420917677,-0.02455720119146565,1,MSFT
2025-01-14,410.79681396484375,414.81907549699406,405.904834322225,412.91170951779225,16935900,416.5435821533203,422.36255859375,418.81618880408234,422.79140419294686,29.878999459713,-3.9752153888645125,-1.8667093747560433,-2.1085060141084693,-0.0036432443579156315,0.009451016472531189,-0.03799531945832957,-0.027383451476888143,1,MSFT
2025-01-15,421.31201171875,423.13043625280113,413.3662628653434,414.2161960548363,19637800,416.6898498535156,422.7731231689453,419.20016156018505,422.6818195652286,42.70799855324628,-3.4816580050435277,-2.1896991008135402,-1.2919589042299875,0.025597077183773242,0.012482068861766565,0.15953684185664763,-0.0034560178264014807,1,MSFT
2025-01-16,419.6022338867188,424.45467293276505,419.4144891834001,423.6739565648765,15300000,416.9942321777344,423.0701934814453,419.26201884119024,422.4537021075612,37.48941218992845,-3.1916832663709442,-2.390095933925021,-0.8015873324459233,-0.004058222373143683,0.012259519984972761,-0.22089032376335438,-0.008197125791795101,1,MSFT
2025-01-17,424.0001220703125,429.386239236107,423.1502190446997,429.0007970548674,26197500,418.0269836425781,423.49289794921873,419.99095779951676,422.56825173443167,42.69863798756279,-2.5772939349149055,-2.427535534122998,-0.1497584007919075,0.010481088584435527,0.012276976273755779,0.7122549019607842,0.0011977157670175487,1,MSFT
2025-01-21,423.476318359375,425.8481750206776,420.61032363697626,425.1563998310193,26085700,418.53594665527345,423.8459490966797,420.527167116418,422.63551592887194,48.158885854283675,-2.108348812453926,-2.363698189789184,0.255349377335258,-0.0012353857550320146,0.011908459197838665,-0.004267582784616808,-0.0008720874602965445,1,MSFT
2025-01-22,440.9688415527344,442.0262741390286,430.888412499157,432.430120920086,27803800,420.34943237304685,424.37683959960935,423.6720401066205,423.993540049158,65.91682927479995,-0.321499942537514,-1.95525854033885,1.633758597801336,0.04130696909127907,0.017311994774749578,0.06586367243355551,0.03909733143962146,0,MSFT
2025-01-23,441.4728088378906,441.51234832669104,436.3238987940327,436.8180368447621,18389300,422.75489807128906,424.814248046875,426.4106199114313,425.2883007001752,69.60023816211827,1.1223192112560696,-1.339742990019866,2.462062201275936,0.0011428637075165948,0.016309531709680407,-0.33860479502801777,0.03921375252267323,0,MSFT
2025-01-24,438.8539123535156,441.4135440071518,436.225094129831,439.94102216929423,15549500,424.68203125,425.25628662109375,428.32497259482886,426.2931608226449,69.8937589597029,2.0318117721839712,-0.6654320375790987,2.69724380976307,-0.005932180718601576,0.01672487952786126,-0.15442675903922387,0.031975131609371044,0,MSFT
2025-01-27,429.4653015136719,430.09781275609777,418.53496919379126,419.0389997051121,35647800,426.2247283935547,425.599912109375,428.5004078131124,426.5281342071654,58.15035535894218,1.9722736059470094,-0.13789090887387717,2.1101645148208865,-0.021393476452092886,0.017856013079910762,1.2925367375156758,0.00908221382175367,0,MSFT
2025-01-28,441.95709228515625,443.1232508667098,426.32255685114393,429.5048071593075,23491700,429.1905456542969,426.0943487548828,430.5706669626576,427.67101999072025,62.57958778565884,2.8996469719373295,0.4696166672883642,2.430030304648965,0.029086845264230776,0.01924608069327722,-0.3410056160548477,0.03722824199998653,0,MSFT
2025-01-29,437.1441955566406,441.6408703345489,435.2368297408556,441.4530954449331,23581400,431.8252838134766,426.44972106933596,431.5819790540396,428.372736699307,63.079968383848865,3.2092423547326234,1.017541804777216,2.1917005499554074,-0.010889963782751755,0.01982474675522448,0.003818369892344853,0.02507792585838242,0,MSFT
2025-01-30,410.1246948242188,417.9024230144378,408.31616280623206,413.8603773280775,54586300,430.70655212402346,426.2313659667969,428.28085840329794,427.02102989374487,45.28334966852746,1.2598285095530741,1.0659991457323876,0.1938293638206865,-0.061809126158054895,0.028005960104983952,1.3148031923465102,-0.03778856374411632,1,MSFT
2025-01-31,410.1939086914063,415.7579084081136,410.0456732964256,414.06796458574274,34161900,429.7657196044922,426.2489373779297,425.4982507553146,425.7745764713494,47.972043192160584,-0.2763257160348189,0.7975341733789464,-1.0738598894137654,0.00016876298369972176,0.02800887762749654,-0.37416714450329114,-0.03766585034859182,0,MSFT
2025-02-03,406.1024475097656,410.5397977577241,403.8689337668832,406.774468051233,25679100,427.9759521484375,426.16968811035156,422.5142810252301,424.3173817334543,46.81046784077692,-1.8031007082241786,0.27740719705832145,-2.0805079052825,-0.009974456214362548,0.027749347283681877,-0.24831171568326116,-0.047087442303943905,1,MSFT
2025-02-04,407.5354614257813,409.067307667959,404.9362901326214,407.8517170556266,20532100,426.3818664550781,426.0790557861328,420.2098472406995,423.0742765254785,48.320077516504035,-2.864429284779021,-0.3509600993091471,-2.513469185469874,0.0035287005158499696,0.027841927662930074,-0.2004353735138693,-0.04352148764068642,0,MSFT
2025-02-05,408.4446716308594,408.9783190539917,405.5885389886856,407.515689607161,16316700,423.12944946289065,426.0519775390625,418.399820223801,421.9906020888401,42.64408631902673,-3.590781865039105,-0.9989244524551388,-2.591857412583966,0.0022309965417417477,0.023216084441260405,-0.20530778634430968,-0.04132666161979914,0,MSFT
2025-02-06,410.9450073242188,413.2971094519946,409.1463374430024,409.1463374430024,16309800,420.07666931152346,426.1102862548828,417.25292593155757,421.17240988405337,45.095228775211126,-3.9194839524957956,-1.5830363524632702,-2.3364476000325256,0.00612160193784872,0.02347124793479272,-0.0004228796263950896,-0.03559003248654902,0,MSFT
2025-02-07,404.9461669921875,413.7418190108213,403.3155173181378,411.59727657785896,22886800,416.68589477539064,425.96698608398435,415.3595784024237,419.9704659661374,39.397277078922336,-4.610887563713675,-2.1886065947133515,-2.4222809690003233,-0.014597671769007392,0.02359176498024733,0.4032544850335382,-0.04934847013625687,0,MSFT
2025-02-10,407.3872375488281,410.5892429521528,406.1024904859577,408.8597595122439,20817900,414.47808837890625,425.8371276855469,414.1330644249475,419.0383749722626,41.23414660262847,-4.905310547315082,-2.7319473852336977,-2.1733631620813845,0.006028135973658255,0.023423143507493614,-0.09039708478249475,-0.04332616612599083,0,MSFT
2025-02-11,406.6163330078125,407.6540108795472,404.5014076146391,404.8374480391833,18140600,410.9440124511719,425.5100079345703,412.9766442069268,418.11822371563665,27.1134977669831,-5.141579508709867,-3.2138738099289315,-1.9277056987809358,-0.0018923139214032103,0.02024546283226477,-0.12860567108113685,-0.044402421974674255,1,MSFT
2025-02-12,404.2444763183594,405.93442005448907,399.6292135248499,402.435914112503,19121700,407.6540405273438,425.2342797851563,411.6332337625318,417.09053872324574,25.799861611245063,-5.457304960713941,-3.6625600400859337,-1.7947449206280073,-0.005833156459574718,0.02023141875274869,0.05408310640221381,-0.04936056302281577,1,MSFT
2025-02-13,405.7268676757813,406.1814662248677,401.59585076694265,402.2283619307085,23891700,407.2142578125,424.9789086914063,410.7245620568779,416.24878531232247,28.142936821312958,-5.524223255444554,-4.034892683157658,-1.489330572286896,0.003667066451773726,0.007021954086337274,0.24945480788842,-0.04530116818010055,0,MSFT
2025-02-14,403.6416320800781,404.1160155029715,401.1215398904841,403.0091510093491,22758500,406.5590301513672,424.5331964111328,409.6348805219857,415.314922109934,31.144473986553706,-5.680041587948324,-4.363922464115792,-1.3161191238325323,-0.0051395058149550366,0.007119112733470361,-0.04743069768999275,-0.049210673058468046,0,MSFT
2025-02-18,404.8374328613281,405.78616946504144,401.7342314553049,403.2166455935164,21423100,406.4325286865234,424.10705200195315,408.8968116511153,414.53881179522244,17.54237934901022,-5.642000144107158,-4.619538000114066,-1.022462143993092,0.0029625308348093515,0.006580474706670988,-0.05867697783245818,-0.045435743286193375,0,MSFT
2025-02-19,409.90728759765625,410.61884763156144,402.8707662400353,403.098080611906,24114200,406.6697113037109,423.65936157226565,409.05226948904465,414.19573592873604,26.290451722523954,-5.1434664396913945,-4.724323688029531,-0.4191427516618633,0.012523186654196383,0.007683109245006773,0.1256167408078197,-0.032460215026462125,0,MSFT
2025-02-20,412.0759887695313,415.2250013636158,408.5209668454768,411.24417583261857,23508700,407.0328430175781,423.1522662353516,409.517457070658,414.0387176206468,52.99389421636197,-4.521260549988824,-4.68371106042139,0.1624505104325662,0.005290711430345985,0.00781476223323965,-0.025109686408837928,-0.026175630735390643,0,MSFT
2025-02-21,404.2331237792969,413.97725680128366,403.9162642540701,413.27418223243296,27524800,406.3616546630859,422.4695349121094,408.7044827181409,413.31237733610243,42.61576162115039,-4.607894617961506,-4.668547771929414,0.06065315396790805,-0.019032569729804938,0.009758531913527041,0.17083462718057563,-0.04316621584703484,0,MSFT
2025-02-24,400.0641174316406,405.38179653354615,395.4297185716828,404.5301894031576,26443700,405.8734497070312,421.6549993896484,407.375195750987,412.3310247505868,42.534042508233355,-4.95582899959976,-4.726004017463484,-0.2298249821362761,-0.010313371424585327,0.009202829054101854,-0.03927730628378767,-0.051205089443409624,0,MSFT
2025-02-25,394.0235595703125,398.00441513588805,392.8352683816966,397.1923965138258,29387400,404.5370819091797,420.772822265625,405.32109787703706,410.9749162187146,35.00231693503372,-5.65381834167755,-4.911566882306297,-0.7422514593712526,-0.015098974384675445,0.0097731505788997,0.11131952033943815,-0.06357174532157939,0,MSFT
2025-02-26,395.8357543945313,399.6680471786912,390.40913086553707,394.1325097993192,19619000,403.4590240478516,419.8150146484375,403.8618142643438,409.85349682433065,36.27962703820293,-5.9916825599868275,-5.127590017842404,-0.8640925421444239,0.004599204235896437,0.010086617419578732,-0.332400960956056,-0.057118634201273055,1,MSFT
2025-02-27,388.7059020996094,401.7871994813194,388.3494237890168,397.36074580317216,21127400,401.90516662597656,418.7033441162109,401.5301354697693,408.28700832620314,28.015532977711274,-6.7568728564338585,-5.453446585560695,-1.3034262708731639,-0.018012148260400873,0.011190242575961424,0.0768846526326521,-0.07164366475247397,1,MSFT
2025-02-28,393.1224365234375,393.7562160246685,382.8039671137811,388.8346335226669,32845700,400.6447235107422,417.7252685546875,400.2366433241798,407.16370671118347,37.93418738259322,-6.92706338700367,-5.74816994584929,-1.17889344115438,0.011362149120895948,0.012000270506762818,0.5546494126111117,-0.058897160127216575,0,MSFT
2025-03-03,384.7052307128906,394.93461038215554,382.3979434098108,394.93461038215554,23007700,398.75108337402344,416.4934606933594,397.8471952301353,405.5001158964951,29.36985178926531,-7.652920666359819,-6.129120089951396,-1.5238005764084228,-0.02141115598739185,0.01333824981196547,-0.2995217029930859,-0.07632347919112381,0,MSFT
2025-03-04,384.8240356445313,388.7553599770303,377.2881889484286,379.6648014174362,29342900,396.74974365234374,415.20730163574217,395.8436322169655,403.96855439634965,29.94113436847276,-8.124922179384157,-6.528280507837948,-1.5966416715462088,0.00030882068179982625,0.013194193301173869,0.2753512954358759,-0.07317613604460604,0,MSFT
2025-03-05,397.1131591796875,397.7568509049982,385.0221202960428,385.54695570418704,23433100,395.4703308105469,414.50432250976564,396.03894405738424,403.46074734326356,44.44931126793688,-7.421803285879321,-6.706985063446224,-0.714818222433097,0.03193439701491996,0.016948781484777093,-0.20140476912643268,-0.04195653069376237,0,MSFT
2025-03-06,393.0234375,398.2321730411984,388.8544303529959,390.438848896208,23304600,393.56507568359376,413.72666442871093,395.5750199716328,402.6876132807996,40.49791087622672,-7.112593309166812,-6.788106712590342,-0.3244865965764694,-0.010298630466277103,0.016814079178305796,-0.005483696139221839,-0.05004083301543716,0,MSFT
2025-03-07,389.478271484375,390.9537458547577,381.7839796807534,388.497925986767,22034100,392.08959045410154,412.88660217285155,394.63705866590084,401.7091435181015,39.6323257072215,-7.072084852200646,-6.844902340512403,-0.22718251168824288,-0.009020240721967165,0.016143655715462973,-0.05451713395638624,-0.056694333420576504,0,MSFT
2025-03-10,376.4563903808594,382.6355890788174,373.5450301742595,382.08104715568106,32840100,389.72881774902345,411.81278564453123,391.84003277589443,399.8385692116391,32.290950997582456,-7.998536435744654,-7.075629159558854,-0.9229072761857999,-0.03343416579797065,0.018670657301796553,0.49042166460168546,-0.08585550642468587,1,MSFT
2025-03-11,376.7435607910156,382.23947903620126,373.2380400086461,375.3076750122287,30380200,388.0008178710938,410.66406982421876,389.51749862437464,398.12782784714847,27.99319084547008,-8.610329222773828,-7.382569172201849,-1.2277600505719786,0.0007628251704419053,0.018475743452074662,-0.07490537483137993,-0.08259916444046955,1,MSFT
2025-03-12,379.53607177734375,381.4670864515663,375.2581813231993,379.21921226907705,24253600,386.370849609375,409.5953173828125,387.9818944940622,396.7506607308666,28.58443765138766,-8.768766236804424,-7.659808585122365,-1.1089576516820596,0.007412232820821041,0.01864726571333678,-0.20166424184172582,-0.0733876690718488,1,MSFT
2025-03-13,375.0799255371094,381.5661320778761,373.7728082450696,379.4271716632625,20473000,385.008251953125,408.58726501464844,385.9969761929925,395.1454210868846,29.91813307075826,-9.148444893892076,-7.957535846876308,-1.1909090470157686,-0.011741034835942021,0.018225842061684948,-0.15587789029257515,-0.08200779208411646,1,MSFT
2025-03-14,384.7745666503906,386.42831046600287,375.8127456880931,376.0801044136148,19952800,384.1734649658203,407.8857696533203,385.80891318643836,394.3772096471443,40.21299771288638,-8.568296460705938,-8.079687969642233,-0.4886084910637045,0.025846867436050136,0.020017966704012728,-0.02540907536755732,-0.05666096913008978,1,MSFT
2025-03-17,384.9132385253906,388.884151955574,381.8137266185015,382.9327228246585,22474300,384.1942657470703,407.2528662109375,385.67111708473874,393.6761747492366,43.691754378921175,-8.005057664497883,-8.064761908613363,0.05970424411547981,0.00036039771601115156,0.018815720912435437,0.12637324084840218,-0.05485443943806656,1,MSFT
2025-03-18,379.7836608886719,383.5961594658576,377.38725393405446,383.2990942137215,19486900,383.6902282714844,406.57508728027346,384.76535459303614,392.647099648454,39.37327591884659,-7.881745055417866,-8.028158537974264,0.1464134825563974,-0.013326581482025035,0.019295954823947165,-0.1329251634088715,-0.06589539602836725,1,MSFT
2025-03-19,384.0417785644531,385.8836435250732,380.2589866011294,381.7740797920575,19185500,382.3830902099609,405.88818908691405,384.65403520402333,392.00966845704653,46.790237435987045,-7.3556332530232,-7.893653480984051,0.5380202279608515,0.01121195594833524,0.016214832801019763,-0.015466800773853207,-0.053823715766666225,1,MSFT
2025-03-20,383.07135009765625,387.97313863322194,379.5460345045817,381.98206039861145,18470500,381.38788146972655,405.0929364013672,384.4105451876592,391.3475708007954,42.738616290524135,-6.9370256131362,-7.702327907414482,0.7653022942782819,-0.0025268825449781263,0.016023113914261602,-0.03726772823225877,-0.05436181262339235,1,MSFT
2025-03-21,387.4482727050781,387.9235771034519,379.07067004050685,379.4865916093534,39675900,381.18488159179685,404.49353881835935,384.8778878826467,391.0587339048163,52.10456418166815,-6.18084602216959,-7.398031530365504,1.2171855081959144,0.011425867808454226,0.016391201506089727,1.1480685417287027,-0.04213977351300913,0,MSFT
2025-03-24,389.2505187988281,391.5479241245079,386.012386704804,391.5479241245079,21004500,382.46429443359375,403.8868975830078,385.55060033128996,390.92479204511346,53.31064261803862,-5.374191713823507,-6.993263567057105,1.6190718532335984,0.0046515785995562275,0.01158216160078169,-0.4705980204607835,-0.03623880564526505,0,MSFT
2025-03-25,391.3102416992188,392.49853282327706,388.8148031404558,390.082331804945,15775000,383.92096252441405,403.43233581542967,386.43669900327905,390.95334387134346,44.875823263735484,-4.516644868064418,-6.497939827258568,1.98129495919415,0.005291509711397913,0.011555760846357725,-0.24897045871122858,-0.03004740334388245,0,MSFT
2025-03-26,386.17083740234375,391.45881045430576,384.7844825194778,391.1518329523951,16108400,384.5844390869141,402.9097741699219,386.39579721851976,390.59908413289907,44.05905125155042,-4.203286914379305,-6.039009244682716,1.835722330303411,-0.013133835379717684,0.012630662690388686,0.021134706814579962,-0.04154512459287896,0,MSFT
2025-03-27,386.7748718261719,388.41870337339975,383.62585932715103,386.3292739557081,13766800,385.7539337158203,402.42933532714846,386.45411638892773,390.31580914721553,47.53030626599927,-3.861692758287802,-5.603545947403733,1.7418531891159308,0.0015641637465202418,0.01171246571831742,-0.14536515110128878,-0.03889990645997654,0,MSFT
2025-03-28,375.109619140625,385.3389984995421,373.2578420054409,384.2992097422753,21632000,384.7874389648438,401.50528747558593,384.70880911995806,389.1894247022829,48.738383990275516,-4.480615582324845,-5.378959874387956,0.8983442920631113,-0.030160316854269675,0.012969510822118835,0.5713165005665806,-0.06574177017921823,0,MSFT
2025-03-31,371.7328796386719,373.3965054432232,363.6622546184452,368.9106389436448,35184700,383.4694030761719,400.547900390625,382.71251227668324,387.8963472901636,45.56297446906487,-5.183835013480348,-5.339934902206434,0.1560998887260867,-0.009002007225752395,0.013080404087622474,0.6265116494082841,-0.07193901334609898,0,MSFT
2025-04-01,378.4666137695313,379.120187514209,369.59391274714585,371.0000618357784,19689500,383.33769836425785,399.63723022460937,382.0592971217368,387.1978485108575,49.114769735047325,-5.138551389120721,-5.299658199589292,0.16110681046857067,0.018114443192124074,0.01416326147015481,-0.4403959675654475,-0.052974585083525594,0,MSFT
2025-04-02,378.4171142578125,381.3284442645314,372.95087209109226,374.2877261088344,16092600,382.7752319335938,398.7360461425781,381.4989612965177,386.54742375137266,52.979686371748926,-5.048462454854985,-5.24941905064243,0.20095659578744574,-0.00013078963881596462,0.0135851620994259,-0.18268112445719797,-0.05095835222657563,1,MSFT
2025-04-03,369.47503662109375,373.80248816308017,365.75168821202425,371.1386925275575,30198000,381.41560058593757,397.3061700439453,379.64912673106784,385.2828024824631,36.1533766223006,-5.6336757513952875,-5.3262703907930025,-0.30740536060228507,-0.023630214648871828,0.015310790635361823,0.8765146713396219,-0.07004958775186709,1,MSFT
2025-04-04,356.3343505859375,370.9406526219325,355.97787229621173,360.5825648601157,49209900,378.30420837402346,395.60340087890626,376.06223809335546,383.13847271235016,29.062608295157617,-7.076234618994704,-5.676263236433344,-1.3999713825613602,-0.03556582917030027,0.017302236433577964,0.6295748062785615,-0.0992636822780727,1,MSFT
2025-04-07,354.3736572265625,367.385659790646,341.43101018463227,347.4616768226877,50425000,374.8165222167969,393.9137957763672,372.72553334461804,381.00774563932885,30.47773838267939,-8.282212294710803,-6.197453048088836,-2.0847592466219664,-0.005502397835490558,0.016753465632604096,0.024692185921938448,-0.100377643468604,1,MSFT
2025-04-08,351.1058044433594,370.00982228854286,346.8377957272636,364.6723484414274,35868900,370.79607849121095,392.34660583496094,369.3994212059628,378.79278703222,24.304621066455724,-9.393365826257195,-6.836635603722509,-2.5567302225346866,-0.009221489003382377,0.01596729536913172,-0.2886683192860684,-0.10511318507225564,1,MSFT
2025-04-09,386.6857604980469,389.3990874327872,349.6600368937789,350.09575274548115,50199700,370.8475708007812,391.2411791992188,372.0588580201296,379.3774517333924,51.8310301614359,-7.318593713262771,-6.933027225630562,-0.38556648763220913,0.10133684947503419,0.038762774814142774,0.39953274284965534,-0.011643505191595072,0,MSFT
2025-04-10,377.6347961425781,380.1599412978202,364.2167855996792,378.3378706780709,38024400,369.9335632324219,390.0509912109375,372.91669465435245,379.2483661340728,45.2533594385181,-6.331671479720342,-6.812756076448519,0.48108459672817716,-0.023406510609056852,0.039503875158082034,-0.2425373059998367,-0.03183223565158122,0,MSFT
2025-04-11,384.6656494140625,386.2500376969061,375.1987873888056,376.9317385159016,23839200,370.8891662597656,389.54181030273435,374.72422615584634,379.649646377035,47.88913108414898,-4.925420221188688,-6.435288905396553,1.5098686842078655,0.01861812879348612,0.03860274879916712,-0.37305519613721716,-0.012517682979606981,0,MSFT
2025-04-14,384.0318908691406,390.8052508745935,380.46695659777833,389.3891894149445,19251200,372.1190673828125,389.01856994628906,376.1561745732762,379.97425708015396,46.6044709927057,-3.818082506877772,-5.911847625692797,2.093765118815025,-0.0016475569000955481,0.03841487608948751,-0.19245612268868084,-0.012818614488858349,0,MSFT
2025-04-15,381.9721374511719,388.0721288920929,380.4174255118224,384.7250528209778,17199900,372.46961975097656,388.5359637451172,377.05093809295244,380.12224821874787,47.983253068809766,-3.071310125795435,-5.3437401257133255,2.2724299999178905,-0.005363495758925474,0.03816601000254779,-0.10655439660904253,-0.016893741909182136,0,MSFT
2025-04-16,367.98968505859375,377.892263018399,364.4148689208335,376.9614484928254,21967800,371.4268768310547,387.74504821777344,375.65689916458956,379.2235398365142,42.004552920886056,-3.566640671924631,-4.988320234955586,1.4216795630309553,-0.036605948501585495,0.040041241855409186,0.2772051000296514,-0.05094936286093921,1,MSFT
2025-04-17,364.1969909667969,370.6732850580017,363.3156772913849,370.10883089247193,21120200,370.899072265625,386.8600946044922,373.89383636492914,378.1104621424611,45.02168913822326,-4.216625777531931,-4.833981343470856,0.6173555659389249,-0.010306522834173992,0.03946267364619777,-0.03858374529993902,-0.05858216950720907,1,MSFT
2025-04-21,355.6213684082031,360.9291658129438,352.20499720618693,359.2853342749941,20807300,370.82777404785156,385.75362182617187,371.0826874485097,376.4446033473309,42.9828278376282,-5.361915898821167,-4.9395682545409185,-0.42234764428024807,-0.023546659558688066,0.038455196541649285,-0.014815200613630508,-0.07811269088109019,1,MSFT
2025-04-22,363.2463684082031,364.18709517298703,356.3541524572501,359.8398792058524,19485000,371.7150451660156,384.9196258544922,369.8770999038472,375.4669563148029,43.4220761800806,-5.589856410955747,-5.069625885823884,-0.5202305251318631,0.021441343736261498,0.038933865345775254,-0.0635498118448814,-0.05630592983710847,1,MSFT
2025-04-23,370.7425842285156,376.6841302589564,369.3859058332083,372.3962976169728,20545500,373.67872314453126,384.1867327880859,370.0102513384116,375.1170028269298,46.88378329147052,-5.106751488518228,-5.077051006362753,-0.029700482155474717,0.020636726123820504,0.039026200357326964,0.054426481909160884,-0.03499378664641695,1,MSFT
2025-04-24,383.5268249511719,384.6656455709585,371.53481777720657,372.0398589139721,22232300,373.3628295898437,383.7249426269531,372.0897242019132,375.7399526139107,55.53303908644874,-3.650228411997489,-4.7916864874897005,1.1414580754922117,0.03448279552039901,0.02356567310228636,0.08210070331702801,-0.0005163012714913817,1,MSFT
2025-04-25,388.0325012207031,388.33947870229,380.8531326101871,383.2297451406492,18973200,374.40260009765626,383.400703125,374.5424591278809,376.6505117699694,63.392181390542895,-2.1080526420885235,-4.254959718409466,2.146907076320942,0.011748008161110768,0.02237234269007344,-0.14659302006540031,0.012080828381248576,1,MSFT
2025-04-28,387.3492431640625,388.9138371850431,382.8732888048125,388.1414373128656,16579400,374.67095947265625,383.0331506347656,376.5127335949858,377.44301039175406,64.08390930983443,-0.9302767967682826,-3.590023134081229,2.6597463373129466,-0.001760826875303434,0.02170430296788697,-0.12616743617312842,0.011268195774032153,1,MSFT
2025-04-29,390.2012023925781,391.2508732709842,386.5768551213708,387.4878753983452,14974000,375.287890625,382.76434204101565,378.6186518715385,378.38806165107434,66.75721903085599,0.23059022046413702,-2.825900463172156,3.056490683636293,0.007362759264015528,0.021773350742622426,-0.0968310071534555,0.019429344729205544,1,MSFT
2025-04-30,391.4093017578125,392.7956566127169,380.6947052715702,386.4976013857663,36461100,376.2316070556641,382.4957794189453,380.5864441617345,379.3525979552772,52.870387575852995,1.233846206457315,-2.013951129246262,3.247797335703577,0.0030960933944506053,0.02162757435593886,1.434960598370509,0.023303583512497505,1,MSFT
2025-05-01,421.255615234375,432.7326982337469,420.7604863894309,426.9099781819618,58938100,381.5582000732422,382.7227459716797,386.8432397113715,382.4565251611363,71.1595631324219,4.386714550235183,-0.7338179933499731,5.120532543585156,0.07625345985014453,0.027510411631358284,0.6164652190965165,0.10068089672816738,1,MSFT
2025-05-02,431.0393981933594,435.1588741169636,425.8009261614823,427.533877248033,30757400,388.24244079589846,383.1020141601563,393.6426487086004,386.0552564968565,71.9097906193525,7.587392211743918,0.9304240476688052,6.656968164075113,0.023225287937208794,0.026240852527244795,-0.4781406255037064,0.12512955364719858,1,MSFT
2025-05-05,431.9207763671875,435.21832168508354,427.9003017248534,428.6529073554782,20136100,395.87238159179685,383.65576721191405,399.5315914253061,389.4527024131773,72.57281755901255,10.078889012128798,2.7601170405608038,7.318771971567994,0.0020447740450695306,0.02284326675861617,-0.3453250274730634,0.12580290270630567,1,MSFT
2025-05-06,429.0885925292969,433.46554517602334,426.9694566129341,427.9894209087166,15104200,402.45660400390625,384.2362567138672,404.0788223643816,392.3886942736306,72.04817515246097,11.690128090750989,4.54611925059884,7.144008840152148,-0.006557183615272355,0.02429659119571728,-0.24989446814427818,0.11673113880252672,1,MSFT
2025-05-07,429.1282043457031,433.8517229596541,426.9100064238295,429.61342097536215,23295300,408.295166015625,384.938349609375,407.93257343843106,395.1101394641545,82.90341600574179,12.822433974276578,6.201382195334388,6.621051778942189,9.231617222149602e-05,0.024822797093620605,0.5423061135313356,0.11479722605235554,1,MSFT
2025-05-08,433.9012756347656,439.347693561274,431.4157188741818,433.6635932118253,23491300,413.3326110839844,385.6996600341797,411.9277583917133,397.9835569582738,87.12160365613836,13.944201433439503,7.749946042955411,6.194255390484091,0.0111227163368115,0.023866218575160955,0.008413714354397639,0.12497189029493683,1,MSFT
2025-05-09,434.4557800292969,436.4461774951318,431.6335394854884,435.7133964534002,15324200,417.9749389648438,386.6146575927734,415.3936078744185,400.68520311168294,95.90586408893267,14.70840476273554,9.141637786911437,5.566766975824104,0.0012779505976792116,0.024138908187442878,-0.3476648801896872,0.12374368508013256,1,MSFT
2025-05-12,444.8832092285156,444.9921230759706,435.4955548202822,441.5955462250109,22821900,423.72833557128905,387.649873046875,419.93046962120263,403.95912949070754,96.03526321441257,15.971340130495093,10.507578255628168,5.463761874866925,0.024001128949223682,0.023926460828791078,0.48927187063598754,0.14764182877655663,1,MSFT
2025-05-13,444.764404296875,446.2794975271711,441.021200788799,443.4176379697952,23618800,429.1846557617188,388.8510565185547,423.75107495592147,406.98174243931254,95.52929905196528,16.769332516608927,11.759929107824322,5.009403408784605,-0.0002670474613925,0.024287360260522393,0.034918214522016155,0.14379116847186024,1,MSFT
2025-05-14,448.5273742675781,449.4780133022065,443.77414887416586,443.77414887416586,19902800,434.89646301269534,390.1251232910156,427.56281331156094,410.05919664881367,94.97122602309351,17.503616662747277,12.908666618808914,4.594950043938363,0.008460591572412302,0.024092234100671545,-0.1573322946127661,0.1497013329567014,1,MSFT
2025-05-15,449.5392761230469,452.5750254060464,446.860659567107,447.1979616790238,21992300,437.7248291015625,391.1736456298828,430.94380759025114,412.9836469802384,94.71576497984583,17.960160610012736,13.91896541704968,4.041195192963055,0.0022560537294320504,0.010185318363383234,0.10498522820909617,0.1492064487094511,1,MSFT
2025-05-16,450.6701965332031,450.75947970899136,445.1741192074842,448.467787369854,23849800,439.6879089355469,392.3265808105469,433.9786366583976,415.77524324342096,95.73697800596659,18.20339341497663,14.77585101663507,3.4275423983415614,0.002515732151169514,0.00836418612198105,0.08446137966470091,0.14871186041516316,0,MSFT
2025-05-19,455.2337951660156,455.948090917999,447.2277365866496,447.30711960117503,21336500,442.0192108154297,393.6416912841797,437.248661044185,418.6980989413909,95.83984401888844,18.55056210279406,15.53079323386687,3.0197688689271907,0.01012624901295478,0.00849063285293657,-0.10538033861919183,0.15646743026863752,1,MSFT
2025-05-20,454.5393371582031,454.70797307292094,450.7198396549624,451.9797648957129,15441800,444.5642852783203,395.2033502197266,439.9087650617262,421.3530054759696,94.82334750274426,18.55575958575662,16.13578650424482,2.419973081511799,-0.001525497481045357,0.007833345773954952,-0.2762730532186628,0.15014039457278572,0,MSFT
2025-05-21,448.9837341308594,454.1524403651085,448.22974686474834,450.967885651573,19216900,446.5498382568359,396.6481536865234,441.3049141492852,423.39972611707253,80.0541811794826,17.905188032212664,16.48966680983839,1.4155212223742737,-0.012222491153521697,0.009600156788937142,0.24447279462238858,0.1319445961311534,1,MSFT
2025-05-22,451.2555541992188,456.6028569421555,450.3031699710194,451.3448676580097,18025600,448.28526611328124,398.0825433349609,442.835781849275,425.4631207898241,76.1743515907078,17.372661059450934,16.6662656597609,0.7063953996900345,0.0050599161966462525,0.00932826230597539,-0.061992308853144884,0.13357282743121002,1,MSFT
2025-05-23,446.6126403808594,450.0948358464348,445.3527151156796,446.4142434023006,16883500,449.5009521484375,399.51319763183596,443.4168370079803,427.02975187064146,67.33357288573993,16.38708513733883,16.610429555276486,-0.2233444179376569,-0.010288879051247535,0.010359093488605252,-0.06335988815906268,0.11789208223460745,1,MSFT
2025-05-27,457.0393676757813,457.2973170522405,452.5055743512772,452.8627373552784,20974300,450.71656799316406,400.95849365234375,445.5126109568728,429.2526863747259,77.96512980601,16.25992458214688,16.540328560650565,-0.2804039785036849,0.023346243147149393,0.010211267598985434,0.24229573251991599,0.13986703090535646,1,MSFT
2025-05-28,453.7357482910156,458.8548627693229,453.3091629867606,457.56517641086623,17086300,451.61370239257815,402.33494384765623,446.7777090082794,431.0662465166733,73.1107345656153,15.711462491606085,16.37455534684167,-0.6630928552355861,-0.007228303770779876,0.010666632592396322,-0.1853697143647225,0.1277562519223343,1,MSFT
2025-05-29,455.0453186035156,458.0612374989779,451.702028016876,457.8925712924165,13974800,452.2654968261719,403.8401770019531,448.04964894600806,432.8424740786616,71.23968898028343,15.207174867346453,16.141079250942628,-0.9339043835961753,0.0028861960236381545,0.010437587943524085,-0.18210496128477205,0.1267955605153046,1,MSFT
2025-05-30,456.71197509765625,458.0215223462663,451.9301930198663,456.0770623647159,34770500,452.98276672363284,405.2935809326172,449.3823145078001,434.6105852652538,71.86825510580422,14.771729242546314,15.867209249263366,-1.095480006717052,0.0036626165043416314,0.010458476979717248,1.4880856971119445,0.12686703314353176,1,MSFT
2025-06-02,458.3092346191406,458.4481094805028,453.2695031394806,453.5175220765372,16626500,453.7466705322266,406.7983386230469,450.75568683262173,436.36604077294913,65.96176815047758,14.3896460596726,15.571696611345214,-1.1820505516726136,0.0034973016005170887,0.010472277548192072,-0.5218216591650968,0.12662513856484914,1,MSFT
2025-06-03,459.3013000488281,460.4620419695056,457.2080045237085,457.8131864599202,15743800,454.15342102050784,408.2353991699219,452.07039655819193,438.0649488674587,66.9308959127282,14.005447690733206,15.258446827222812,-1.2529991364896063,0.002164620205638901,0.010057566397235651,-0.053089946771719854,0.12508935036682312,1,MSFT
2025-06-04,460.1941528320313,461.9997378828715,459.35088242690273,460.3231275179124,14162700,454.7189025878906,409.6542718505859,453.3202052157057,439.7041491611308,64.56164273988044,13.616056054574926,14.929968672693237,-1.3139126181183105,0.0019439369823430752,0.010023033417067995,-0.1004268346904813,0.12337203455278245,1,MSFT
2025-06-05,463.9739990234375,465.9283895442318,460.352928438669,461.2755516588244,20131700,456.2179290771484,411.1075469970703,454.9592504168952,441.50191581759793,66.85200426112569,13.457334599297269,14.635441858014044,-1.178107258716775,0.008213590216531452,0.00899418566343061,0.4214591850424001,0.1285951873482487,1,MSFT
2025-06-06,466.6525573730469,469.5890928719542,465.06523024972654,466.3648469522318,15285600,457.75762939453125,412.71718139648436,456.7582207178416,443.36492630318673,68.008070982836,13.39329441465486,14.387012369342209,-0.993717954687348,0.0057730785674350305,0.00901227338293559,-0.24071985972371934,0.13068362163664937,1,MSFT
2025-06-09,469.0038146972656,469.6784189466736,464.906536971708,465.9779957450024,16469900,459.9967468261719,414.36176025390625,458.6421582531376,445.2641032212666,66.32942579784068,13.378055031870986,14.185220901847964,-0.8071658699769788,0.005038560888757981,0.007622239474749259,0.07747814936934105,0.13187040814257722,1,MSFT
2025-06-10,467.1883239746094,469.0534009468453,463.25968221899245,467.45617352695865,15375900,461.0116424560547,416.2033343505859,459.9569529795179,446.88811957336605,64.61153829341094,13.068833406151839,13.96194340270874,-0.8931099965569018,-0.0038709508659926506,0.0045594372843803825,-0.06642420415424499,0.12250019501544074,1,MSFT
2025-06-11,468.8748474121094,471.7022694228479,465.9383115986028,466.29544434484353,16399200,462.5255523681641,418.1461737060547,461.3289367383781,448.51676607993966,75.23281994741212,12.812170658438447,13.731988853854682,-0.9198181954162354,0.003609943465949339,0.003131731335098289,0.06655220182233235,0.12131803875291602,1,MSFT
2025-06-12,475.0752868652344,476.6130223697302,469.7676758011157,471.2557893550323,18950600,464.52854919433594,420.07834716796873,463.4437598348175,450.4840639158874,77.47768235901268,12.959695918930095,13.577530266869767,-0.617834347939672,0.013224082049501096,0.004422999814220839,0.15558076003707488,0.13092067246035666,0,MSFT
2025-06-13,471.1962890625,475.3828499324856,469.0137405811006,472.6348110082228,16814500,465.9769805908203,421.9339306640625,464.6364566390764,452.0183028156365,78.86769247529301,12.618153823439911,13.385654978183798,-0.7675011547438864,-0.008165017019365006,0.0059409582592313175,-0.11271938619357702,0.11675372568616549,1,MSFT
2025-06-16,475.3431701660156,476.8808754060361,471.2359621947383,471.4442896166044,15626100,467.6803741455078,424.0512933349609,466.2836433355286,453.74607076751647,75.21183644267774,12.537572568012138,13.216038496149466,-0.678465928137328,0.008800750769422105,0.006206875470079489,-0.07067709417467072,0.12095677489312351,1,MSFT
2025-06-17,474.25189208984375,474.9463269378011,470.3232503868908,471.63279762120845,15414100,469.17543334960936,426.4096441650391,467.5095277592694,455.2650204950963,80.09319731240795,12.244507264173137,13.021732249754201,-0.7772249855810642,-0.002295768919517105,0.006481525272988858,-0.013567044880040457,0.11219785616829903,1,MSFT
2025-06-18,476.4344482421875,477.1884355000323,470.7002516212213,474.2122082515913,17526500,470.799462890625,428.8508599853516,468.88259244894914,456.83312625414004,80.59028047531798,12.0494661948091,12.827279038765182,-0.7778128439560827,0.004602103204535579,0.006477554659267319,0.13704335640744514,0.11095602853276598,1,MSFT
2025-06-20,473.6169128417969,479.628888904269,473.09111395434456,478.40865522200505,37576200,471.7637542724609,431.3010821533203,469.61094943246417,458.0763697050776,73.40655774556475,11.534579727386586,12.568739176489464,-1.0341594491028783,-0.005913794459628141,0.006862741528601017,1.1439648532222635,0.09811204385857297,1,MSFT
2025-06-23,482.1488037109375,483.884936234588,468.7657118311512,474.4205253141637,24864000,473.31337890625,433.2103430175781,471.53985009069083,459.8595129647709,77.6906951040632,11.680337125919948,12.391058766375561,-0.7107216404556134,0.018014328960398673,0.008492786913346656,-0.3383045651236687,0.1129669720082691,1,MSFT
2025-06-24,486.2262268066406,487.952459183197,482.9424585265478,485.075445589935,22305600,475.0356201171875,435.3821716308594,473.7992926623754,461.8126028789835,79.1827805334346,11.98668978339191,12.310184969778831,-0.3234951863869213,0.008456773229178483,0.008637887612054154,-0.10289575289575292,0.1167802875008157,1,MSFT
2025-06-25,488.3691101074219,490.6409720128423,485.5119574284625,488.1409520653471,17495100,477.15369873046876,437.45624084472655,476.0408030385364,463.7797515625715,79.73198488469976,12.261051475964905,12.300358271016048,-0.039306795051142984,0.004407173415664767,0.008224191720527194,-0.21566333118140735,0.11638391342727838,0,MSFT
2025-06-26,493.508056640625,494.09337765578726,488.9048109762518,489.07347716233096,21578900,479.6170196533203,439.64576416015626,478.7280728234731,465.9818482350199,80.29714476055234,12.746224588453174,12.389531534503474,0.35669305394969975,0.010522669077232871,0.008431398967448966,0.23342535910054818,0.12251293398302265,1,MSFT
2025-06-27,492.0100402832031,495.3434002058453,489.1230962739066,493.60726767719865,34539200,481.3104949951172,441.84652221679687,480.77145243266233,467.90986246081127,76.65834643395681,12.86158997185106,12.483943221972993,0.37764674987806757,-0.0030354445834563926,0.0082708886831058,0.6006005866842146,0.11353154442572033,1,MSFT
2025-06-30,493.4683837890625,496.7918434810962,491.404849352638,493.1013206195562,28369000,483.53770446777344,444.35609619140627,482.72482648749315,469.80308626290395,76.21173548627999,12.9217402245892,12.571502622496235,0.3502376020929656,0.002964052329135214,0.007200470115487496,-0.17864339648862737,0.11052461757270704,0,MSFT
2025-07-01,488.15081787109375,494.1032718491211,487.0893199212463,492.5358056229024,19945400,484.81846923828124,446.8351727294922,483.55959439266246,471.16217749314023,70.89176232567108,12.397416899522227,12.536685477901434,-0.13926857837920714,-0.010775899921162457,0.008492581718013715,-0.2969297472593324,0.09246283118051113,1,MSFT
2025-07-02,487.198486328125,489.5893925672679,484.82744098086494,486.107196925814,16319600,486.1131286621094,449.46671508789063,484.11942392119516,472.3500522216576,68.53302911495788,11.769371699537544,12.383222722228657,-0.6138510226911134,-0.0019508961331295982,0.008470736840010417,-0.1817862765349404,0.08394786526707798,1,MSFT
2025-07-03,494.8870849609375,496.1668712111537,489.52988173373706,489.8969449330373,13984800,487.95839233398436,452.09952941894534,485.7759871580786,474.0194620541969,69.4526063837119,11.7565251038817,12.257883198559266,-0.5013580946775669,0.015781244910589187,0.009428875994956563,-0.14306723204000094,0.0946418935604385,1,MSFT
2025-07-07,493.7759094238281,494.79774616477766,491.3056506650491,493.4386073251964,13981600,489.9742919921875,454.56019592285156,487.00674442973235,475.4829026000955,73.44452351996918,11.523841829636865,12.111074924774787,-0.5872330951379219,-0.002245311245487658,0.009071509380272087,-0.00022881986156397804,0.0862717718197048,1,MSFT
2025-07-08,492.68463134765625,494.2521279146218,490.1945116420166,493.2997134401056,11846600,491.0278747558594,456.74335205078125,487.8802654940283,476.75710472954444,69.22564217424049,11.123160764483885,11.913492092716607,-0.7903313282327229,-0.0022100674726015512,0.007821211796294173,-0.15270069233850203,0.07869031729854048,1,MSFT
2025-07-09,499.5200500488281,502.76412671878114,495.77990524850594,496.3354652236218,18659500,492.3572570800781,458.97310302734377,489.6710015793821,478.44324882726914,74.84872948372052,11.227752752112963,11.77634422459588,-0.5485914724829168,0.013873821642202966,0.00846451088001662,0.575093275707798,0.08834275201322361,1,MSFT
2025-07-10,497.5061340332031,500.4426696344743,493.8056807647675,499.06366987607214,16492100,493.2709594726563,461.1762408447266,490.8764065722777,479.85531439807903,70.7908744743392,11.021092174198657,11.625293814516436,-0.604201640317779,-0.004031702061665254,0.008696555131472676,-0.11615530962780352,0.07877659335166931,1,MSFT
2025-07-11,499.3315734863281,501.0280145407016,493.85529597280816,494.5200000462786,16459500,493.8533111572266,463.35884826660157,492.1772014821316,481.29800025646784,75.87861328484908,10.879201225663735,11.476075296745895,-0.5968740710821603,0.0036691797914660818,0.00819624431670332,-0.0019767039976715806,0.07763470009108153,1,MSFT
2025-07-14,499.0339050292969,499.9763890495242,497.0596840851599,497.5457914873048,12058800,494.5556976318359,465.51134033203124,493.2320789509263,482.6117709803811,70.36852424641125,10.620307970545184,11.304921831505753,-0.6846138609605692,-0.000596133857414527,0.008091688842376429,-0.26736535131686867,0.07201234812744906,1,MSFT
2025-07-15,501.811767578125,504.2720960834484,498.8057792400165,499.03393728805895,14927200,495.39003601074216,467.1224633789063,494.5520310474184,484.0339929505844,69.40941018548712,10.518038096834005,11.147545084571405,-0.6295069877374004,0.005566480595471823,0.008187157629414047,0.23786778120542684,0.07426169135240346,0,MSFT
2025-07-16,501.6133117675781,502.7046010952898,497.9128887743687,501.17679603649344,15154400,496.7362854003906,468.5339416503906,495.638381927443,485.33616471480616,67.33306600676411,10.302217212636833,10.978479510184492,-0.6762622975476589,-0.0003954785905174729,0.0070005238985464974,0.015220537006270352,0.07060186504454058,1,MSFT
2025-07-17,507.6451416015625,509.3018910459136,501.6133044647972,501.6728265840105,17503100,498.78095092773435,470.0484289550781,497.4855757234614,486.9886815212326,68.07908457959974,10.496894202228816,10.882162448593359,-0.38526824636454293,0.012024859971776936,0.00734519546069287,0.1549846909148498,0.07998476397434673,0,MSFT
2025-07-18,506.0082092285156,510.5618634291492,503.4089756844231,510.4030974050004,21209700,499.8930633544922,471.5868212890625,498.7967501088544,488.3975354254758,67.83805393431811,10.399214683378602,10.785572895550409,-0.38635821217180677,-0.0032245603058123073,0.006397077529561437,0.21176820106152627,0.0729905637425654,1,MSFT
2025-07-21,506.0181274414063,508.0320701704435,501.5438563610088,502.69466780228106,14066800,501.11728515625,473.12461975097654,499.9077312369393,489.70276446369286,66.6052897234,10.20496677324644,10.669451671089616,-0.46448489784317637,1.9600893246041196e-05,0.006259113340369204,-0.3367751547640938,0.06952398230247003,1,MSFT
2025-07-22,501.26611328125,507.1491456054249,501.26611328125,506.92095727911294,13868600,501.9754333496094,474.47191650390624,500.11671308991015,490.55930882054895,67.61726890969874,9.5574042693612,10.447042190743932,-0.8896379213827323,-0.009390995900056098,0.007197270881545756,-0.01408991383967928,0.05647161790896682,1,MSFT
2025-07-23,501.861328125,502.7740510878013,496.7323137246232,502.7343595827018,16396600,502.2095611572266,475.8200274658203,500.3851154030009,491.3964954356935,69.88682269109013,8.988619967307386,10.155357746056625,-1.1667377787492388,0.0011874228637833717,0.005806888495961205,0.18228227795163177,0.054729307628923474,1,MSFT
2025-07-24,506.8316345214844,509.5995039044367,503.27998658866585,504.73833906736274,16107000,503.14211120605466,477.0589959716797,501.37688757507533,492.53983907167805,67.48967552413299,8.837048503397284,9.891695897524757,-1.054647394127473,0.00990374455639742,0.006257719760774232,-0.017662198260614992,0.06240871422865313,1,MSFT
2025-07-25,509.6392517089844,514.1829150146133,506.3157616392057,508.409026924469,19125700,504.1728790283203,478.3564929199219,502.6480205187537,493.80646222999707,72.12838815800669,8.84155828875663,9.681668375771132,-0.8401100870145015,0.005539546066714474,0.00634460590903665,0.18741540944930768,0.0653963294155584,1,MSFT
2025-07-28,508.4388427734375,510.91903225038106,506.0776975472671,510.0063394772861,14308000,505.1133728027344,479.5547222900391,503.5389162502435,494.8903422702519,71.9094514255059,8.648573979991625,9.475049496615231,-0.8264755166236064,-0.0023554091085439266,0.006450061472849124,-0.2518966626058131,0.0602311251267984,1,MSFT
2025-07-29,508.5082702636719,513.5182406496896,507.5062640761688,511.4448362580723,16469200,505.78302307128905,480.7341021728516,504.3034322523094,495.8990776771719,65.39763697197819,8.404354575137518,9.260910512319688,-0.8565559371821703,0.0001365503269885604,0.006333441915599586,0.15104836455129989,0.057774491065403666,1,MSFT
2025-07-30,509.1729736328125,511.8615208479224,505.40309770511885,511.0876726596135,26380400,506.5389892578125,481.90415771484373,505.0525924646945,496.88232922944155,70.95503234527047,8.170263235252946,9.04278105690634,-0.8725178216533944,0.0013071633403247684,0.006304286482220602,0.6018021518956598,0.05658555852117075,1,MSFT
2025-07-31,529.2723999023438,551.0484742016899,527.6851029610986,550.8301860551579,51617300,508.70171508789065,483.38492980957034,508.7787166858713,499.2815937237306,82.46548126362094,9.49712296214068,9.13364943795321,0.36347352418746937,0.03947465264333894,0.013386712388364008,0.9566534245121379,0.09492945944932707,0,MSFT
2025-08-01,519.9568481445312,531.5542170062565,516.7326017006552,530.7605684534492,28977600,510.09657897949216,484.6932800292969,510.49842921797284,500.81309405119737,68.97611886925408,9.685335166775474,9.243986583717664,0.44134858305780966,-0.017600675492489892,0.014959327337621875,-0.4386068236812076,0.0727543986438246,0,MSFT
2025-08-04,531.3953857421875,533.9846885103634,523.944888342453,524.0837934579807,25349000,512.6343048095703,486.3415130615234,513.7133456063135,503.07844899127076,73.18816312822858,10.634896615042749,9.522168589982682,1.1127280250600666,0.02199901326134035,0.016074898221100403,-0.12522086025067636,0.09263834460079212,0,MSFT
2025-08-05,523.5679931640625,533.0423047576313,523.0620248277625,532.9232605080902,19171600,514.8644927978515,487.78776184082034,515.2294452305825,504.59619300407013,65.37027612661288,10.633252226512411,9.744385317288629,0.8888669092237826,-0.014729884353799294,0.016683834533664017,-0.2436940313227346,0.07335204800590778,1,MSFT
2025-08-06,520.7802124023438,527.4866537198485,519.8774501718309,526.6930052823053,21355700,516.756381225586,489.27111328125,516.0834094108535,505.7950092557941,59.63331581590766,10.288400155059378,9.853188284842778,0.4352118702165999,-0.005324582094622388,0.01695183394932462,0.1139237205032444,0.06440008058064373,0,MSFT
2025-08-07,516.7127075195312,523.9052559727172,513.4487398823029,522.6254396329194,16079100,517.7444885253906,490.464580078125,516.1802245044962,506.6037276457006,57.580466206289636,9.576496858795622,9.797849999633348,-0.22135314083772606,-0.007810405975390733,0.01717132363129698,-0.24708157541078024,0.05351686647224407,1,MSFT
2025-08-08,517.9031982421875,520.502431840537,515.2940341981842,518.4587582353118,15531000,518.5708831787109,491.74792907714846,516.4452973872179,507.4407254676626,58.27808235018038,9.004571919555303,9.639194383617738,-0.6346224640624349,0.0023039702823861585,0.017128980830726392,-0.034087728790790583,0.053188366678277754,0,MSFT
2025-08-11,517.6353759765625,523.4092640243366,515.6015722772428,518.1611446296885,20194400,519.4905364990234,492.9997302246094,516.6283864009632,508.19588476461814,62.16101875523158,8.43250163634508,9.397855834163206,-0.9653541978181259,-0.0005171280396297773,0.01708996468938689,0.3002639881527267,0.04997091122287056,0,MSFT
2025-08-12,525.0460815429688,526.7722834009899,518.5579289090128,519.5995961800784,18667000,521.1443176269531,494.3664123535156,517.9234164228102,509.4440474889404,65.64050219707102,8.479368933869807,9.214158454104528,-0.7347895202347203,0.01431645886339461,0.017508337310161246,-0.07563482945767142,0.06205856308764446,0,MSFT
2025-08-13,516.454833984375,528.4787877679453,515.2544004746543,527.8934364066101,19619200,521.8725036621094,495.5293243408203,517.697480663051,509.96336500712073,56.18945888238668,7.734115655930282,8.918149894469678,-1.1840342385393967,-0.016362844825632106,0.0185944713979783,0.05100980339636796,0.04222860003571105,0,MSFT
2025-08-14,518.3396606445312,521.7821945996749,516.0182375574066,518.4190436500928,20269100,520.7792297363281,496.71009155273435,517.7962775832788,510.58383135063264,55.663161708648154,7.21244623264613,8.57700916210497,-1.36456292945884,0.003649547910346884,0.013129082854371078,0.0331257135866907,0.04354566065726995,0,MSFT
2025-08-15,516.0479736328125,521.9309749680182,514.9666450837208,518.627406652342,25213300,520.3883422851562,497.82716796875,517.5273077447455,510.9885826307941,54.883464036414054,6.5387251139513864,8.169352352474254,-1.6306272385228677,-0.0044212071460423275,0.012003094069497497,0.24392794944028107,0.03660066552496044,0,MSFT
2025-08-18,513.0023193359375,518.6770238166106,509.9467697824549,517.4567900842618,23760600,518.5490356445313,498.807734375,516.8311556818519,511.1377483126565,52.77810582236166,5.69340736919537,7.674163355818478,-1.980755986623108,-0.005901882097190669,0.009013639018000787,-0.05761641673243878,0.028457026591063528,0,MSFT
2025-08-19,505.7304382324219,511.0777107186651,504.5201046206217,510.9190052431903,21481000,516.7652801513672,499.5892919921875,515.1233529973242,510.73720682523174,48.0326235162924,4.386146172092481,7.016559919073279,-2.630413746980798,-0.014175142741905788,0.00893809807619502,-0.09594033820694758,0.01229238964619439,0,MSFT
2025-08-20,501.7125549316406,506.9507137373093,500.4426991689255,505.829663283555,27723000,514.8585144042969,500.243466796875,513.0601532949114,510.0687140923731,30.70281192292586,2.991439202538288,6.211535775766281,-3.220096573227993,-0.007944713224745104,0.00903783907818178,0.290582375122201,0.0029367462691165525,1,MSFT
2025-08-21,501.066650390625,504.4353306174317,499.5562271428435,500.5201238427197,18443300,513.2939086914063,500.9210333251953,511.21499900194425,509.40189455891027,34.94548705591188,1.8131044430339784,5.331849509219821,-3.5187450661858426,-0.0012873995969736596,0.008942003139636584,-0.33472928615229236,0.00029069864458097783,1,MSFT
2025-08-22,504.0378112792969,507.5157843906416,499.248138173549,501.07655468445085,24324200,511.90736999511716,501.6242926025391,510.11081627538306,509.0045550567167,24.79583981628255,1.1062612186663614,4.48673185110913,-3.3804706324427682,0.005929672003426312,0.009250669321671377,0.3188637608237137,0.004811407087635056,0,MSFT
2025-08-25,501.0865173339844,504.9917771303553,500.9473838488724,503.44159720621536,21638600,510.2524841308594,502.14451721191404,508.72246259209095,508.4180337439217,27.243555090408222,0.3044288481692661,3.650271250521157,-3.345842402351891,-0.005855302676245344,0.009266546772072748,-0.11040856431043977,-0.0021069629193684047,1,MSFT
2025-08-26,498.8804626464844,501.8019624337255,495.37267961289456,501.185838877316,30835700,507.63592224121095,502.69820068359377,507.2083087543053,507.7115469959634,27.56822113343766,-0.5032382416580958,2.819569352085307,-3.322807593743403,-0.004402542497525697,0.006929822464838293,0.4250321185289252,-0.007594493141049319,1,MSFT
2025-08-27,503.5509033203125,504.09746017877256,496.75395340313815,498.8407434548062,17277900,506.3455291748047,503.26235534667967,506.64563099522945,507.4033511681374,36.68293297465939,-0.7577201729079661,2.1041114470866527,-2.8618316199946188,0.009361843214007903,0.007048602970431525,-0.4396786841226241,0.0005733549719491027,1,MSFT
2025-08-28,506.4326477050781,507.8735040841052,502.3186878124423,503.8986776721373,18015600,505.1548278808594,503.90597045898437,506.61286433520615,507.3314472079108,38.778193569420985,-0.7185828727046442,1.5395725831283935,-2.2581554558330375,0.005722846222226963,0.007276546647518477,0.0426961609917873,0.005014183983159226,0,MSFT
2025-08-29,503.5011901855469,506.39287997665497,501.3150235761296,505.458793364042,20961600,503.9001495361328,504.4473052978516,506.1341452352586,507.04772446551345,36.85728539005981,-0.913579230254868,1.0489422204517411,-1.962521450706609,-0.005788444984373142,0.007333508568098349,0.1635249450476255,-0.0018755479558881794,0,MSFT
2025-09-02,501.9410705566406,502.81553721257154,493.6833711758906,497.32034095368414,18128000,502.7940246582031,505.01378845214845,505.48905682316354,506.66945380559696,25.892782656928333,-1.1803969824334217,0.6030743798747087,-1.7834713623081304,-0.0030985420875198066,0.00723919322987479,-0.13518052057094876,-0.006084423763805802,0,MSFT
2025-09-03,502.1696472167969,504.5942937991858,499.1587173668126,500.6194673133705,16345100,502.4379455566406,505.4142053222656,504.97837842218405,506.33613479901913,31.944310512019584,-1.3577563768350842,0.21090822853275015,-1.5686646053678344,0.000455385449735779,0.0058929562358605355,-0.09835061782877319,-0.006419602122975432,0,MSFT
2025-09-04,504.7731323242188,504.95199223037696,499.983459333639,501.1262158347851,15509500,502.74400329589844,505.7851434326172,504.94680209942015,506.2203568379228,33.15861094947154,-1.2735547385026393,-0.08598436487432776,-1.1875703736283116,0.005184473258890376,0.00554979797778512,-0.0511223547118097,-0.0020008715588800685,0,MSFT
2025-09-05,491.884765625,508.74796779288187,489.27131242222254,505.86622472604114,31994800,501.82581481933596,505.85545654296874,502.93725802643246,505.15846119252114,26.25191957001637,-2.221203166088685,-0.5130281251171993,-1.7081750409714858,-0.025532988730748274,0.009993690950442946,1.0629162771204745,-0.027617950418969195,1,MSFT
2025-09-08,495.0646362304688,498.0457560062632,491.91457299081776,494.97517595073856,16771000,500.9284973144531,505.88658813476565,501.7260854424381,504.41077045459133,32.416876964625786,-2.6846850121532384,-0.9473595025244071,-1.7373255096288314,0.006464665766642286,0.010041002073149572,-0.47582107092402515,-0.021392051416500357,1,MSFT
2025-09-09,495.2733154296875,499.0891451753406,494.5677922273047,498.2742984765216,14410500,500.34717712402346,505.9518536376953,500.7333515943226,503.7339219342281,38.10204369332867,-3.0005703399054937,-1.3580016700006246,-1.6425686699048692,0.00042151909861232184,0.009951567924397376,-0.1407489118120565,-0.021105838690443024,1,MSFT
2025-09-10,497.2209777832031,500.06299449245154,493.5939546766565,499.8145678368591,21611800,500.1812286376953,506.02690551757814,500.1929863926119,503.25148162674475,44.63689935677775,-3.058495234132863,-1.6981003828270722,-1.3603948513057909,0.003932500081951451,0.009995156393161514,0.4997258943131744,-0.017402093917057826,1,MSFT
2025-09-11,497.8569641113281,500.0033740526988,494.7466575341409,499.0891506177463,18881600,499.61183471679686,506.2210284423828,499.8335983493375,502.8518877367139,46.1666140604988,-3.0182893873763987,-1.9621381837369376,-1.0561512036394611,0.0012790818500065804,0.00943949619556861,-0.1263291350095781,-0.016522554104065,1,MSFT
2025-09-12,506.6910095214844,509.3243260516039,500.67909648146514,503.4614629424367,23624900,499.6376708984375,506.61087890625,500.88858468351395,503.13626712817836,52.77951128684914,-2.247682444664406,-2.0192470359224313,-0.22843540874197465,0.017744143492950837,0.011034988736476582,0.2512128209473774,0.00015816994575290622,1,MSFT
2025-09-15,512.1166381835938,512.2259313574772,503.80926524972944,505.5880086221314,17143800,500.4992156982422,506.9554699707031,502.6159775296801,503.8014797989499,60.98571266176823,-1.1855022692698185,-1.8524980825919086,0.6669958133220901,0.010707963157335909,0.011286062517923492,-0.2743334363320057,0.010180713136774822,0,MSFT
2025-09-16,505.8364562988281,513.9748860992247,505.3992229340873,513.6271130220401,19711900,500.8887542724609,507.1966809082031,503.1114358018567,503.95221879894086,56.407954011303744,-0.8407829970841476,-1.6501550654903565,0.8093720684062089,-0.01226318657999581,0.012068993837398031,0.14979759446563778,-0.002681848404329723,1,MSFT
2025-09-17,506.8102416992188,508.07226852063866,502.74598524416496,507.4064717390096,15816600,501.3528137207031,507.47919311523435,503.6804828629894,504.16392419896147,53.22198972844086,-0.4834413359720884,-1.4168123195867028,0.9333709836146145,0.0019250992850847748,0.012072746674378698,-0.19761159502635461,-0.0013181849129795253,1,MSFT
2025-09-18,505.2501525878906,509.8410724066984,504.4651158521554,508.270998935228,18913700,501.4005157470703,507.59379516601564,503.9219705129742,504.2443855611044,48.79969072241594,-0.3224150481302104,-1.1979328652954044,0.8755178171651941,-0.0030782509566057437,0.012036195468976022,0.19581325948686823,-0.0046171615974117675,0,MSFT
2025-09-19,514.6705322265625,516.0319056285313,507.09849160720086,507.34691829589656,52474100,503.67909240722656,507.9370831298828,505.5755953919878,505.0166927215087,60.01791195442301,0.5589026704790854,-0.8465657581405065,1.4054684286195918,0.01864498128386649,0.009370288408030033,1.7743963370466909,0.013256462897311083,0,MSFT
2025-09-22,511.21240234375,514.48167541423,509.3143886623668,512.3452424901319,20009300,505.2938690185547,508.17469970703127,506.44279646148965,505.4756341750081,58.04176701129274,0.967162286481539,-0.48382014921609745,1.4509824356976364,-0.00671911381413659,0.009982767932667792,-0.6186823594878235,0.0059776738953551956,1,MSFT
2025-09-23,506.0252380371094,511.35152134239047,504.1173079645634,510.56645428814153,19799600,506.3690612792969,508.3145263671875,506.3785567038927,505.5163455722008,53.07937544786705,0.862211131691879,-0.21461389303450218,1.0768250247263813,-0.010146788855002531,0.010839259283005838,-0.010480126741065354,-0.0045036846506023576,1,MSFT
2025-09-24,506.9394226074219,509.2547456727144,503.72976965544393,507.1679860456216,13533700,507.3409057617188,508.4170794677734,506.46484376597414,505.62175868592084,51.778150182737214,0.8430850800532994,-0.0030740984169418673,0.8461591784702412,0.001806598765426548,0.010822396405708774,-0.3164659892119033,-0.0029063871376988626,1,MSFT
2025-09-25,503.8390502929688,506.8003068435259,501.8615838862597,505.1010467430239,15786500,507.9391143798828,508.46159423828124,506.06087553935794,505.48970621236884,61.690966763007545,0.571169326989093,0.11177458666426511,0.45939474032482785,-0.006115863505951946,0.011124798389671198,0.1664585442266342,-0.009091235203786407,1,MSFT
2025-09-26,508.2411804199219,510.70558375978015,503.4316440082871,506.849997214163,16213100,508.09413146972656,508.47351501464846,506.39630705944467,505.69351911663205,62.58542702289262,0.7027879428126198,0.22997725789393605,0.4728106849186837,0.008737175342787173,0.00994288571062095,0.027023089348493956,-0.00045692565662913687,1,MSFT
2025-09-29,511.3613586425781,513.5971983462931,505.6773863749633,508.2808926445399,17617800,508.018603515625,508.5805780029297,507.16016114915755,506.113359081517,64.55670197602439,1.0468020676405558,0.39334221984326,0.6534598477972958,0.0061391684555711645,0.009509569461384811,0.08663981595129866,0.00546772873350343,1,MSFT
2025-09-30,514.6903686523438,514.8990082310244,506.45253207823936,510.0099885223437,19728200,508.90399475097655,508.75402282714845,508.31865461118616,506.7486931238004,65.42108090371822,1.56996148738574,0.6286660733517561,0.9412954140339839,0.006510093016419027,0.008658055499037523,0.11978794174073948,0.011668400757220532,1,MSFT
2025-10-01,516.439208984375,517.2341620265153,508.4696637232757,511.5600762745242,22632300,509.8668914794922,509.05748474121094,509.56797066859986,507.4665091134726,66.08737602953151,2.10146155512723,0.923225169706851,1.178236385420379,0.0033978493450546043,0.008673493150155455,0.1472055230583631,0.014500767525138514,1,MSFT
2025-10-02,512.4942626953125,518.3173691617891,507.4661094259624,514.3823296081488,21222900,510.5913024902344,509.2701434326172,510.01816944194024,507.83893530472,55.48874576353375,2.1792341372202486,1.1744269632095306,1.004807174010718,-0.007638742799603859,0.009075917863064427,-0.06227382988030383,0.00633086251819881,1,MSFT
2025-10-03,514.0940551757812,517.2143082734997,511.7588690628015,513.8456285403139,15112300,510.5336547851563,509.41539184570314,510.6452287856081,508.3022775173912,52.016160147761305,2.3429512682168934,1.408131824211003,0.9348194440058903,0.0031215812486466987,0.006869723595168986,-0.287924835908382,0.00918437763163471,0,MSFT
2025-10-06,525.2435302734375,527.6880704621805,514.9387971845453,515.3461902238155,21388600,511.936767578125,509.7274774169922,512.8911213221973,509.55718512895015,68.00002037959256,3.333936193247098,1.793292698018222,1.540643495228876,0.02168761724708901,0.009276067416526174,0.41531070717230345,0.030439898855505687,0,MSFT
2025-10-07,520.682373046875,526.4657528279373,518.1583800775612,524.9652461341774,14615200,513.4024810791016,509.97234802246095,514.0897754336861,510.38127312287054,62.063593669719666,3.708502310815561,2.17633462057769,1.5321676902378711,-0.008683890354990176,0.0090590771108878,-0.3166827188315271,0.021001187742717198,0,MSFT
2025-10-08,521.5468139648438,523.6336339322414,519.7979415330736,519.9867481874902,13363400,514.8632202148438,510.23311889648437,515.2370121307873,511.208350222276,64.3456017502414,4.02866190851131,2.5468000781644142,1.481861830346896,0.0016602077633438572,0.009061151470464641,-0.08565055558596535,0.022173580368181955,0,MSFT
2025-10-09,519.1123046875,521.0301509722098,514.143772141299,519.0526847229869,18343600,516.3905456542968,510.4319055175781,515.8332109856661,511.7938283308111,54.458327921799466,4.039382654855046,2.845316593502541,1.1940660613525056,-0.004667863386675464,0.008911732616774871,0.37267461873475316,0.01700598860707969,0,MSFT
2025-10-10,507.7443237304688,520.2849266906686,506.4227072751714,516.3697201998212,24133800,516.3408599853516,510.0013439941406,514.5887667925588,511.49386502708205,46.99599155382012,3.0949017654767204,2.895233627897377,0.19966813757934343,-0.021898885567496973,0.011592938271318059,0.31565232560675116,-0.0044255182662767956,1,MSFT
2025-10-13,510.81488037109375,513.1600134586593,508.4598005130746,513.1600134586593,14284200,516.2862121582032,509.81850463867187,514.0081688815642,511.4435698673792,54.306645614601244,2.564599014184978,2.8291067051548975,-0.26450769096991955,0.006047446514153343,0.01158754359266207,-0.40812470477090224,0.001954373415943511,1,MSFT
2025-10-14,510.3379211425781,512.0371813139038,502.8155546768959,507.018944638121,14684300,515.8509674072266,509.39735534667966,513.4435153832586,511.3616699618384,53.080004557970874,2.081845421420212,2.6796544484079603,-0.5978090269877483,-0.0009337222677795465,0.011356340990709002,0.02800996905671993,0.0018464285022805615,1,MSFT
2025-10-15,510.1987915039063,513.93513816427,506.7903850161382,511.7191917714538,14694700,515.2269256591796,509.1299713134766,512.9443270941275,511.2755308168064,56.090643609845316,1.6687962773211211,2.4774828141905925,-0.8086865368694713,-0.0002726225759597245,0.011264864348319968,0.00070823941216136,0.002099307152694907,1,MSFT
2025-10-16,508.3902587890625,513.5972720757079,504.9321789592231,509.35418580491137,15559600,514.8165252685546,508.8821722412109,512.2437012010406,511.0618069628994,50.150233638680255,1.181894238141183,2.2183650989807107,-1.0364708608395277,-0.003544760875487052,0.011075970630649787,0.05885795558943019,-0.0009666549134192959,1,MSFT
2025-10-17,510.3478698730469,512.235876086287,504.1173098719632,505.8364332653001,19867800,514.4419067382812,508.75487548828124,511.95203484288777,511.0089227340215,48.95415146129069,0.9431121088662735,1.9633145009578232,-1.0202023920915497,0.0038506069896917516,0.011106630759084567,0.27688372451733967,0.0031311628871109054,1,MSFT
2025-10-20,513.5376586914062,515.4356724346321,510.1988187679518,511.3713853844849,14665600,513.2713195800782,508.6675646972656,512.1959769734291,511.1962365086426,48.80705734917354,0.9997404647864983,1.7705996937235584,-0.7708592289370602,0.006250224614737565,0.008394693332547618,-0.26184076747299656,0.009574217685845765,1,MSFT
2025-10-21,514.4021606445312,515.4257076122852,509.81124074780416,514.2431942660954,15586200,512.6432983398438,508.602900390625,512.5353898459064,511.4337123705603,47.85254599573018,1.1016774753460936,1.6368152500480655,-0.5351377747019719,0.0016834246495727179,0.00814405462660709,0.06277274710888059,0.01140233421683634,1,MSFT
2025-10-22,517.2640380859375,521.9245247034462,514.4518919333965,517.8702452376143,18962700,512.2150207519531,508.4472595214844,513.2628741905265,511.8655883494771,55.14579805040708,1.3972858410494382,1.5889093682483402,-0.19162352719890197,0.005563501984168218,0.008385406328645295,0.2166339454132502,0.017340596097913608,1,MSFT
2025-10-23,517.2838745117188,520.6525542416625,515.3461346267313,519.1719411998674,14023500,512.032177734375,508.4638403320312,513.8814896245561,512.2669428800135,53.562741665439596,1.614546744542622,1.5940368435071965,0.020509901035425493,3.834874323493942e-05,0.008275064059292507,-0.2604692369757471,0.01734643347288567,1,MSFT
2025-10-24,520.3146362304688,522.0436758041421,517.4329238246899,519.4997896375017,15532400,513.289208984375,508.50333984375,514.8712044870042,512.8630683133805,43.27529207990871,2.0081361736237113,1.6768567095304996,0.33127946409321174,0.005858991296820992,0.0035255114777033303,0.10759796056619253,0.02322756894841249,0,MSFT
2025-10-27,528.1749877929688,531.2157277722118,525.6807743511338,528.4333612309177,18734700,515.0252197265625,508.7458801269531,516.9179403802295,513.9972845711278,59.378232483662856,2.9206558091017314,1.925616529444746,0.9950392796569854,0.015106919957981635,0.0052792738649555465,0.2061690401998404,0.03819020148363128,0,MSFT
2025-10-28,538.6585083007812,550.2351530342114,537.3667019364588,546.5385938392855,29986700,517.8572784423828,509.25900390625,520.2626431372375,515.8240418844355,67.26155293514992,4.438601252802073,2.4282134741162116,2.0103877786858613,0.019848574336355673,0.007157586864840119,0.6005967536176187,0.05772996484897397,0,MSFT
2025-10-29,538.1417846679688,542.8321112501552,533.3521116884923,541.5104645203966,36023000,520.651577758789,509.90723083496096,523.0132802958116,517.4772080165491,69.9687574855861,5.536072279262498,3.0497852351454693,2.486287044117029,-0.0009592786985627155,0.007221470326903051,0.20129924266424792,0.05537194243504717,0,MSFT
2025-10-30,522.4512329101562,531.6032326010347,518.834126044735,527.1414993194383,41023100,522.0576751708984,510.32200439453123,522.9268114672492,517.8456543049645,64.14923052350704,5.08115716228474,3.4560596205733236,1.625097541711416,-0.029156910325210172,0.012980178912104252,0.13880298698054028,0.023767794473247728,0,MSFT
2025-10-31,514.5512084960938,525.9887810857076,511.8582417946861,525.5515477587454,34006400,522.4780090332031,510.5916955566406,521.6382571639945,517.6016212820851,53.28901134089967,4.036635881909319,3.572174872840523,0.4644610090687964,-0.015121075262963357,0.01414509867040049,-0.1710426564545342,0.007754753894178679,0,MSFT
2025-11-03,513.776123046875,521.6562086548496,511.3514766558802,516.5385956979154,22374700,522.50185546875,510.78646179199217,520.428698069053,517.3182510424399,53.010774469440626,3.1104470266130875,3.4798293035950363,-0.3693822769819488,-0.0015063329682659665,0.014032020246466959,-0.3420444386938929,0.005853055001485696,0,MSFT
2025-11-04,511.0931701660156,512.3054631947169,504.6439932361389,508.5393367379826,20958700,522.1709564208984,510.9865948486328,518.9924630070473,516.8571339404825,50.749787781429404,2.1353290665647364,3.210929256188977,-1.0756001896242404,-0.005222027183646616,0.014117044218756711,-0.06328576472533709,0.00020856773633060044,0,MSFT
2025-11-05,503.96826171875,511.5900049686576,503.39189488693165,510.06960470137113,23024300,520.8413787841797,511.0883508300781,516.6810474242322,515.9024026647986,46.596290449881614,0.7786447594336323,2.724472356837908,-1.9458275974042758,-0.01394052760468567,0.014519399971836953,0.09855573103293613,-0.01393122950222625,1,MSFT
2025-11-06,493.9715576171875,502.5174404542645,492.6896676102462,502.4776836990636,27406500,518.5101470947266,510.89676391601563,513.18727976161,514.2778956242348,38.78297731800158,-1.0906158626248725,1.961454712945352,-3.0520705755702244,-0.01983597948702054,0.015462136288084643,0.19032934768918053,-0.03312842729536336,1,MSFT
2025-11-07,493.6933288574219,496.2372153715257,490.1457889557352,493.8225155697467,24019800,515.8480163574219,510.6419775390625,510.18821039173486,512.7531129007672,35.842877601859115,-2.564902509032322,1.056183268549817,-3.621085777582139,-0.0005632485423001654,0.015113851840999176,-0.12357287504789005,-0.0331908644943788,1,MSFT
2025-11-10,502.8155517578125,503.6602084533397,495.66085193460816,496.8930687697553,26101500,513.3120727539062,510.6282647705078,509.0539552172853,512.0169972605484,42.60527554098524,-2.9630420432630444,0.2523382061872447,-3.215380249450289,0.018477508945690335,0.015643726993977,0.08666600054954654,-0.015300196937211408,1,MSFT
2025-11-11,505.4786987304688,506.39292220487647,499.1885488885237,501.62311202080633,17980000,509.994091796875,510.6990173339844,508.5039157577751,511.5326788509129,42.45931511300233,-3.0287630931377976,-0.40388205367776386,-2.6248810394600337,0.005296468980217739,0.013645536899333505,-0.3111507001513323,-0.010221908455526951,0,MSFT
2025-11-12,507.9232177734375,508.4498810705414,495.9788447581273,506.1543908722183,26574900,506.97223510742185,510.8140887451172,508.4145776063385,511.2653113636925,44.19095733962398,-2.8507337573539644,-0.893252394413004,-1.9574813629409604,0.004836047590349946,0.014013456355246116,0.4780255839822025,-0.005659340717836359,0,MSFT
2025-11-13,500.1226196289063,510.2683558569415,498.13520636364063,507.09842927280135,25273100,504.7393737792969,510.72107849121096,507.1388917636566,510.43992679074535,38.16960055156514,-3.3010350270887443,-1.3748089209481522,-1.926226106140592,-0.015357829434784143,0.011975297783866648,-0.04898607332482907,-0.020751951130771773,0,MSFT
2025-11-14,506.96923828125,508.3803150309122,494.30942559248354,495.0944623167857,28505700,503.9811767578125,511.02276794433595,507.11279122790177,510.18283875300494,37.426298898229135,-3.0700475251031776,-1.7138566417791574,-1.3561908833240202,0.013689880008674438,0.012533686894785725,0.12790674669905955,-0.007932189947997603,0,MSFT
2025-11-17,504.296142578125,508.8970088955905,501.7323929449627,505.2501227292945,19092800,503.0331787109375,511.20739807128905,506.67946066639763,509.7467871844953,27.545452079883304,-3.0673265180976728,-1.9845506170428606,-1.0827759010548121,-0.005272698028360612,0.012593264315275764,-0.33021115075230567,-0.013519474716600755,0,MSFT
2025-11-18,490.6824035644531,499.8145698875434,483.7165104088928,492.2524466910109,33815100,500.9921020507812,511.1155798339844,504.2183749584061,508.3346106200477,23.519633948697347,-4.1162356616416105,-2.4108876259626104,-1.705348035679,-0.026995524780487168,0.014920072159291049,0.7710917204391183,-0.03997760404049544,0,MSFT
2025-11-19,484.0543518066406,492.0735713081103,479.79134202204426,487.0156083775533,23245300,499.00071105957034,510.8522473144531,501.1162175504422,506.5360729301657,26.165778669037834,-5.419855379723515,-3.0126811767147914,-2.4071742030087235,-0.013507824429130677,0.01488852645210519,-0.3125763342412118,-0.0524572332777018,0,MSFT
2025-11-20,476.308837890625,491.3817281634789,473.3918355542452,490.525525238351,26802500,497.23443908691405,510.42128479003907,497.299697602778,504.29701848279234,26.21606622542697,-6.9973208800143425,-3.809609117374702,-3.1877117626396405,-0.01600133102224366,0.014476836456226619,0.15302878431338818,-0.06683194434857109,1,MSFT
2025-11-21,470.0268249511719,476.796695003642,466.19388806310616,476.3785437287191,31769200,494.86778869628904,509.6880010986328,493.10387104099243,501.75848562859824,24.53543656191613,-8.654614587605806,-4.778610211420923,-3.8760043761848832,-0.013188948933371858,0.01473662534457996,0.18530734073314048,-0.07781461612196328,1,MSFT
2025-11-24,471.89849853515625,474.7856351712577,465.94500021095376,472.8940649877621,34421000,491.7760833740234,508.8836383056641,489.8415060400946,499.5466347327877,26.968976742868193,-9.705128692693108,-5.76391390767536,-3.941214785017748,0.00398205694787479,0.012774597716798907,0.08347078302255007,-0.07267897213919161,1,MSFT
2025-11-25,474.8752136230469,477.0256407210385,462.8288843313517,471.9681767111092,28019800,488.7157348632812,508.26441345214846,487.53899951439496,497.7191220579921,32.02864645680124,-10.180122543597122,-6.647155634859713,-3.532966908737409,0.006307956259938852,0.012879769305151726,-0.1859678684523982,-0.06569257840091747,1,MSFT
2025-11-26,483.3475341796875,486.1450736050165,479.06661039650686,484.1539406114854,25709100,486.25816650390624,507.7951593017578,486.89415869367076,496.6545599929325,43.31136373417604,-9.76040129926173,-7.269804767740117,-2.4905965315216125,0.01784115134584785,0.014647663122607216,-0.08246668427326387,-0.04814465966096826,0,MSFT
2025-11-28,489.8286743164063,490.4459206738112,484.4924221764412,485.4382224868377,14386700,485.2287719726563,507.48672973632813,487.3456226356301,496.14893883170834,47.743171703008365,-8.803316196078242,-7.5765070534077426,-1.2268091426704997,0.013408861488697355,0.015170232225985965,-0.44040437043692704,-0.03479510770477945,0,MSFT
2025-12-01,484.5820007324219,487.68816317334665,482.5012705124726,486.2744758383938,23964000,482.99004821777345,506.8849591064453,486.9204500351365,495.2921286021315,38.847410651720814,-8.371678566995001,-7.735541356125195,-0.6361372108698067,-0.010711242234453855,0.014308823097832666,0.6657051304329693,-0.04400003979865541,1,MSFT
2025-12-02,487.82757568359375,491.312058367048,484.1638983253085,484.56211884124775,19562700,481.3431915283203,506.41726257324217,487.06000782720685,494.7391987563139,39.280032264138875,-7.679190929107051,-7.724271270721566,0.04508034161451491,0.006697679538790746,0.01472367311752031,-0.18366299449173762,-0.03670824093789615,1,MSFT
2025-12-03,475.6119689941406,482.0930858950488,473.0931871020635,474.2082166599713,34615100,479.8361480712891,505.80899719238283,485.2987710836582,493.32236692207886,32.45847872916066,-8.023595838420647,-7.784136184261383,-0.23945965415926374,-0.025040828559835693,0.014381921565295898,0.7694438906694883,-0.05970045682433134,1,MSFT
2025-12-04,478.7081909179688,479.1860737742951,474.377470578239,477.6329924690825,22318200,479.30153198242186,505.24437255859374,484.28483567355215,492.2398353662188,37.74847595362459,-7.954999692666661,-7.818308885942439,-0.1366908067242223,0.006509974781282901,0.014151410073153788,-0.3552466986950782,-0.05252147887614034,1,MSFT
2025-12-05,481.0178833007813,481.2568095233099,476.7568601661199,480.3807061976695,22608700,479.7724365234375,504.78794921875,483.78222761620276,491.40857965766793,34.33986767299237,-7.626352041465168,-7.779917517046985,0.153565475581817,0.004824844083790358,0.01320222384738999,0.013016282675126112,-0.0470892103402174,0,MSFT
2025-12-08,488.8430480957031,490.1173719905148,482.2325023858298,482.74025101921535,21965900,481.6540588378906,504.3999865722656,484.56081538227977,491.2185402827076,41.22084042005401,-6.657724900427809,-7.555478993723151,0.8977540932953421,0.016267929045017837,0.012952823024037564,-0.02843153299393597,-0.030842464097357025,0,MSFT
2025-12-09,489.8385925292969,489.93815525049575,486.3342095719457,486.931555516862,14696100,483.4480682373047,503.96953125,485.37278109720546,491.1163219306031,49.44038354270208,-5.743540833397617,-7.193091361658045,1.4495505282604277,0.0020365318428314794,0.012967872211470041,-0.3309584401276524,-0.02803927190926414,0,MSFT
2025-12-10,476.4382934570313,482.10306917330496,472.9737111601482,481.8840433318536,35756200,483.6043762207031,503.20448974609377,483.9982445371787,490.02906056219035,45.36534000902559,-6.030816025011632,-6.960636294328762,0.9298202693171307,-0.027356560460197077,0.016212357015915523,1.4330400582467457,-0.053191489413316084,0,MSFT
2025-12-11,481.3265075683594,483.8751552220924,473.750231167373,474.5168367702029,24669200,483.4022735595703,502.50223571777343,483.5872080804373,489.38442700709174,53.16345272127468,-5.797218926654466,-6.727952820793903,0.9307338941394372,0.01025991020969208,0.01546884507274164,-0.3100720993841627,-0.042140565044783695,1,MSFT
2025-12-12,476.4084167480469,480.31105063829824,474.2281237707076,477.6927059881058,21248100,482.06024780273435,501.7805187988281,482.4827786446849,488.4232410619773,54.09375912771717,-5.9404624172923945,-6.570454740093601,0.6299923228012068,-0.010217785106327315,0.014935743884649123,-0.1386790005350802,-0.05056414328622694,1,MSFT
2025-12-15,472.7148742675781,478.588710310573,470.4250531780871,477.97146396596463,23727700,480.87353515625,500.95293518066404,480.98002412513006,487.25965833646626,50.5117393398637,-6.279634211336202,-6.512290634342122,0.2326564230059205,-0.007752890903315213,0.014787398950497875,0.11669749295231102,-0.05636869040981285,1,MSFT
2025-12-16,474.2779235839844,475.7712732838117,468.79234263095657,469.8177748762136,20705600,479.51856994628906,499.933623046875,479.94893173418455,486.2980483548009,49.61883766130069,-6.349116620616371,-6.479655831596973,0.13053921098060162,0.0033065371992535564,0.014593782924307245,-0.12736590567143047,-0.05131821161883543,1,MSFT
2025-12-17,474.0090942382813,477.8718969329872,472.8940646732686,474.7956002423544,24527200,479.3582824707031,499.00015747070313,479.03511058096865,485.38775545728095,43.34372517508502,-6.352644876312297,-6.454253640540038,0.10160876422774123,-0.0005668181720784871,0.012306914215792237,0.18456842593308087,-0.0500822752423461,1,MSFT
2025-12-18,481.8342590332031,487.4293375934554,475.7712630284666,476.0699208090834,28573500,479.67088928222654,498.20590637207033,479.4657488043893,485.12453349994183,44.40884831166897,-5.6587846955525265,-6.295159851542536,0.6363751559900095,0.01650846975308906,0.013286040690881306,0.16497194950911642,-0.032861206841334645,1,MSFT
2025-12-19,483.7656555175781,485.6870914455969,480.3508395546156,485.1992432324443,70836100,479.94566650390624,497.49897338867186,480.1272729141107,485.0238758716186,49.401299191944155,-4.896602957507923,-6.015448472735614,1.118845515227691,0.004008424988813264,0.013260573239107164,1.479083766426934,-0.02760471600081993,1,MSFT
2025-12-22,482.7701110839844,486.5632169440421,480.5499868948874,483.9647726311972,16963000,479.3383728027344,496.9994891357422,480.53386340178355,484.8569303317938,46.164307784888486,-4.32306693001027,-5.676972164190547,1.3539052341802762,-0.0020579063896725147,0.012075649213829932,-0.7605317062910013,-0.028630568768796882,1,MSFT
2025-12-23,484.6915283203125,485.6671639887272,482.5908673290986,482.8298239351052,14683600,478.82366638183595,496.4770220947266,481.1735041584803,484.84467833094334,58.16034954236394,-3.671174172463054,-5.275812565845048,1.604638393381994,0.003979983831256417,0.01214864355858764,-0.13437481577551136,-0.023738246182449574,0,MSFT
2025-12-24,485.8563232421875,486.9912835675863,482.680463867149,483.5267014178325,5855900,479.7654693603516,495.9873901367188,481.893937863666,484.91961499103553,56.655524400653285,-3.0256771273695335,-4.825785478149945,1.8001083507804116,0.0024031674865694352,0.007859828621255473,-0.6011945299517829,-0.02042605738774661,0,MSFT
2025-12-26,485.5476989746094,485.9558848600665,483.8054577080926,484.5521325365998,8842200,480.1875885009766,495.49436828613284,482.4560549576573,484.9661397305595,54.38089363347389,-2.510084772902246,-4.362645337100406,1.8525605641981597,-0.0006352171471570855,0.0073224095492884275,0.5099643094998207,-0.020074232823125815,0,MSFT
2025-12-29,484.9404296875,486.1848877649252,482.0333622504328,482.7103401528056,10893400,481.04078979492186,495.0253717041016,482.83826645455616,484.9642352829255,45.61323948821982,-2.1259688283693094,-3.9153100353541865,1.789341206984877,-0.0012506892492577526,0.006285624481426472,0.23197846689737855,-0.020372576019456634,0,MSFT
2025-12-30,485.3187255859375,487.5089534635432,483.3474931520442,483.7755794175697,13944500,482.3011749267578,494.52478881835935,483.21987555169176,484.9904938238893,44.847925318276,-1.7706182721975665,-3.486371682722863,1.7157534105252963,0.0007800873577012979,0.005355995318353463,0.28008702517120465,-0.018615979300894647,0,MSFT
2025-12-31,481.4758605957031,485.9758405710775,481.1572720274455,485.6771523949816,15601600,483.0209686279297,493.8835528564453,482.9515655584627,484.73015062180144,57.3418729290368,-1.7785850633387668,-3.1448143588460438,1.366229295507277,-0.007918229377188779,0.006296235872057751,0.11883538312596365,-0.025122707952067946,0,MSFT
2026-01-02,470.84320068359375,482.5112407273309,468.07552715971417,482.24244872265706,25571600,482.7043792724609,493.0123736572266,481.08874019309826,483.7014876634157,36.91273071123403,-2.6127474703174585,-3.038400981140327,0.4256535108228685,-0.022083474546271464,0.009794990050971014,0.6390370218439134,-0.04496676789099463,1,MSFT
2026-01-05,470.7536315917969,473.9593569778809,467.4184776979013,471.95825856508776,25250300,481.5963165283203,492.08216552734376,479.49872348520574,482.7423872136661,41.97288483332002,-3.243663728460376,-3.0794535306043374,-0.16421019785603885,-0.00019023125249939543,0.0077615410214213676,-0.012564720236512339,-0.04334344024171244,1,MSFT
2026-01-06,476.3885192871094,476.617480129593,467.6673473241013,471.69937935780575,23037700,480.8586029052734,491.2642584228516,479.0202305316525,482.27173033021745,54.94242906482336,-3.2514997985649643,-3.113862784196463,-0.1376370143685013,0.011969929315805317,0.008816730210008832,-0.08762668166318821,-0.030280523935323655,0,MSFT
2026-01-07,481.3265075683594,487.5288974221053,475.8309917616744,477.63296458601815,25564200,480.71424255371096,490.4844958496094,479.37504238345355,482.2017138293391,58.69351817836906,-2.8266714458855517,-3.056424516534281,0.22975307064872919,0.010365464492384069,0.009572315222234656,0.10966806582254307,-0.01867131042620762,0,MSFT
2026-01-08,475.9902648925781,480.5201105081445,473.7502403609407,479.1063927688648,18162600,479.8441162109375,489.44080139160155,478.85430738485735,481.7416065006901,52.17201615855019,-2.887299115832775,-3.02259943639398,0.1353003205612051,-0.011086533967845869,0.010007008637062133,-0.2895298894547844,-0.027481436898558975,0,MSFT
2026-01-09,477.1550903320313,477.6927047258898,470.106493184136,471.9582322108041,18491000,478.9739929199219,488.2107330322266,478.5928893767303,481.401864562271,43.99280674191648,-2.808975185540703,-2.9798745862233247,0.17089940068262166,0.0024471623168933476,0.01000905399456139,0.018081111735104072,-0.022645226645325534,0,MSFT
2026-01-12,475.06439208984375,478.8574978399144,473.57104241242143,474.5566738594685,23519900,477.9256622314453,486.9491851806641,478.05004364028616,480.932422156906,38.87468150443068,-2.8823785166198377,-2.960375372302628,0.07799685568279013,-0.004381590565727289,0.010032354483020004,0.27196473960305023,-0.024406639239802685,0,MSFT
2026-01-13,468.5832824707031,473.6706125344443,463.88420753037366,472.57548334410274,28545800,476.2899475097656,485.871826171875,476.5936188449657,480.0176710690391,34.09236185347871,-3.424052224073421,-3.0531107426567865,-0.3709414814166343,-0.013642591882396693,0.010656894815351137,0.21368713302352482,-0.03558251944218749,0,MSFT
2026-01-14,457.3433227539063,466.1242261748137,455.1431293963808,464.3919198839424,28184300,473.4924072265625,484.72766845703126,473.6320348309565,478.33808971236266,24.635214172982373,-4.706054881406146,-3.383699570406659,-1.3223553109994874,-0.02398711208289761,0.012330752680165162,-0.012663859481955364,-0.05649429047509058,0,MSFT
2026-01-15,454.6353759765625,462.19172164087615,453.8787357567712,462.062293141988,23225800,470.80835876464846,483.544853515625,470.70947193028053,476.5823331393404,21.849151551773716,-5.872861209059863,-3.8815318981373,-1.9913293109225632,-0.005921037090992898,0.01230970091574563,-0.17593128089042476,-0.05978654788459725,1,MSFT
2026-01-16,457.8211669921875,461.1364202404358,454.4561779572919,455.8001683410004,34246700,469.5061553955078,482.47941345214844,468.72665578595854,475.19261712844013,26.23308731317637,-6.465961342481592,-4.398417787006158,-2.0675435554754333,0.00700735398951724,0.011398532040194349,0.4745111040308623,-0.051107354578158626,1,MSFT
2026-01-20,452.5048828125,454.77477325819245,447.2881239806389,449.2195254560932,26130000,467.6812805175781,481.45014587402346,466.2309984054264,473.51204421614824,24.273478868316616,-7.281045810721821,-4.974943391749291,-2.3061024189725297,-0.011612141515025765,0.01168314329478295,-0.2370067772953306,-0.06012099759358536,1,MSFT
2026-01-21,442.1410217285156,450.6829992738946,436.7351029497524,450.5934019351739,37980500,464.25653076171875,480.41353515625,462.52484814744014,471.1882647726199,20.43622875096176,-8.663416625179764,-5.712638038435386,-2.950778586744378,-0.022903313262762626,0.011629597210653701,0.4535208572522005,-0.07966576839948236,1,MSFT
2026-01-22,449.1398620605469,450.8323067932568,442.7284117030413,445.6354487179439,25349400,461.0378662109375,479.5224658203125,460.46561951868733,469.55504975691076,28.77676774474743,-9.089430238223429,-6.387996478392995,-2.701433759830434,0.015829429951262686,0.012639993007951336,-0.3325680283303274,-0.06336012580305395,0,MSFT
2026-01-23,463.8841857910156,469.0113467802032,448.5325382185013,449.8665935761158,38000200,459.82725830078124,478.74383850097655,460.99155279135323,469.13498575943703,45.66645090742409,-8.1434329680838,-6.739083776331157,-1.4043491917526438,0.03282791169509047,0.017636052012496083,0.4990571768957057,-0.03103883854983669,0,MSFT
2026-01-26,468.1950073242188,472.1474075016215,459.9517180089597,463.2470406576191,29291200,458.93125,477.99816467285154,462.09977656564024,469.0653577271986,48.48626442175237,-6.965581161558362,-6.784383253376598,-0.18119790818176362,0.009292883148953157,0.017976141763146047,-0.2291830042999774,-0.020508776127502792,0,MSFT
2026-01-27,478.4493103027344,480.729165976126,471.0622242712429,471.5998386603028,29213900,459.2697418212891,477.4086865234375,464.61508944827017,469.76046532538646,51.15602028273946,-5.145375877116294,-6.456581778124537,1.3112059010082433,0.021901777716767823,0.019412548502498128,-0.002639017862020032,0.002179733651004323,0,MSFT
2026-01-28,479.4946899414063,481.59532063648624,475.8807787479093,481.0676716159272,36875400,460.3608825683594,476.9961279296875,466.90425875490655,470.48151900064715,48.92549899629706,-3.5772602457406038,-5.880717471647751,2.303457225907147,0.0021849328991832007,0.01873022253238813,0.2622552962801954,0.005238118016939408,0,MSFT
2026-01-29,431.57806396484375,440.5381621786467,419.1533835040837,438.0392806211351,128855300,457.78435668945315,475.48830444335937,461.46945955643537,467.59978159058767,32.62715799782785,-6.1303220341523,-5.9306383841486605,-0.19968365000363963,-0.0999315049399565,0.03706678773884692,2.4943431122103084,-0.09234767725763537,0,MSFT
2026-01-30,428.38232421875,437.65104604221966,424.5593524472701,437.2229597325442,58566800,455.1590515136719,473.9700280761719,456.3791310429453,464.6947847482293,31.219817719472246,-8.315653705284035,-6.407641448375736,-1.9080122569082993,-0.007404777983234245,0.037073264506995114,-0.5454839653471762,-0.0961826722302691,0,MSFT
2026-02-02,421.4929809570313,428.8303011436502,420.3779513468908,428.332517897532,42219900,451.52623291015624,472.58623962402345,451.0120310297277,461.4946511340665,30.10721128719274,-10.482620104338764,-7.222637179568341,-3.259982924770423,-0.01608223045683066,0.036941702269337795,-0.27911547156409433,-0.1081141480286022,0,MSFT
2026-02-03,409.3868713378906,420.178808008447,406.7486263222299,420.1390072256922,61424100,447.2144317626953,471.09289001464845,444.60816030790664,457.63481559360906,28.899920853546007,-13.026655285702418,-8.383440800795157,-4.643214484907261,-0.028721972051949374,0.03754008589818142,0.45486133316279753,-0.1309848227062801,1,MSFT
2026-02-04,412.3536682128906,417.9387813848693,407.4256021580933,409.1778088233149,45012400,444.23569641113284,469.81378662109375,439.64593075482725,454.2806565283707,32.958743917102666,-14.634725773543437,-9.633697795344812,-5.001027978198625,0.007246927253197866,0.03753696074625915,-0.26718665800557106,-0.122304027775466,0,MSFT
2026-02-05,391.9246520996094,406.4897635323938,390.5806313349955,405.6335909812077,66289200,438.51417541503906,468.2517431640625,432.30419557710144,449.6616932373513,29.0577850448755,-17.357497660249862,-11.178457768325822,-6.17903989192404,-0.049542462425080536,0.038924336606247716,0.47268752610391807,-0.1630043927838838,1,MSFT
2026-02-06,399.3615417480469,400.0086538663787,391.1779842848308,397.4002746193236,53515300,432.06191101074216,466.80100402832034,427.23609498801613,445.93575608999544,31.01643843707309,-18.699661101979302,-12.682698435056519,-6.016962666922783,0.018975304586217767,0.037333150147687004,-0.1926995649366714,-0.14447154504445325,1,MSFT
2026-02-09,411.7662963867188,413.0505856348112,399.0927243377603,403.0550898097971,45480500,426.4190399169922,465.53882568359376,424.8561259724319,443.4046850008638,37.35319852981582,-18.548559028431896,-13.855870553731595,-4.692688474700301,0.031061465218646278,0.03943141393100852,-0.15014024026773654,-0.11550600364623886,0,MSFT
2026-02-10,411.437744140625,421.801594739736,410.8702943432265,417.75959730190846,44857900,419.71788330078124,464.1006298828125,422.79175953676935,441.03676345566095,39.83520275036581,-18.245003918891598,-14.733697226763596,-3.5113066921280023,-0.0007979095156084304,0.037883941844834,-0.013689383362100238,-0.113472989156436,0,MSFT
2026-02-11,402.57720947265625,414.61360447479314,399.2321207098042,414.3348470778888,42491000,412.02613525390626,462.3556005859375,419.681828757675,438.187907605068,34.77241838266161,-18.506078847392985,-15.488173550889474,-3.0179052965035105,-0.021535541632126787,0.03747742045867427,-0.05276439601497174,-0.12929094194495505,0,MSFT
2026-02-12,400.0584106445313,404.3990960787573,396.24540458526855,403.20440420967,40802400,408.874169921875,460.6651287841797,416.6628413556529,435.363500422806,27.312629101330046,-18.700659067153083,-16.130670654142197,-2.5699884130108863,-0.006256685100044179,0.023428586060279043,-0.039740180273469705,-0.13156350318854382,0,MSFT
2026-02-13,399.5407409667969,403.7420326637702,396.2852191820681,402.65686886295305,34091600,405.99001159667966,458.89939208984373,414.0286720650597,432.70996268532383,24.9199939442222,-18.68129062026412,-16.640794647366583,-2.0404959728975385,-0.001293985238056683,0.02350528451283585,-0.16447071740877983,-0.12935003215568774,0,MSFT
2026-02-17,395.1004943847656,398.7442713079252,392.7808378797226,397.4500470508712,32078800,403.35076293945315,457.28916259765623,411.11664472962985,429.92407614454174,18.201179287351323,-18.80743141491189,-17.074122000875644,-1.7333094140362455,-0.011113376251159934,0.023336703827024064,-0.05904093677034816,-0.13599418770308147,0,MSFT
2026-02-18,397.828369140625,400.77523739702553,394.5629123207548,396.3648852083561,23223400,402.1949127197266,455.6715661621094,409.07229463901376,427.54661636647387,19.237997144558477,-18.474321727460108,-17.354161946192537,-1.1201597812675708,0.006904255485954636,0.02220815692890314,-0.276051473247129,-0.12694054515770714,1,MSFT
2026-02-19,397.5988464355469,403.5559453902056,395.8127368785549,399.82403795970674,28234000,400.7194305419922,454.0031854248047,407.3071487615573,425.32826303825703,30.024409943526692,-18.021114276699734,-17.48755241229398,-0.5335618644057547,-0.0005769390090856197,0.021957734164166586,0.21575652143958246,-0.12423776043879753,1,MSFT
2026-02-20,396.37152099609375,399.2552593187824,394.3059873534157,395.2539159508346,34015200,401.16411743164065,452.1537548828125,405.62474448994755,423.183319183282,30.735748828824356,-17.558574693334435,-17.50175686850207,-0.05681782483236475,-0.0030868435621884682,0.014892472552414056,0.20476021817666634,-0.12337005561565262,0,MSFT
2026-02-23,383.6390686035156,394.50551684604494,382.27203437696886,394.14630950985264,43238300,399.5918701171875,450.0297644042969,402.2423328151118,420.2541154366326,28.716190593851294,-18.01178262152081,-17.60376201910582,-0.4080206024149895,-0.03212252071132937,0.016773857566593116,0.2711464286554246,-0.14752512178536115,1,MSFT
2026-02-24,388.1593017578125,388.5185091169527,380.8850482189813,383.3098196996745,33884700,397.2311706542969,448.2641845703125,400.07571265245036,417.8767218307941,36.95144128153269,-17.801009178343747,-17.643211450953405,-0.15779772739034215,0.01178251519260276,0.01299329555408948,-0.21632672884919157,-0.13408361604912533,1,MSFT
2026-02-25,399.7342224121094,400.6023372807383,389.31678308531696,389.68597856263057,43625500,396.0608184814453,446.6323388671875,400.0231756923979,416.53283298496564,42.985205476477574,-16.509657292567738,-17.416500619276274,0.9068433267085361,0.0298200264733548,0.017224160402964737,0.2874689756733866,-0.10500385299915316,1,MSFT
2026-02-26,400.851806640625,406.6093255926281,397.8782360341113,403.8353349281015,34405900,395.8882781982422,445.12120666503904,400.1506573767405,415.37127547797746,56.3190035621013,-15.220618101236937,-16.977324115668406,1.7567060144314688,0.0027958182358562844,0.01594644369933732,-0.211335113637666,-0.09945470887826624,1,MSFT
2026-02-27,391.8912048339844,395.9624042352165,389.0374004516944,390.03523926255787,51367200,395.0715576171875,443.5047332763672,398.87997237016265,413.6320109858298,44.823845648307056,-14.752038615667175,-16.53226701566816,1.7802284000009863,-0.022353901512221608,0.017362496025182948,0.49297649531039744,-0.11637649966233876,1,MSFT
2026-03-02,397.6886291503906,400.3229381169724,389.78576315389057,392.0109241194205,35474900,394.8863464355469,441.9729473876953,398.69668879789003,412.45101973876024,39.262499039833486,-13.754330940870204,-15.97667980070857,2.222348859838366,0.014793453501622311,0.018154638549989513,-0.3093861452444361,-0.10019689779442265,1,MSFT
2026-03-03,403.0570068359375,405.82103971635513,391.8213629990231,392.2903484387299,38199200,395.68199768066404,440.55390563964846,399.3675069575896,411.7551669311438,44.06409275422465,-12.38765997355415,-15.258875835277687,2.8712158617235364,0.013498946894749508,0.018196454600759422,0.07679514248102182,-0.08511307770446053,1,MSFT
2026-03-04,404.32427978515625,410.14166638677375,399.4448336072076,400.4027502952161,35808000,396.3315887451172,439.0037060546875,400.1300873925999,411.2047308462558,51.38655702351392,-11.074643453655938,-14.422029358953338,3.3473859052974007,0.0031441531290252733,0.018125906001942003,-0.06259816959517472,-0.07899574830744405,0,MSFT
2026-03-05,409.79241943359375,410.7204021828405,403.525993165685,403.54596943015656,39001300,397.5509460449219,437.5242413330078,401.61660001429124,411.1001151860586,57.37987948384058,-9.483515171767351,-13.434326521516141,3.95081134974879,0.013524143668401711,0.018468347864870803,0.08917839588918675,-0.06338350948263649,0,MSFT
2026-03-06,408.0761413574219,412.1572983375802,407.6271321747383,408.3156433731429,31123900,398.7214080810547,436.0303619384766,402.6103756055421,410.8761171246781,56.355638331619936,-8.265741519135986,-12.400609521040112,4.134868001904126,-0.004188164531066962,0.018513097940627648,-0.20197788278852247,-0.0641107203103416,0,MSFT
2026-03-09,408.5251770019531,409.3234358422322,402.62794618065146,404.044890641513,30131900,401.21001892089845,434.50703491210936,403.5203450511438,410.70197341188367,60.62801698936474,-7.1816283607398645,-11.356813288980064,4.175184928240199,0.0011003722075924038,0.013902996314625087,-0.03187261236541694,-0.05979617318603769,0,MSFT
2026-03-10,404.8830871582031,409.3134939311744,402.05918625996463,409.1438479339772,31706400,402.8823974609375,432.8875701904297,403.72999768299906,410.27094480049993,55.50536869244725,-6.5409471175008775,-10.393640054684226,3.852692937183349,-0.008915215141642507,0.01453747043969557,0.05225359170845523,-0.06469227799704957,0,MSFT
2026-03-11,404.0049743652344,408.1260534422115,400.7220762180728,404.6934855668013,25512100,403.30947265625,431.2567156982422,403.7723017879583,409.8067988423321,54.949121533049784,-6.034497054373787,-9.52181145462214,3.487314400248353,-0.0021688058128880305,0.01150696764559223,-0.19536434284560844,-0.06319145961329531,0,MSFT
2026-03-12,400.9914855957031,405.2422886286942,400.8418158660113,403.7555185610488,27263900,403.3234405517578,429.57773681640623,403.3444839122268,409.15381267591516,53.47334358447718,-5.80932876368837,-8.779314916435387,2.9699861527470173,-0.007459038776109095,0.011794684495473044,0.06866545678325187,-0.06654500168597044,0,MSFT
2026-03-13,394.6951293945313,403.9251383935716,393.3979511212616,400.1333630935344,26848000,403.60383300781257,427.7652648925781,402.0138139864275,408.0827990995163,59.20266047406719,-6.068985113088786,-8.237248955766068,2.1682638426772822,-0.015701969810700822,0.010504829485319667,-0.015254604073518419,-0.07730907161513334,0,MSFT
2026-03-16,399.0856323242188,399.7641553863696,393.9367805641587,397.209690545171,27733700,403.7435333251953,426.1174603271484,401.56332449993386,407.4163423013461,59.114361647964536,-5.85301780141225,-7.760402724895306,1.9073849234830558,0.011123782896491852,0.010012808307386732,0.03298942193087018,-0.06343750378634128,0,MSFT
2026-03-17,398.5467834472656,403.5259891234105,396.8903674487218,399.4049101655112,26228300,403.2925109863281,424.67153198242187,401.0992412610618,406.75933794178457,48.78595186241412,-5.660096680722745,-7.340341516060794,1.6802448353380486,-0.0013502086602692476,0.008892030923036658,-0.05428053234873098,-0.06151754136474019,0,MSFT
2026-03-18,390.9432678222656,397.13983817793417,390.1549666521916,396.271723303423,25908500,401.95440979003905,423.07532470703126,399.5367838089393,405.5877771921906,41.05566822642823,-6.050993383251296,-7.082471889498895,1.0314785062475993,-0.019078100591435554,0.010370444103515414,-0.012192936637143825,-0.07594878502313096,0,MSFT
2026-03-19,388.1792297363281,391.6417315076428,386.2234742615233,389.2569126674818,25138800,399.7930908203125,421.31113891601564,397.78946779776834,404.29825515842293,46.22716771755341,-6.508787360654594,-6.967734983730035,0.45894762307544124,-0.007070176962847952,0.008538790858328791,-0.029708396858173947,-0.07864000288464257,0,MSFT
2026-03-20,381.0447082519531,386.1636263101853,379.2984903035221,385.95408868282834,50853200,397.08994750976564,419.3055029296875,395.213350944566,402.5757702023881,33.530842753834136,-7.3624192578221255,-7.046671838548454,-0.3157474192736718,-0.018379451907360234,0.009450967179245618,1.022896876541442,-0.09124801465853949,0,MSFT
2026-03-23,382.1722717285156,386.3731646745857,380.85511716508233,383.07032058481127,29680100,394.45465698242185,417.42914306640625,393.2070310651736,401.0643999450642,27.44130330302218,-7.8573688798906005,-7.208811246816883,-0.6485576330737173,0.002959136952026542,0.009639783199910427,-0.41635727938458145,-0.08446193066180296,0,MSFT
2026-03-24,371.9344177246094,381.6434000325674,371.04635704379217,381.53362193174286,42733600,391.1597900390625,415.3247296142578,389.93432132047144,398.9066234842898,20.693395244346192,-8.97230216381837,-7.561509430217181,-1.4107927336011885,-0.026788584000617788,0.01157803761322626,0.4398064696547519,-0.10447322009924176,0,MSFT
2026-03-25,370.2381286621094,376.2451074667104,368.831172255135,376.10542586510894,31181200,387.78310546875,413.22820434570315,386.90413783456955,396.7830312752394,11.589194956065612,-9.878893440669856,-8.024986232307716,-1.8539072083621395,-0.004560720873527657,0.011459300794064889,-0.27033528651927285,-0.10403470825923744,0,MSFT
2026-03-26,365.1790771484375,373.9101668945663,364.4007640805619,370.01860155518807,36836600,384.2018646240234,411.1601202392578,383.56182080593385,394.4419976362171,10.882662821121485,-10.880176830283233,-8.59602435190282,-2.2841524783804132,-0.01366431796733969,0.011556413387494573,0.1813721088348108,-0.1118324487892054,1,MSFT
2026-03-27,355.9989318847656,361.6666793192034,355.73951450811694,361.1178497172151,37883400,380.3322448730469,409.133232421875,379.3213763565234,391.59436313610956,8.681340418626348,-12.272986779586176,-9.331416837439491,-2.9415699421466854,-0.02513874928256188,0.01248935255637509,0.028417389227018752,-0.12987040975033848,1,MSFT
2026-03-30,358.1842041015625,364.5703662773937,355.51000344849933,361.1178525849577,44797000,376.2421020507812,407.204208984375,376.0695037019141,389.11953654095794,12.403621488151543,-13.050032839043865,-10.075140037760367,-2.9748928012834988,0.00613842352061944,0.01161255444366486,0.18249681918729577,-0.12038187180106841,1,MSFT
2026-03-31,369.3699951171875,372.0940755014272,362.28533367877645,363.7621155862403,45244400,373.3244232177734,405.435185546875,375.0388100734946,387.65660754660456,26.085188320984543,-12.617797473109988,-10.58367152483029,-2.034125948279698,0.031229157756083703,0.017568022568915497,0.009987275933656337,-0.08895426868548828,1,MSFT
2026-04-01,368.57171630859375,373.1817267376728,367.4042619540212,372.682807332766,29417200,371.08726806640624,403.7565222167969,374.0438725712021,386.24291189934445,26.90834774843941,-12.199039328142362,-10.906745085492705,-1.2922942426496569,-0.0021611901863888283,0.017131398375916693,-0.34981566779535145,-0.08714362238663897,1,MSFT
2026-04-02,372.6528625488281,372.83249667260446,363.3629859357669,366.4163701688664,24099100,369.5346313476563,402.36675903320315,373.8298710292984,385.236241577084,33.78835469131073,-11.406370547785627,-11.00667017795129,-0.39970036983433666,0.011072868751592857,0.01791796681497281,-0.18078199148797303,-0.07384779139253661,0,MSFT
2026-04-06,372.0741271972656,372.9222962461191,368.7014272663852,372.682794233078,16146600,368.6375732421875,400.8254443359375,373.55975659360104,384.2612701415419,28.953511984504132,-10.701513547940863,-10.945638851949207,0.2441253040083442,-0.0015530146410365209,0.017185297959699267,-0.3299915764489131,-0.07173026948502548,1,MSFT
2026-04-07,371.48541259765625,371.645070458656,365.7677853538718,369.5396147715723,21443300,367.5688873291016,398.9774688720703,373.24062674807107,383.3149103234763,28.931030402620053,-10.074283575405218,-10.771367796640408,0.6970842212351904,-0.0015822508381434508,0.017092196194603324,0.3280381009004991,-0.06890628774636198,1,MSFT
2026-04-08,373.52099609375,384.167949815935,370.6073237610428,384.148004001906,33064800,367.7275451660156,397.08398864746096,373.2837604935601,382.5894351953484,35.14800922608967,-9.305674701788291,-10.478229177669986,1.1725544758816948,0.005479578543501118,0.014951271957719595,0.5419641566363387,-0.059340072194728144,1,MSFT
2026-04-09,372.26373291015625,372.6927962909368,366.2567237727329,371.6949574789129,30435300,367.9301055908203,394.96027709960936,373.1268331730364,381.82456835940826,36.07475727170242,-8.697735186371858,-10.122130379410361,1.424395193038503,-0.003365977272341003,0.014910827037294764,-0.07952565870653994,-0.05746538450936167,1,MSFT
2026-04-10,370.0684814453125,374.8281921461914,369.23030048358606,372.17393720824543,28111100,368.41904602050784,392.7717529296875,372.65631752261737,380.95374710651225,39.487770332556465,-8.297429583894882,-9.757190220307265,1.4597606364123834,-0.005897032858082851,0.01427116896716415,-0.07636527321892672,-0.057802709372634764,1,MSFT
2026-04-13,383.539306640625,383.70895264062807,370.2181521550117,372.8025510733858,35745800,371.17308349609374,391.8109777832031,374.33062354077236,381.14527003496505,51.058892832339176,-6.8146464941926865,-9.16868147508435,2.3540349808916634,0.03640089840318694,0.014803569990519357,0.2715902259249905,-0.021111381792765838,1,MSFT
2026-04-14,392.2604064941406,393.8370088930228,385.684652281273,387.0816509997633,37504500,374.58070373535156,391.08853942871093,377.08905168744445,381.9686134763854,66.12317717915448,-4.8795617889409755,-8.310857537855675,3.4312957489146996,0.022738477393367207,0.01553699608018209,0.049200185756088866,0.0029964239482485056,1,MSFT
2026-04-15,410.3312683105469,413.47445440771634,395.8725939925935,397.1398382929036,45063400,378.6768310546875,390.86530517578126,382.2032388602295,384.06955087150845,75.2450191042266,-1.8663120112789784,-7.021948432540336,5.155636421261358,0.046068533854630056,0.01832877392409391,0.20154648108893602,0.04980222822798597,1,MSFT
2026-04-16,419.3517456054688,419.9105328997013,411.2492993874727,418.9525857224824,41642400,383.754833984375,391.0646026611328,387.91839374411245,386.6830467777277,82.48952175265846,1.235346966384725,-5.370489352755325,6.6058363191400495,0.021983402171766864,0.018031251613067425,-0.07591526604739096,0.07233368285405128,0,MSFT
2026-04-17,421.8762817382813,430.64726300981,419.78081413338697,423.9018933176335,48568200,388.6771759033203,391.25505493164064,393.1426842047538,389.2899530711021,92.93707153311038,3.852731133651673,-3.525845255473925,7.378576389125598,0.006020092104702002,0.018165737659205476,0.16631606247478525,0.07826410527013072,1,MSFT
2026-04-20,417.1664733886719,422.4150847565369,415.4002792280178,420.2398034863272,27582200,393.18641052246096,391.75989135742185,396.8386517715104,391.3548805020332,87.21824868485558,5.483771269477188,-1.7239219504837024,7.20769321996089,-0.011163956243767315,0.019222930846938113,-0.4320934273866439,0.0648524328083151,1,MSFT
2026-04-21,423.2433166503906,426.2567789178336,416.2983670043314,419.33177508554746,32048500,398.36220092773436,392.23752685546873,400.90090790672275,393.716986883393,86.33733938831804,7.183921023329731,0.05764664427898425,7.126274379050747,0.014566950244961241,0.01865606552333387,0.1619268948814816,0.07904850421501575,1,MSFT
2026-04-22,431.984375,432.7626880248645,422.7543663498755,425.2689090952171,29378200,404.2085388183594,392.6418884277344,405.6829797672269,396.5516082253639,88.6322379228822,9.131371541863018,1.872391623795791,7.258979918067228,0.020652560845584977,0.018567687572996427,-0.08332059222740529,0.10019941257364495,0,MSFT
2026-04-23,414.8514709472656,422.7443793162959,410.5208543154444,418.9825380949446,38308000,408.4673126220703,392.71016296386716,407.09351687184824,397.90715361217144,72.18085082492196,9.186363259676796,3.335185950971992,5.851177308704804,-0.039660934617680055,0.02496023089225213,0.3039600792424315,0.05638078682836545,0,MSFT
2026-04-24,423.7023010253906,424.0316048781353,414.9013556123021,416.0688403922519,27457400,413.8306945800781,393.1326647949219,409.6487144339317,399.8179052724099,74.96621982584834,9.830809161521756,4.6343105930819455,5.196498568439811,0.021334937195510273,0.02436972959295889,-0.2832463193066722,0.07775908482805782,0,MSFT
2026-04-27,423.9018859863281,426.1869149113369,416.1686352924954,421.46715688014,30867300,417.86695251464846,393.60953430175783,411.84151005737726,401.6019038438113,75.44317875787587,10.239606213565992,5.7553697171787555,4.484236496387236,0.0004710499812119462,0.02330827250109219,0.12418874328960494,0.07696041138410759,0,MSFT
2026-04-28,428.3222961425781,428.99086152362304,420.9881750222059,423.6524179624475,30438100,421.4731414794922,394.18516540527344,414.37701560894664,403.58119216223844,75.99885564606335,10.795823446708198,6.763460463084645,4.032362983623553,0.010427908679775388,0.022899910467376564,-0.013904682301335125,0.0866017641790433,0,MSFT
2026-04-29,423.5426330566406,425.8975483734993,419.38166246548025,423.6623688360089,38288300,422.7942779541016,394.75400817871093,415.78711060089955,405.05981741367566,73.54097159936437,10.727293187223893,7.556227007912495,3.1710661793113974,-0.011159034047451222,0.019529129757781337,0.25790703099076495,0.072928011575494,0,MSFT
2026-04-30,406.8987121582031,413.5243765293071,397.1498378648014,409.92216255995794,70909400,421.548974609375,394.9354150390625,414.41966468663855,405.1960318391962,64.92760528335846,9.223632847442332,7.8897081758184635,1.3339246716238682,-0.03929691983619443,0.02243058251167597,0.8519861158630704,0.030291781044648358,1,MSFT
2026-05-01,413.5443115234375,416.2085240460113,409.5529563541748,411.9078412872606,31372400,420.7157775878906,395.2543243408203,414.284994969223,405.8144229269178,62.87352986772474,8.470572042305207,8.005880949115813,0.46469109318939417,0.01633231850252348,0.023106995892468906,-0.5575706464869256,0.04627397110232767,1,MSFT
2026-05-04,412.72607421875,419.87060358807366,409.9121615309381,410.6505829404435,28066500,420.27173767089846,395.58141540527345,414.04516100761174,406.32639709668314,59.41948618200807,7.718763910928601,7.948457541478371,-0.22969363054976988,-0.0019785964451384253,0.02287255261243625,-0.10537606303629943,0.043340405150003924,0,MSFT
2026-05-05,410.4909362792969,415.8792597859335,407.916495085617,414.42242364358015,25700900,418.9964996337891,396.1184527587891,413.4983572032556,406.6348814805804,50.086028917028784,6.863475722675162,7.731461177717729,-0.8679854550425672,-0.005415548178495877,0.022242040059757846,-0.08428553613738798,0.03628329713097145,0,MSFT
2026-05-06,413.0653381347656,417.51572107575487,404.23445872829495,407.1182274562224,30285900,417.10459594726564,396.61657348632815,413.43173888502633,407.1112116031126,46.36004994322542,6.320527281913712,7.449274398556925,-1.128747116643213,0.0062715193636264654,0.020984446455680376,0.1783984218451493,0.04147271129859753,0,MSFT
2026-05-07,419.8606262207031,427.05506598481406,417.8549909144547,419.2020489501835,34942400,417.6055114746094,397.0191015625,414.4207984751305,408.05561268589713,48.88789809389074,6.365185789233351,7.232456676692211,-0.8672708874588597,0.016450879458010714,0.017716302342385214,0.15375141567528128,0.05753255842932625,0,MSFT
2026-05-08,414.2228393554688,417.7252633012779,413.105264767488,416.48795292910256,33383800,416.6575653076172,397.28652221679687,414.39034322595177,408.5124442910506,48.39236457758677,5.877898934901168,6.961545128334003,-1.083646193432835,-0.013427757958591635,0.01674156091615714,-0.04460483538623561,0.04262998161671816,1,MSFT
2026-05-11,411.7681579589844,411.79809190456297,404.6236285818644,406.9885016374445,35657900,415.44419250488284,397.6840612792969,413.98693010795677,408.7536082664531,43.47479621861718,5.233321841503653,6.615900470967933,-1.3825786294642803,-0.005925992396517588,0.01675324082287773,0.06811986652208546,0.03541529080743344,1,MSFT
2026-05-12,406.8887023925781,414.6020070114768,405.7611701670722,413.5842224333829,38594200,413.3008331298828,397.8680627441406,412.8948950748216,408.61546709061054,35.07416497473261,4.279427984211054,6.148605973616558,-1.8691779894055038,-0.01185000702966521,0.01627737463037121,0.08234640850975516,0.02267243966811794,1,MSFT
2026-05-13,404.3342590332031,405.4318878236479,400.1633000811369,402.3286237155428,29667100,411.37999572753904,397.89360778808594,411.5778741453418,408.29834056783966,42.432510770609085,3.27953357750215,5.574791494393677,-2.2952579168915275,-0.006277990380058274,0.016144805091783423,-0.23130677666592392,0.01618686784369605,1,MSFT
2026-05-14,408.5451354980469,410.94993067744383,400.013625877668,403.6058516736889,27077500,411.5446380615234,397.97802490234375,411.1112989688349,408.3166216737809,38.313581064928364,2.7946772950539867,5.018768654525739,-2.2240913594717524,0.010414344989990054,0.011113344250003439,-0.08728861263824239,0.026551995171834264,1,MSFT
2026-05-15,421.0081481933594,427.24464052002446,412.01761111071977,413.3746572242232,50771200,412.2910217285156,398.20233947753906,412.6338911572233,409.2567347493052,48.12370094458049,3.3771564079180507,4.690446205204202,-1.313289797286151,0.030505840389261074,0.013913663559399051,0.8750327762902779,0.057271910420573224,0,MSFT
2026-05-18,422.6246643066406,424.2012362508279,414.7117792841577,415.7196062415453,32564100,413.2808807373047,398.4933099365234,414.17093318021057,410.24695175355225,46.16625830917823,3.9239814266583153,4.537153249495025,-0.6131718228367093,0.00383963141857957,0.01385606675369308,-0.35861078721795037,0.060556485562984985,0,MSFT
2026-05-19,416.5178833007813,431.7648588737268,415.58987007798993,428.9708919761278,33018700,413.8835754394531,398.6531640625,414.53200242952914,410.7114652014951,45.356221340396935,3.820537228034027,4.393830045202826,-0.5732928171687988,-0.014449655975185771,0.014695572731684346,0.013960158579540138,0.04481268643707659,0,MSFT
2026-05-20,420.1499938964844,421.18775475321456,410.4110776678385,413.2749005432513,27864000,414.592041015625,398.9585021972656,415.39630880906077,411.41061547519803,60.579979084574944,3.9856933338627414,4.312202702934809,-0.32650936907206773,0.008720179231968883,0.014802901249456274,-0.15611456538264679,0.053117032429454536,1,MSFT
2026-05-21,419.0899963378906,426.3399963378906,415.7099914550781,424.75,31393500,414.5149780273438,399.26020263671876,415.96456842888074,411.9794585020642,54.86133292670857,3.9851099268165626,4.24678414771116,-0.261674220894597,-0.0025229027109182622,0.013905113935357379,0.12666881998277346,0.049666341824744054,1,MSFT
2026-05-22,418.5700073242188,424.3999938964844,416.3299865722656,419.5400085449219,22390300,414.94969482421874,399.61177307128906,416.3654051820097,412.46764730370523,55.14970375501816,3.8977578783044464,4.176978893829817,-0.27922101552537093,-0.001240757398686676,0.013118803397287656,-0.2867854810709223,0.04744163092899578,1,MSFT
2026-05-26,416.0299987792969,419.7699890136719,413.0199890136719,416.4299926757813,30398000,415.37587890625,400.03847045898436,416.3138041969769,412.7315251907861,54.85496415162776,3.582279006190788,4.058038916302012,-0.47575991011122376,-0.006068300404893701,0.013127371798710156,0.3576414786760338,0.0399749761615793,1,MSFT
2026-05-27,412.6700134277344,415.9400024414063,409.5799865722656,411.010009765625,28901500,415.9540100097656,400.3101580810547,415.7532210017088,412.7269687638934,49.65820652621313,3.026252237815413,3.8516815806046925,-0.8254293427892794,-0.008076305462157207,0.012762687414479218,-0.049230212513981186,0.03087569749898056,1,MSFT
2026-05-28,426.989990234375,429.489990234375,412.6700134277344,412.9800109863281,47250500,418.21958312988284,400.8790222167969,417.48195472981126,413.78348887281794,55.4542852380003,3.698465856993323,3.8210384358824188,-0.12257257888909567,0.034700793226276616,0.0161283843247944,0.6348805425323945,0.0651342838375244,1,MSFT
2026-05-29,450.239990234375,450.3299865722656,432.3599853515625,432.5499877929688,79654400,422.3890686035156,402.06495666503906,422.5216524997441,416.4839704551555,71.7054905119745,6.037682044588621,4.26436715762366,1.773314886964961,0.05445092515456418,0.022390464298448622,0.685789568364356,0.11981903115588022,0,MSFT
2026-06-01,460.5199890136719,466.3200073242188,458.2699890136719,464.8399963378906,53628900,426.3402526855469,403.51177185058594,428.3675504249637,419.7458977557863,76.84774680600049,8.621652669177422,5.135824259934413,3.485828409243009,0.022832265019252507,0.021730852299517933,-0.326730224570143,0.14128018347924476,0,MSFT
2026-06-02,441.30999755859375,453.5,440.4299926757813,446.8800048828125,37036800,428.2087860107422,404.7170776367187,430.35869613782984,421.3432384819202,66.37180729893782,9.015457655909643,5.911750939129459,3.1037067167801835,-0.04171369737114239,0.02709596801868461,-0.3093872893160218,0.0904160509745564,0,MSFT
2026-06-03,427.3399963378906,440.3900146484375,424.25,438.4500122070313,39037000,429.29099731445314,405.62043212890626,429.894280783993,421.78744276754765,59.870381940934735,8.106838016445352,6.350768354592638,1.7560696618527132,-0.03165575513355168,0.02892881199141587,0.054005745636772184,0.053546524012582086,0,MSFT
2026-06-04,428.0499877929688,436.1499938964844,426.4100036621094,435.80999755859375,26899500,430.08099670410155,406.74274353027346,429.6105434007585,422.2513349916529,58.627536790224546,7.359208409105577,6.552456365495226,0.8067520436103504,0.0016614205577818453,0.028858206011312473,-0.3109229705151523,0.05238506304442403,0,MSFT
2026-06-05,416.6700134277344,429.4700012207031,414.3999938964844,428.3399963378906,34782200,429.83899841308596,407.67138122558595,427.61969263567784,421.83790376469597,48.06255983287139,5.78178887098187,6.398322866592556,-0.6165339956106859,-0.026585620113925734,0.03026794907068435,0.293042621610067,0.02207324972161584,0,MSFT
2026-06-08,411.739990234375,417.1600036621094,408.55999755859375,414.1400146484375,32086700,429.15599670410154,408.6025994873047,425.17666149701586,421.0899101698574,45.27857004619116,4.086751327158481,5.936008558705741,-1.8492572315472602,-0.011831960627074034,0.03049405522714079,-0.07749653558429315,0.007678342602340127,0,MSFT
2026-06-09,403.4100036621094,411.9800109863281,398.4800109863281,409.0299987792969,35317300,427.8939971923828,409.5508209228516,421.82794490703026,419.7802874655797,44.42180074228975,2.0476574414505535,5.1583383352547045,-3.110680893804151,-0.020231181740505533,0.031067315200119017,0.10068346074853451,-0.014994029915273877,0,MSFT
2026-06-10,397.3599853515625,405.0400085449219,397.1600036621094,398.5499877929688,32576000,426.3629943847656,410.33433654785154,418.0636434369583,418.11952434602284,40.49703133633259,-0.05588090906456955,4.11549448639085,-4.17137539545542,-0.014997194555478321,0.031278128047416275,-0.0776191837994411,-0.031618975164112384,0,MSFT
2026-06-11,390.3399963378906,396.8500061035156,384.0,395.2099914550781,47224100,422.6979949951172,410.7537365722656,413.79846696017864,416.0617815306057,38.57948079115415,-2.263314570427042,2.839732675027272,-5.103047245454314,-0.017666572560045224,0.02845878193919155,0.4496592583497052,-0.049698245972702226,0,MSFT
2026-06-12,390.739990234375,391.739990234375,382.2699890136719,391.4299926757813,34865800,416.7479949951172,411.19710205078127,410.2510090023627,414.18609328644044,38.934381472095865,-3.935084284077732,1.4847692832062713,-5.419853567284003,0.0010247320290952544,0.018630044931476648,-0.2616947702550181,-0.049750136161902936,0,MSFT
2026-06-15,399.760009765625,401.75,392.8500061035156,396.7999877929688,32266400,410.6719970703125,411.7392449951172,408.6370091197877,413.11749450712074,43.84784270897788,-4.480485387333033,0.29171834909841055,-4.772203736431443,0.023084454513702557,0.01868540618732069,-0.0745544344314486,-0.029094227414815044,0,MSFT
2026-06-16,393.8299865722656,396.8399963378906,390.6900024414063,395.7900085449219,31506800,405.9239959716797,412.1743621826172,406.3590056509382,411.68879021565,43.01185884215212,-5.329784564711815,-0.8325822336636347,-4.497202331048181,-0.014833957996038927,0.015975125363061247,-0.023541516872040313,-0.04450634802516884,0,MSFT
2026-06-17,378.9100036621094,390.3699951171875,377.3200073242188,390.25,41987800,401.08099670410155,412.32285400390623,402.13608226804143,409.26073195242475,32.2452035673563,-7.124649684383314,-2.0909957238075707,-5.0336539605757435,-0.03788432424867805,0.016952672681961843,0.3326583467695863,-0.08103564965496746,0,MSFT
2026-06-18,379.3999938964844,381.3699951171875,373.2799987792969,377.8200073242188,59714200,396.21599731445315,412.44043395996096,398.6382225185711,407.0488254297625,18.5546846954487,-8.410602911191347,-3.354917161284326,-5.055685749907021,0.0012931572923366996,0.01692048790159175,0.4221797760301802,-0.08010960454639637,0,MSFT
2026-06-22,367.3399963378906,381.6300048828125,367.0700073242188,375.739990234375,45171100,391.2829956054687,412.34195922851563,393.8231107984664,404.1074306822164,9.281591245758605,-10.284319883749959,-4.740797705777453,-5.5435221779725055,-0.03178702623248908,0.01749359758085509,-0.2435450864283537,-0.10913748136333945,1,MSFT
2026-06-23,373.9400024414063,377.2200012207031,370.6700134277344,372.3800048828125,40647600,387.5029968261719,412.4193896484376,390.76417105122636,401.8728063680823,16.91386075399201,-11.108635316855953,-6.014365227993153,-5.0942700888628,0.01796702283800533,0.01996178336784079,-0.10014146212954744,-0.09330159583387343,0,MSFT
2026-06-24,365.4599914550781,378.8800048828125,364.7799987792969,371.5700073242188,44509900,383.70799560546874,412.0578033447266,386.87122034412664,399.1755608189709,17.87790688464098,-12.304340474844253,-7.272360277363374,-5.031980197480879,-0.022677464114465584,0.020123557696379774,0.09501914012143398,-0.11308561932672556,1,MSFT
2026-06-25,352.8299865722656,364.2300109863281,349.20001220703125,362.7699890136719,66179000,379.25499572753904,411.26919494628913,381.634107456148,395.742555319215,15.253147265612583,-14.108447863067,-8.639577794504099,-5.4688700685629,-0.03455919985256439,0.02159813783135021,0.48683775968941734,-0.14209478631545824,1,MSFT
2026-06-26,372.9700012207031,376.6099853515625,355.42999267578125,357.1499938964844,186201600,377.5179962158203,410.52196960449226,380.3011680353103,394.05569946006597,31.324790850365375,-13.754531424755669,-9.662568520554414,-4.091962904201255,0.05708135763656941,0.030405595240164715,1.813605524411067,-0.09147371191843323,1,MSFT
2026-06-29,368.5700073242188,380.5,359.8999938964844,377.5,51229900,375.3009979248047,409.50633483886725,378.49637407975774,392.1678704129662,31.46734302985206,-13.671496333208438,-10.464354083085219,-3.207142250123219,-0.011797179081651232,0.030434444435051104,-0.7248686370041932,-0.09996506532861349,1,MSFT
2026-06-30,373.0199890136719,374.1499938964844,367.4500122070313,371.0299987792969,44945700,372.6269958496094,408.5292089843751,377.6538533003599,390.74950882783327,36.50412674319325,-13.095655527473355,-10.990614371962845,-2.1050411555105093,0.012073640288203347,0.02947294358208311,-0.12266664584549258,-0.08691966006293894,1,MSFT
2026-07-01,384.2799987792969,388.8299865722656,374.8900146484375,380.8299865722656,48065800,371.6719970703125,407.8714794921876,378.67326029711944,390.270285861275,44.44822387981982,-11.597025564155558,-11.111896610401388,-0.4851289537541703,0.030186076074363744,0.03143377317400599,0.0694193215368768,-0.057840476471320845,1,MSFT
2026-07-02,390.489990234375,392.2000122070313,383.7000122070313,384.4800109863281,42128900,372.8299957275391,407.21641296386724,380.49121874900493,390.2865602592824,50.06410542348838,-9.795341510277467,-10.848585590376604,1.0532440800991374,0.01616006941502235,0.029143106823044294,-0.12351609668412888,-0.041075021037957016,0,MSFT
2026-07-06,386.739990234375,389.1499938964844,381.2200012207031,387.0400085449219,34224500,373.5639953613281,406.31152526855476,381.45256820829263,390.0238513685485,48.338042584615636,-8.57128316025586,-10.393125104352457,1.8218419440965974,-0.009603319147180267,0.029432654791574416,-0.18762417248017393,-0.048168791227971686,1,MSFT
2026-07-07,388.8399963378906,395.5700073242188,388.2200012207031,392.489990234375,29297500,375.7139953613281,405.79129577636724,382.58909561284617,389.93615840331455,45.18602885958391,-7.347062790468385,-9.783912641575643,2.436849851107258,0.0054300205733650575,0.026885692150896118,-0.1439611973878362,-0.04177344269064487,0,MSFT
2026-07-08,383.3399963378906,385.30999755859375,381.3299865722656,384.0299987792969,25908300,376.65399475097655,404.98404968261724,382.7046188013145,389.44755380587577,45.358000203108425,-6.742935004561275,-9.17571711417277,2.4327821096114945,-0.014144635458798516,0.027216664035401534,-0.11568222544585716,-0.05344421184411807,1,MSFT
2026-07-09,384.3599853515625,384.6499938964844,373.3500061035156,374.4500122070313,31083200,378.543994140625,404.19321166992194,382.9592905782757,389.07069688333405,52.75001609187118,-6.111406305058324,-8.56285495234988,2.4514486472915564,0.0026607946559606965,0.025717870438572377,0.19973907975436433,-0.049068677418946716,1,MSFT
2026-07-10,385.1000061035156,391.9100036621094,381.5,387.7999877929688,24644600,381.77099609375,403.3287658691407,383.2886314283126,388.77657164038453,52.86894033928755,-5.487940212071919,-7.947872004294289,2.4599317922223696,0.0019253324491523838,0.021701618072686814,-0.20714083492047153,-0.04519578395640478,1,MSFT
2026-07-13,390.989990234375,393.6499938964844,384.1499938964844,387.75,28914900,383.5729949951172,402.6777130126954,384.47345586001455,388.94052857327273,62.69184849631264,-4.467072713258176,-7.251712146087067,2.7846394328288913,0.015294687191659273,0.014109110157249612,0.17327528140038795,-0.029025005359439637,1,MSFT
2026-07-14,384.9299926757813,388.1900024414063,378.6499938964844,382.8200073242188,27863900,385.20899353027346,402.23833862304696,384.54369229320946,388.6434518401252,55.93219780581821,-4.09975954691572,-6.621321626252799,2.5215620793370785,-0.01549911176744212,0.014632374271648485,-0.036348042012941395,-0.04303007517014923,1,MSFT
2026-07-15,395.6300048828125,398.9599914550781,386.3999938964844,387.7999877929688,36253700,387.4699951171875,401.88005249023445,386.2492788454561,389.1609742877317,65.90406509558264,-2.9116954422755725,-5.879396389457354,2.9677009471817817,0.027797294081065793,0.016293359348089963,0.3010992718176566,-0.015552022472112625,0,MSFT
2026-07-16,401.1000061035156,405.989990234375,392.0499877929688,398.30999755859375,37047400,389.15199584960936,401.64753112792977,388.5340061159268,390.0453470148268,77.5231030832185,-1.5113408989000163,-5.0057852913458865,3.49444439244587,0.013826052506617614,0.014296292449575403,0.021892937824277148,-0.0013631977840783405,0,MSFT
2026-07-17,393.8200073242188,398.3900146484375,389.3900146484375,394.8599853515625,33049800,389.48499755859376,401.3141125488282,389.34723707104865,390.3249514821892,63.93158482220244,-0.9777144111405391,-4.200171115304817,3.222456704164278,-0.018150083940457473,0.01524210384403084,-0.10790500817871163,-0.018673913999716518,0,MSFT
2026-07-20,402.2900085449219,403.1799926757813,389.6499938964844,391.4100036621094,27915800,391.0399993896484,401.09860595703134,391.3384326824138,391.21125200535454,71.36882371939302,0.1271806770592434,-3.3347007568320053,3.4618814338912487,0.021507290292973824,0.01600384603508477,-0.15534133338174516,0.002970348363709352,0,MSFT
2026-07-21,397.75,401.4700012207031,396.3200073242188,398.80999755859375,24126600,391.9309997558594,400.6563934326173,392.3248276543501,391.69560370866157,65.65388307972859,0.6292239456885227,-2.5419158163279,3.1711397620164226,-0.011285412136739392,0.016703064276533803,-0.135736751230486,-0.007254079755764753,0,MSFT
2026-07-22,390.3399963378906,401.0,386.9599914550781,399.5799865722656,28142500,392.63099975585936,400.1787365722657,392.0194689902794,391.59518834786377,54.03247030689777,0.42428064241562424,-1.948676524579195,2.3729571669948193,-0.018629801790344125,0.017247822160159552,0.16645113691941682,-0.024585864603024254,1,MSFT
2026-07-23,381.5799865722656,391.7799987792969,377.3900146484375,389.9700012207031,30351800,392.3529998779297,399.5749731445313,390.41339477212347,390.8533215496713,44.265671333404285,-0.43992677754783927,-1.6469265751729238,1.2069997976250846,-0.022441998892785864,0.018881412961836656,0.07850404192946603,-0.045035319481224634,1,MSFT
2026-07-24,381.7000122070313,389.0299987792969,380.6499938964844,387.0499877929688,27659400,392.01300048828125,399.0711993408204,389.07287437749386,390.17529863540165,46.59737102357017,-1.102424257907785,-1.5380261117198961,0.43560185381211114,0.0003145490827332065,0.018864665189618945,-0.08870643586212346,-0.04352904234252564,1,MSFT
2026-07-27,389.1000061035156,394.2000122070313,387.989990234375,390.0799865722656,27856200,391.8240020751953,398.76651428222664,389.07704848918956,390.09564733674347,50.16381654085607,-1.0185988475539034,-1.4341406588866976,0.4155418113327942,0.019386936494177,0.01929040875441899,0.007115121803076052,-0.024241022835406745,0,MSFT
2026-07-28,393.3500061035156,400.3200073242188,391.2999877929688,393.1600036621094,32367500,392.66600341796874,398.46261169433603,389.7344265837013,390.3367109490969,56.4076327109486,-0.6022843653956329,-1.2677694001884847,0.6654850347928518,0.010922641823010837,0.018782745044387705,0.16194958393463565,-0.01283082889278031,0,MSFT
2026-07-29,390.5400085449219,401.25,388.739990234375,393.3999938964844,47209000,392.15700378417966,397.85324890136724,389.8583622700429,390.35177003026917,53.86734602288245,-0.49340776022626187,-1.1128970721960403,0.6194893119697784,-0.007143758777149345,0.016646113375746882,0.45853093380705956,-0.018381753514996158,0,MSFT
2026-07-30,451.1000061035156,458.6900024414063,432.4400024414063,437.8999938964844,110160700,397.15700378417966,398.4227557373048,399.28015362903875,394.85163936902813,73.61866053810704,4.4285142600106155,-0.004614805754709073,4.433129065765325,0.15506733300956488,0.0523704425914266,1.3334681946239066,0.13221446217028565,0,MSFT
2026-07-31,464.7200012207031,466.8399963378906,449.3299865722656,450.0,60748000,404.24700317382815,399.38679809570317,409.3478224892948,400.0270735802633,75.0016919710335,9.320748909031522,1.8604579372025372,7.460290971828985,0.030192850660396786,0.051402447969549146,-0.44855107129856653,0.16358378252989847,0,MSFT
