Date,Close,High,Low,Open,Volume,sma_10,sma_50,ema_12,ema_26,rsi_14,macd,macd_signal,macd_hist,daily_return,volatility_10,volume_change,price_vs_sma50,direction,ticker
2021-10-11,62.70399856567383,63.94200134277344,62.678001403808594,63.31999969482422,28625000,61.752099227905276,57.000579833984375,61.66722270199649,59.98040385913411,72.73109865571851,1.6868188428623796,1.492246980137247,0.1945718627251325,-0.008883132882744116,0.02149908027366789,-0.12517954830231348,0.10005895989656244,1,NFLX
2021-10-12,62.49399948120117,63.76599884033203,62.19900131225586,63.30199813842773,32273000,62.16299934387207,57.22015983581543,61.794419129566435,60.16659612743537,66.62142531700998,1.6278230021310662,1.519362184536011,0.10846081759505521,-0.003349054115786787,0.02055696995690976,0.1274410480349344,0.0921675098517416,1,NFLX
2021-10-13,62.97600173950195,63.21799850463867,62.209999084472656,63.21799850463867,24203000,62.46999969482422,57.45803985595703,61.97620106955652,60.37470024684771,67.32156628469016,1.6015008227088074,1.5357899121705705,0.06571091053823697,0.007712776623390427,0.019458288638625948,-0.2500542248938742,0.09603463496802256,0,NFLX
2021-10-14,63.380001068115234,63.6879997253418,62.67900085449219,63.22299957275391,26717000,62.70459976196289,57.690939865112306,62.19217030010401,60.59731512249716,69.07768548098821,1.5948551776068527,1.5476029652578271,0.047252212349025546,0.006415131438232802,0.018877829773748935,0.10387142089823587,0.09861273219511713,1,NFLX
2021-10-15,62.82899856567383,63.94200134277344,62.51599884033203,63.79999923706055,41169000,62.85599975585937,57.89773986816406,62.290143879422445,60.76262500717691,65.66481290084234,1.5275188722455368,1.543586146655369,-0.016067274409832244,-0.008693633530381883,0.01928936598298259,0.5409289965190702,0.08517186869018523,1,NFLX
2021-10-18,63.797000885009766,63.84099960327149,62.05899810791016,63.209999084472656,46691000,63.202199935913086,58.13257987976074,62.52196803412819,60.98739359072008,73.59609988197994,1.5345744434081112,1.5417838060059175,-0.007209362597806246,0.01540693535524218,0.01846472338408535,0.13413004930894612,0.09743969761818772,1,NFLX
2021-10-19,63.900001525878906,64.0999984741211,63.22999954223633,63.696998596191406,76331000,63.244100189208986,58.370639877319334,62.73397318670523,61.20314232665777,69.8706571297999,1.530830860047459,1.5395932168142257,-0.008762356766766732,0.001614506002481031,0.008676529695266577,0.6348118481077725,0.09472847411268615,1,NFLX
2021-10-20,62.51399993896485,63.7400016784668,61.71500015258789,62.55699920654297,106220000,63.104500198364256,58.58923988342285,62.700131148591325,61.30024289053237,57.178886240411,1.399888258058958,1.511652225063172,-0.1117639670042141,-0.02169016516146305,0.010856497661693788,0.3915709213818763,0.06698772783793139,1,NFLX
2021-10-21,65.31600189208984,65.4010009765625,62.8650016784668,62.88899993896485,84371000,63.31760025024414,58.870759887695314,63.102572801437255,61.59770652027736,65.5935822484789,1.5048662811598916,1.5102950362825163,-0.00542875512262464,0.044821991167749875,0.017849587726471907,-0.20569572585200524,0.10948120963088948,1,NFLX
2021-10-22,66.47799682617188,66.5459976196289,65.18099975585938,65.18099975585938,61860000,63.638800048828124,59.17887985229492,63.621868805242585,61.959209505899175,73.60693640940603,1.6626592993434102,1.540767888894695,0.12189141044871521,0.017790356121334394,0.01838087517826726,-0.26680968579251163,0.12333989747854113,1,NFLX
2021-10-25,67.16600036621094,67.58799743652344,65.70700073242188,66.3740005493164,38335000,64.08500022888184,59.49035987854004,64.16711981462232,62.34489771777412,67.45948806520519,1.8222220968482077,1.5970587304853976,0.2251633663628101,0.010349342231807501,0.017748826104883715,-0.38029421273844166,0.12902326533814978,1,NFLX
2021-10-26,66.85199737548828,67.64900207519531,66.2770004272461,67.3759994506836,29048000,64.52080001831055,59.791559829711915,64.58017790090939,62.67875695167887,64.09271630155166,1.9014209492305199,1.6579311742344223,0.24348977499609759,-0.004675028868930897,0.017839766139036657,-0.24225903221599066,0.11808418388623232,1,NFLX
2021-10-27,66.29199981689453,67.14099884033203,66.18499755859375,66.9000015258789,22769000,64.8523998260498,60.07957984924317,64.84353511875327,62.94640457132447,65.12214784439848,1.8971305474287945,1.705771048873297,0.1913594985554976,-0.00837667654787344,0.018473141174696575,-0.2161594602038006,0.10340318596168774,1,NFLX
2021-10-28,67.40499877929688,67.68000030517578,66.8030014038086,67.09500122070312,28594000,65.25489959716796,60.383939819335936,65.23760645114459,63.276670808952055,68.30604614751279,1.9609356421925312,1.7568039675371439,0.2041316746553874,0.01678934057618653,0.018830792695290532,0.25583029557731995,0.11627361482154708,0,NFLX
2021-10-29,69.03099822998047,69.09700012207031,67.1240005493164,67.30599975585938,38253000,65.87509956359864,60.67713981628418,65.82120518635011,63.70291728458379,75.57602080641837,2.1182879017663225,1.8291007543829796,0.28918714738334295,0.024122831839335612,0.018780395850583647,0.33779813946981885,0.137677195052202,0,NFLX
2021-11-01,68.11699676513672,68.99700164794922,67.65399932861328,68.90599822998047,31109000,66.30709915161133,60.94571975708008,66.17440389077882,64.02988613499512,71.50613172820283,2.1445177557836956,1.8921841546631228,0.2523336011205728,-0.013240449772994767,0.019947450085178852,-0.18675659425404545,0.11766662263798366,0,NFLX
2021-11-02,67.77200317382812,68.76799774169922,67.38200378417969,68.31099700927734,38886000,66.69429931640624,61.194499816894535,66.42018839586332,64.30707998972349,68.53741932915477,2.1131084061398298,1.9363690049584643,0.17673940118136544,-0.00506472110768641,0.020248094811675787,0.24999196374039667,0.10748520498761693,0,NFLX
2021-11-03,68.8290023803711,68.93900299072266,67.72699737548828,67.72699737548828,23349000,67.32579956054687,61.46425987243652,66.79077516271067,64.64203720384553,70.04930837737122,2.1487379588651407,1.9788427957397998,0.16989516312534092,0.015596399059238042,0.017857519653740963,-0.3995525381885512,0.11982154382432042,0,NFLX
2021-11-04,66.83999633789062,68.59400177001953,66.55000305175781,68.58899688720703,48650000,67.47819900512695,61.70589981079102,66.79834765119989,64.80484899155257,63.345966060957466,1.9934986596473152,1.9817739685213032,0.011724691126012043,-0.028897789793444706,0.016994146939210742,1.0836010107499252,0.08320268471640957,0,NFLX
2021-11-05,64.5719985961914,66.56400299072266,64.5009994506836,66.39700317382812,52835000,67.2875991821289,61.89709976196289,66.45583241196782,64.78760081411842,52.373362305126726,1.668231597849399,1.9190654943869223,-0.2508338965375234,-0.033931745451241446,0.019490441991168377,0.08602261048304216,0.043215253130039155,1,NFLX
2021-11-08,65.1449966430664,65.5999984741211,64.37899780273438,65.02899932861328,28875000,67.08549880981445,62.082159729003905,66.25416537059837,64.81407457922568,53.706005043568005,1.4400907913726968,1.8232705537840772,-0.3831797624113804,0.008873785221645614,0.019385700521741937,-0.4534872716948992,0.04933521848196243,1,NFLX
2021-11-09,65.5989990234375,66.05000305175781,65.052001953125,65.37000274658203,24156000,66.96019897460937,62.261779708862306,66.15337054795823,64.87221713064878,59.72265836706408,1.2811534173094543,1.7148471264891527,-0.4336937091796984,0.006969105898624983,0.019614286393158646,-0.16342857142857148,0.05359980601550607,1,NFLX
2021-11-10,64.69100189208984,66.03299713134766,64.21099853515625,65.3010025024414,24058000,66.8000991821289,62.41721977233887,65.92839075474771,64.85879377964442,47.7632227067845,1.0695969751032948,1.5857970962119814,-0.5162001211086866,-0.01384163089170376,0.019894616534848083,-0.004056963073356568,0.036428763217015936,1,NFLX
2021-11-11,65.75800323486328,66.58200073242188,64.97100067138672,65.02400207519531,28683000,66.63539962768554,62.568239822387696,65.9021772901501,64.9254018874384,47.40561537975153,0.9767754027117093,1.4639927575119271,-0.4872173548002179,0.016493813846835792,0.01986336621694427,0.1922437442846454,0.050980552138438995,1,NFLX
2021-11-12,68.26100158691406,68.33399963378906,65.38200378417969,66.0009994506836,41984000,66.5583999633789,62.75635986328125,66.26507333580611,65.17248334665882,53.48926652566065,1.0925899891472852,1.3897122038389988,-0.2971222146917136,0.038063782793267054,0.022267045476092488,0.4637241571662658,0.08771448400807547,0,NFLX
2021-11-15,67.93299865722656,68.5260009765625,67.14900207519531,68.1240005493164,28722000,66.5400001525879,62.93395980834961,66.52167723140926,65.37696596225643,53.4415844662458,1.1447112691528218,1.3407120169017634,-0.1960007477489416,-0.004805129166906008,0.021904350225246828,-0.31588224085365857,0.07943308929074755,0,NFLX
2021-11-16,68.73999786376953,68.83599853515625,67.69000244140625,67.8270034790039,20774000,66.63679962158203,63.09533973693848,66.86295732869546,65.6260794364426,57.67301493165492,1.2368778922528634,1.3199451919719836,-0.08306729971912019,0.011879340269003835,0.02212792651300733,-0.2767216767634566,0.08946236204393476,0,NFLX
2021-11-17,69.16899871826172,70.0989990234375,68.60900115966797,69.0,27328000,66.6707992553711,63.26661972045898,67.21773292709027,65.88851790176253,55.77678870801471,1.3292150253277413,1.3217991586431352,0.007415866684606032,0.0062409203931368396,0.021665233167720767,0.3154905169923943,0.09329373094187998,0,NFLX
2021-11-18,68.2020034790039,69.17400360107422,67.9739990234375,69.16100311279297,20129000,66.80699996948242,63.43557975769043,67.36915916584621,66.0598872037804,47.16272462829599,1.3092719620658073,1.3192937193276697,-0.010021757261862385,-0.01398018270000645,0.019836928050653593,-0.26342944964871196,0.07513801780515195,0,NFLX
2021-11-19,67.87999725341797,69.41600036621094,67.5,69.23500061035156,26137000,67.13779983520507,63.595739669799805,67.44774964085725,66.19471017042022,49.15459962683074,1.253039470437031,1.3060428695495419,-0.05300339911251095,-0.004721360211728531,0.015630570526251948,0.2984748372994188,0.06736705329417947,0,NFLX
2021-11-22,65.91999816894531,67.947998046875,65.64700317382812,67.60199737548828,27644000,67.21529998779297,63.735559616088864,67.21271095287081,66.17436113327393,44.07623926384559,1.0383498195968741,1.2525042595590083,-0.21415443996213424,-0.028874472065096635,0.018849299197785756,0.05765772659448287,0.034273466272429554,0,NFLX
2021-11-23,65.40599822998047,66.64299774169922,64.6050033569336,65.81800079345703,23202000,67.19599990844726,63.888159561157224,66.93475514934921,66.1174453626596,38.65728966206985,0.81730978668962,1.1654653649851308,-0.3481555782955108,-0.0077973293877757754,0.018937720591574038,-0.16068586311677036,0.023757746024445803,0,NFLX
2021-11-24,65.8290023803711,66.14399719238281,65.11000061035156,65.8010025024414,18673000,67.30979995727539,64.03899963378906,66.7646393387372,66.09607921582341,46.26194719622767,0.6685601229137887,1.0660843165708624,-0.3975241936570737,0.0064673602091243065,0.018385313517366653,-0.1951986897681235,0.02795175997155286,0,NFLX
2021-11-26,66.56400299072266,67.64099884033203,66.06700134277344,67.5,28725000,67.39039993286133,64.19727966308594,66.73377220827342,66.13074023618631,58.30693695539574,0.6030319720871091,0.9734738476741118,-0.3704418755870027,0.011165300760667796,0.017988173360348816,0.5383173566111499,0.03686641147502723,0,NFLX
2021-11-29,66.38400268554688,66.79900360107422,65.8290023803711,66.31999969482422,25294000,67.20270004272462,64.34625968933105,66.67996151246933,66.14950041762043,55.34192124828047,0.5304610948489028,0.8848712971090701,-0.3544102022601673,-0.00270416887639513,0.012541612317088995,-0.11944299390774582,0.031668398537136655,0,NFLX
2021-11-30,64.19000244140625,67.53800201416016,64.0009994506836,66.81999969482422,56089000,66.82840042114258,64.47919975280762,66.29689088615193,66.00435241938234,44.71771766961766,0.29253846676958517,0.7664047310411731,-0.47386626427158796,-0.033050134902731676,0.0158177700623209,1.217482406894916,-0.0044851256298164,0,NFLX
2021-12-01,61.777000427246094,65.4520034790039,61.70700073242188,64.947998046875,38828000,66.13210067749023,64.56845977783203,65.60152312324334,65.69121523477966,40.1832657198726,-0.08969211153632273,0.595185362525674,-0.6848774740619967,-0.03759155510802148,0.01742028998550871,-0.3077430512221647,-0.04323255286235461,1,NFLX
2021-12-02,61.64699935913086,62.5359992980957,61.28799819946289,61.709999084472656,33311000,65.37990074157715,64.62009979248047,64.99313485184142,65.39164368843531,35.2175445767829,-0.3985088365938907,0.39644652270176106,-0.7949553592956518,-0.0021043603155892487,0.016715661895486268,-0.14208818378489751,-0.046008911204058256,0,NFLX
2021-12-03,60.2130012512207,62.54999923706055,59.400001525878906,62.275001525878906,48293000,64.58100051879883,64.63783981323242,64.25772968251515,65.00804054493793,18.650693055300877,-0.7503108624227792,0.167095045676853,-0.9174059080996322,-0.023261442127235687,0.0171323097973569,0.4497613400978655,-0.06845585457058978,1,NFLX
2021-12-06,61.26900100708008,61.729000091552734,60.09999847412109,60.60100173950195,30757000,63.91990089416504,64.67843986511231,63.79792527090976,64.73107465324475,25.434995920660867,-0.9331493823349888,-0.05295383992551539,-0.8801955424094734,0.017537736600331977,0.019501004295838373,-0.3631168078189385,-0.05271368426855472,0,NFLX
2021-12-07,62.55799865722656,62.88899993896485,61.13999938964844,61.983001708984375,31252000,63.58370094299316,64.74431983947754,63.60716733034312,64.5701060609471,27.993745919421542,-0.9629387306039803,-0.23495081806120838,-0.727987912542772,0.021038333071523807,0.020501309079795273,0.016093897324186424,-0.033768540432142724,0,NFLX
2021-12-08,62.80799865722656,63.24599838256836,62.31999969482422,63.0,22203000,63.32390098571777,64.8327798461914,63.484218303709795,64.43957958659743,27.064260311535804,-0.9553612828876368,-0.37903291102649406,-0.5763283718611427,0.003996291527320395,0.020663011925989565,-0.28954946883399457,-0.03123082480449557,0,NFLX
2021-12-09,61.09999847412109,63.02399826049805,61.04399871826172,62.757999420166016,23763000,62.85100059509277,64.85665985107421,63.11741525300384,64.19220320789547,25.691400380529373,-1.074787954891633,-0.5181839197995219,-0.5566040350921111,-0.02719399152370472,0.021519451713847112,0.07026077557086885,-0.05792252307749557,0,NFLX
2021-12-10,61.16600036621094,61.77399826049805,60.5880012512207,61.678001403808594,27488000,62.311200332641604,64.85929985046387,62.817197578112626,63.96804003443736,26.60955077383683,-1.1508424563247317,-0.6447156271045639,-0.5061268292201678,0.00108022739342295,0.020786078144486363,0.15675630181374411,-0.056943252436705394,0,NFLX
2021-12-13,60.45600128173828,61.26399993896485,59.95199966430664,61.20000076293945,25179000,61.718400192260745,64.84211990356445,62.45393660943965,63.707889015718905,29.148241489868468,-1.2539524062792538,-0.7665629829395018,-0.487389423339752,-0.011607740905433928,0.020713870675721675,-0.08400029103608853,-0.06764304788846143,0,NFLX
2021-12-14,59.79899978637695,60.229000091552734,58.8129997253418,59.87099838256836,29845000,61.279299926757815,64.83139991760254,62.04548479050693,63.41834166539728,28.833538444612344,-1.3728568748903456,-0.8878217613296706,-0.48503511356067497,-0.010867432205771577,0.01898122608566021,0.18531315779022206,-0.07762288239373993,1,NFLX
2021-12-15,60.50400161743164,60.56900024414063,58.45100021362305,59.81800079345703,28662000,61.15200004577637,64.77185997009278,61.80833353311074,63.20246462480723,30.317146843097206,-1.3941310916964866,-0.9890836274030339,-0.40504746429345273,0.011789525469877438,0.016349661061398794,-0.03963813034009045,-0.06589062525966893,1,NFLX
2021-12-16,59.10599899291992,60.28300094604492,58.79999923706055,59.70899963378906,31432000,60.89790000915527,64.67577995300293,61.39258975769677,62.89902272614891,23.720927731815365,-1.5064329684521383,-1.0925534956128549,-0.4138794728392834,-0.02310595311284247,0.017666215636267385,0.09664363966227052,-0.08611849697259666,1,NFLX
2021-12-17,58.67300033569336,59.32500076293945,58.17399978637695,59.1609992980957,43869000,60.74389991760254,64.58553993225098,60.97419138508086,62.58598403055961,23.305407846023968,-1.6117926454787508,-1.1964013255860342,-0.4153913198927166,-0.0073257988123748286,0.016416165682999525,0.395679562229575,-0.0915458723850534,1,NFLX
2021-12-20,59.374000549316406,60.28799819946289,58.42599868774414,58.64300155639648,33584000,60.55439987182617,64.50769996643066,60.72800817957864,62.3480593282453,31.40540467295834,-1.6200511486666613,-1.2811312902021597,-0.3389198584645017,0.011947577414011867,0.015740579363728024,-0.2344480156830564,-0.0795827384914638,1,NFLX
2021-12-21,60.492000579833984,60.78200149536133,59.38600158691406,59.75400161743164,23194000,60.34780006408691,64.46346000671387,60.69169931807946,62.21057349502964,44.48734636887051,-1.5188741769501846,-1.3286798675517646,-0.19019430939841997,0.018829791157308984,0.01537672533865927,-0.3093735111958076,-0.06160791596458304,1,NFLX
2021-12-22,61.42399978637695,61.48199844360352,60.26300048828125,60.33599853515625,23357000,60.20940017700195,64.44206001281738,60.80436092858677,62.15230877587018,49.10492269550284,-1.3479478472834145,-1.3325334634980948,-0.015414383785319785,0.015406982702001581,0.016365444733533803,0.007027679572303214,-0.046833701868626454,0,NFLX
2021-12-23,61.40900039672852,61.6879997253418,60.75699996948242,61.63999938964844,16211000,60.2403003692627,64.41071998596192,60.89738238522396,62.09724889593376,55.417643265391355,-1.1998665107097963,-1.306000072940435,0.10613356223063874,-0.00024419428400290766,0.013791337039924549,-0.30594682536284623,-0.04660279515409249,0,NFLX
2021-12-27,61.3120002746582,61.5,60.92499923706055,61.5,20615000,60.25490036010742,64.36935997009277,60.96116975282923,62.03908233139483,50.21331112919403,-1.077912578565602,-1.2603825740654684,0.1824699954998663,-0.001579575004374889,0.013806478599500637,0.2716673863426069,-0.047497127466469724,0,NFLX
2021-12-28,61.07099914550781,61.84099960327149,60.96900177001953,61.494998931884766,18828000,60.316400146484376,64.33419998168945,60.97806658247209,61.967372465773565,41.76725419696684,-0.9893058833014763,-1.20616723591267,0.21686135261119377,-0.00393073343017325,0.013272391757689097,-0.08668445306815431,-0.050722645764001095,0,NFLX
2021-12-29,61.05400085449219,61.39799880981445,60.46799850463867,61.07099914550781,12872000,60.4419002532959,64.2793399810791,60.98974877816749,61.89971530938236,40.03184260457245,-0.9099665312148701,-1.14692709497311,0.23696056375823993,-0.00027833654686282294,0.012618522335772939,-0.3163373698746548,-0.05017691730400953,0,NFLX
2021-12-30,61.20899963378906,62.06100082397461,61.124000549316406,61.29899978637695,16251000,60.51240005493164,64.2255199432373,61.02347967903234,61.848551185264334,50.75225064420714,-0.8250715062319927,-1.0825559772248867,0.25748447099289407,0.002538716171382127,0.012164310433625898,0.2625077688004973,-0.0469676276986819,0,NFLX
2021-12-31,60.24399948120117,61.40800094604492,60.20500183105469,61.0009994506836,19959000,60.626200103759764,64.18011993408203,60.90355964859678,61.72969550348188,44.33938622915067,-0.826135854885095,-1.0312719527569283,0.2051360978718333,-0.015765657964702084,0.010661565325437931,0.22817057411851582,-0.06132927855110837,0,NFLX
2022-01-03,59.73699951171875,60.999000549316406,59.055999755859375,60.56100082397461,30675000,60.7326000213623,64.06853988647461,60.72408885830785,61.58208839298091,45.472852293765726,-0.8579995346730556,-0.9966174691401538,0.13861793446709825,-0.008415775410804627,0.010772043857245065,0.5369006463249661,-0.06760791462441751,0,NFLX
2022-01-04,59.1150016784668,60.04100036621094,58.15999984741211,59.99100112915039,43931000,60.70670013427734,63.921279983520506,60.476536984486145,61.39934122894282,45.67418251299149,-0.9228042444566782,-0.9818548242034587,0.05905057974678052,-0.010412271093896086,0.010764022534331313,0.43214343928280363,-0.07519058295285719,0,NFLX
2022-01-05,56.75199890136719,59.28400039672852,56.6879997253418,59.20000076293945,41487000,60.33269996643067,63.71299995422363,59.903531125544774,61.055093649122405,30.38476035490568,-1.1515625235776312,-1.0157963640782932,-0.135766159499338,-0.03997297995443272,0.014510488951649289,-0.05563269672896132,-0.10925558454095352,0,NFLX
2022-01-06,55.32899856567383,56.33599853515625,54.20100021362305,55.43399810791016,57118000,59.72319984436035,63.48253997802735,59.199756885564625,60.630938457755846,30.30554983136399,-1.431181572191221,-1.0988734057008789,-0.3323081664903422,-0.025074012602912532,0.013396478238891422,0.3767686263166776,-0.12843754227817028,0,NFLX
2022-01-07,54.10599899291992,55.34299850463867,53.821998596191406,54.94599914550781,33829000,58.99289970397949,63.238819961547854,58.416101825157746,60.147609608508745,27.99883269283356,-1.7315077833509989,-1.225400281230903,-0.5061075021200958,-0.022104133536815063,0.013354291347142064,-0.40773486466612974,-0.14441795362691956,0,NFLX
2022-01-10,53.98500061035156,54.36899948120117,52.63199996948242,53.8489990234375,44861000,58.26019973754883,62.97041999816894,57.734393945956796,59.6911200530897,22.502285159930054,-1.9567261071329014,-1.3716654464113027,-0.5850606607215987,-0.002236321014684406,0.013296109947013354,0.32611073339442487,-0.14269270219380237,0,NFLX
2022-01-11,54.08399963378906,54.39099884033203,53.00699996948242,53.69900131225586,30778000,57.561499786376956,62.67148002624512,57.17279482100791,59.27577779980817,13.507946349163177,-2.102982978800256,-1.5179289528890936,-0.5850540259111623,0.0018338246238440714,0.013826436720507415,-0.313925235728138,-0.1370237369352033,0,NFLX
2022-01-12,53.72200012207031,54.42699813842773,53.20199966430664,54.42699813842773,37874000,56.82829971313477,62.38358009338379,56.64190332886366,58.86438686071648,3.0937630825373645,-2.2224835318528164,-1.6588398686818384,-0.563643663170978,-0.006693282933398104,0.013363827275486913,0.23055429202677247,-0.1388439066553684,0,NFLX
2022-01-13,51.91999816894531,54.07899856567383,51.82600021362305,53.70600128173828,44751000,55.89939956665039,62.066539993286135,55.915456381183915,58.349987698363066,2.540740800098291,-2.4345313171791503,-1.8139781583813008,-0.6205531587978494,-0.03354309126671351,0.013680444285106596,0.1815757511749485,-0.16347845111775838,0,NFLX
2022-01-14,52.56900024414063,53.83700180053711,51.1879997253418,51.7599983215332,78611000,55.13189964294433,61.741339950561525,55.400616975484944,57.9217664054577,8.5600521017721,-2.521149429972759,-1.9554124126995927,-0.5657370172731664,0.012500040409930246,0.016432247478758513,0.7566311367343745,-0.14856074898545302,0,NFLX
2022-01-18,51.08000183105469,52.17499923706055,50.86800003051758,52.007999420166016,48391000,54.26619987487793,61.42614006042481,54.73590695326491,57.414969029576,7.654489295433677,-2.679062076311091,-2.1001423454218924,-0.5789197308891985,-0.028324647723387275,0.016957349274016344,-0.38442457162483623,-0.1684321726742497,0,NFLX
2022-01-19,51.58599853515625,52.32099914550781,51.05099868774414,51.5,43535000,53.513299560546876,61.1664200592041,54.25130565817127,56.98319343739676,11.468314341602806,-2.731887779225488,-2.2264914321826117,-0.5053963470428764,0.009905964877901408,0.018744794263899182,-0.1003492384947614,-0.15662877629220062,0,NFLX
2022-01-20,50.82500076293945,52.66400146484375,50.69300079345703,51.775001525878906,126590000,52.9205997467041,60.88002014160156,53.724181828135606,56.527031017066584,9.726949581291564,-2.8028491889309777,-2.341762983532285,-0.4610862053986926,-0.014752021746718191,0.01630586518098577,1.9077753531641206,-0.16516123607178546,0,NFLX
2022-01-21,39.75,40.915000915527344,37.999000549316406,40.042999267578125,589043000,51.36269989013672,60.363040161132815,51.574307700730124,55.284287978765356,5.451691464194312,-3.709980278035232,-2.6154064424328745,-1.0945738356023575,-0.21790458626053022,0.06777767773824762,3.653155857492693,-0.3414844597970623,0,NFLX
2022-01-24,38.71500015258789,38.72600173950195,35.145999908447266,38.39099884033203,323460000,49.82360000610352,59.843520126342774,49.595952693323625,54.05693332497443,5.329358568163727,-4.460980631650806,-2.9845212802764607,-1.476459351374345,-0.02603773201036752,0.06773731356431789,-0.45087200764630087,-0.3530627865664979,1,NFLX
2022-01-25,36.641998291015625,38.77099990844727,36.51300048828125,37.91400146484375,151458000,48.08929977416992,59.26120002746582,47.603036631430086,52.766938137273776,5.019806466065617,-5.16390150584369,-3.4203973253899065,-1.7435041804537832,-0.05354518541655484,0.0672982527806348,-0.5317566314227415,-0.3816865288918696,1,NFLX
2022-01-26,35.970001220703125,38.26599884033203,35.6619987487793,37.82699966430664,126840000,46.27789993286133,58.6153800201416,45.81333887593363,51.52272058789817,5.3842772186672505,-5.709381711964539,-3.878194202704833,-1.8311875092597063,-0.01833953118428233,0.06634519765316713,-0.16254011012954084,-0.38633851374258765,1,NFLX
2022-01-27,38.66999816894531,39.47999954223633,37.810001373291016,38.20600128173828,243247000,44.77269973754883,58.030120010375974,44.714363382550815,50.57066707538314,16.09474651670189,-5.856303692832327,-4.273816100730333,-1.5824875921019945,0.0750624647376481,0.07505285232531446,0.9177467675812048,-0.33362195077261614,1,NFLX
2022-01-28,38.43600082397461,38.70000076293945,37.20800018310547,38.67599868774414,119666000,43.424300003051755,57.42404006958008,43.748461450462166,49.67180290861214,16.769856724697746,-5.923341458149977,-4.603721172214262,-1.3196202859357156,-0.006051134110438561,0.07539096509289886,-0.5080473757127528,-0.3306635900678161,1,NFLX
2022-01-31,42.7140007019043,42.77000045776367,39.81999969482422,40.196998596191406,200475000,42.43880004882813,56.89494010925293,43.589313642991726,49.15641015255971,29.680900827322688,-5.567096509567982,-4.796396239685006,-0.7707002698829761,0.11130189890258468,0.08672785634004991,0.6752878846121706,-0.2492478132522431,0,NFLX
2022-02-01,45.7130012512207,45.84799957275391,42.55400085449219,43.29600143432617,225681000,41.902099990844725,56.44516006469726,43.916034813488494,48.901342826534595,36.33752093041036,-4.985308013046101,-4.834178594357224,-0.15112941868887653,0.07021118368766377,0.09078434575872069,0.12573138795361016,-0.19013426131089706,0,NFLX
2022-02-02,42.948001861572266,45.198001861572266,42.64799880981445,44.82500076293945,143460000,41.038300323486325,55.94652015686035,43.76710666703985,48.46035460690776,33.69453154596661,-4.693247939867909,-4.805992463459361,0.11274452359145215,-0.06048606116349886,0.09204680398481346,-0.3643239794222819,-0.2323382805372599,0,NFLX
2022-02-03,40.560001373291016,42.92599868774414,40.428001403808594,42.14400100708008,99052000,40.011800384521486,55.439320220947266,43.27370585261695,47.87514325626948,33.10730359788104,-4.6014374036525325,-4.765081451497996,0.16364404784546327,-0.05560213245724743,0.09298291855071515,-0.30954970026488215,-0.2683892729628786,1,NFLX
2022-02-04,41.016998291015625,41.277000427246094,39.66400146484375,40.73099899291992,77898000,40.13850021362305,54.95154022216797,42.92652007390905,47.36713251810253,32.723128290594445,-4.4406124441934764,-4.700187650037092,0.2595752058436158,0.011267182008172894,0.06102723417242878,-0.21356459233533898,-0.2535787327309712,0,NFLX
2022-02-07,40.209999084472656,41.23500061035156,39.35499954223633,41.016998291015625,82329000,40.28800010681152,54.43916015625,42.508593767841916,46.8369744859818,33.40456822731926,-4.328380718139883,-4.62582626365765,0.2974455455177676,-0.019674750473384406,0.060702542045276184,0.05688207656165756,-0.261377306904389,0,NFLX
2022-02-08,40.35300064086914,40.6609992980957,39.58300018310547,39.81800079345703,68185000,40.65910034179687,53.91494010925293,42.17696405599995,46.356680127084566,32.658162991876964,-4.179716071084613,-4.536604225143043,0.35688815405843055,0.0035563680590011693,0.057120096749233774,-0.17179851571135318,-0.25154325389033083,1,NFLX
2022-02-09,41.28900146484375,41.29800033569336,39.87900161743164,40.8650016784668,77382000,41.191000366210936,53.41304008483887,42.04035442659131,45.98129652247413,35.357162563755494,-3.940942095882825,-4.417471799291,0.47652970340817546,0.023195321515363077,0.05624293162450868,0.13488303879152297,-0.22698649245086666,0,NFLX
2022-02-10,40.62699890136719,40.79999923706055,39.63600158691406,40.209999084472656,84529000,41.38670043945312,52.94178001403809,41.82291511501837,45.58468188387362,51.979771369560886,-3.761766768855253,-4.2863307932038515,0.5245640243485985,-0.016033387584832637,0.05275287013185501,0.09235998035718906,-0.23260988031391283,0,NFLX
2022-02-11,39.13100051879883,41.1609992980957,38.76499938964844,40.53300094604492,75589000,41.456200408935544,52.48886001586914,41.408774407907664,45.1066314123866,50.91994802157018,-3.6978570044789336,-4.168636035458868,0.47077903097993445,-0.03682276375373661,0.05441611750405875,-0.10576251937204983,-0.25448941914592516,0,NFLX
2022-02-14,39.65700149536133,40.93600082397461,38.68899917602539,38.75899887084961,72022000,41.15050048828125,52.04906005859375,41.13927088290054,44.70295512223658,57.1571104205224,-3.563684239336041,-4.0476456762343025,0.48396143689826143,0.01344205283761668,0.03956706157549135,-0.0471894058659329,-0.23808419497455247,0,NFLX
2022-02-15,40.74599838256836,40.91600036621094,40.10100173950195,40.37900161743164,53923000,40.65380020141602,51.659720001220705,41.07876742131097,44.409847215594496,61.11731601493274,-3.331079794283525,-3.904332499844147,0.573252705560622,0.02746039403242362,0.031901347698475656,-0.2512982144344783,-0.21126172612616667,0,NFLX
2022-02-16,39.80799865722656,40.15599822998047,39.03799819946289,40.15299987792969,52777000,40.339799880981445,51.23049995422363,40.883264534528756,44.06896954460428,52.88569021894952,-3.185705010075523,-3.7606070018904227,0.5749019918148996,-0.02302065877819026,0.027309460375067027,-0.021252526751108114,-0.22296290895469495,0,NFLX
2022-02-17,38.66699981689453,39.9109992980957,38.56999969482422,39.42399978637695,46692000,40.150499725341795,50.75267997741699,40.5423007318158,43.668823638848,50.559997662168136,-3.1265229070321965,-3.6337901829187778,0.5072672758865813,-0.02866255222114511,0.022994715024958052,-0.11529643594747707,-0.23812890601836445,1,NFLX
2022-02-18,39.12900161743164,40.2869987487793,38.90499877929688,39.25299835205078,68017000,39.9617000579834,50.279100036621095,40.32487009883362,43.33254052615049,39.336071485469475,-3.0076704273168673,-3.5085662317983957,0.5008958044815284,0.011948219482372346,0.02304764549785871,0.45671635397926846,-0.22176408112054935,1,NFLX
2022-02-22,37.73799896240234,39.242000579833984,37.30199813842773,38.89500045776367,66975000,39.71450004577637,49.81186004638672,39.92688992399804,42.918130039946924,23.768165986632866,-2.9912401159488837,-3.405101008628493,0.41386089267960946,-0.03554914762787165,0.02469942680401556,-0.015319699486892935,-0.24238928385209346,1,NFLX
2022-02-23,36.74599838256836,38.59999847412109,36.66600036621094,38.27199935913086,46143000,39.35379981994629,49.323460006713866,39.43752199454732,42.46093510236333,26.906453564843886,-3.023413107816012,-3.3287634284659973,0.30535032064998546,-0.026286517756871186,0.025207609876045537,-0.3110414333706607,-0.2549995807762365,1,NFLX
2022-02-24,39.00299835205078,39.073001861572266,35.47200012207031,35.50899887084961,70687000,39.125199508666995,48.89439994812012,39.37067220339401,42.20479163937722,44.14528496047742,-2.8341194359832116,-3.22983462996944,0.39571519398622845,0.06142165320926751,0.032485677575859385,0.5319116659081551,-0.2023013188946936,0,NFLX
2022-02-25,39.08000183105469,39.12900161743164,37.55799865722656,38.6609992980957,48416000,38.97049980163574,48.48001998901367,39.325953684572575,41.97332572764962,42.50214700264256,-2.6473720430770484,-3.1133421125909617,0.4659700695139133,0.001974296394058106,0.032317734569330715,-0.31506500488067113,-0.19389468403868593,0,NFLX
2022-02-28,39.45199966430664,39.775001525878906,38.2130012512207,38.733001708984375,50350000,39.00259971618652,48.05897994995117,39.34534537376243,41.786560834068666,46.96363142377501,-2.441215460306239,-2.9789167821340174,0.5377013218277784,0.009518879626979615,0.030250557290276744,0.039945472571050855,-0.17909203013896424,0,NFLX
2022-03-01,38.624000549316406,39.5,38.37099838256836,39.15999984741211,32904000,38.89929962158203,47.6493399810791,39.23436924692458,41.5522971092722,43.434344897557715,-2.3179278623476236,-2.8467189981767387,0.5287911358291151,-0.020987506895356445,0.030662032786944377,-0.3464945382323734,-0.189411635824264,0,NFLX
2022-03-02,38.00299835205078,38.922000885009766,37.52099990844727,38.89300155639648,53568000,38.624999618530275,47.23593994140625,39.04492757079015,41.28938609021876,37.215990378370805,-2.244458519428612,-2.7262669024271133,0.48180838299850137,-0.016078142823986008,0.0290270998932878,0.6280087527352298,-0.1954643350128834,0,NFLX
2022-03-03,36.80699920654297,38.61199951171875,36.46500015258789,38.59999847412109,60768000,38.324899673461914,46.78459991455078,38.70063089936751,40.957357432168706,35.73136395501929,-2.2567265328011956,-2.63235882850193,0.37563229570073453,-0.03147117852197767,0.029674942373929283,0.13440860215053774,-0.2132667742426203,0,NFLX
2022-03-04,36.17300033569336,37.48199844360352,35.71699905395508,36.79999923706055,53255000,38.0754997253418,46.29821990966797,38.311764658802254,40.60296061020757,38.190675131857404,-2.2911959514053137,-2.5641262530826068,0.27293030167729304,-0.017224954071694776,0.02897731875737163,-0.12363414955239604,-0.21869565598266705,0,NFLX
2022-03-07,35.0260009765625,36.20000076293945,35.02000045776367,36.04100036621094,57084000,37.66519966125488,45.77025993347168,37.80626255384229,40.189852489196824,32.3849358785542,-2.383589935354536,-2.5280189895369927,0.14442905418245688,-0.03170871502187966,0.029214715809131424,0.07189935217350474,-0.2347432366022446,0,NFLX
2022-03-08,34.17599868774414,35.88600158691406,34.06700134277344,34.97999954223633,64287000,37.308999633789064,45.22559989929199,37.24776042059642,39.74438183723737,24.546735192857,-2.4966214166409486,-2.521739474957784,0.025118058316835334,-0.02426775153084515,0.028350974920835215,0.1261824679419803,-0.24432182737549124,1,NFLX
2022-03-09,35.87900161743164,36.41400146484375,35.05099868774414,35.76900100708008,65202000,37.22229995727539,44.71693992614746,37.037182143186456,39.45805737651102,35.630186398524685,-2.4208752333245656,-2.5015666266311407,0.08069139330657515,0.04983037789904343,0.03315720470069216,0.01423304867235986,-0.19764184050411704,0,NFLX
2022-03-10,35.676998138427734,36.70199966430664,35.33000183105469,35.619998931884766,48078000,36.889699935913086,44.20905990600586,36.827923065531266,39.17797891443078,38.25793881330444,-2.3500558488995154,-2.4712644710848157,0.12120862218530037,-0.005630130992991811,0.02460664603193822,-0.2626299806754394,-0.1929935127713276,1,NFLX
2022-03-11,34.03200149536133,36.33599853515625,34.0,36.11899948120117,48199000,36.38489990234375,43.66861991882324,36.39778128550512,38.79679540190712,31.685242572379153,-2.3990141164020002,-2.456814400148253,0.05780028374625257,-0.04610804520839373,0.026900637635935056,0.0025167436249426967,-0.2206760470419188,1,NFLX
2022-03-14,33.10100173950195,34.13199996948242,32.98199844360352,33.87200164794922,59078000,35.74980010986328,43.1064599609375,35.89058443227386,38.374884760247475,32.76850510142897,-2.4843003279736138,-2.462311585713325,-0.021988742260288685,-0.02735659717181993,0.025917373745088162,0.2257100769725513,-0.23211041292888257,1,NFLX
2022-03-15,34.375,34.5359992980957,33.23600006103516,33.5099983215332,54606000,35.32490005493164,42.589079971313474,35.65741759653942,38.078597000229145,41.37003054367406,-2.4211794036897274,-2.4540851493086056,0.03290574561887816,0.03848820862051694,0.031210083779212146,-0.0756965367818816,-0.19286821825797118,1,NFLX
2022-03-16,35.75299835205078,35.999000549316406,34.305999755859375,34.81999969482422,69825000,35.09990005493164,42.109399948120114,35.672122328156554,37.90633043369742,37.36195532728424,-2.2342081055408656,-2.4101097405550576,0.17590163501419198,0.04008722478693172,0.03504352566498975,0.278705636743215,-0.15094970728389823,1,NFLX
2022-03-17,37.13999938964844,37.33100128173828,35.487998962402344,35.970001220703125,58183000,35.133200073242186,41.66989990234375,35.897949568386075,37.84956517117527,43.153576575043566,-1.9516156027891967,-2.3184109130018853,0.36679531021268863,0.038793978170451826,0.036287822282714204,-0.16673111349803083,-0.10870917672736058,1,NFLX
2022-03-18,38.060001373291016,38.18000030517578,36.84700012207031,37.20000076293945,83248000,35.32190017700195,41.296059951782226,36.23057292298684,37.86515303799866,45.2704608327423,-1.634580115011822,-2.181644753403873,0.547064638392051,0.024771190058204384,0.036311340296854566,0.4307959369575305,-0.07836240508827408,0,NFLX
2022-03-21,37.45899963378906,38.18199920654297,36.89400100708008,37.80199813842773,48665000,35.56520004272461,40.93865997314453,36.419561647725644,37.8350676006498,45.979707261796754,-1.415505952924157,-2.0284169933079297,0.6129110403837728,-0.015790901676732805,0.03480748532163854,-0.415421391504901,-0.08499692812705895,1,NFLX
2022-03-22,38.29199981689453,38.66600036621094,36.67599868774414,37.11399841308594,42428000,35.97680015563965,40.62237998962402,36.70762905836701,37.86891443148274,50.98293104432532,-1.1612853731157315,-1.8549906692694902,0.6937052961537586,0.022237651599058772,0.03319317451756271,-0.1281619233535395,-0.05736690399047839,1,NFLX
2022-03-23,37.44900131225586,38.24599838256836,37.44900131225586,37.97700119018555,37290000,36.13380012512207,40.29166000366211,36.821686328196066,37.83780975598445,52.23725241894767,-1.0161234277883864,-1.6872172209732696,0.6710937931848833,-0.022015003360225105,0.03182602027012925,-0.12109927406429721,-0.07055203710018099,1,NFLX
2022-03-24,37.57099914550781,37.97600173950195,36.88999938964844,37.97600173950195,38885000,36.32320022583008,39.961399993896485,36.93696522316711,37.81804600706025,55.052033002253914,-0.8810807838931467,-1.525989933557245,0.6449091496640984,0.0032577059194374147,0.031627485262144914,0.04277286135693226,-0.05981774534310036,0,NFLX
2022-03-25,37.3849983215332,37.76399993896485,36.64300155639648,37.70700073242188,35745000,36.65849990844727,39.634659957885745,37.005893392146504,37.78596840072491,59.16115202341853,-0.7800750085784074,-1.3768069485614776,0.5967319399830702,-0.004950648856961504,0.02638996792029901,-0.08075093223608076,-0.05675995804538114,0,NFLX
2022-03-28,37.85100173950195,38.02799987792969,36.67300033569336,37.52299880981445,43234000,37.13349990844726,39.353280029296876,37.13591006097042,37.79078568507877,64.71059801944881,-0.6548756241083495,-1.232420683670852,0.5775450595625025,0.012464984322343442,0.022948221334137466,0.20951181983494194,-0.0381741569870806,1,NFLX
2022-03-29,39.18199920654297,39.650001525878906,38.03300094604492,38.43899917602539,58807000,37.614199829101565,39.085540008544925,37.45069300644312,37.89383853852056,63.627352630202246,-0.44314553207744467,-1.0745656533521706,0.6314201212747259,0.03516412791928736,0.022570790531197656,0.3602026183096636,0.0024678998416538533,0,NFLX
2022-03-30,38.14699935913086,39.27000045776367,37.86299896240234,38.95500183105469,40233000,37.85359992980957,38.82687995910644,37.55781706070277,37.912591191899104,59.535214685764515,-0.3547741311963364,-0.9306073489210038,0.5758332177246674,-0.02641518728935288,0.023607954110651492,-0.31584675293757547,-0.017510564863611244,0,NFLX
2022-03-31,37.45899963378906,38.400001525878906,37.36100006103516,38.35900115966797,41347000,37.88549995422363,38.544339981079105,37.54261437963912,37.87899181722428,64.28511231175764,-0.33637743758516336,-0.8117613666538358,0.47538392906867244,-0.01803548737515881,0.021809192559331135,0.02768871324534583,-0.028158228881927205,0,NFLX
2022-04-01,37.34700012207031,38.08700180053711,36.84999847412109,37.68000030517578,46442000,37.81419982910156,38.27477996826172,37.512519878474684,37.839585024990654,68.99605798640894,-0.3270651465159702,-0.7148221226262628,0.3877569761102926,-0.002989922657136934,0.020161493310207026,0.12322538515490855,-0.024239978569719822,0,NFLX
2022-04-04,39.150001525878906,39.60200119018555,37.3129997253418,37.35499954223633,70018000,37.983300018310544,38.262779998779294,37.76444013192149,37.93665291394534,70.39726945283465,-0.17221278202384838,-0.60630025450578,0.4340874724819316,0.048277007468214395,0.024828258294506397,0.5076439429826449,0.023187586660663895,0,NFLX
2022-04-05,38.01499938964844,39.0,37.73099899291992,38.93000030517578,42345000,37.95559997558594,38.24877998352051,37.80298771003333,37.942456356590014,59.86738758263731,-0.13946864655668634,-0.5129339329159612,0.3734652863592749,-0.028991113460882234,0.026061926378875465,-0.3952269416435774,-0.006112105901751486,0,NFLX
2022-04-06,36.834999084472656,37.64699935913086,36.27299880981445,37.415000915527344,43549000,37.894199752807616,38.25263999938965,37.654066383023995,37.86042248458132,48.64504587802736,-0.20635610155732564,-0.45161836664423416,0.24526226508690852,-0.031040387323986063,0.027030998082131403,0.028433108985712607,-0.0370599497169245,0,NFLX
2022-04-07,36.21500015258789,36.854000091552734,35.36899948120117,36.5,49489000,37.758599853515626,38.257539978027346,37.43267157834152,37.738539348878106,41.57918342161747,-0.30586777053658665,-0.42246824742270467,0.11660047688611802,-0.016831788985875673,0.027396549663901346,0.13639808032331402,-0.05338920972473815,0,NFLX
2022-04-08,35.5880012512207,36.25,35.48699951171875,36.19599914550781,40252000,37.57890014648437,38.19590003967285,37.14887614339985,37.57924023053311,41.48074604243794,-0.43036408713325613,-0.424047415364815,-0.00631667176844114,-0.017313237573530205,0.02775415837053568,-0.18664753783669097,-0.06827692987319078,0,NFLX
2022-04-11,34.79999923706055,35.47800064086914,34.52000045776367,35.0,37771000,37.273799896240234,38.12318000793457,36.7875104655015,37.37337052731292,34.03438040998226,-0.5858600618114238,-0.45640994465413676,-0.12945011715728705,-0.022142350973788583,0.02755074843412432,-0.06163668886018081,-0.08716955852534791,1,NFLX
2022-04-12,34.40999984741211,35.941001892089844,34.224998474121094,35.590999603271484,38243000,36.79659996032715,37.957099990844725,36.42173960118005,37.153861588061005,35.5050988771699,-0.732121986880955,-0.5115523530995004,-0.22056963378145455,-0.01120687925858066,0.02299892849382605,0.012496359640994381,-0.09345024104286626,0,NFLX
2022-04-13,35.042999267578125,35.20000076293945,34.11600112915039,34.391998291015625,32310000,36.486199951171876,37.74369995117188,36.209625703702834,36.997501416173385,38.50282372176105,-0.7878757124705515,-0.5668170249737107,-0.22105868749684088,0.01839579840084249,0.02434888121809285,-0.1551395026540805,-0.07155368146439234,0,NFLX
2022-04-14,34.112998962402344,35.20000076293945,33.98600006103516,35.095001220703125,43438000,36.1515998840332,37.56699989318847,35.887067743502755,36.7838345677459,36.062367588145385,-0.8967668242431444,-0.6328069848275975,-0.2639598394155469,-0.026538832994132955,0.024873824507337976,0.3444134942742185,-0.09194242129013863,0,NFLX
2022-04-18,33.7859992980957,34.23600006103516,33.1619987487793,34.0,51050000,35.79549980163574,37.43151985168457,35.56382644420936,36.56177269591996,32.47692566749808,-0.9979462517106015,-0.7058348382041982,-0.29211141350640324,-0.009585778860048189,0.024782907076646463,0.1752382706386113,-0.09739173210261198,0,NFLX
2022-04-19,34.86100006103516,35.167999267578125,33.321998596191406,33.321998596191406,209069000,35.36659965515137,37.30839988708496,35.455699308336406,36.435789537780344,30.953018328569073,-0.9800902294439382,-0.7606859164521463,-0.21940431299179186,0.031817935987468404,0.02071800536142596,3.09537708129285,-0.0655991635518256,0,NFLX
2022-04-20,22.61899948120117,24.8700008392334,21.250999450683597,24.520000457763672,1333875000,33.82699966430664,36.95657989501953,33.480822411854064,35.41232360766337,15.569849719556373,-1.9315011958093038,-0.9948489723235778,-0.936652223485726,-0.35116607551133117,0.10987431724501386,5.380070694364061,-0.38795744775480623,0,NFLX
2022-04-21,21.82200050354004,22.76799964904785,21.152000427246094,22.0,535016000,32.32569980621338,36.585959892272946,31.687157502882673,34.405633007357935,15.49495224810633,-2.7184755044752613,-1.3395742787539144,-1.3789012257213469,-0.03523581926439856,0.10982919653211203,-0.5989009464904882,-0.40354167096354077,0,NFLX
2022-04-22,21.552000045776367,22.62700080871582,21.0049991607666,22.01799964904785,375151000,30.859399795532227,36.191219863891604,30.127902509481704,33.453512047240785,15.387654322638895,-3.3256095377590817,-1.736781330554948,-1.5888282072041338,-0.012372855445579867,0.10996063739315842,-0.29880414791333343,-0.4044964461869647,0,NFLX
2022-04-25,20.99099922180176,21.666000366210938,20.451000213623047,21.381000518798828,281520000,29.39969959259033,35.79849987030029,28.722225080607863,32.53036294906011,7.916569973164542,-3.808137868452249,-2.1510526381344084,-1.6570852303178407,-0.02603010499178926,0.10976405070786732,-0.24958216824691926,-0.41363466911034885,0,NFLX
2022-04-26,19.84000015258789,20.915000915527344,19.827999114990234,20.8799991607666,203181000,27.903699684143067,35.41267986297608,27.35572893783556,31.590336075247354,7.910704527300709,-4.234607137411793,-2.5677635379898853,-1.6668435994219073,-0.05483298136748127,0.10951381097224178,-0.278271526001705,-0.439748693706443,1,NFLX
2022-04-27,18.85400009155273,20.018999099731445,18.777000427246094,19.400999069213867,222984000,26.34809970855713,34.9966198348999,26.04777065379205,30.646903780158862,7.982428537937068,-4.599133126366812,-2.974037455665271,-1.6250956707015414,-0.04969758333930996,0.10876347613453909,0.0974648220059946,-0.4612622538834211,1,NFLX
2022-04-28,19.95199966430664,20.14800071716309,18.559999465942383,19.1560001373291,213632000,24.83899974822998,34.58073986053467,25.109959732332754,29.854688660466106,12.827427455357167,-4.744728928133352,-3.3281757501588873,-1.4165531779744645,0.05823695594686318,0.11228211062880747,-0.041940228895346765,-0.42303144048468166,0,NFLX
2022-04-29,19.035999298095703,20.47100067138672,19.0,19.868000030517575,163919000,23.331299781799316,34.16529987335205,24.175504280911667,29.053304263253484,12.660167706224996,-4.877799982341816,-3.6381005965954736,-1.2396993857463428,-0.04591020356970166,0.11204637611928972,-0.23270390203714797,-0.4428265120265127,0,NFLX
2022-05-02,19.94599914550781,20.020999908447266,19.000999450683597,19.17099952697754,145916000,21.947299766540528,33.79087985992432,23.52481118315723,28.378689069346397,16.67414394825461,-4.853877886189167,-3.8812560545142123,-0.9726218316749549,0.04780415428483131,0.11572598927925642,-0.10982863487454164,-0.4097224094728712,0,NFLX
2022-05-03,19.98699951171875,20.31999969482422,19.476999282836918,19.82900047302246,118394000,20.459899711608887,33.40803981781006,22.980532464474386,27.757082435448055,17.126315915775166,-4.776549970973669,-4.060314837806104,-0.7162351331675652,0.0020555684331398094,0.11393578785906341,-0.18861536774582632,-0.4017308521925449,0,NFLX
2022-05-04,20.400999069213867,20.4379997253418,19.10099983215332,19.76499938964844,122188000,20.238099670410158,33.06129981994629,22.583681172895844,27.21218737128256,16.29063467951093,-4.628506198386717,-4.173953109922227,-0.4545530884644897,0.02071344211783166,0.04063235598933864,0.03204554284845518,-0.3829341501901359,0,NFLX
2022-05-05,18.832000732421875,20.07099914550781,18.600000381469727,20.045000076293945,139713000,19.93909969329834,32.70301986694336,22.006499566669078,26.59143280544103,15.825022825565284,-4.584933238771953,-4.256149135692173,-0.32878410307978,-0.07690791668922181,0.04541718731043866,0.14342652306282133,-0.42415101696900137,0,NFLX
2022-05-06,18.097000122070312,18.72100067138672,17.58099937438965,18.674999237060547,171855000,19.593599700927733,32.28489990234375,21.405038113653884,25.96221556963579,15.541402159757169,-4.557177455981908,-4.31635479975012,-0.24082265623178767,-0.03902934270208258,0.046108034171125356,0.2300573318159369,-0.43945930832027935,1,NFLX
2022-05-09,17.309999465942383,18.31999969482422,17.229999542236328,17.766000747680664,140313000,19.2254997253418,31.849499855041504,20.775032167852114,25.32131067306591,10.95786547340765,-4.546278505213795,-4.362339540842855,-0.18393896437093993,-0.0434879068806624,0.04683955972166795,-0.1835384481103256,-0.4565063958703779,1,NFLX
2022-05-10,17.766000747680664,18.187000274658203,17.05699920654297,17.60099983215332,138839000,19.018099784851074,31.415779876708985,20.312104257056507,24.761658086000335,27.30334514803586,-4.449553828943827,-4.37978239846305,-0.0697714304807775,0.026343229104973,0.046801396373688256,-0.010505085059830499,-0.4344879924228139,1,NFLX
2022-05-11,16.636999130249023,18.09199905395508,16.55500030517578,17.608999252319336,126655000,18.796399688720705,30.976039848327638,19.74670346831689,24.159831496685424,26.48099365520794,-4.413128028368533,-4.386451524444147,-0.02667650392438592,-0.06354843914880681,0.04828851074974594,-0.0877563220708879,-0.46290748553685,1,NFLX
2022-05-12,17.430999755859375,17.757999420166016,16.270999908447266,16.395999908447266,176621000,18.544299697875978,30.564599876403808,19.390441358708046,23.66139951588349,32.15554129490556,-4.270958157175446,-4.363352850990407,0.09239469381496068,0.0477249905102608,0.04669284723039963,0.39450475701709364,-0.42969972365591835,1,NFLX
2022-05-13,18.763999938964844,18.777000427246094,17.60099983215332,17.715999603271484,131363000,18.51709976196289,30.203739891052248,19.29406575567063,23.29862917685248,40.961121463203526,-4.0045634211818495,-4.291594965028696,0.2870315438468465,0.07647296206618237,0.05260506661157484,-0.25624359504249217,-0.37875243242564105,0,NFLX
2022-05-16,18.650999069213867,19.589000701904297,18.56999969482422,19.32999992370605,161450000,18.387599754333497,29.853299865722658,19.195132419292666,22.95436027999036,44.73007416524995,-3.7592278606976954,-4.185121544162496,0.4258936834648006,-0.006022216484680376,0.0498296252494804,0.22903709568143227,-0.3752449761632948,1,NFLX
2022-05-17,19.05599975585937,19.13999938964844,18.517000198364254,18.91699981689453,98767000,18.294499778747557,29.533899841308592,19.17372739414908,22.665592833758435,50.943923261158346,-3.491865439609356,-4.046470323251868,0.5546048836425124,0.021714691268952757,0.050546485143847346,-0.3882502322700526,-0.3547753646402616,0,NFLX
2022-05-18,17.7189998626709,18.770000457763672,17.62700080871582,18.67200088500977,96656000,18.02629985809326,29.20475986480713,18.949923158537054,22.2991785396038,39.79340523912987,-3.3492553810667474,-3.907027334814844,0.5577719537480967,-0.0701616241770453,0.053756158571745,-0.021373535695120793,-0.3932838364467095,1,NFLX
2022-05-19,18.347999572753903,18.6299991607666,17.570999145507812,17.80500030517578,104485000,17.977899742126464,28.854139823913574,18.85731952995503,22.006498616133438,46.770562094630364,-3.149179086178407,-3.7554576850875567,0.6062785989091499,0.03549860121665982,0.05048898071429738,0.08099859294818734,-0.3641120586257245,1,NFLX
2022-05-20,18.63500022888184,19.018999099731445,17.976999282836914,18.58699989318848,104294000,18.03169975280762,28.513299865722658,18.823116560559157,21.756757994855544,43.46396322464808,-2.933641434296387,-3.5910944349293232,0.6574530006329362,0.0156420679535072,0.04890264247491756,-0.001828013590467581,-0.34644533194546323,1,NFLX
2022-05-23,18.74399948120117,18.766000747680664,17.788999557495117,18.614999771118164,96020000,18.175099754333495,28.207539825439454,18.81094470219639,21.53359069754781,43.84470859721427,-2.722645995351421,-3.4174047470137427,0.6947587516623219,0.005849168284441042,0.045978713942075505,-0.07933342282394007,-0.33549683534270613,1,NFLX
2022-05-24,18.03400039672852,18.399999618530277,17.716999053955078,18.200000762939453,77064000,18.20189971923828,27.906199798583984,18.691414809047487,21.274361786376012,38.61253784460683,-2.5829469773285254,-3.2505131930766997,0.6675662157481743,-0.03787874008344516,0.04773132220648124,-0.1974172047490106,-0.3537636608749716,1,NFLX
2022-05-25,18.78300094604492,18.886999130249023,18.017000198364254,18.027999877929688,85221000,18.416499900817872,27.594359817504884,18.70550498397017,21.089816538944078,49.74407313630649,-2.384311554973909,-3.077272865456142,0.6929613104822332,0.04153269007647764,0.04288918131671542,0.10584708813453747,-0.31931738694913847,1,NFLX
2022-05-26,19.13999938964844,19.233999252319336,18.30900001525879,18.64900016784668,80499000,18.587399864196776,27.262099838256837,18.77235027715144,20.945385638996253,55.67155448335663,-2.173035361844814,-2.8964253647338767,0.7233900028890625,0.01900646465540934,0.041238135257832965,-0.05540887809342765,-0.2979264435533565,1,NFLX
2022-05-27,19.518999099731445,19.524999618530277,19.03700065612793,19.319000244140625,85860000,18.662899780273438,26.909679832458497,18.88721932677913,20.83972737682849,62.56969949554152,-1.9525080500493566,-2.707641901796973,0.7551338517476163,0.01980144838917708,0.03444843090321076,0.06659710058510049,-0.2746476650313915,1,NFLX
2022-05-31,19.74399948120117,19.9950008392334,19.07999992370605,19.618000030517575,113985000,18.772199821472167,26.5433597946167,19.019031658228677,20.75856234752276,61.559130136838206,-1.7395306892940816,-2.5140196592963946,0.774488970002313,0.011527249953755092,0.03429962357090684,0.32756813417190767,-0.2561604998774315,1,NFLX
2022-06-01,19.291000366210938,20.27400016784668,19.166000366210938,19.8700008392334,84162000,18.795699882507325,26.179999809265137,19.060872997918256,20.64985405261077,66.84011115874111,-1.588981054692514,-2.3290119383756185,0.7400308836831044,-0.022943634871017138,0.0349636932251139,-0.2616396894328201,-0.2631397820184923,1,NFLX
2022-06-02,20.50900077819824,20.54700088500977,19.17200088500977,19.20199966430664,96231000,19.07469997406006,25.824339828491212,19.2836618871921,20.63942047672836,68.53324549973395,-1.3557585895362614,-2.1343612686077473,0.778602679071486,0.06313827115573978,0.02946283520480575,0.14340201040849787,-0.2058267156331609,0,NFLX
2022-06-03,19.89800071716309,20.295000076293945,19.80500030517578,20.013999938964844,71918000,19.229700088500977,25.473319816589356,19.37817555334148,20.58450049453834,57.47824422267236,-1.2063249411968577,-1.9487540031255695,0.7424290619287117,-0.029791800568102933,0.03160112832788086,-0.25265247165674265,-0.21886896327487604,0,NFLX
2022-06-06,19.714000701904297,20.386999130249023,19.538000106811523,20.208999633789062,53720000,19.33760013580322,25.116179847717284,19.429840960812683,20.520019028417302,56.94500140191287,-1.0901780676046187,-1.7770388160213795,0.6868607484167608,-0.009247160952209788,0.03196192766136485,-0.2530381823743708,-0.21508761199223414,0,NFLX
2022-06-07,19.86100006103516,19.959999084472656,19.299999237060547,19.48699951171875,48395000,19.44930019378662,24.765699882507324,19.49617313007768,20.471202808611217,55.44287133605777,-0.975029678533538,-1.6166369885238112,0.6416073099902733,0.007456597032415857,0.031964571321248546,-0.09912509307520478,-0.1980440627456882,0,NFLX
2022-06-08,20.28300094604492,20.738000869750977,19.763999938964844,19.795000076293945,72441000,19.67420024871826,24.414339866638183,19.61722356330341,20.4572619299026,69.78396619753141,-0.8400383665991917,-1.4613172641388874,0.6212788975396957,0.0212477158105282,0.02813143254369076,0.49686951131315227,-0.16921771971556254,0,NFLX
2022-06-09,19.277000427246094,20.16900062561035,19.253999710083008,20.065000534057617,69490000,19.72360019683838,24.016239891052248,19.564881542371516,20.369835151928044,56.77410722878904,-0.8049536095565273,-1.3300445332224156,0.5250909236658883,-0.04959820893737077,0.03205128684055069,-0.040736599439543886,-0.19733478201855637,0,NFLX
2022-06-10,18.29400062561035,18.586000442504883,18.084999084472656,18.263999938964844,130656000,19.63900032043457,23.619179916381835,19.36936140133134,20.216069631460066,47.742620732706925,-0.8467082301287263,-1.2333772726036778,0.3866690424749515,-0.05099340041754474,0.03562615195381434,0.880212980284933,-0.22545995710367728,0,NFLX
2022-06-13,16.9689998626709,17.909000396728516,16.895999908447266,17.707000732421875,102224000,19.384000396728517,23.209379920959474,19.000075010768196,19.97554594488309,39.87912076199987,-0.9754709341148953,-1.1817960049059213,0.20632507079102602,-0.07242815773628775,0.04041354524898216,-0.21760960078373748,-0.2688731917673136,1,NFLX
2022-06-14,16.753999710083008,17.20599937438965,16.42799949645996,16.975000381469727,115553000,19.085000419616698,22.797519912719725,18.654524964508937,19.736912890453457,42.2649222825757,-1.08238792594452,-1.161914389113641,0.07952646316912104,-0.012670172333541951,0.039484683987728614,0.13039012365002356,-0.26509551151942523,1,NFLX
2022-06-15,18.01099967956543,18.38500022888184,16.85300064086914,16.926000595092773,123960000,18.95700035095215,22.374739875793455,18.555521074517628,19.609067467424715,45.60463844969168,-1.0535463929070872,-1.1402407898723304,0.08669439696524317,0.0750268587342715,0.0485655425113734,0.07275449360899322,-0.19502976215375012,1,NFLX
2022-06-16,17.334999084472656,17.62700080871582,17.1560001373291,17.399999618530273,82013000,18.63960018157959,21.96113986968994,18.367748460664554,19.440617957576418,40.08350752565307,-1.0728694969118635,-1.126766531280237,0.053897034368373564,-0.03753265266334649,0.042780251796558054,-0.3383914165859955,-0.21065121449374924,1,NFLX
2022-06-17,17.551000595092773,17.96500015258789,17.333999633789062,17.363000869750977,121334000,18.40490016937256,21.575459899902345,18.24209494288428,19.300646301096148,38.99083841361918,-1.0585513582118686,-1.1131234966665635,0.054572138454694885,0.012460428152753389,0.04333357396294963,0.4794483801348566,-0.1865294794864506,1,NFLX
2022-06-21,17.090999603271484,17.86199951171875,16.979999542236328,17.760000228881836,121776000,18.142600059509277,21.192979888916014,18.065003352174617,19.136968767923953,35.53908929706135,-1.071965415749336,-1.104891880483118,0.032926464733782135,-0.026209388423695024,0.04356141352431533,0.003642837127268539,-0.19355372897748446,1,NFLX
2022-06-22,17.888999938964844,18.28199958801269,17.020000457763672,17.075000762939453,119924000,17.945400047302247,20.8389998626709,18.037925903988498,19.044526632445503,42.63500926620623,-1.0066007284570055,-1.0852336500778956,0.07863292162089008,0.046691261729396416,0.04725161520829251,-0.015208251215346191,-0.141561492545063,0,NFLX
2022-06-23,18.17099952697754,18.275999069213867,17.586999893188477,18.049999237060547,95382000,17.734199905395506,20.506419868469237,18.058398769063736,18.979820920929356,36.37846648539974,-0.9214221518656203,-1.0524713504354406,0.13104919856982034,0.01576385426657967,0.04688681382067615,-0.20464627597478402,-0.11388727805591514,0,NFLX
2022-06-24,19.084999084472656,19.11899948120117,18.18400001525879,18.350000381469727,124240000,17.714999771118165,20.19991985321045,18.21633727912665,18.98761189600664,45.42486627635267,-0.7712746168799924,-0.9962320037243511,0.22495738684435862,0.05029990541456719,0.04812629087753509,0.3025518441634689,-0.05519431645470585,0,NFLX
2022-06-27,18.91399955749512,19.17799949645996,18.23900032043457,19.177000045776367,83639000,17.77699966430664,19.87733985900879,18.323669937337183,18.982159130190972,45.491429081250416,-0.6584891928537893,-0.9286834415502387,0.2701942486964495,-0.008959891809303677,0.04490124423763115,-0.32679491307147457,-0.04846424664199034,0,NFLX
2022-06-28,17.959999084472656,19.21999931335449,17.937000274658203,18.920000076293945,71854000,17.876099586486816,19.554279861450194,18.267720575358027,18.906443571248875,40.1797703300328,-0.6387229958908485,-0.8706913524183607,0.23196835652751224,-0.050438854570260316,0.04110735062457475,-0.14090316718277363,-0.081531040175023,1,NFLX
2022-06-29,17.836000442504883,18.066999435424805,17.510000228881836,17.954999923706055,57668000,17.984299659729004,19.23527988433838,18.20130209338062,18.82715148763821,36.95768110708742,-0.6258493942575925,-0.8217229607862071,0.19587356652861465,-0.00690415636351438,0.04084909281676993,-0.1974281181284271,-0.07274546823583306,1,NFLX
2022-06-30,17.48699951171875,17.94499969482422,17.030000686645508,17.707000732421875,78947000,17.931899642944337,18.88779987335205,18.09140938850956,18.727880970903435,39.74094261121277,-0.6364715823938738,-0.7846726851077405,0.14820110271386666,-0.01956721922670679,0.03367314958572,0.3689914684053548,-0.07416429499603217,1,NFLX
2022-07-01,17.9950008392334,18.010000228881836,17.427000045776367,17.64900016784668,52016000,17.99789981842041,18.795319900512695,18.076577304005536,18.67359355374269,48.1876613638287,-0.5970162497371554,-0.7471413980336236,0.15012514829646817,0.029050228266674027,0.03252639520319443,-0.3411275919287623,-0.04258076295139113,0,NFLX
2022-07-05,18.58799934387207,18.59199905395508,17.26799964904785,17.628000259399414,73343000,18.10159969329834,18.730639877319337,18.155257617831158,18.667253241900422,60.76891730528277,-0.5119956240692645,-0.7001122432407518,0.18811661917148736,0.03295351358616183,0.03372679062113681,0.41000845893571203,-0.007615358278282192,0,NFLX
2022-07-06,18.4060001373291,18.621999740600582,18.082000732421875,18.520000457763672,57534000,18.233099746704102,18.66771987915039,18.19383339006161,18.647901160080323,61.03687981870506,-0.4540677700187139,-0.6509033485963442,0.19683557857763034,-0.00979122083964179,0.032341291625740065,-0.21554885946852465,-0.014019909422017696,0,NFLX
2022-07-07,18.927000045776367,19.020999908447266,18.350000381469727,18.427000045776367,63345000,18.336899757385254,18.626439895629883,18.30662826017157,18.668575151613364,56.78719781474639,-0.36194689144179293,-0.593112057165434,0.2311651657236411,0.028305981992830187,0.030353163445025828,0.10100114714777342,0.016136210238275384,0,NFLX
2022-07-08,18.697999954223636,18.99099922180176,18.274999618530277,18.601999282836918,58357000,18.389599800109863,18.603599891662597,18.366839290025734,18.670754766621535,60.81574941297806,-0.303915476595801,-0.5352727410515075,0.23135726445570648,-0.01209912247048539,0.03064203737230219,-0.07874338937564129,0.005074290089594147,1,NFLX
2022-07-11,17.733999252319336,18.499000549316406,17.68899917602539,18.472999572753903,60388000,18.25449981689453,18.581199874877928,18.26947928422475,18.601365469265815,51.298046976680496,-0.33188618504106415,-0.49459542984941884,0.1627092448083547,-0.05155635384877333,0.03020319347331085,0.034803022773617576,-0.045594505643525296,1,NFLX
2022-07-12,17.44499969482422,17.97800064086914,17.341999053955078,17.732999801635742,68453000,18.107599830627443,18.531059875488282,18.142636270470824,18.515708745233106,52.57342378867526,-0.37307247476228156,-0.4702908388319914,0.09721836406970985,-0.016296355570068033,0.03034752713099937,0.1335530237795588,-0.05860755876681589,1,NFLX
2022-07-13,17.6560001373291,17.917999267578125,16.969999313354492,17.049999237060547,127344000,18.077199935913086,18.50345989227295,18.067769173064406,18.452026626129104,48.14814927106277,-0.3842574530646985,-0.4530841616785329,0.06882670861383439,0.012095181782518782,0.026780446033429408,0.8603129154310256,-0.045800069818172084,1,NFLX
2022-07-14,17.47800064086914,17.75200080871582,17.18199920654297,17.555999755859375,90395000,18.04139995574951,18.454099922180177,17.977035552726672,18.379876553146886,44.39955496214434,-0.40284100042021365,-0.4430355294268691,0.04019452900665543,-0.010081530079036782,0.026871950076303688,-0.2901510868199523,-0.052893356242091905,1,NFLX
2022-07-15,18.910999298095703,18.92200088500977,17.45599937438965,17.558000564575195,163191000,18.183799934387206,18.432579917907717,18.120722282783447,18.41921897869865,48.7026554421461,-0.29849669591520467,-0.4141277627245362,0.11563106680933155,0.08198870606948905,0.03674514414333732,0.8053100282095249,0.025955095939835804,1,NFLX
2022-07-18,19.09199905395508,19.96699905395508,18.979999542236328,19.25,163228000,18.293499755859376,18.40639991760254,18.270149478348312,18.469054539828758,51.32519027342744,-0.1989050614804455,-0.3710832224757181,0.1721781609952726,0.009571136511945522,0.03604174050539994,0.00022672818966729125,0.037247867014824854,1,NFLX
2022-07-19,20.163000106811523,20.19700050354004,18.84000015258789,19.302000045776367,281787000,18.45099983215332,18.433019905090333,18.56135726734265,18.594531989234888,66.12031009985041,-0.03317472189223736,-0.303501522359022,0.27032680046678464,0.05609685239506512,0.03858201252185971,0.726339843654275,0.09385223965626222,1,NFLX
2022-07-20,21.643999099731445,21.69700050354004,20.01000022888184,20.816999435424805,539203000,18.774799728393553,18.503959884643553,19.035609856940926,18.820418441864263,73.24785894840096,0.21519141507666362,-0.1997629348718849,0.4149543499485485,0.07345132098767415,0.04286216831216806,0.9135126886620035,0.16969552650694042,1,NFLX
2022-07-21,22.38800048828125,22.43199920654297,21.149999618530277,21.43000030517578,234301000,19.120899772644044,18.605519905090333,19.551362261762513,19.084683778635892,78.54398077587885,0.4666784831266213,-0.06647465127218366,0.533153134398805,0.03437448805655485,0.04308011010481595,-0.56546792209984,0.20329883832786955,1,NFLX
2022-07-22,22.04400062561035,22.934999465942383,21.8439998626709,22.238000869750977,178055000,19.455499839782714,18.691079902648926,19.934845086969872,19.303892433967334,74.0410932841196,0.630952653002538,0.07301080958276068,0.5579418434197774,-0.01536536783849729,0.04334318166708347,-0.24005872787568128,0.1793861425035288,1,NFLX
2022-07-25,21.85099983215332,22.52300071716309,21.63500022888184,22.131000518798828,109352000,19.867199897766113,18.795359916687012,20.229638124690403,19.492567056055183,70.34035983995487,0.7370710686352204,0.20582286139325262,0.5312482072419678,-0.008755252584814688,0.03749255812828531,-0.38585268596781896,0.16257416346432563,1,NFLX
2022-07-26,21.391000747680664,21.93899917602539,21.16399955749512,21.666000366210938,95085000,20.261800003051757,18.874559936523436,20.408309297458135,19.633191773953367,67.98409860939825,0.7751175235047683,0.3196817938155558,0.4554357296892125,-0.02105162637893465,0.038054084027617306,-0.13046857853537197,0.13332447588819063,1,NFLX
2022-07-27,22.674999237060547,22.777999877929688,21.45800018310547,21.64800071716309,105084000,20.7636999130249,18.95277992248535,20.757030826627737,19.85851084529464,70.6797609057445,0.8985199813330986,0.43544943131906433,0.4630705500140343,0.060025171544117795,0.03975575800248316,0.10515854235683864,0.1963943722133974,0,NFLX
2022-07-28,22.601999282836918,22.809999465942383,21.96699905395508,22.459999084472656,89727000,21.27609977722168,19.031799926757813,21.040872127582997,20.061732211038514,71.91780880593012,0.979139916544483,0.5441875283641481,0.4349523881803349,-0.0032194027201692954,0.039117376070030185,-0.14614023067260473,0.18759126145812255,1,NFLX
2022-07-29,22.489999771118164,23.075000762939453,22.239999771118164,22.32900047302246,90649000,21.633999824523926,19.100479927062988,21.263814841973023,20.241603882155523,79.52571558754838,1.0222109598174995,0.6397922146548184,0.38241874516268115,-0.004955292242832754,0.034901178224193835,0.01027561380632358,0.17745731295749545,1,NFLX
2022-08-01,22.621000289916992,22.839000701904297,22.100000381469727,22.309999465942383,55250000,21.98689994812012,19.19851993560791,21.472612603195174,20.417855467915633,82.77610122477611,1.0547571352795408,0.7227851987797629,0.33197193649977796,0.005824834154380953,0.0350218098904784,-0.3905062383479134,0.17826792720418694,1,NFLX
2022-08-02,22.142000198364254,22.81999969482422,22.08799934387207,22.275999069213867,63613000,22.18479995727539,19.274399948120116,21.575595310144266,20.54556989239331,77.47428559680354,1.0300254177509558,0.7842332425740015,0.2457921751769543,-0.021175018143041457,0.03410722312101072,0.15136651583710403,0.14877766664397885,1,NFLX
2022-08-03,22.67300033569336,22.809999465942383,22.242000579833984,22.47900009155273,64007000,22.28770008087158,19.355159950256347,21.744426852536435,20.70315733263776,80.49783220165897,1.0412695198986768,0.8356404980389367,0.20562902185974008,0.023981579467618808,0.026637569962230007,0.00619370254507734,0.17141890813426586,1,NFLX
2022-08-04,22.99099922180176,23.207000732421875,22.5049991607666,22.76799964904785,71427000,22.34799995422363,19.440099945068358,21.936207217038795,20.872627102205463,77.56012388234423,1.0635801148333321,0.8812284213978159,0.18235169343551627,0.014025443540782057,0.02485948360114738,0.11592482072273347,0.18265848873036328,1,NFLX
2022-08-05,22.67799949645996,22.86199951171875,22.28700065612793,22.530000686645508,55397000,22.411399841308594,19.53297992706299,22.050329106180513,21.00635839066876,73.79878657767048,1.0439707155117546,0.9137768802206037,0.13019383529115092,-0.013614011392988568,0.024722032783045158,-0.22442493734862168,0.1610107408670165,1,NFLX
2022-08-08,23.349000930786133,24.19599914550781,22.641000747680664,22.749000549316406,109821000,22.561199951171876,19.624299926757814,22.250124771504453,21.17988746771449,72.32969812339746,1.0702373037899626,0.9450689649344755,0.12516833885548717,0.029588211007364862,0.025634186297446675,0.982435871978627,0.18980045239472076,1,NFLX
2022-08-09,22.99399948120117,23.21999931335449,22.46500015258789,23.16200065612793,61812000,22.721499824523924,19.701379928588867,22.364567034534716,21.31426613538017,61.23502066558446,1.0503008991545464,0.9661153517784897,0.08418554737605666,-0.01520413873969606,0.024983063221323,-0.4371568279290846,0.16712634163429074,1,NFLX
2022-08-10,24.410999298095703,24.45400047302246,23.65999984741211,23.698999404907227,92548000,22.89509983062744,19.799219932556152,22.67940276739025,21.5436537770628,65.13994075542537,1.1357489903274498,1.0000420794882818,0.13570691083916797,0.06162476510678405,0.02535883141263421,0.4972497249724972,0.23292732649311776,0,NFLX
2022-08-11,24.270000457763672,25.16200065612793,24.150999069213867,24.468000411987305,87801000,23.061899948120118,19.889739952087403,22.92411010437078,21.745605383040644,67.18123083781138,1.1785047213301354,1.0357346078566527,0.14277011347348267,-0.005776037212169016,0.025493543087061633,-0.051292302372822784,0.22022713802331872,1,NFLX
2022-08-12,24.93000030517578,24.94099998474121,24.375999450683597,24.481000900268555,60985000,23.305900001525877,20.0025199508667,23.23270859680232,21.981486488383986,72.16703710528918,1.2512221084183324,1.0788321079689887,0.17239000044934372,0.02719405994905877,0.025783328839373065,-0.3054179337365178,0.24634297910526914,0,NFLX
2022-08-15,24.910999298095703,25.198999404907227,24.750999450683597,24.81100082397461,65274000,23.53489990234375,20.09055992126465,23.49090716623207,22.198487437251522,77.0602606651262,1.2924197289805477,1.1215496321713005,0.17087009680924714,-0.0007621743621131216,0.02600341240649786,0.07032876936951715,0.23993554165351605,0,NFLX
2022-08-16,24.569000244140625,24.929000854492188,24.402999877929688,24.715999603271484,51368000,23.777599906921388,20.1839799118042,23.656767639756463,22.37408097850257,67.02625776296335,1.2826866612538943,1.1537770379878194,0.1289096232660749,-0.013728837204102895,0.02510290648770188,-0.21304041425376108,0.21725251171955096,0,NFLX
2022-08-17,24.114999771118164,24.423999786376957,23.756000518798828,24.118000030517575,56272000,23.921799850463866,20.271999893188475,23.72726489073519,22.503037926103723,62.72926372437122,1.224226964631466,1.1678670233165487,0.056359941314917394,-0.01847858962558857,0.02618077976561156,0.09546799563930852,0.18957181818163682,0,NFLX
2022-08-18,24.517000198364254,24.64800071716309,23.92799949645996,24.19599914550781,52804000,24.074399948120117,20.36511989593506,23.84876263037043,22.65222031664154,66.26022678867812,1.1965423137288909,1.1736020813990171,0.022940232329873744,0.016670140205746753,0.026278568635872687,-0.06162922945692351,0.2038721266383472,0,NFLX
2022-08-19,24.11599922180176,24.32900047302246,23.56800079345703,24.09499931335449,75047000,24.218199920654296,20.441779861450197,23.8898759521291,22.760648383690445,61.49468271384853,1.1292275684386546,1.1647271788069447,-0.03549961036829008,-0.016356037578742932,0.026527805139494934,0.4212370274979169,0.17974067743878464,0,NFLX
2022-08-22,22.65399932861328,23.347999572753903,22.458999633789062,23.2549991607666,86301000,24.14869976043701,20.509319839477538,23.69974108697282,22.75274845368473,53.419710096333084,0.9469926332880902,1.1211802697031739,-0.1741876364150836,-0.0606236498741789,0.03246895222985195,0.14995935880181754,0.104570970949877,0,NFLX
2022-08-23,22.45499992370605,22.989999771118164,22.43000030517578,22.645999908447266,52769000,24.0947998046875,20.592539825439452,23.50824244647024,22.730693007019642,48.476374235920886,0.7775494394505991,1.052454103652659,-0.27490466420205983,-0.008784294641338786,0.03225357361035603,-0.3885470620270912,0.09044343796610099,0,NFLX
2022-08-24,22.961000442504883,23.40999984741211,22.393999099731445,22.56599998474121,54263000,23.949799919128417,20.71237983703613,23.424051368937107,22.747752817055588,49.79570438861471,0.6762985518815192,0.9772229932984311,-0.3009244414169119,0.022533979982989782,0.025323002844673356,0.02831207716651818,0.10856408694513986,0,NFLX
2022-08-25,23.39800071716309,23.416000366210938,22.899999618530277,23.02400016784668,37669000,23.86259994506836,20.845259857177734,23.42004357635649,22.795919328174662,54.82186506217148,0.624124248181829,0.9066032442751106,-0.28247899609328164,0.019032283708737774,0.02651402071142245,-0.30580690341484995,0.1224614553848491,0,NFLX
2022-08-26,22.327999114990234,23.69499969482422,22.315000534057617,23.363000869750977,53498000,23.602399826049805,20.93159984588623,23.252036736146298,22.761258571642482,43.50920947043636,0.4907781645038156,0.8234382283208517,-0.33266006381703606,-0.04573047138117148,0.027205344986350067,0.4202129071650429,0.066712495909788,1,NFLX
2022-08-29,22.457000732421875,22.98699951171875,22.152000427246094,22.19300079345703,71094000,23.356999969482423,21.034039878845213,23.12972350480408,22.738720953922435,46.485151951117594,0.3910025508816446,0.7369510928330103,-0.3459485419513657,0.0057775717728791864,0.02754519545528478,0.32890949194362396,0.06765038298742554,0,NFLX
2022-08-30,22.065000534057617,22.97900009155273,21.874000549316406,22.666000366210938,57404000,23.10659999847412,21.12431987762451,22.965919970843085,22.68881573763615,32.26491308361331,0.2771042332069342,0.644981720907795,-0.3678774877008608,-0.01745559004227648,0.027626809607493606,-0.19256196022167837,0.044530695515054175,1,NFLX
2022-08-31,22.356000900268555,23.38800048828125,22.343000411987305,22.700000762939453,86159000,22.93070011138916,21.229619903564455,22.872086267677773,22.664162786720034,35.85158223234613,0.2079234809577386,0.5575700729177837,-0.3496465919600451,0.013188323551670544,0.028394687183469297,0.5009232806076231,0.053057049623153274,1,NFLX
2022-09-01,23.003999710083008,23.03700065612793,21.94700050354004,22.07200050354004,72929000,22.779400062561034,21.331919898986815,22.892380643432425,22.68933589215433,35.73756460107997,0.20304475127809596,0.4866650085898462,-0.2836202573117502,0.02898545284128473,0.029777209278997362,-0.1535533142213814,0.07838393445193881,1,NFLX
2022-09-02,22.61100006103516,23.38800048828125,22.503999710083008,23.10300064086914,81649000,22.628900146484376,21.42071990966797,22.849091323063615,22.683533237997352,33.86192686555262,0.16555808506626235,0.42244362388512946,-0.2568855388188671,-0.01708397035301601,0.02980636818266996,0.11956834729668575,0.05556676696145835,1,NFLX
2022-09-06,21.839000701904297,22.684999465942383,21.4689998626709,22.55900001525879,74690000,22.547400283813477,21.4757999420166,22.693692765962183,22.620975272360827,31.93489774889551,0.07271749360135615,0.35249839782837483,-0.2797809042270187,-0.0341426454843643,0.025242747231979935,-0.08523068255581823,0.01691209458405818,0,NFLX
2022-09-07,22.895999908447266,22.933000564575195,21.82699966430664,22.020999908447266,81493000,22.591500282287598,21.555439949035645,22.72481694172912,22.64134746762649,42.52972473079369,0.08346947410263184,0.29869261308322625,-0.21522313898059442,0.04839961411104321,0.029922694754644198,0.09108314366046333,0.062191259495568474,0,NFLX
2022-09-08,22.74399948120117,22.874000549316406,22.1299991607666,22.416000366210938,67374000,22.569800186157227,21.651119956970216,22.727768101647897,22.648951320483874,38.79124920567359,0.07881678116402213,0.25471744669938545,-0.17590066553536332,-0.006638732872724096,0.029148346713574868,-0.1732541445277509,0.05047681258073289,1,NFLX
2022-09-09,23.35700035095215,23.47800064086914,22.96199989318848,22.96199989318848,66996000,22.565700149536134,21.76153995513916,22.82457306307932,22.701399396814857,45.3269383974236,0.12317366626446358,0.2284086906124011,-0.10523502434793752,0.02695220206356619,0.02983944851087478,-0.0056104728827144346,0.073315601703831,1,NFLX
2022-09-12,23.652999877929688,23.948999404907227,23.33699989318848,23.36100006103516,60474000,22.698200225830078,21.88485996246338,22.952023342287067,22.77188832134188,57.18188559531199,0.18013502094518685,0.21875395667895825,-0.0386189357337714,0.012672839942200476,0.025200225723432588,-0.09734909546838622,0.08079283662308079,1,NFLX
2022-09-13,21.8129997253418,22.768999099731445,21.77199935913086,22.649999618530277,80001000,22.63380012512207,21.961219940185547,22.776788939680102,22.700859536452988,46.26570494550328,0.07592940322711428,0.1901890459885895,-0.11425964276147521,-0.07779140752056435,0.03658928818672472,0.32289909713265197,-0.006749179473974798,1,NFLX
2022-09-14,22.41200065612793,22.799999237060547,21.57999992370605,21.98200035095215,82303000,22.6685001373291,22.037699966430665,22.720667665287458,22.679462582354837,46.840835554072626,0.041205082932620485,0.1603922533773957,-0.11918717044477523,0.027460731597141352,0.03727148507220197,0.028774640316995947,0.01698456237572099,1,NFLX
2022-09-15,23.538000106811523,24.22900009155273,22.90999984741211,23.04700088500977,194541000,22.7867000579834,22.140339965820313,22.84641111782962,22.743057954536813,50.74642438314226,0.10335316329280886,0.14898443536047837,-0.04563127206766951,0.050240916371547595,0.04021104254036732,1.3637169969502936,0.06312731164692509,1,NFLX
2022-09-16,24.01300048828125,24.13599967956543,22.78300094604492,23.121999740600582,189142000,22.887600135803222,22.24205997467041,23.025886405591407,22.837127771851215,59.59240118293389,0.18875863374019275,0.15693927503642124,0.031819358703771505,0.020180150365972205,0.039743174907595595,-0.02775250461342338,0.07962124531754755,0,NFLX
2022-09-19,24.363000869750977,24.524999618530277,23.575000762939453,24.5049991607666,179124000,23.062800216674805,22.355359992980958,23.231596323154417,22.950155408732677,60.584185910149984,0.28144091442174,0.181839602913485,0.09960131150825502,0.014575453893841184,0.03904108115761076,-0.052965496822493185,0.08980579500398878,0,NFLX
2022-09-20,24.28499984741211,25.048999786376957,23.965999603271484,24.03700065612793,160374000,23.307400131225585,22.48638000488281,23.393658403809447,23.049032774560786,62.773297910937586,0.3446256292486609,0.2143968081805202,0.1302288210681407,-0.0032016180090406188,0.03645359162144537,-0.10467609030615665,0.07998707849545972,0,NFLX
2022-09-21,23.687000274658203,24.82999992370605,23.667999267578125,24.267000198364254,91668000,23.38650016784668,22.611220016479493,23.438787922401563,23.096289626419857,57.39690681763207,0.3424982959817058,0.24001710574075732,0.10248119024094846,-0.024624236216234996,0.03549414922392209,-0.42841108907927716,0.047577276121972156,1,NFLX
2022-09-22,23.70499992370605,24.049999237060547,23.166000366210938,23.53499984741211,100180000,23.482600212097168,22.73220001220703,23.479743614909946,23.141379278070684,54.18907711870239,0.3383643368392626,0.2596865519604584,0.07867778487880417,0.00075989567438417,0.035324858039442214,0.09285683117336485,0.04279391836147117,1,NFLX
2022-09-23,22.641000747680664,23.645000457763672,22.14299964904785,23.513999938964844,112072000,23.41100025177002,22.835460014343262,23.350706250720826,23.104314201745495,50.16596971836111,0.24639204897533062,0.25702765136343286,-0.010635602388102239,-0.04488501073401563,0.03753708726132968,0.11870632860850461,-0.00851567108963236,1,NFLX
2022-09-26,22.40699958801269,23.270000457763672,22.301000595092773,22.559999465942383,82343000,23.28640022277832,22.905380020141603,23.20552061030419,23.052661267394917,53.3411691685465,0.15285934290927372,0.23619398967260102,-0.0833346467633273,-0.010335283421248231,0.03721009364478291,-0.265266971232779,-0.0217582258705451,1,NFLX
2022-09-27,22.43600082397461,23.06399917602539,22.07200050354004,22.863000869750977,77622000,23.348700332641602,22.97226005554199,23.087132950868874,23.006982716030453,46.92184928992654,0.08015023483842043,0.20498523870576493,-0.1248350038673445,0.0012942935910720266,0.026955221287806037,-0.05733334952576419,-0.0233437733279539,1,NFLX
2022-09-28,24.520000457763672,24.665000915527344,22.738000869750977,22.9689998626709,175797000,23.559500312805177,23.059400062561036,23.307574105775764,23.119058104306987,59.4427923379941,0.188516001468777,0.20169139125836735,-0.013175389789590347,0.09288641278539034,0.038834792346436664,1.2647831800262814,0.06334078038630553,0,NFLX
2022-09-29,23.97100067138672,24.697999954223636,23.56800079345703,24.160999298095703,189949000,23.602800369262695,23.10594009399414,23.409639731254373,23.182164961127707,53.28693889195322,0.2274747701266655,0.206848067032027,0.020626703094638515,-0.022389876677311626,0.03716383729105011,0.08050194258150034,0.03743888255026828,1,NFLX
2022-09-30,23.54400062561035,24.24399948120117,23.326000213623047,23.700000762939453,118486000,23.555900382995606,23.129060096740723,23.430310638078367,23.208967602941236,49.42456328454569,0.2213430351371315,0.2097470606530479,0.011595974484083588,-0.017813192349790397,0.037089118259977495,-0.37622203854718894,0.01794022442477461,0,NFLX
2022-10-03,23.90399932861328,24.15399932861328,23.28499984741211,23.78499984741211,86574000,23.510000228881836,23.16626007080078,23.503185821237587,23.2604514344725,63.08346457143974,0.24273438676508619,0.21634452587545558,0.026389860889630606,0.015290464383157287,0.037123953679926554,-0.269331397802272,0.03184541896524595,0,NFLX
2022-10-04,24.073999404907227,24.57999992370605,23.325000762939453,24.483999252319336,139259000,23.488900184631348,23.21072006225586,23.5910032956483,23.320714247097293,60.98914763563942,0.27028904855100677,0.22713343041056583,0.04315561814044094,0.007111783846582176,0.037208473052021046,0.6085545313835563,0.03719313060240603,0,NFLX
2022-10-05,23.67300033569336,24.15900039672852,22.738000869750977,23.875999450683597,108256000,23.487500190734863,23.256360054016113,23.603618224886002,23.346809512919222,50.98727680993774,0.2568087119667801,0.23306848672180872,0.023740225244971408,-0.016656936077356854,0.03671102897325032,-0.2226283399995691,0.017915111423693952,0,NFLX
2022-10-06,24.00200080871582,24.42799949645996,23.391000747680664,23.667999267578125,91889000,23.51720027923584,23.282900085449217,23.664907853167513,23.39534220149675,49.91780242422273,0.26956565167076363,0.2403679197115997,0.02919773195916392,0.01389770913517907,0.03695459348272694,-0.15118792491871125,0.03088535880957588,0,NFLX
2022-10-07,22.475000381469727,23.732999801635746,22.42799949645996,23.57699966430664,98061000,23.500600242614745,23.280360107421874,23.481845165214008,23.3271687333466,38.002030497214854,0.15467643186740787,0.22322962214276137,-0.0685531902753535,-0.06361971401532474,0.03994082817970151,0.06716799616929126,-0.03459395482870542,1,NFLX
2022-10-10,22.99799919128418,23.382999420166016,22.42300033569336,22.56399917602539,99911000,23.559700202941894,23.290520095825194,23.407407323070956,23.30278580430494,42.25910625561416,0.10462151876601666,0.19950800146741246,-0.0948864827013958,0.023270246982761256,0.04038898099390067,0.01886580801745863,-0.012559655316303875,1,NFLX
2022-10-11,21.429000854492188,23.04400062561035,21.3700008392334,22.604999542236328,152824000,23.459000205993654,23.2666801071167,23.10303709713576,23.163986919133627,37.839292053724634,-0.06094982199786614,0.14741643677435676,-0.2083662587722229,-0.06822325384664829,0.04632431882213449,0.5296013451972255,-0.07898330334040271,1,NFLX
2022-10-12,22.08699989318848,22.367000579833984,21.263999938964844,21.43000030517578,129526000,23.215700149536133,23.265580101013185,22.946723681143872,23.08421010239695,41.8480416803126,-0.13748642125307597,0.09043586516887021,-0.22792228642194617,0.030706006461255875,0.034626664198935654,-0.15244987698267287,-0.05065767553216438,1,NFLX
2022-10-13,23.250999450683597,23.44700050354004,21.17300033569336,21.268999099731445,175050000,23.14370002746582,23.27714008331299,22.99353533799614,23.0965648689367,53.04269216344676,-0.10302953094056022,0.05174278594698413,-0.15477231688754434,0.052700663880298704,0.039414367212331484,0.35146611491129187,-0.0011230173696523682,1,NFLX
2022-10-14,23.0,23.8799991607666,22.951000213623047,23.780000686645508,152934000,23.089299964904786,23.277320098876952,22.99452990138135,23.089411915682128,52.95289676472395,-0.09488201430077936,0.02241782589743143,-0.1172998401982108,-0.010795211243111447,0.03916983997840665,-0.12634104541559554,-0.011913746844523176,1,NFLX
2022-10-17,24.51000022888184,24.992000579833984,23.440000534057617,23.44099998474121,210578000,23.149900054931642,23.31396011352539,23.227679182535272,23.194640679622847,59.00017596881761,0.03303850291242583,0.02454196130043031,0.008496541611995517,0.06565218386442773,0.04446675521185614,0.37692076320504264,0.05130145670372732,1,NFLX
2022-10-18,24.086000442504883,25.03700065612793,23.77300071716309,24.979999542236328,257767000,23.151100158691406,23.328700103759765,23.359728607145982,23.26066732872522,47.79963349949958,0.09906127842076273,0.0394458247244968,0.05961545369626593,-0.017299052730212927,0.044908459601110465,0.22409273523350026,0.03246217471941648,1,NFLX
2022-10-19,27.238000869750977,27.93000030517578,26.266000747680664,26.5,466853000,23.507600212097167,23.41358013153076,23.95638587831598,23.555284628060463,63.10469979175996,0.40110125025551824,0.1117769098307011,0.28932434042481714,0.13086441789163628,0.06012811411800122,0.8111433969437516,0.1633419885696985,1,NFLX
2022-10-20,26.81599998474121,27.83799934387207,26.63800048828125,27.277999877929688,172071000,23.78900012969971,23.46168014526367,24.39632651007371,23.796819098925702,63.13001846424392,0.5995074111480072,0.20932301009416232,0.3901844010538449,-0.015493093161562221,0.06093967423661207,-0.6314235958642228,0.14297014615786985,1,NFLX
2022-10-21,28.957000732421875,29.075000762939453,26.56800079345703,26.895000457763672,248891000,24.437200164794923,23.555420150756834,25.097968698127275,24.179054775480978,67.74103769642706,0.918913922646297,0.3512411926045893,0.5676727300417077,0.07984042172206629,0.05775999567777891,0.4464436192037009,0.22931370135172435,1,NFLX
2022-10-24,28.2450008392334,29.048999786376957,28.035999298095703,29.02300071716309,133264000,24.961900329589845,23.621720161437988,25.58212748906668,24.480235965388566,64.10742827474908,1.1018915236781126,0.501371258819294,0.6005202648588186,-0.024588178166921937,0.06005187518326554,-0.46456882731798255,0.19572159208552597,1,NFLX
2022-10-25,29.101999282836918,29.75900077819824,28.55500030517578,28.69499969482422,151007000,25.729200172424317,23.705540161132813,26.123646226569793,24.822588803718073,67.81284924207311,1.30105742285172,0.6613084916257792,0.6397489312259408,0.03034159738501807,0.05093302887561471,0.13314173370152482,0.2276454822384535,0,NFLX
2022-10-26,29.86199951171875,30.5629997253418,28.804000854492188,29.003999710083008,157141000,26.506700134277345,23.811400146484374,26.69877750120809,25.195878485792196,68.69814965228915,1.5028990154158954,0.8296265963838025,0.6732724190320929,0.026115052147982487,0.05096859955352359,0.040620633480567214,0.2541051482908163,0,NFLX
2022-10-27,29.694000244140625,30.520999908447266,29.47800064086914,29.83300018310547,146126000,27.151000213623046,23.922980155944824,27.159581000120788,25.529072690114305,75.22186546516943,1.6305083100064834,0.9898029391083387,0.6407053708981447,-0.005625854608704128,0.05163561298003461,-0.07009628295607129,0.24123332672504483,0,NFLX
2022-10-28,29.57200050354004,30.11899948120117,29.22900009155273,29.770000457763672,99605000,27.80820026397705,24.02408016204834,27.530722462185288,25.828548824442137,73.63049312449297,1.702173637743151,1.1322770788353012,0.5698965589078497,-0.0041085653531864885,0.05114860339889882,-0.3183622353311526,0.23093164458616577,0,NFLX
2022-10-31,29.1879997253418,29.761999130249023,28.950000762939453,29.51300048828125,75051000,28.276000213623046,24.125520172119142,27.785688194978597,26.077397039323593,80.4872290815167,1.7082911556550044,1.247479894199242,0.46081126145576246,-0.012985282417815158,0.05051338434716274,-0.24651372923046033,0.20983918759493347,0,NFLX
2022-11-01,28.674999237060547,29.96999931335449,28.642000198364254,29.617000579833984,69164000,28.734900093078615,24.245940170288087,27.92250527837582,26.269812016933738,76.18441726481046,1.6526932614420815,1.32852256764781,0.32417069379427144,-0.017575732941913502,0.05053536795898177,-0.07843999413731995,0.1826721931863875,0,NFLX
2022-11-02,27.299999237060547,28.732999801635746,27.28400039672852,28.63999938964844,103676000,28.74109992980957,24.342840156555177,27.82673511817347,26.346122181387578,65.82753369733652,1.4806129367858922,1.3589406414754266,0.12167229531046564,-0.047951178259244887,0.03596407939907868,0.49898791278699894,0.12147962445988658,0,NFLX
2022-11-03,26.9060001373291,27.628999710083008,26.8799991607666,27.125,70574000,28.75009994506836,24.42174015045166,27.68508358265895,26.38759462256843,65.09973764002251,1.2974889600905222,1.3466503051984458,-0.04916134510792358,-0.014432201858693872,0.03591221417236093,-0.31928315135614804,0.10172329946895675,1,NFLX
2022-11-04,26.07900047302246,27.496999740600582,25.53199958801269,27.20199966430664,111247000,28.46229991912842,24.475360145568846,27.437993873484107,26.364735796676133,56.40356017668857,1.0732580768079742,1.2919718595203515,-0.2187137827123773,-0.030736626034550185,0.02393139940307603,0.5763170572732168,0.06552060185900666,1,NFLX
2022-11-07,25.86000061035156,26.114999771118164,25.208999633789062,26.106000900268555,79270000,28.223799896240234,24.546000175476074,27.19522567915602,26.327348005096535,57.36344113194478,0.8678776740594856,1.2071530224281783,-0.3392753483686928,-0.008397555837979631,0.02338792527538581,-0.2874414590955262,0.05353216106420078,1,NFLX
2022-11-08,26.34600067138672,26.607999801635746,25.6879997253418,25.992000579833984,76838000,27.948200035095216,24.623780174255373,27.064575677960743,26.328729684080994,45.24520107584234,0.7358459938797495,1.1128916167184926,-0.3770456228387431,0.01879350539692637,0.02146071945923634,-0.030679954585593583,0.06994135282818847,1,NFLX
2022-11-09,25.465999603271484,26.09000015258789,25.42200088500977,25.965999603271484,72660000,27.50860004425049,24.691800155639648,26.81864089723932,26.26482375216918,43.13884696327704,0.5538171450701412,1.0010767223888224,-0.44725957731868116,-0.03340169459082143,0.018472285114264814,-0.054374137796402766,0.03135451618560947,1,NFLX
2022-11-10,27.496999740600582,27.535999298095703,26.00900077819824,26.599000930786133,96673000,27.288899993896486,24.79462013244629,26.923003796217976,26.356096047608542,42.49588208317475,0.5669077486094345,0.9142429276329449,-0.3473351790235104,0.07975340332088066,0.03549968099148925,0.33048444811450595,0.10899056302209487,1,NFLX
2022-11-11,29.01300048828125,29.06599998474121,27.1560001373291,27.44700050354004,95738000,27.232999992370605,24.914800148010254,27.244541748843094,26.55290378395467,53.64602961968387,0.6916379648884252,0.869721935084041,-0.17808397019561584,0.05513331497916929,0.04062787728414191,-0.009671780124750451,0.16448858975087077,0,NFLX
2022-11-14,29.927000045776367,31.100000381469727,28.819000244140625,29.0,179782000,27.306900024414062,25.06112014770508,27.657227640678983,26.802836840385904,53.89555533219997,0.8543908002930785,0.8666557081258486,-0.012264907832770122,0.03150310350921104,0.04161532711311995,0.8778541436002423,0.19416051115803268,0,NFLX
2022-11-15,31.020000457763672,31.270999908447266,30.2549991607666,30.920000076293945,146269000,27.541400146484374,25.244740142822266,28.174577304845858,27.115219330562038,55.30123078287905,1.0593579742838202,0.9051961613574429,0.15416181292637732,0.036522217740349916,0.04211776058999068,-0.18640909546005713,0.22877083631155792,0,NFLX
2022-11-16,30.601999282836918,31.048999786376957,30.36100006103516,30.99399948120117,80386000,27.87160015106201,25.39886013031006,28.548026839921405,27.373499327026845,54.063725437471966,1.17452751289456,0.9590624316648664,0.21546508122969366,-0.013475214982536787,0.03819562271882815,-0.45042353472027563,0.20485719145788073,0,NFLX
2022-11-17,29.527999877929688,29.98200035095215,29.100000381469727,29.472000122070312,98382000,28.13380012512207,25.53454013824463,28.69879192269191,27.533091960427058,49.81853919212066,1.1656999622648527,1.0003899377848637,0.165310024479989,-0.03509572675238837,0.04029338920784006,0.2238698280795164,0.1563944256706551,0,NFLX
2022-11-18,28.79800033569336,29.799999237060547,28.700000762939453,29.732999801635746,84001000,28.40570011138916,25.643360137939453,28.714054755461362,27.626788877113448,48.43624959313977,1.0872658783479139,1.0177651258974738,0.06950075245044007,-0.024722282079862712,0.0396566397324231,-0.1461751133337399,0.12301976733098274,0,NFLX
2022-11-21,28.5049991607666,29.187000274658203,28.266000747680664,29.100000381469727,72565000,28.670199966430665,25.740400123596192,28.681892356277555,27.691841490717387,49.30612224561384,0.9900508655601676,1.0122222738300126,-0.022171408269844983,-0.010174358341249135,0.0397553779295283,-0.13614123641385223,0.1074031104371258,0,NFLX
2022-11-22,28.66900062561035,28.697999954223636,27.733999252319336,28.499000549316406,62451000,28.902499961853028,25.87752014160156,28.679909013097987,27.76422364885761,56.200747215995804,0.9156853642403782,0.9929148919120858,-0.07722952767170765,0.005753428158997265,0.03966628431867263,-0.13937848825191212,0.10787279726704235,1,NFLX
2022-11-23,29.149999618530277,29.246999740600582,28.375999450683597,28.590999603271484,59190000,29.270899963378906,26.01228012084961,28.752230644702955,27.866873720685213,60.08448149652937,0.8853569240177421,0.9714032983332171,-0.08604637431547502,0.016777668646400068,0.03674762613197084,-0.05221693807945427,0.12062454667961586,1,NFLX
2022-11-25,28.554000854492188,28.92099952697754,28.41699981689453,28.899999618530277,32360000,29.376600074768067,26.112600135803223,28.721733753901297,27.917772026893136,61.35842057912307,0.8039617270081614,0.937914984068206,-0.13395325706004457,-0.020445926992713304,0.029911170966236095,-0.45328602804527796,0.09349512135873206,1,NFLX
2022-11-28,28.117000579833984,28.95499992370605,28.05299949645996,28.399999618530277,47034000,29.28700008392334,26.19468013763428,28.628697880967866,27.932529697481346,60.15477101352565,0.6961681834865203,0.8895656239518689,-0.19339744046534857,-0.01530434480565801,0.024356202458764915,0.45346106304079115,0.07338591011989037,1,NFLX
2022-11-29,28.09600067138672,28.29599952697754,27.5939998626709,28.25,57869000,29.103900146484374,26.269340133666994,28.546744464109228,27.944638658511373,58.21750360941636,0.602105805597855,0.8320736602810662,-0.22996785468321124,-0.0007468758407440657,0.021234828353265456,0.23036526767870047,0.06953583639425576,1,NFLX
2022-11-30,30.55299949645996,30.826000213623047,28.041000366210938,28.136999130249023,160701000,29.057200050354005,26.394700126647948,28.85539908447088,28.137850572433493,70.80572488528993,0.7175485120373857,0.8091686306323302,-0.09162011859494457,0.08745012693480891,0.0345333441770062,1.7769790388636402,0.15754296695395364,1,NFLX
2022-12-01,31.69499969482422,31.979999542236328,30.30299949645996,30.39900016784668,146649000,29.166500091552734,26.55486011505127,29.292260716832928,28.40134310001799,68.51623055025222,0.8909176168149386,0.825518427868852,0.06539918894608665,0.03737767869555908,0.03619609024484515,-0.08744189519666956,0.19356681065171655,0,NFLX
2022-12-02,32.04100036621094,32.19900131225586,31.0,31.048999786376957,126906000,29.41780014038086,26.72158012390137,29.71514373981416,28.670947341958207,64.8927787175473,1.044196397855952,0.8692540218662721,0.17494237598968,0.010916569639318308,0.033484759352862374,-0.13462758014033505,0.19906832670990005,0,NFLX
2022-12-05,31.25900077819824,32.277000427246094,31.09199905395508,31.645999908447266,84230000,29.66390018463135,26.89394012451172,29.952660207257864,28.862655003901914,56.63743611598897,1.0900052033559504,0.9134042581642078,0.17660094519174263,-0.02440621638135121,0.03344984984737465,-0.33628039651395525,0.16230647623507233,1,NFLX
2022-12-06,30.55599975585937,31.32200050354004,30.3129997253418,31.100000381469727,71954000,29.869000244140626,27.05692012786865,30.04548167627348,28.988087948491355,47.59435579919757,1.0573937277821237,0.942202152087791,0.11519157569433269,-0.022489555162914177,0.034434962368413445,-0.14574379674700222,0.12932290931319512,1,NFLX
2022-12-07,30.84199905395508,30.961000442504883,30.209999084472656,30.649999618530277,78216000,30.086300086975097,27.225040092468262,30.168022811301416,29.125414697044224,51.261563252013666,1.0426081142571917,0.9622833445216712,0.0803247697355205,0.009359840960231347,0.034433659705213025,0.08702782333157288,0.1328541280087019,1,NFLX
2022-12-08,31.025999069213867,31.238000869750977,30.481000900268555,30.910999298095703,72053000,30.273900032043457,27.355160064697266,30.300019158672562,29.266198724612348,58.68707513542462,1.033820434060214,0.9765907624293798,0.057229671630834145,0.00596589134630654,0.034291601776003246,-0.07879462002659299,0.13419183056632678,0,NFLX
2022-12-09,32.000999450683594,32.900001525878906,31.95199966430664,32.14500045776367,143640000,30.618599891662598,27.515760040283205,30.56170843436657,29.468776556173182,68.06134490548436,1.0929318781933866,0.9998589855821812,0.09307289261120533,0.03142526947463198,0.03363459818045473,0.9935325385480134,0.16300619731506516,0,NFLX
2022-12-12,31.51799964904785,32.31800079345703,30.88500022888184,32.0,101486000,30.958699798583986,27.675240020751954,30.70883015970215,29.620570859349083,66.63354726863943,1.0882593003530658,1.0175390485363582,0.0707202518167076,-0.015093272395447777,0.033615651986366374,-0.29346978557504877,0.13885189886029714,0,NFLX
2022-12-13,32.03400039672852,33.27199935913086,31.71999931335449,32.79999923706055,107564000,31.352499771118165,27.83784004211426,30.912702503860054,29.799343417673484,67.88181693788295,1.1133590861865699,1.0367030560664006,0.0766560301201693,0.016371621087198696,0.03333042654948498,0.05989003409337257,0.15073584546308672,0,NFLX
2022-12-14,31.78300094604492,32.47100067138672,31.441999435424805,31.89699935913086,75433000,31.47549991607666,27.992020072937013,31.046594571888498,29.946281012367663,64.34252984817046,1.1003135595208349,1.0494251567572874,0.05088840276354745,-0.007835407616128998,0.021376751168479948,-0.29871518351864934,0.1354307714566505,0,NFLX
2022-12-15,29.041000366210938,30.339000701904297,28.655000686645508,30.21199989318848,177246000,31.210099983215333,28.099380073547362,30.738041617168875,29.879223186726424,52.15010807466094,0.8588184304424509,1.0113038114943202,-0.15248538105186937,-0.08627255130781464,0.032758707362121435,1.349714316015537,0.0335103582427434,1,NFLX
2022-12-16,29.07099914550781,29.472000122070312,28.8700008392334,28.875999450683597,140800000,30.91309986114502,28.200760040283203,30.481573544605634,29.819354739228746,54.36892576328887,0.662218805376888,0.9414868102708338,-0.27926800489394576,0.0010329802320367953,0.032263012969451055,-0.2056238222583302,0.030858711041174658,1,NFLX
2022-12-19,28.82999992370605,29.225000381469727,28.613000869750977,28.972999572753903,61637000,30.6701997756958,28.32786003112793,30.22748529523647,29.746069197338176,53.2950231003615,0.4814160978982933,0.8494726677963258,-0.3680565698980325,-0.008290021976730011,0.03181815526707772,-0.5622372159090909,0.017726008672252158,0,NFLX
2022-12-20,28.819000244140625,28.92799949645996,28.08099937438965,28.124000549316406,69181000,30.496499824523926,28.444280052185057,30.01079528737557,29.677397423027248,40.02531428354501,0.33339786434832064,0.7462577071067248,-0.41285984275840415,-0.00038153588604006305,0.03143302065648482,0.12239401658094984,0.013173832885490233,0,NFLX
2022-12-21,29.79599952697754,30.06599998474121,28.649999618530277,28.999000549316406,63762000,30.391899871826173,28.611620025634764,29.97774978577587,29.686182764060604,38.86477953868865,0.2915670217152666,0.6553195700284332,-0.3637525483131666,0.033901220533684384,0.03359469213813545,-0.07833075555427071,0.04139505209008165,0,NFLX
2022-12-22,29.774999618530277,29.88800048828125,29.08099937438965,29.80900001525879,78562000,30.266799926757812,28.765380020141603,29.94655745235347,29.69276179031762,36.18628768973791,0.25379566203585213,0.575014788429917,-0.3212191263940649,-0.0007047895281461214,0.03346467562171712,0.23211317085411376,0.03509842726505741,0,NFLX
2022-12-23,29.496000289916992,29.84600067138672,29.19099998474121,29.618000030517575,42511000,30.016300010681153,28.89028003692627,29.877240965824782,29.67818686436202,38.55045420627618,0.1990541014627638,0.49982265103648643,-0.3007685495737226,-0.009370254649462728,0.03112753695833011,-0.45888597540795806,0.02096622989519381,0,NFLX
2022-12-27,28.41699981689453,29.35700035095215,28.21299934387207,29.319000244140625,57781000,29.70620002746582,28.99862003326416,29.652588481373975,29.58476560158665,36.75541332910059,0.06782287978732526,0.4134226967866542,-0.34559981699932896,-0.03658124703068,0.032412520131207524,0.3592011479381807,-0.020056823935154733,1,NFLX
2022-12-28,27.6879997253418,28.518999099731445,27.340999603271484,28.191999435424805,59644000,29.271599960327148,29.06218002319336,29.35034405736903,29.444264425568512,31.486263413917612,-0.09392036819948402,0.3119540837894266,-0.4058744519889106,-0.025653661408665762,0.03134720083778184,0.03224243263356463,-0.04728414374815937,1,NFLX
2022-12-29,29.11199951171875,29.549999237060547,28.10099983215332,28.31800079345703,95885000,29.00449981689453,29.162700004577637,29.31367566573052,29.41965220972779,40.19266219846321,-0.10597654399726864,0.22836795823208755,-0.3343445022293562,0.05143021527386149,0.037620226367765755,0.6076218898799544,-0.0017385390533430911,1,NFLX
2022-12-30,29.488000869750977,29.500999450683597,28.32200050354004,28.55299949645996,75669000,29.049199867248536,29.207700004577635,29.340494927887512,29.424715073433212,36.28125889611997,-0.08422014554570012,0.16585033747653005,-0.25007048302223017,0.012915683028947189,0.025996205473301337,-0.21083589716848306,0.009596814029499523,1,NFLX
2023-01-03,29.4950008392334,29.839000701904297,28.8700008392334,29.80599975585937,67640000,29.091600036621095,29.26128002166748,29.36426506809457,29.429921426455447,38.35080546666455,-0.0656563583608758,0.11954899830904887,-0.18520535666992466,0.00023738365694381258,0.02600013238304493,-0.10610686014087667,0.007987375035981126,1,NFLX
2023-01-04,30.94099998474121,31.11400032043457,29.551000595092773,29.823999404907227,93451000,29.30270004272461,29.30096000671387,29.606839670655592,29.54185317151365,44.31498623307752,0.06498649914194132,0.10863649847562737,-0.043649999333686046,0.04902522815271082,0.029607936292820575,0.3815937315198108,0.055972226768390865,1,NFLX
2023-01-05,30.96999931335449,31.417999267578125,30.45499992370605,30.700000762939453,83284000,29.517799949645998,29.35545997619629,29.816556538763116,29.64764177461297,45.671377392133,0.16891476415014495,0.1206921516105309,0.048222612539614046,0.0009372460045757869,0.02957193522579123,-0.10879498346727157,0.05499962659305613,1,NFLX
2023-01-06,31.55500030517578,31.677000045776367,30.36899948120117,31.15699958801269,89598000,29.69370002746582,29.404519996643067,30.084009425903528,29.788927591691696,67.37628463958904,0.29508183421183176,0.1555700881307911,0.13951174608104067,0.018889280103052464,0.02844890816972775,0.07581288122568552,0.07313434495030768,1,NFLX
2023-01-09,31.517000198364254,32.16999816894531,31.32200050354004,31.683000564575195,67666000,29.867900085449218,29.437620010375976,30.30446954474364,29.916932969963735,66.88761047519645,0.38753657477990444,0.20196338546061376,0.18557318931929068,-0.0012042499269218077,0.02846264186947761,-0.2447822496037858,0.0706368309413381,1,NFLX
2023-01-10,32.75400161743164,32.935001373291016,31.10700035095215,31.10700035095215,130723000,30.193700218200682,29.498820037841796,30.681320632849484,30.127086203109506,73.81646807136237,0.5542344297399779,0.2724175943164866,0.28181683542349134,0.039248704232060394,0.029660796608001312,0.9318860284337778,0.11034955213171305,0,NFLX
2023-01-11,32.72600173950195,32.88800048828125,32.1349983215332,32.650001525878906,95797000,30.624600410461426,29.561900062561037,30.995886956949867,30.3195984650645,73.66445178579103,0.6762884918853658,0.35319177383026246,0.3230967180551033,-0.0008548536528979467,0.02510464396627864,-0.26717563091422325,0.10703309564827745,0,NFLX
2023-01-12,33.01300048828125,33.29499816894531,32.31399917602539,33.25,108562000,31.157100486755372,29.638400077819824,31.306212115616233,30.51910972604352,71.26239745007803,0.7871023895727127,0.43997389697875255,0.34712849259396017,0.008769746792284483,0.021014308186039818,0.13325051932732768,0.11385906127189505,1,NFLX
2023-01-13,33.28200149536133,33.665000915527344,32.888999938964844,32.99700164794922,82868000,31.574100685119628,29.73054012298584,31.610179712500095,30.72376837562262,72.44337094566436,0.886411336877476,0.5292613849584973,0.3571499519189787,0.008148335598139989,0.017516061776974196,-0.23667581658407177,0.11945498997610593,1,NFLX
2023-01-17,32.62200164794922,33.25,32.36000061035156,33.108001708984375,92470000,31.887500762939453,29.836980171203614,31.765844625646114,30.864378247646812,69.0749361559789,0.9014663779993022,0.6037023835666583,0.2977639944326439,-0.019830533554422658,0.020472066094326818,0.11587102379688186,0.09334126512687413,1,NFLX
2023-01-18,32.632999420166016,33.007999420166016,32.125,32.67499923706055,78141000,32.201300621032715,29.95152015686035,31.899253055572252,30.995387223388974,79.58181257554718,0.9038658321832784,0.6637350732899823,0.24013075889329616,0.0003371274496115628,0.020466622398053885,-0.15495836487509462,0.08952731778762413,1,NFLX
2023-01-19,31.577999114990234,32.48899841308594,31.339000701904297,32.25699996948242,180082000,32.26500053405762,30.061500129699706,31.849829372405786,31.038543659803885,76.10037281859144,0.8112857126019009,0.693245201152366,0.11804051144953487,-0.03232924720134156,0.01953140147342929,1.3045776225029115,0.05044655052966829,1,NFLX
2023-01-20,34.25,34.400001525878906,33.26300048828125,33.67900085449219,284303000,32.59300060272217,30.229300117492677,32.21908639203566,31.276429314633226,79.52873584889939,0.942657077402437,0.7431275764023801,0.19952950100005684,0.08461590220709558,0.03252689222711855,0.5787419064648327,0.1330067142434661,1,NFLX
2023-01-23,35.742000579833984,36.22499847412109,34.0629997253418,34.172000885009766,156469000,33.01170063018799,30.41722011566162,32.761073190158484,31.607212371314766,81.85615179199638,1.153860818843718,0.8252742248906478,0.3285865939530702,0.04356206072507973,0.034123850154459345,-0.4496399967640159,0.17505809025035357,0,NFLX
2023-01-24,36.382999420166016,36.56499862670898,35.513999938964844,35.75299835205078,117965000,33.498300552368164,30.63556011199951,33.318292610159645,31.96097437493338,82.95693461845445,1.3573182352262663,0.9316830269577716,0.42563520826849466,0.017934050415009173,0.033770662562578165,-0.24608069330027038,0.18760679704091054,0,NFLX
2023-01-25,36.79600143432617,36.88999938964844,35.849998474121094,36.05699920654297,77669000,33.902500534057616,30.821540145874025,33.85332473695449,32.319124527480994,81.08739714102323,1.5342002094734966,1.0521864634609166,0.48201374601257996,0.011351510890859728,0.032675816344915384,-0.34159284533548084,0.19384045249445236,0,NFLX
2023-01-26,36.48699951171875,36.902000427246094,36.16999816894531,36.87699890136719,82568000,34.2786003112793,30.971020126342772,34.25850547153361,32.627856007794904,78.44693070822063,1.6306494637387061,1.1678790635164746,0.4627704002222315,-0.008397703841786508,0.03309427798585434,0.06307535825103971,0.17810131415995234,1,NFLX
2023-01-27,36.07699966430664,36.59199905395508,36.05899810791016,36.31999969482422,67035000,34.58500022888184,31.094020118713377,34.53827380888331,32.88334813049948,73.74500027242104,1.654925678383833,1.2652883864899465,0.38963729189388663,-0.011236874856767165,0.033867732447924945,-0.1881237283208992,0.16025523642709505,1,NFLX
2023-01-30,35.31100082397461,36.095001220703125,35.2859992980957,35.84400177001953,51276000,34.78790016174317,31.179840126037597,34.657154888128126,33.06317425594208,68.50731668103536,1.593980632186046,1.3310268356291663,0.26295379655687956,-0.02123233216341669,0.03523661143761672,-0.23508614902662783,0.13249460809413094,1,NFLX
2023-01-31,35.38600158691406,35.595001220703125,34.87099838256836,34.99800109863281,56607000,35.06430015563965,31.27552017211914,34.76928514947981,33.23523553971778,64.48063164124724,1.534049609762036,1.3716313904557402,0.16241821930629574,0.002124005584359656,0.034080319739524655,0.10396676807863336,0.13142807512628507,1,NFLX
2023-02-01,36.19900131225586,36.53900146484375,34.99100112915039,35.38600158691406,80052000,35.42090034484863,31.408940200805663,34.989241482214595,33.45477374509097,67.58836820769136,1.5344677371236273,1.4041986597893177,0.1302690773343096,0.02297517913531233,0.03421669176060468,0.4141713922306429,0.15250629536769056,1,NFLX
2023-02-02,36.68899917602539,36.83200073242188,35.84299850463867,36.51599884033203,78570000,35.93200035095215,31.566760177612306,35.250742665877794,33.69434599923426,68.24135872275033,1.5563966666435363,1.4346382611601616,0.12175840548337469,0.01353622602852389,0.030662125134609333,-0.018512966571728406,0.1622668582265805,0,NFLX
2023-02-03,36.59000015258789,37.94300079345703,35.900001525878906,35.90800094604492,94020000,36.16600036621094,31.72846019744873,35.456782279217805,33.908838899482674,66.69694754848086,1.5479433797351305,1.4572992848751554,0.09064409485997516,-0.0026983298989030624,0.019024366895480233,0.19663993890798004,0.15322331827278757,0,NFLX
2023-02-06,36.14799880981445,36.845001220703125,36.06800079345703,36.36399841308594,49949000,36.206600189208984,31.878040161132812,35.56312328392498,34.074702596544284,68.19775630588612,1.488420687380696,1.4635235653762635,0.024897122004432504,-0.012079839872374931,0.014726473195263873,-0.46874069346947456,0.1339467115010342,0,NFLX
2023-02-07,36.29499816894531,36.417999267578125,35.417999267578125,35.85100173950195,62894000,36.19780006408691,32.020940132141114,35.675719420081954,34.239168935240656,68.63802045817522,1.4365504848412982,1.4581289492692704,-0.021578464427972177,0.0040665974319704645,0.013587349547444571,0.2591643476345873,0.13347696910729057,0,NFLX
2023-02-08,36.68299865722656,36.81900024414063,35.83100128173828,36.00199890136719,62532000,36.186499786376956,32.1835200881958,35.83068545656574,34.42019335909146,77.87484279009004,1.4104920974742754,1.4486015789102713,-0.03810948143599591,0.010690191702867446,0.013526573715435086,-0.005755715966546893,0.139806912255104,0,NFLX
2023-02-09,36.25,37.382999420166016,36.17399978637695,37.24100112915039,69011000,36.16279983520508,32.34618007659912,35.89519538632486,34.55573459175135,64.45504634102228,1.3394607945735046,1.426773422042918,-0.08731262746941337,-0.01180379666538689,0.013795438469902901,0.10361095119298924,0.12068874637302551,0,NFLX
2023-02-10,34.73600006103516,36.2140007019043,34.7140007019043,35.91600036621094,72911000,36.02869987487793,32.47898006439209,35.716857643972595,34.569087589476084,42.75215621133431,1.1477700544965117,1.370972748533637,-0.22320269403712523,-0.04176551555765062,0.01886550671329109,0.056512729854660826,0.06949171409226396,1,NFLX
2023-02-13,35.85699844360352,35.970001220703125,34.42499923706055,34.95000076293945,71344000,36.08329963684082,32.58506004333496,35.73841776699274,34.66448839348553,46.45551815117725,1.0739293735072124,1.311564073528352,-0.23763470002113962,0.032271947852333005,0.020802778747294064,-0.02149195594629072,0.1004122256002351,0,NFLX
2023-02-14,35.99599838256836,36.375,35.34000015258789,35.755001068115234,46248000,36.14429931640625,32.67108001708984,35.77804555400437,34.76311876304722,44.402438503587284,1.0149267909571549,1.2522366170141126,-0.23730982605695772,0.003876507934244877,0.020813830125910645,-0.3517604844135457,0.10176946595396585,0,NFLX
2023-02-15,36.141998291015625,36.28799819946289,35.42399978637695,35.66299819946289,39660000,36.13859901428223,32.75309997558594,35.83403828277533,34.865257987341174,47.52970418726612,0.9687802954341578,1.195545352698122,-0.22676505726396412,0.0040560038617505345,0.019504680631988333,-0.14244940321743638,0.10346801731609401,0,NFLX
2023-02-16,35.07099914550781,36.150001525878906,35.03099822998047,35.5,52157000,35.97679901123047,32.82933994293213,35.716647646272634,34.88049807313129,43.41966646821306,0.8361495731413413,1.1236661967867658,-0.2875166236454245,-0.029633091587358273,0.020906457854252707,0.3151033787191124,0.0682821892390284,0,NFLX
2023-02-17,34.79600143432617,34.900001525878906,34.24399948120117,34.79100036621094,52947000,35.7973991394043,32.91413997650147,35.57500976751164,34.87423906284943,46.400112206511174,0.7007707046622045,1.0390870983618536,-0.33831639369964916,-0.007841171277746861,0.020925873427651762,0.01514657668194097,0.05717486342247535,0,NFLX
2023-02-21,33.75,34.41299819946289,33.641998291015625,34.28499984741211,57103000,35.557599258422854,32.97229999542236,35.29423903404831,34.79096209523096,39.93104989726039,0.5032769388173506,0.9319250664529531,-0.42864812763560256,-0.030060966525144894,0.022343864909691643,0.07849358792755012,0.023586465144548985,0,NFLX
2023-02-22,33.487998962402344,34.191001892089844,33.28200149536133,33.75,45462000,35.276899337768555,33.02153999328613,35.01635594610278,34.69444630761402,32.10085557483694,0.321909638488755,0.8099219808601136,-0.4880123423713586,-0.0077629937065972765,0.022026443712904013,-0.20385969213526434,0.014125899918993712,0,NFLX
2023-02-23,32.3650016784668,33.12799835205078,31.43000030517578,33.12300109863281,132387000,34.84509963989258,33.0288200378418,34.60845528954339,34.521894853603115,23.6534191912054,0.08656043594027807,0.6652496718761466,-0.5786892359358685,-0.03353432031565573,0.022339564177989026,1.9120364260261318,-0.020098155447710542,0,NFLX
2023-02-24,31.71500015258789,32.150001525878906,31.45199966430664,31.93000030517578,68307000,34.39159965515137,33.032760047912596,34.16330834539639,34.31397672760199,22.165112820472558,-0.15066838220560186,0.5020660610597969,-0.6527344432653988,-0.020083469555676525,0.02247545597351703,-0.48403544154637534,-0.039892515594014855,0,NFLX
2023-02-27,32.303001403808594,33.0,32.21200180053711,32.387001037597656,61426000,34.14829978942871,33.0381400680542,33.8771072774598,34.16501559250618,28.40616024820605,-0.2879083150463799,0.34407118583856156,-0.6319795008849415,0.018540162333019028,0.02199928928013511,-0.1007363813371982,-0.02225121216664483,0,NFLX
2023-02-28,32.2130012512207,32.762001037597656,32.117000579833984,32.369998931884766,36761000,33.78390007019043,33.04674007415772,33.62109096573071,34.02042193759615,26.92743404810416,-0.39933097186543876,0.1953907542977615,-0.5947217261632003,-0.0027861235388881855,0.017343205079079653,-0.401540064467815,-0.025229079209207472,0,NFLX
2023-03-01,31.347999572753903,32.65999984741211,31.23600006103516,32.154998779296875,49113000,33.31910018920898,33.09288005828857,33.271384597580436,33.82246472538561,21.38796416319684,-0.5510801278051716,0.04609657787717489,-0.5971767056823465,-0.02685256402285774,0.017230352456424666,0.3360082696335791,-0.052726764260508596,0,NFLX
2023-03-02,31.1879997253418,31.55699920654297,31.038000106811523,31.09600067138672,49110000,32.8237003326416,33.13522006988526,32.95086384800526,33.627319169826805,22.03314529614063,-0.6764553218215426,-0.09841380206256861,-0.5780415197589739,-0.005103989077222204,0.01641171180442193,-6.108362348056229e-05,-0.05876587934036914,0,NFLX
2023-03-03,31.51799964904785,31.749000549316406,31.082000732421875,31.545000076293945,59533000,32.468400382995604,33.18898006439209,32.73042320201181,33.47107327939874,29.544872042014944,-0.740650077386924,-0.2268610571274397,-0.5137890202594844,0.010580990336418017,0.01720264911457251,0.21223783343514557,-0.05034744701712024,0,NFLX
2023-03-06,31.202999114990234,32.33000183105469,31.18400001525879,31.700000762939453,56607000,32.10910015106201,33.23666004180908,32.49543488093157,33.30306778573885,17.039671222869472,-0.8076329048072779,-0.34301542666340734,-0.46461747814387055,-0.0099943060335409,0.017179264421987674,-0.049149211361765754,-0.06118728308622656,0,NFLX
2023-03-07,30.847000122070312,31.43000030517578,30.66200065612793,31.26799964904785,45531000,31.818800163269042,33.257680053710935,32.24182953341445,33.12113684768933,14.621423950866543,-0.8793073142748753,-0.45027380418570095,-0.42903351008917434,-0.011409127424193533,0.015801637244396118,-0.19566484710371512,-0.07248490958321174,0,NFLX
2023-03-08,31.179000854492188,31.183000564575195,30.575000762939453,30.929000854492188,34795000,31.587900352478027,33.28576007843017,32.07831742896487,32.97727492226732,16.7493192788112,-0.8989574933024471,-0.5400105420090502,-0.35894695129339693,0.01076282073161261,0.016983773255050044,-0.23579539215040302,-0.06329310849365899,0,NFLX
2023-03-09,29.777999877929688,31.250999450683597,29.488000869750977,31.20800018310547,74434000,31.329200172424315,33.29140007019043,31.724422421113307,32.740291585649715,16.040054060695383,-1.015869164536408,-0.6351822665145218,-0.38068689802188616,-0.04493412034275135,0.01920139617589857,1.1392154045121425,-0.10553476828409769,1,NFLX
2023-03-10,29.275999069213867,29.878999710083008,28.899999618530277,29.790000915527344,57593000,31.085300064086915,33.30858005523682,31.34774190543647,32.483677325172984,15.586046685294576,-1.1359354197365121,-0.7353328971589199,-0.4006025225775922,-0.0168581103759049,0.019004337634289856,-0.22625413117661286,-0.12106733398228253,1,NFLX
2023-03-13,29.35099983215332,29.923999786376957,28.53300094604492,28.733999252319336,62924000,30.790099906921387,33.34184005737305,31.040550817239065,32.25162714050486,18.797015674123656,-1.211076323265793,-0.8304815823802947,-0.3805947408854984,0.0025618515276673026,0.017121601281897457,0.0925633323494175,-0.11969466047322164,1,NFLX
2023-03-14,29.49399948120117,29.7450008392334,29.0310001373291,29.597000122070312,59567000,30.518199729919434,33.349480056762694,30.802619842464004,32.04735842500088,21.18328205788751,-1.2447385825368755,-0.9133329824116109,-0.33140560012526465,0.0048720537584956425,0.01761462938051829,-0.053350073104062035,-0.11560841635309693,1,NFLX
2023-03-15,30.378999710083008,30.631000518798828,29.22800064086914,29.250999450683597,92153000,30.421299743652344,33.367300033569336,30.73744751440539,31.923776297969926,35.1613876887217,-1.1863287835645373,-0.9679321426421963,-0.218396640922341,0.030006111224281984,0.02008515226769434,0.5470478620712811,-0.08955775026687607,0,NFLX
2023-03-16,31.006000518798828,31.65999984741211,30.17099952697754,30.475000381469727,79037000,30.403099822998048,33.397520027160645,30.77876336123515,31.855792906920215,44.68436827895483,-1.0770295456850647,-0.98975162325077,-0.08727792243429466,0.020639284199595043,0.021386248446887954,-0.14232851887621678,-0.07160769741037376,1,NFLX
2023-03-17,30.350000381469727,31.076000213623047,30.0,31.006000518798828,69188000,30.286299896240234,33.38570003509521,30.712799825886623,31.74425271984981,35.50542151466068,-1.0314528939631877,-0.9980918773932537,-0.033361016569934066,-0.02115719945664618,0.021927497374804705,-0.12461252324860506,-0.09092814140288641,1,NFLX
2023-03-20,30.51300048828125,30.75,29.600000381469727,29.97900009155273,51134000,30.217300033569337,33.37656005859375,30.68206146625503,31.65304885084473,37.51835926690648,-0.9709873845897015,-0.9926709788325433,0.02168359424284183,0.005370678904868864,0.021964138540596014,-0.2609412036769382,-0.08579552731873574,1,NFLX
2023-03-21,30.57900047302246,30.79199981689453,30.042999267578125,30.631999969482425,48863000,30.19050006866455,33.357040061950684,30.666205928834636,31.573489711746785,43.60340498499604,-0.907283782912149,-0.9755935396484644,0.06830975673631545,0.0021630119517928037,0.021737281790935644,-0.044412719521257915,-0.08328195738497324,1,NFLX
2023-03-22,29.38999938964844,30.645000457763672,29.35400009155273,30.631000518798828,58080000,30.011599922180174,33.31450004577637,30.46986646126753,31.41174968788765,37.23011983234849,-0.9418832266201207,-0.9688514770427956,0.026968250422674922,-0.03888292831621443,0.024351336045314472,0.1886294333135501,-0.11780157741330055,1,NFLX
2023-03-23,32.0369987487793,32.27799987792969,30.41399955749512,30.468000411987305,156533000,30.237499809265138,33.30015998840332,30.71096373626934,31.45806443313888,52.77331873825998,-0.7471006968695413,-0.9245013210081449,0.17740062413860358,0.09006462790411507,0.035158202398192645,1.6951274104683196,-0.03793258771320973,1,NFLX
2023-03-24,32.8390007019043,33.18299865722656,32.0629997253418,32.0629997253418,129917000,30.59379997253418,33.30241996765137,31.038354038674715,31.560356008602984,58.30963357768722,-0.5220019699282687,-0.8440014507921696,0.32199948086390084,0.025033616894452715,0.03437028157431451,-0.17003443363380244,-0.01391548320504088,1,NFLX
2023-03-27,32.76599884033203,33.64400100708008,32.441001892089844,32.755001068115234,86258000,30.93529987335205,33.29747993469238,31.304145546621996,31.649662885027357,60.03554555788253,-0.3455173384053616,-0.744304628314808,0.39878728990944645,-0.0022230232349315093,0.034550148374498185,-0.33605301846563573,-0.015961601160290995,1,NFLX
2023-03-28,32.35200119018555,33.332000732421875,32.12799835205078,32.60599899291992,64894000,31.221100044250488,33.278879928588864,31.465354107170235,31.701687944668706,56.082130469457134,-0.2363338374984707,-0.6427104701515406,0.4063766326530699,-0.0126349772568779,0.03536230837305614,-0.24767557791741057,-0.027851861011916612,1,NFLX
2023-03-29,33.202999114990234,33.28499984741211,32.573001861572266,32.62900161743164,62873000,31.50349998474121,33.29049987792969,31.73268410837331,31.812896179507337,68.83315937233081,-0.08021207113402795,-0.5302107903480381,0.44999871921401013,0.02630433647062458,0.03514644332221635,-0.031143094893210432,-0.002628400392313268,1,NFLX
2023-03-30,33.84299850463867,34.32899856567383,33.529998779296875,34.027000427246094,71315000,31.787199783325196,33.31469985961914,32.05734786164491,31.963274129517064,74.73729276362621,0.09407373212784265,-0.405353885852862,0.4994276179807046,0.0192753488150863,0.035100889622096565,0.13427067262576942,0.01585782394095303,1,NFLX
2023-03-31,34.54800033569336,34.58399963378906,33.720001220703125,34.005001068115234,56102000,32.20699977874756,33.3740998840332,32.44052516534467,32.154735329974564,76.35128012448732,0.28578983537010316,-0.26712514160826895,0.5529149769783721,0.020831541595170977,0.03352453405610404,-0.2133211806772769,0.035173995875219966,0,NFLX
2023-04-03,34.827999114990234,34.858001708984375,34.040000915527344,34.18299865722656,44137000,32.638499641418456,33.38565986633301,32.807828849905526,32.352754869605356,76.6753303043669,0.45507398030017043,-0.12268531722658108,0.5777592975267515,0.008104630559691017,0.03346168770299399,-0.21327225410858797,0.04320235857047483,0,NFLX
2023-04-04,34.67499923706055,34.97999954223633,34.39500045776367,34.8489990234375,32981000,33.048099517822266,33.36431983947754,33.09508583254476,32.52477297089833,73.18151942763903,0.5703128616464284,0.01591431854802082,0.5543985430984075,-0.004393013719350747,0.03377783042166439,-0.25275845662369445,0.03928386383684579,0,NFLX
2023-04-05,34.23500061035156,34.542999267578125,33.625,34.529998779296875,42055000,33.53259963989258,33.32135986328125,33.27045733682273,32.65145649974672,67.78279877563284,0.6190008370760083,0.1365316222536183,0.48246921482238997,-0.012689218064602437,0.030111291542948424,0.2751281040599134,0.02741907145503708,1,NFLX
2023-04-06,33.93299865722656,34.04800033569336,33.26300048828125,33.93399810791016,46605000,33.72219963073731,33.26409980773926,33.37238677073101,32.746385548448934,70.53294051061854,0.6260012222820777,0.23442554225931017,0.3915756800227675,-0.008821438520251856,0.015870636148940482,0.10819165378670781,0.020108731435794835,0,NFLX
2023-04-10,33.89899826049805,33.987998962402344,33.33599853515625,33.527000427246094,26579000,33.82819938659668,33.21233978271484,33.45340392300286,32.83176426785998,69.69519257651807,0.6216396551428787,0.31186836483602387,0.3097712903068548,-0.001001986210295458,0.014451242732648847,-0.4296963845081,0.02067479985678622,0,NFLX
2023-04-11,33.82099914550781,34.7140007019043,33.763999938964844,34.345001220703125,40448000,33.933699417114255,33.16721977233887,33.509957034157466,32.905040925463524,68.83131242561885,0.6049161086939421,0.3704779136076075,0.23443819508633457,-0.0023009268412844675,0.014454556669845978,0.5218029271229165,0.019711612177822246,0,NFLX
2023-04-12,33.10300064086914,34.279998779296875,33.00400161743164,34.08100128173828,39654000,34.008799362182614,33.12305976867676,33.44734835826696,32.919704608086164,72.81554945582998,0.5276437501807933,0.4019110809222447,0.12573266925854865,-0.021229370000266146,0.01570643239168214,-0.019630142405063333,-0.0006055940467972754,0,NFLX
2023-04-13,34.61899948120117,34.643001556396484,33.875,33.999000549316406,74064000,34.150399398803714,33.1077197265625,33.62760237717991,33.04557830239098,68.42707641376907,0.5820240747889329,0.4379336796955824,0.14409039509335053,0.04579641757491837,0.01970266282214818,0.8677560901800574,0.04564735255464192,0,NFLX
2023-04-14,33.862998962402344,34.48500061035156,33.64099884033203,34.29399871826172,53505000,34.15239944458008,33.06099967956543,33.6638172364449,33.10612798091034,57.35631434223009,0.5576892555345623,0.46188479486337836,0.09580446067118392,-0.021837734484769,0.02051652192072646,-0.2775842514581983,0.024258167950457432,0,NFLX
2023-04-17,33.27199935913086,33.8390007019043,32.75,33.79999923706055,61360000,34.02479934692383,32.99265968322754,33.60353756301197,33.11841474966741,53.38326418614189,0.4851228133445602,0.4665323985596147,0.018590414784945497,-0.017452665782131782,0.019808109539335837,0.146808709466405,0.00846672194922582,0,NFLX
2023-04-18,33.369998931884766,33.71900177001953,33.04999923706055,33.5,179445000,33.87899932861328,32.928259658813474,33.567608542838556,33.13705061501685,57.10694262610294,0.43055792782170954,0.4593375044120337,-0.028779576590324152,0.0029454067877352497,0.019535191333140266,1.924462190352021,0.013415202553927141,0,NFLX
2023-04-19,32.3120002746582,32.57500076293945,31.61000061035156,32.42100143432617,221283000,33.64269943237305,32.85153968811035,33.37443804004158,33.07593577499028,43.95440789589479,0.2985022650513045,0.4271704565398879,-0.12866819148858338,-0.03170508513908443,0.02140108448800311,0.23315221934297425,-0.016423565488086322,0,NFLX
2023-04-20,32.53499984741211,33.143001556396484,31.83300018310547,32.03900146484375,99478000,33.472699356079104,32.77633972167969,33.24529370271397,33.035866447021526,40.592639254092354,0.20942725569244658,0.3836218163703996,-0.17419456067795303,0.006901447476428846,0.021699685692068392,-0.5504489725826205,-0.007363234464766943,1,NFLX
2023-04-21,32.79800033569336,32.82899856567383,31.950000762939453,32.29999923706055,63480000,33.35919952392578,32.698639755249026,33.17647933855695,33.01824673507129,36.559128443485,0.15823260348566492,0.3385439737934527,-0.18031137030778777,0.008083617320261638,0.022013913638085116,-0.3618689559500593,0.003038676262622886,1,NFLX
2023-04-24,32.902000427246094,33.465999603271484,32.67499923706055,33.02000045776367,55866000,33.25949974060059,32.63167976379395,33.134251813739894,33.00963589745461,34.79633755094346,0.12461591628528623,0.2957583622918194,-0.17114244600653317,0.0031709278153628784,0.022099174181992212,-0.11994328922495279,0.008283994737901201,0,NFLX
2023-04-25,32.255001068115234,32.86600112915039,32.11000061035156,32.849998474121094,54266000,33.10289993286133,32.58205978393555,32.99898246825918,32.953737021207246,32.278852997735086,0.045245447051932786,0.2456557792438421,-0.20041033219190932,-0.0196644383541823,0.022731926924644454,-0.0286399599040561,-0.01003799999107391,0,NFLX
2023-04-26,32.1150016784668,32.59000015258789,32.047000885009766,32.13600158691406,46232000,33.0041000366211,32.507219848632815,32.86298542367574,32.89160847730055,33.76225329067509,-0.028623053624812655,0.19080001267011118,-0.21942306629492384,-0.004340393272745269,0.02196528985544689,-0.1480485018243467,-0.012065571032907396,0,NFLX
2023-04-27,32.584999084472656,32.744998931884766,31.74399948120117,32.43000030517578,56188000,32.80069999694824,32.4389998626709,32.82021829456757,32.86889667042441,39.934279564795816,-0.04867837585684498,0.14290433496471996,-0.19158271082156494,0.014634824270334468,0.015588042494782345,0.21534867624156417,0.004500731293191507,0,NFLX
2023-04-28,32.99300003051758,33.08100128173828,32.400001525878906,32.52399826049805,42284000,32.71370010375976,32.376019897460935,32.846800100098335,32.87808951191279,43.592650305715686,-0.03128941181445555,0.10806558560888486,-0.1393549974233404,0.01252112804997263,0.01547748128928072,-0.24745497259201255,0.019056701071061166,0,NFLX
2023-05-01,32.4119987487793,33.12300109863281,31.80900001525879,32.944000244140625,53415000,32.62770004272461,32.322839889526364,32.779907584510795,32.8435642701992,40.69720408117006,-0.06365668568840732,0.07372113134942643,-0.13737781703783375,-0.01760983484984302,0.01549443357927329,0.26324378015324945,0.002758385697471555,1,NFLX
2023-05-02,31.7549991607666,32.60699844360352,31.562000274658203,32.5,43186000,32.466200065612796,32.262019844055175,32.622229365473224,32.76292981764864,41.0276735841952,-0.14070045217541605,0.030836814644457936,-0.17153726681987397,-0.020270258341825942,0.016304874636392644,-0.19150051483665642,-0.015715714197045205,1,NFLX
2023-05-03,31.93000030517578,32.46200180053711,31.584999084472656,31.7549991607666,50641000,32.42800006866455,32.225619850158694,32.515732586965925,32.70123133524324,28.212605629014206,-0.18549874827731827,-0.012430297939897306,-0.17306845033742096,0.005510979342912226,0.013493369863564643,0.17262538785717596,-0.009173432391912706,1,NFLX
2023-05-04,32.077999114990234,32.36100006103516,31.795000076293945,31.900999069213867,38797000,32.382299995422365,32.19741985321045,32.44838897589274,32.655065985594874,33.95648787017265,-0.20667700970213332,-0.05127964029234451,-0.15539736940978882,0.004635102048228479,0.013362325858632718,-0.23388163740842405,-0.0037090157771851873,1,NFLX
2023-05-05,32.2760009765625,32.415000915527344,31.944000244140625,32.36100006103516,39906000,32.33010005950928,32.195639839172365,32.42186774522655,32.62698709603692,40.36751706653366,-0.2051193508103708,-0.08204758239594978,-0.12307176841442102,0.0061725128447844835,0.013225653576163432,0.02858468438281303,0.002496025480206887,1,NFLX
2023-05-08,33.12099838256836,33.25600051879883,32.202999114990234,32.29899978637695,54886000,32.351999855041505,32.22375980377197,32.5294263048176,32.66358052466888,47.89588712562979,-0.13415421985128262,-0.09246890988701635,-0.04168530996426627,0.026180362512055355,0.015870323913837733,0.3753821480479127,0.027844006542382616,1,NFLX
2023-05-09,33.2140007019043,33.63199996948242,32.9739990234375,33.06700134277344,55449000,32.44789981842041,32.24197978973389,32.63474544283093,32.70435238964928,59.1074362721346,-0.06960694681834667,-0.08789651727328242,0.018289570454935747,0.002807956398587441,0.014152252393458227,0.010257624895237294,0.030147680710348457,1,NFLX
2023-05-10,33.54199981689453,33.71099853515625,32.95100021362305,33.520999908447266,42899000,32.590599632263185,32.268559761047364,32.77432303884072,32.766400347223005,59.95649720667863,0.007922691617714861,-0.06873267549508297,0.07665536711279783,0.009875326912106352,0.014043848746654305,-0.22633410882071814,0.039463802080946575,1,NFLX
2023-05-11,34.47600173950195,34.547000885009766,33.18399810791016,33.49800109863281,80335000,32.779699897766115,32.331119804382325,33.036119762019375,32.893037487391815,64.64735698383215,0.1430822746275595,-0.026369685470554474,0.16945196009811397,0.027845743477017848,0.015639534047537037,0.8726543742278374,0.06634109638320962,1,NFLX
2023-05-12,33.98899841308594,34.81700134277344,33.73600006103516,34.47600173950195,60824000,32.87929973602295,32.387139778137204,33.18271647756808,32.97421977818397,58.893775948633014,0.20849669938410642,0.020603591500377702,0.1878931078837287,-0.0141258644229042,0.01660137739966422,-0.24287047986556298,0.04945971289598283,1,NFLX
2023-05-15,33.5890007019043,34.189998626708984,33.55400085449219,34.0620002746582,36530000,32.99699993133545,32.42855979919434,33.245221742850575,33.01975910586696,61.3744809600231,0.22546263698361457,0.061575400597025085,0.16388723638658947,-0.011768446552036016,0.01587866182908359,-0.3994147047218203,0.035784534061817475,1,NFLX
2023-05-16,33.375,33.516998291015625,33.191001892089844,33.400001525878906,33322000,33.15900001525879,32.47199981689453,33.26518762856587,33.046073246173115,60.60961241465439,0.21911438239275327,0.09308319695617073,0.12603118543658254,-0.006371154170483062,0.014051900421163435,-0.08781823159047364,0.02780857933596237,1,NFLX
2023-05-17,33.99599838256836,34.13800048828125,32.96200180053711,33.17599868774414,39588000,33.36559982299805,32.53497978210449,33.37762005225856,33.11643807109128,61.58645304210761,0.261181981167276,0.12670295379839178,0.1344790273688842,0.018606693110662542,0.014692542439809766,0.18804393493787885,0.04490608601107793,1,NFLX
2023-05-18,37.12900161743164,37.58700180053711,34.637001037597656,34.724998474121094,209252000,33.87070007324219,32.653979797363284,33.9547556776698,33.413665000449825,73.46266390656032,0.5410906772199766,0.20958049848270877,0.33151017873726785,0.09215800046836531,0.03078710556451065,4.28574315449126,0.13704368802328037,0,NFLX
2023-05-19,36.5359992980957,36.999000549316406,36.38100051879883,36.98600006103516,78597000,34.296699905395506,32.7891397857666,34.35187008081225,33.64494902249767,73.36277410278409,0.7069210583145775,0.3090486104490825,0.397872447865495,-0.015971404926157007,0.03226452753576199,-0.6243906868273661,0.11427135743144978,1,NFLX
2023-05-22,36.30099868774414,37.20100021362305,36.25,36.5359992980957,54064000,34.61469993591309,32.92963977813721,34.65173602034023,33.841693442145555,77.04661310935401,0.8100425781946754,0.4092474039982011,0.4007951741964743,-0.006432029090930325,0.032423495186635946,-0.31213659554435924,0.10238067990787014,1,NFLX
2023-05-23,35.5989990234375,36.41699981689453,35.430999755859375,36.02399826049805,68661000,34.8531997680664,33.05459976196289,34.7974687900475,33.971864225944955,70.54078873744773,0.825604564102548,0.4925188360190705,0.33308572808347753,-0.019338301690957294,0.033675844665025725,0.2699948209529446,0.07697564876893592,1,NFLX
2023-05-24,36.48500061035156,36.71500015258789,35.66299819946289,35.69300079345703,79733000,35.14749984741211,33.1944197845459,35.05708907009428,34.15802247664174,72.78931049488435,0.8990665934525381,0.573828387505764,0.3252382059467741,0.02488838482033562,0.03412770600667528,0.1612560259827267,0.09913054203579219,1,NFLX
2023-05-25,35.900001525878906,36.744998931884766,35.742000579833984,35.96099853515625,62631000,35.289899826049805,33.304839820861815,35.18676790944576,34.287057961770415,68.01908257660305,0.8997099476753476,0.6390046995396808,0.26070524813566687,-0.01603396120834044,0.034248821017628044,-0.21449086325611733,0.07792145883228385,1,NFLX
2023-05-26,37.88800048828125,38.3759994506836,35.599998474121094,36.11000061035156,93604000,35.679800033569336,33.442479820251464,35.60234215234353,34.55379444521566,71.2831426894565,1.0485477071278737,0.7209133010573193,0.3276344060705544,0.05537601331212394,0.03697855926396605,0.49453146205553167,0.1329303536078612,1,NFLX
2023-05-30,39.29800033569336,40.51100158691406,38.57899856567383,39.74800109863281,108650000,36.25069999694824,33.62143981933594,36.17090494978196,34.905217103769566,74.30487571456959,1.2656878460123977,0.829868210048335,0.4358196359640627,0.037214944817376194,0.03679599966518117,0.1607409939746165,0.16883751995334806,1,NFLX
2023-05-31,39.52299880981445,39.6259994506836,38.89099884033203,39.18899917602539,69880000,36.865499877929686,33.8016397857666,36.68661169747927,35.24727500792104,74.09166270999188,1.4393366895582318,0.9517619059503144,0.4875747836079174,0.005725443335515834,0.036157161777456155,-0.35683387022549473,0.16926276536610607,1,NFLX
2023-06-01,40.3129997253418,40.75199890136719,39.30799865722656,39.74100112915039,71601000,37.49720001220703,33.99631977081299,37.244517547919656,35.622513875878134,73.78757719403305,1.6220036720415223,1.0858102591685561,0.5361934128729662,0.019988384973742557,0.0361639931808622,0.024627933600458007,0.18580481643639257,1,NFLX
2023-06-02,40.047000885009766,40.65800094604492,39.59000015258789,40.28900146484375,59024000,37.78899993896484,34.20945980072022,37.6756688305489,35.95025365433233,75.14111181577748,1.725415176216572,1.2137312425781595,0.5116839336384125,-0.006598339050537527,0.025501655653407954,-0.17565397131324978,0.17064113605695264,1,NFLX
2023-06-05,40.354000091552734,41.38600158691406,40.01499938964844,40.047000885009766,72474000,38.170800018310544,34.37579982757568,38.08771979378026,36.276457094126435,78.29359411754945,1.811262699653824,1.3332375339932923,0.47802516566053166,0.0076659724763030734,0.024102105112631764,0.22787340742748707,0.173907233983293,1,NFLX
2023-06-06,39.92900085449219,40.512001037597656,39.69300079345703,40.5,49915000,38.53360023498535,34.51759983062744,38.370993803120555,36.54701589119057,76.93572520634984,1.8239779119299868,1.4313856095806312,0.3925923023493556,-0.010531774696345697,0.024449673603596095,-0.3112702486408919,0.15677222780313982,1,NFLX
2023-06-07,39.97700119018555,41.89500045776367,39.92300033569336,41.042999267578125,119324000,38.97140045166016,34.66181987762451,38.61807186266902,36.80108887630131,75.79574575622006,1.8169829863677123,1.5085050849380475,0.3084779014296648,0.001202142169003384,0.022512477462461152,1.3905439246719422,0.15334397707121505,1,NFLX
2023-06-08,40.9370002746582,40.95399856567383,39.63399887084961,39.97700119018555,59911000,39.41660041809082,34.83351985931397,38.974830079898126,37.107452683587,70.21231102666401,1.8673773963111273,1.5802795472126636,0.2870978490984637,0.02401378432328083,0.022458000137036783,-0.49791324461131037,0.17521859519207483,1,NFLX
2023-06-09,42.00199890136719,42.59000015258789,41.47600173950195,42.45000076293945,123630000,40.02680015563965,35.009499855041504,39.44054836012413,37.47001166268183,77.62839999737768,1.9705366974423058,1.6583309772585921,0.3122057201837136,0.02601555120217891,0.020519914797681577,1.0635609487406321,0.1997314750361603,1,NFLX
2023-06-12,42.39699935913086,42.470001220703125,41.65700149536133,41.882999420166016,59595000,40.47770004272461,35.18057987213135,39.89538697535594,37.834973714270646,80.32234437794821,2.0604132610852943,1.7387474340239326,0.3216658270613617,0.00940432522488388,0.015172922308835265,-0.5179568066003397,0.20512508643201954,1,NFLX
2023-06-13,43.573001861572266,43.72700119018555,42.84000015258789,43.0009994506836,78205000,40.9052001953125,35.361079902648925,40.46117388092768,38.26001283629299,87.8776600236217,2.201161044634695,1.8312301561460853,0.36993088848860967,0.02773787108091974,0.013596084693502132,0.3122745196744694,0.23223051958625796,0,NFLX
2023-06-14,44.08599853515625,44.733001708984375,43.34999847412109,43.499000549316406,84131000,41.36150016784668,35.546239891052245,41.01883921234746,38.69156733250508,87.43230438249049,2.327271879842378,1.930438500885344,0.3968333789570342,0.011773269035117995,0.013496108259699319,0.07577520618886258,0.24024365643955625,0,NFLX
2023-06-15,44.527000427246094,44.8650016784668,43.95000076293945,44.40999984741211,70999000,41.78290023803711,35.743279914855954,41.55855632233187,39.12382163581923,93.09622920666911,2.434734686512634,2.031297738010802,0.40343694850183187,0.010003218861838192,0.013127058482411984,-0.1560899074063068,0.24574466958023544,0,NFLX
2023-06-16,43.19599914550781,44.7509994506836,43.09000015258789,44.6150016784668,87537000,42.09780006408691,35.922499885559084,41.81047060282047,39.42546441431469,78.37895715806606,2.385006188505784,2.1020394281097987,0.28296676039598534,-0.02989200415404225,0.017687662427511144,0.23293285820927045,0.20247753589311546,0,NFLX
2023-06-20,43.470001220703125,44.0,43.0,43.01800155639648,47560000,42.409400177001956,36.11323993682861,42.06578300557165,39.72505973330642,75.38949054566982,2.3407232722652296,2.149776196940885,0.19094707532434452,0.006343228090923914,0.017693216287697978,-0.4566868866879148,0.2037136877428718,0,NFLX
2023-06-21,42.44499969482422,43.45500183105469,42.25400161743164,43.26499938964844,51464000,42.66100006103515,36.28415996551514,42.12412403468743,39.92653676749293,66.20452542446745,2.197587267194507,2.1593384109916096,0.03824885620289731,-0.023579514540955082,0.019561888396965012,0.08208578637510522,0.16979419490941527,1,NFLX
2023-06-22,42.24800109863281,42.47100067138672,41.86800003051758,42.292999267578125,48695000,42.88810005187988,36.452700004577636,42.14318204452518,40.098497088318105,61.48641396279685,2.044684956207078,2.1364077200347036,-0.09172276382762545,-0.004641267466316656,0.01981677598840231,-0.053804601274677455,0.15898139488508178,1,NFLX
2023-06-23,42.402000427246094,42.58200073242188,41.77299880981445,41.85900115966797,82986000,43.03460006713867,36.63868000030518,42.18300025725148,40.26912696527573,64.16796600141646,1.9138732919757473,2.0919008344229124,-0.17802754244716512,0.003645126978996105,0.01874509739381967,0.7041996098162029,0.15730153015591464,1,NFLX
2023-06-26,41.59400177001953,43.09600067138672,41.4900016784668,42.24399948120117,46400000,42.99380035400391,36.778180046081545,42.09238510536964,40.3672658397012,57.03586949510674,1.7251192656684395,2.018544520672018,-0.2934252550035783,-0.01905567305988165,0.018188485128874332,-0.44086954426047764,0.13094236087549627,1,NFLX
2023-06-27,41.70800018310547,42.0880012512207,41.150001525878906,41.73899841308594,48181000,42.924900436401366,36.93508007049561,42.03324896348284,40.46657949476818,60.463471612565655,1.5666694687146574,1.9281695102805458,-0.36150004156588844,0.0027407416510740745,0.017891676483010877,0.03838362068965506,0.12922457738009752,1,NFLX
2023-06-28,42.98400115966797,43.729000091552734,42.28900146484375,42.310001373291016,88113000,42.86600036621094,37.12932010650635,42.17951853212671,40.65305517364965,65.45379762147022,1.5264633584770593,1.8478282799198487,-0.3213649214427894,0.030593674378072144,0.018424926412670524,0.8287914323073411,0.15768349747227606,1,NFLX
2023-06-29,42.82400131225586,43.78499984741211,42.6150016784668,43.43299865722656,49323000,42.7398006439209,37.31840015411377,42.27866972906965,40.813865998731586,60.5666975977962,1.4648037303380619,1.7712233700034914,-0.3064196396654295,-0.0037223116298032988,0.01785475910650732,-0.44023015900037454,0.14753047117254803,1,NFLX
2023-06-30,44.04899978637695,44.4119987487793,43.11000061035156,43.11000061035156,73464000,42.69200057983399,37.55314014434814,42.551028199424614,41.05350553855717,61.26086878055189,1.4975226608674461,1.7164832281762825,-0.2189605673088364,0.02860541837715913,0.020152987938817417,0.4894471139225107,0.17297780204424407,1,NFLX
2023-07-03,44.14400100708008,44.15499877929688,43.1619987487793,43.97600173950195,37332000,42.78680076599121,37.78532016754151,42.79610093906392,41.282431128818125,59.93856728171723,1.5136698102457942,1.675920544590185,-0.16225073434439086,0.0021567168644884838,0.017388187635327512,-0.49183273440052266,0.1682844239864567,0,NFLX
2023-07-05,44.59000015258789,45.09700012207031,43.96200180053711,44.49100112915039,68695000,42.898800659179685,38.021160163879394,43.07208543345222,41.527436241689955,56.309706724074104,1.544649191762268,1.6496662740246018,-0.10501708226233375,0.0101032787090658,0.017525240567184117,0.8401103610843244,0.1727680049844713,0,NFLX
2023-07-06,43.88399887084961,44.27999877929688,43.071998596191406,44.0,49388000,43.042700576782224,38.24080013275147,43.196995193051826,41.70199643644252,48.7760567267301,1.4949987566093057,1.6187327705415426,-0.12373401393223693,-0.015833175136181432,0.016368363536030273,-0.28105393405633594,0.1475701010048951,1,NFLX
2023-07-07,43.810001373291016,44.233001708984375,43.58399963378906,43.86000061035156,41651000,43.198900604248045,38.47190013885498,43.29130383616555,41.858144950283155,45.45339754862712,1.433158885882392,1.5816179936097126,-0.14845910772732052,-0.0016862068057281743,0.01623197807574153,-0.1566574876488216,0.1387532514684604,1,NFLX
2023-07-10,44.17100143432617,44.44100189208984,43.68199920654297,43.85200119018555,42517000,43.375800704956056,38.713020133972165,43.42664192819026,42.02946765280486,57.049911045525384,1.397174275385396,1.5447292499648495,-0.14755497457945355,0.00824012895957682,0.01629345175262313,0.020791817723464057,0.14098567565810805,1,NFLX
2023-07-11,44.02099990844727,44.08000183105469,43.104000091552734,43.8650016784668,45692000,43.618500518798825,38.94174015045166,43.51808161746057,42.17698856063023,54.05683233355003,1.3410930568303385,1.5040020113379473,-0.16290895450760878,-0.0033959276676559513,0.014457568426942815,0.07467601194816198,0.1304322749412805,1,NFLX
2023-07-12,44.40499877929688,44.54100036621094,43.775001525878906,44.45500183105469,57317000,43.88820037841797,39.169980125427244,43.654530411589235,42.34202635460554,65.93496772080613,1.3125040569836983,1.4657024204670976,-0.15319836348339932,0.008723083792922193,0.014441585691420261,0.2544209051912807,0.13364874419405992,1,NFLX
2023-07-13,45.03799819946289,45.16699981689453,44.11800003051758,44.70000076293945,61575000,44.09360008239746,39.422500114440915,43.86737160972364,42.54172797274312,71.1812886226824,1.325643636980523,1.4376906637697826,-0.11204702678925971,0.01425513878093243,0.012138119583178193,0.07428860547481553,0.14244398677710834,0,NFLX
2023-07-14,44.19100189208984,45.64799880981445,43.970001220703125,45.27899932861328,71959000,44.23030014038086,39.67122016906738,43.917160883933825,42.663896411213244,62.28880000670805,1.2532644727205806,1.4008054255599423,-0.14754095283936164,-0.01880626007447983,0.014087850659851964,0.16863987007714165,0.11393099843565291,0,NFLX
2023-07-17,45.005001068115234,45.667999267578125,44.51100158691406,44.55699920654297,68917000,44.32590026855469,39.93272018432617,44.084520912269426,42.83731157098376,73.41113892791445,1.247209341285668,1.3700862087050873,-0.12287686741941939,0.018420020845264062,0.012305306745437589,-0.04227407273586348,0.1270206702768013,0,NFLX
2023-07-18,47.47999954223633,47.81499862670898,44.87799835205078,45.09999847412109,130418000,44.65950012207031,40.24076019287109,44.60690223995664,43.18121438366913,79.91915809255494,1.4256878562875102,1.381206538221572,0.04448131806593825,0.054993854357989536,0.020733573789347173,0.8923922979816301,0.17989817574688138,0,NFLX
2023-07-19,47.75899887084961,48.5,47.0,47.68600082397461,209965000,44.976399993896486,40.550420150756835,45.091840183170945,43.520309530867685,77.60436399369993,1.5715306523032595,1.4192713610379095,0.15225929126534998,0.005876144298718744,0.02071771786322438,0.6099388121271603,0.17776828682151735,0,NFLX
2023-07-20,43.742000579833984,44.84999847412109,43.20000076293945,44.70000076293945,239897000,44.96220016479492,40.76284019470215,44.884172551888334,43.536731090050374,53.670238563676456,1.3474414618379598,1.4049053811979197,-0.05746391935995998,-0.08410976749907251,0.03525655977519271,0.14255709284880824,0.07308520139671293,0,NFLX
2023-07-21,42.75,43.82400131225586,42.31900024414063,43.73699951171875,173400000,44.85620002746582,40.95356018066406,44.555838313136285,43.478454713009604,44.70789244740373,1.07738360012668,1.3394010249836719,-0.26201742485699175,-0.022678445582832274,0.03600179816142399,-0.2771897939532383,0.04386529062213529,0,NFLX
2023-07-24,42.83700180053711,42.86399841308594,41.91899871826172,42.5,82644000,44.72280006408691,41.139460220336915,44.291401926582566,43.43093968245609,44.67183006686377,0.8604622441264738,1.2436132688122323,-0.38315102468575857,0.0020351298371252824,0.03586180398999566,-0.5233910034602076,0.041263098035521306,1,NFLX
2023-07-25,42.77000045776367,43.0880012512207,42.61299896240234,42.71799850463867,48598000,44.597700119018555,41.30534019470215,44.05734016214889,43.38198122136777,42.343931431696475,0.6753589407811234,1.1299624032060107,-0.45460346242488736,-0.0015640997258729028,0.03586121995584165,-0.41195973089395477,0.03545934390462624,1,NFLX
2023-07-26,42.266998291015625,42.5260009765625,41.55899810791016,42.41999816894531,60092000,44.38390007019043,41.47090019226074,43.78190295120531,43.299389893193535,43.07968289968057,0.4825130580117758,1.0004725341671636,-0.5179594761553878,-0.011760630380277193,0.03574737592721748,0.23651179060866712,0.019196547339559444,1,NFLX
2023-07-27,41.31700134277344,42.75199890136719,41.1879997253418,42.68999862670898,65945000,44.011800384521486,41.62546020507813,43.40268731913887,43.15254629686612,40.07484209199443,0.25014102227275004,0.850406231788281,-0.600265209515531,-0.022476092144071647,0.03551141136621849,0.09740065233308925,-0.007410341189862946,1,NFLX
2023-07-28,42.57799911499024,42.74700164794922,41.3759994506836,41.555999755859375,64242000,43.85050010681152,41.80952018737793,43.27581221080831,43.109987246356795,44.08201476449427,0.16582496445151662,0.7134899783209281,-0.5476650138694115,0.030520069976892383,0.03722894169146182,-0.025824550761998633,0.018380477081971325,1,NFLX
2023-07-31,43.89699935913086,43.91299819946289,42.630001068115234,42.6510009765625,65876000,43.73969993591309,42.00754020690918,43.37137946439639,43.168284439895615,49.57615317213608,0.20309502450077588,0.6114109875568976,-0.4083159630561217,0.030978445947598354,0.03823285558934199,0.025435073627844806,0.04497904764037841,1,NFLX
2023-08-01,43.86199951171875,44.525001525878906,43.13999938964844,43.73699951171875,57115000,43.377899932861325,42.14220016479492,43.44685947167675,43.21967074151215,48.09860780433172,0.22718873016460606,0.5345665360784393,-0.30737780591383324,-0.0007973175370318275,0.032690281560451576,-0.13299228854210943,0.040809434253518795,0,NFLX
2023-08-02,42.970001220703125,43.555999755859375,42.65599822998047,43.52299880981445,49122000,42.89900016784668,42.27088020324707,43.37349666383465,43.2011767029337,42.88761067496675,0.1723199609009498,0.46211722104294145,-0.28979726014199164,-0.02033647122670057,0.03255832306223056,-0.13994572354022583,0.016539069309523313,0,NFLX
2023-08-03,43.09999847412109,44.19300079345703,42.71900177001953,42.77999877929688,62439000,42.83479995727539,42.40686019897461,43.331420019263334,43.193682019317954,46.053092802000506,0.13773799994537939,0.397241376823429,-0.25950337687804964,0.0030253025302529046,0.019612482542837952,0.2711005252229144,0.016344956261657773,0,NFLX
2023-08-04,43.15999984741211,43.650001525878906,42.62699890136719,43.305999755859375,54418000,42.8757999420166,42.558080215454105,43.30504768513238,43.19118704362123,42.94022304910852,0.1138606415111525,0.34056522976097375,-0.22670458824982126,0.0013921432810966028,0.018118057604600727,-0.12846137830522586,0.014143486475675981,0,NFLX
2023-08-07,44.07600021362305,44.11100006103516,42.89099884033203,43.64599990844727,47813000,42.9996997833252,42.70990020751953,43.423655766438635,43.25672875991766,35.210285764292195,0.1669270065209787,0.30583758511297476,-0.13891057859199607,0.02122336351828924,0.019211019164374874,-0.12137528023815647,0.03198555837091366,0,NFLX
2023-08-08,43.83000183105469,44.35699844360352,43.5099983215332,44.0359992980957,37672000,43.105699920654295,42.868500213623044,43.486170545610335,43.29919343185373,32.88017922270562,0.18697711375660475,0.2820654908417008,-0.09508837708509604,-0.005581231994193692,0.01935896745956982,-0.2120971283960429,0.022429093918384657,0,NFLX
2023-08-09,42.88999938964844,44.0620002746582,42.75899887084961,43.9739990234375,38466000,43.168000030517575,42.96854019165039,43.39445190623158,43.26888276206074,44.92735585298105,0.1255691441708393,0.25076622150752853,-0.12519707733668922,-0.021446552638294314,0.020374050081889052,0.02107666171161604,-0.0018278675899074948,0,NFLX
2023-08-10,42.99800109863281,43.8120002746582,42.86899948120117,43.11199951171875,54676000,43.336100006103514,43.04254020690918,43.33345947429331,43.248817453658674,51.65026018530271,0.08464202063463944,0.21754138133295073,-0.1328993606983113,0.002518109361653309,0.018535621066350916,0.42141111631050787,-0.0010347695108667843,0,NFLX
2023-08-11,42.16600036621094,43.0629997253418,42.132999420166016,42.89799880981445,39279000,43.29490013122559,43.09540023803711,43.15385038074218,43.1686087805144,45.93775562378091,-0.014758399772219377,0.17108142511191674,-0.1858398248841361,-0.01934975373653658,0.017321277404006196,-0.2816043602311801,-0.02156610373015766,0,NFLX
2023-08-14,42.77799987792969,42.8849983215332,41.87799835205078,42.19900131225586,39660000,43.18300018310547,43.14470024108887,43.096027226463335,43.13967478773034,50.04543061594556,-0.04364756126700797,0.1281356278361318,-0.17178318910313978,0.01451405175742404,0.014516470996600288,0.009699839608951377,-0.008499314194097773,0,NFLX
2023-08-15,42.369998931884766,42.9119987487793,42.104000091552734,42.44100189208984,33680000,43.03380012512207,43.19116020202637,42.98433056575894,43.08266176137141,50.59134625282139,-0.09833119561247372,0.08284226314641072,-0.18117345875888444,-0.009537634934059236,0.014665999218179852,-0.15078164397377714,-0.019012253116161393,0,NFLX
2023-08-16,41.54499816894531,42.45100021362305,41.525001525878906,42.37300109863281,39670000,42.89129981994629,43.21498016357422,42.76289481240299,42.968760754525036,51.32803375989448,-0.20586594212204545,0.025100622092719488,-0.23096656421476494,-0.019471342547488613,0.014556861865283165,0.17785035629453683,-0.0386435904472896,1,NFLX
2023-08-17,40.29999923706055,41.52399826049805,40.15800094604492,41.5,60315000,42.61129989624023,43.222400131225584,42.383987800811845,42.771074716194335,36.706351149796255,-0.38708691538248985,-0.05733688540232239,-0.32975002998016745,-0.029967480725884288,0.016570733688061192,0.520418452230905,-0.06761310999140413,1,NFLX
2023-08-18,40.45299911499024,40.652000427246094,39.81499862670898,39.93299865722656,43122000,42.340599822998044,43.23192008972168,42.08691261837775,42.59936541240144,26.736016986276027,-0.5124527940236874,-0.14836006712659539,-0.364092726897092,0.00379652309742462,0.01671591706267457,-0.2850534692862472,-0.06427937896267821,1,NFLX
2023-08-21,40.82899856567383,40.96099853515625,39.95000076293945,40.22299957275391,38616000,42.015899658203125,43.229760055541995,41.893387379500226,42.468227127458654,30.414561965059278,-0.5748397479584284,-0.233656003292962,-0.3411837446654664,0.009294723726534615,0.014853010190385593,-0.10449422568526501,-0.05553492517154035,1,NFLX
2023-08-22,41.31700134277344,41.57400131225586,40.7400016784668,40.900001525878906,35997000,41.764599609375,43.216060104370115,41.80471260461918,42.3829511434079,38.738255480082906,-0.5782385387887174,-0.3025725103921131,-0.27566602839660437,0.011952357252031254,0.016091010849860466,-0.06782162834058425,-0.04394335709942798,1,NFLX
2023-08-23,42.755001068115234,43.70199966430664,41.77099990844727,41.84000015258789,81747000,41.75109977722168,43.223220138549806,41.950910829772425,42.41051039708993,48.005105081656204,-0.45959956731750395,-0.33397792177719127,-0.1256216455403127,0.034804068025457324,0.019477449568593458,1.270939244937078,-0.010832581860715562,1,NFLX
2023-08-24,40.69300079345703,42.75899887084961,40.617000579833984,42.54100036621094,56878000,41.5205997467041,43.1656201171875,41.757386208800824,42.28328746348749,38.41676359529197,-0.5259012546866657,-0.37236258835908614,-0.15353866632757956,-0.048228282613608675,0.024634588182280925,-0.30421911507455934,-0.05728214530493758,1,NFLX
2023-08-25,41.60300064086914,41.92499923706055,40.75600051879883,41.20000076293945,53909000,41.46429977416992,43.11596015930176,41.73363458296518,42.23289584699724,38.38204301075269,-0.4992612640320573,-0.3977423234936804,-0.1015189405383769,0.02236256431495276,0.025492618255798138,-0.052199444424909425,-0.03509047491561457,1,NFLX
2023-08-28,41.805999755859375,41.983001708984375,41.32699966430664,41.80400085449219,29286000,41.36709976196289,43.06154014587403,41.744767686487364,42.20127391432036,40.45282589731705,-0.4565062278329961,-0.40949510436154357,-0.04701112347145253,0.004879434460571375,0.02501674069929991,-0.45675119182325774,-0.02915688537292027,1,NFLX
2023-08-29,42.999000549316406,43.21699905395508,41.45000076293945,41.59999847412109,44867000,41.429999923706056,43.05760017395019,41.93772658846106,42.26036477617192,50.50217043637195,-0.32263818771085795,-0.39212372103140647,0.06948553332054852,0.02853659284370602,0.026591801068942825,0.5320289558150653,-0.0013609589107856923,1,NFLX
2023-08-30,43.46699905395508,43.81600189208984,42.834999084472656,43.084999084472656,36254000,41.62220001220703,43.05754013061524,42.172999275460135,42.349745093044746,52.09131322120921,-0.17674581758461017,-0.34904814034204723,0.17230232275743707,0.010883939130211129,0.025608736650864734,-0.1919673702275615,0.00950957537513153,1,NFLX
2023-08-31,43.36800003051758,43.71500015258789,43.12300109863281,43.12300109863281,38030000,41.92900009155274,43.0760001373291,42.35684554546898,42.4251713847094,55.7347314733286,-0.06832583924042268,-0.2929036801217223,0.22457784088129962,-0.0022775674785970867,0.022767340865924593,0.048987697909196326,0.006778714185568857,1,NFLX
2023-09-01,43.98799896240234,44.54999923706055,43.59299850463867,43.77299880981445,47934000,42.28250007629394,43.11080009460449,42.60779222499718,42.54093639046443,55.76849353632799,0.06685583453275257,-0.22095177719082734,0.28780761172357994,0.014296230664279541,0.02281448329721473,0.26042597948987645,0.020347543211280517,1,NFLX
2023-09-05,44.86800003051758,45.345001220703125,43.79999923706055,43.8390007019043,61559000,42.68640022277832,43.16012008666992,42.95551650276955,42.71331147491281,61.3959913654181,0.24220502785674114,-0.12832041618131365,0.37052544403805476,0.02000548078732578,0.023097754529593374,0.28424500354654314,0.03957078757932231,0,NFLX
2023-09-06,44.57600021362305,45.13899993896485,44.04899978637695,44.86100006103516,38623000,43.01230010986328,43.21976005554199,43.2048216890547,42.85128841852097,64.53439429276993,0.35353327053372396,-0.03194967883830613,0.3854829493720301,-0.006507974875098577,0.023631185725130448,-0.37258564953946616,0.03138009457567881,0,NFLX
2023-09-07,44.31399917602539,44.459999084472656,43.66999816894531,44.1150016784668,29227000,43.168199920654295,43.27188003540039,43.37546437935788,42.9596373635213,71.25158743751231,0.41582701583657666,0.05760566009667044,0.3582213557399062,-0.0058776255460799565,0.02192003884849226,-0.24327473267224198,0.02408305670501143,0,NFLX
2023-09-08,44.27999877929688,44.680999755859375,43.8849983215332,44.35599899291992,26975000,43.52689971923828,43.29779998779297,43.51462351781004,43.057441912838016,70.52010375975716,0.4571816049720212,0.1375208490717406,0.31966075590028065,-0.0007672608512143686,0.012527147390938562,-0.0770520409210661,0.02268472744067429,0,NFLX
2023-09-11,44.5359992980957,44.98899841308594,44.275001525878906,44.30699920654297,29138000,43.82019958496094,43.33203994750976,43.6717582532386,43.166964682116365,70.13579573615979,0.5047935711222351,0.2109753934818395,0.29381817764039564,0.005781403022949272,0.011555958705024193,0.0801853568118629,0.02778450661552867,0,NFLX
2023-09-12,43.46900177001953,44.54399871826172,43.4119987487793,44.28499984741211,31240000,43.98649978637695,43.32043998718262,43.640564948127974,43.18933779973882,60.997553040841936,0.451227148389151,0.25902574446330184,0.19220140392584917,-0.023958091092429967,0.015153171168575005,0.07213947422609657,0.0034293692049496283,0,NFLX
2023-09-13,41.2239990234375,43.84000015258789,41.06900024414063,43.54999923706055,118430000,43.808999633789064,43.26203994750976,43.26878557509867,43.043757149642424,42.772155122143424,0.22502842545624446,0.2522262806618904,-0.027197855205645938,-0.051646061679990196,0.020869775016105877,2.7909731113956466,-0.0471092192264867,0,NFLX
2023-09-14,40.04899978637695,41.13899993896485,40.0,41.040000915527344,107090000,43.46719970703125,43.171219940185544,42.77343391529533,42.82192327088202,46.68177502953206,-0.04848935558668899,0.19208315341217452,-0.2405725089988635,-0.028502796062859215,0.02145568953837775,-0.09575276534661825,-0.0723217958198652,0,NFLX
2023-09-15,39.69400024414063,40.470001220703125,39.50299835205078,40.09999847412109,91167000,43.099799728393556,43.087419967651364,42.299674888963835,42.59022526890117,39.56716165872026,-0.29055037993733634,0.09555644674227236,-0.3861068266796087,-0.008864130043943708,0.02136326190830409,-0.14868801942291532,-0.0787566237676427,0,NFLX
2023-09-18,39.43999862670898,39.946998596191406,39.2599983215332,39.54999923706055,47047000,42.64499969482422,43.00001991271973,41.859724694770776,42.356875147257306,37.14129927748806,-0.49715045248652956,-0.022984933103488023,-0.4741655193830415,-0.0063989926908197825,0.019846940661347706,-0.4839470422411618,-0.08279115435845807,0,NFLX
2023-09-19,39.619998931884766,39.823001861572266,39.025001525878906,39.28400039672852,40768000,42.120199584960936,42.908999862670896,41.51515150048062,42.15414357574823,29.363616073820708,-0.638992075267609,-0.14618636153631223,-0.4928057137312968,0.004563902419963295,0.017676854229014053,-0.1334622823984526,-0.076650608061537,0,NFLX
2023-09-20,38.630001068115234,39.79899978637695,38.61199951171875,39.70500183105469,38666000,41.52559967041016,42.80117988586426,41.07128220319364,41.89309598259023,22.22988753453771,-0.8218137793965923,-0.28131184510836826,-0.540501934288224,-0.024987326866705573,0.017976997723717723,-0.05156004709576134,-0.0974547624358042,0,NFLX
2023-09-21,38.415000915527344,39.59000015258789,38.34199905395508,38.650001525878906,55479000,40.93569984436035,42.68137992858887,40.66262354355267,41.635459310955945,21.937684494089055,-0.972835767403275,-0.41961662956734963,-0.5532191378359255,-0.005565626369224974,0.017993051057616668,0.43482646252521606,-0.09995878812258874,0,NFLX
2023-09-22,37.98099899291992,38.6879997253418,37.83599853515625,38.5,36928000,40.305799865722655,42.54023994445801,40.2500659203784,41.36475854665699,15.23325987133633,-1.1146926262785897,-0.5586318289095977,-0.5560607973689919,-0.011297719960016939,0.017429637251215144,-0.33437877395050375,-0.10717478221774934,0,NFLX
2023-09-25,38.47999954223633,38.6619987487793,38.08100128173828,38.290000915527344,37573000,39.700199890136716,42.42601989746094,39.97774801604885,41.151072694477676,11.32236627546557,-1.173324678428827,-0.6815703988134436,-0.4917542796153833,0.013138162832668554,0.01852894335373063,0.017466421143847555,-0.09300944007384415,0,NFLX
2023-09-26,37.92499923706055,38.45600128173828,37.73600006103516,38.28799819946289,40894000,39.14579963684082,42.28441986083985,39.66194051158911,40.912104290224555,10.972901827884286,-1.2501637786354465,-0.7952890747778443,-0.4548747038576022,-0.014423085025419558,0.018222481813582738,0.0883879381470738,-0.10309756260406011,0,NFLX
2023-09-27,37.75899887084961,38.422000885009766,37.625,38.2400016784668,38435000,38.79929962158203,42.08999984741211,39.36918025916765,40.67854092582641,11.097935128889176,-1.3093606666587618,-0.8981033931540279,-0.41125727350473396,-0.004377069731058003,0.012398886686994254,-0.060131070572700174,-0.10289857429944349,0,NFLX
2023-09-28,37.63600158691406,37.89599990844727,37.11000061035156,37.560001373291016,43699000,38.557999801635745,41.8875399017334,39.10253738651325,40.45316764146253,10.981928353228227,-1.3506302549492801,-0.9886087655130784,-0.3620214894362017,-0.0032574296886483944,0.010305817736793645,0.13695850136594245,-0.1014988783011197,0,NFLX
2023-09-29,37.7599983215332,38.257999420166016,37.53499984741211,38.0,42053000,38.364599609375,41.76789985656738,38.89599291497786,40.25367361776406,9.580028125554719,-1.3576807027861975,-1.0624231529677024,-0.29525754981849506,0.0032946309222776637,0.010660755130325657,-0.03766676582988171,-0.09595650125568844,1,NFLX
2023-10-02,38.03300094604492,38.48099899291992,37.68000030517578,37.74800109863281,31021000,38.223899841308594,41.67355987548828,38.763224919757405,40.089179345784856,14.180285137010927,-1.325954426027451,-1.1151294075796523,-0.21082501844779866,0.007229942707810855,0.011304008861388671,-0.26233562409340594,-0.08735896190103687,1,NFLX
2023-10-03,37.67499923706055,39.4900016784668,37.28499984741211,37.71099853515625,88781000,38.02939987182617,41.57031982421875,38.59580558395789,39.910351189583054,18.873884815016368,-1.3145456056251632,-1.1550126471887545,-0.1595329584364087,-0.00941292299001728,0.011047981942226805,1.8619644756777665,-0.09370436897357715,0,NFLX
2023-10-04,37.68999862670898,38.02199935913086,37.358001708984375,37.650001525878906,43037000,37.93539962768555,41.46871978759766,38.45645066745806,39.745880629370156,24.025534359994452,-1.2894299619120986,-1.1818961101334233,-0.10753385177867525,0.00039812581160392213,0.008576398112874643,-0.5152453790788569,-0.09112220440474772,0,NFLX
2023-10-05,37.25899887084961,37.86000061035156,36.7239990234375,37.80099868774414,50348000,37.81979942321777,41.36855979919434,38.27222731413368,39.56166716577604,23.630051250951155,-1.2894398516423635,-1.2034048584352115,-0.08603499320715202,-0.01143538794278276,0.009005199715208228,0.16987708251039813,-0.0993401981672265,0,NFLX
2023-10-06,38.1510009765625,38.25199890136719,36.777000427246094,36.84299850463867,47781000,37.83679962158203,41.305239791870115,38.2535771083535,39.45717337398245,37.735514860620256,-1.2035962656289527,-1.2034431398739598,-0.00015312575499293324,0.02394058167812907,0.011849133426762174,-0.05098514340192262,-0.0763641327638157,0,NFLX
2023-10-09,38.595001220703125,38.71699905395508,37.7760009765625,37.80500030517578,32998000,37.84829978942871,41.225579833984376,38.306103894868826,39.39330877003584,40.71391987547457,-1.0872048751670107,-1.18019548693257,0.09299061176555923,0.011637971030259209,0.011679766532417504,-0.30939076201837545,-0.06380937815488841,0,NFLX
2023-10-10,37.33200073242188,38.869998931884766,37.22499847412109,38.55799865722656,72889000,37.78899993896484,41.0942798614502,38.156241869876986,39.24061928576814,38.794893630473844,-1.0843774158911543,-1.1610318727242868,0.07665445683313243,-0.03272445778816935,0.015166788426418063,1.2088914479665434,-0.09155238008094746,0,NFLX
2023-10-11,36.59299850463867,37.78099822998047,36.53400039672852,37.27799987792969,91514000,37.67239990234375,40.948899841308595,37.91574289060955,39.0444992279067,35.57630806974436,-1.1287563372971476,-1.154576765638859,0.025820428341711388,-0.019795409120449414,0.01624076399163051,0.2555255251135289,-0.1063740748481784,0,NFLX
2023-10-12,36.119998931884766,36.882999420166016,35.904998779296875,36.64799880981445,73761000,37.52079963684082,40.81189979553223,37.63947458926727,38.82786957634952,35.357993092130116,-1.1883949870822477,-1.1613404099275368,-0.027054577154710824,-0.012925958300300189,0.016541972212660752,-0.19399217606049346,-0.11496403958536361,1,NFLX
2023-10-13,35.56800079345703,35.893001556396484,35.20500183105469,35.56399917602539,63126000,37.3015998840332,40.66125984191895,37.32078631298877,38.586397814653786,27.278415114961746,-1.2656115016650133,-1.1821946282750322,-0.08341687338998116,-0.015282340939951178,0.016676897887156886,-0.14418188473583604,-0.1252607289656854,1,NFLX
2023-10-16,36.08200073242188,36.30799865722656,35.47700119018555,35.62099838256836,51289000,37.1064998626709,40.51969985961914,37.130203915978484,38.400886919673646,35.52694882362708,-1.2706830036951615,-1.199892303359058,-0.07079070033610346,0.014451190044378448,0.01744426401206286,-0.18751386116655577,-0.10951954586464618,1,NFLX
2023-10-17,35.571998596191406,36.27000045776367,35.388999938964844,36.11000061035156,59084000,36.896199798583986,40.34961982727051,36.890480020626626,38.19133963645274,33.70585971627666,-1.3008596158261128,-1.220085765852469,-0.08077384997364367,-0.014134530399590783,0.017636366674377933,0.15198190645167586,-0.1184056070796018,1,NFLX
2023-10-18,34.61899948120117,35.479000091552734,34.472999572753906,35.099998474121094,114296000,36.5890998840332,40.16539978027344,36.54102147609964,37.926721847174846,29.99601887669597,-1.3857003710752096,-1.2532086868970174,-0.13249168417819224,-0.02679071046326509,0.018676259486694106,0.9344661837384063,-0.13808901017826514,1,NFLX
2023-10-19,40.17699813842773,40.89500045776367,39.22600173950195,40.4739990234375,280744000,36.880899810791014,40.11113975524902,37.10040250107319,38.09340897986024,59.314060423600225,-0.9930064787870521,-1.2011682452750243,0.20816176648797224,0.16054763975038222,0.0564536523976289,1.4562889339959404,0.0016418975770962074,1,NFLX
2023-10-20,40.09600067138672,41.06399917602539,39.80099868774414,40.5629997253418,127829000,37.075399780273436,40.0530997467041,37.561263758044504,38.241749105158505,58.069309131906515,-0.6804853471140007,-1.0970316656428196,0.41654631852881896,-0.0020160158994939614,0.056281341849968,-0.5446777135041176,0.0010711012369559736,0,NFLX
2023-10-23,40.68399810791016,40.75400161743164,39.85200119018555,40.33200073242188,73900000,37.28429946899414,40.02345970153809,38.04168442725461,38.42265643869567,61.561514024505215,-0.3809720114410595,-0.9538197348024677,0.5728477233614082,0.01466474029024667,0.05632138287837266,-0.42188392305345424,0.016503780814997704,1,NFLX
2023-10-24,41.37300109863281,41.66899871826172,40.8390007019043,40.96799850463867,64592000,37.68839950561524,39.99535972595215,38.55419468438972,38.6412004875799,63.45438152267375,-0.08700580319018059,-0.7804569484800103,0.6934511452898298,0.016935478880299337,0.05463285526183552,-0.12595399188092016,0.034445030176506686,0,NFLX
2023-10-25,41.125,41.88399887084961,41.01100158691406,41.60200119018555,62996000,38.14159965515137,39.97045974731445,38.94970319448361,38.82518563664806,64.31427971750227,0.12451755783555285,-0.5994620472168978,0.7239796050524506,-0.005994273851238852,0.05392230449526746,-0.024708942283874213,0.028884837952436238,1,NFLX
2023-10-26,40.354000091552734,41.73099899291992,40.15399932861328,41.141998291015625,68497000,38.56499977111817,39.9466397857666,39.16574887095579,38.93843115182618,58.23058809847466,0.22731771912960852,-0.4341060939475965,0.661423813077205,-0.018747718138535374,0.054263014810045695,0.08732300463521492,0.010197611312761312,1,NFLX
2023-10-27,39.7869987487793,41.02099990844727,39.5620002746582,40.641998291015625,49976000,38.98689956665039,39.936379776000976,39.26132577523632,39.00128801085974,54.412844225857405,0.2600377643765839,-0.2952773222827605,0.5553150866593444,-0.014050684975146388,0.05419464745504426,-0.270391404003095,-0.0037404749268596937,1,NFLX
2023-10-30,41.007999420166016,41.28200149536133,39.94100189208984,40.23500061035156,53171000,39.479499435424806,39.947479782104494,39.5300447975332,39.14993330043798,63.65121247811659,0.3801114970952213,-0.16019955840716416,0.5403110555023855,0.030688433653824676,0.054502419431030465,0.06393068672963031,0.026547848421131448,1,NFLX
2023-10-31,41.16899871826172,41.25199890136719,40.4630012512207,40.92399978637695,38776000,40.03919944763184,39.95427978515625,39.78219155456836,39.29949370175825,67.75570776323295,0.48269785281010513,-0.03162007616371029,0.5143179289738155,0.0039260461464143415,0.053756607831736206,-0.2707302853058998,0.030402723804240805,1,NFLX
2023-11-01,42.01900100708008,42.060001373291016,41.417999267578125,41.47700119018555,48061000,40.77919960021973,39.968319778442385,40.12631608572401,39.50093868733765,72.23856540006719,0.6253773983863553,0.09977941874630283,0.5255979796400525,0.020646659265028955,0.05161977843867522,0.23945223849803998,0.05130766667213682,1,NFLX
2023-11-02,42.47100067138672,42.66899871826172,41.709999084472656,42.117000579833984,44760000,41.008599853515626,39.96263977050781,40.48703679121058,39.72094327874869,76.22122168827353,0.766093512461886,0.2330422374894195,0.5330512749724665,0.010757030235689857,0.015871768300065335,-0.06868354799109466,0.06276764786519595,1,NFLX
2023-11-03,43.23600006103516,43.48199844360352,42.553001403808594,42.8759994506836,36671000,41.32259979248047,40.01349975585938,40.90995421733744,39.98131785521436,76.66616425890115,0.9286363621230862,0.3721610624161529,0.5564752997069333,0.018012276083803958,0.016055187974794095,-0.18071939231456657,0.08053532744792968,1,NFLX
2023-11-06,43.4739990234375,43.50299835205078,42.96099853515625,43.4379997253418,30032000,41.601599884033206,40.050919723510745,41.304422649045144,40.24003497878645,80.0639227470004,1.0643876702586965,0.5106063839846616,0.5537812862740349,0.005504648026328995,0.015872918839538317,-0.18104224046249084,0.08546818209314022,1,NFLX
2023-11-07,43.46099853515625,43.76399993896485,43.09999847412109,43.61800003051758,32911000,41.81039962768555,40.08401969909668,41.6362035546007,40.478624871850876,86.23176240456617,1.157578682749822,0.6400008437376937,0.5175778390121283,-0.00029904054315865736,0.015579192986706217,0.09586441129461898,0.08424750964124672,1,NFLX
2023-11-08,43.665000915527344,43.80699920654297,43.36800003051758,43.5,23568000,42.06439971923828,40.0973397064209,41.94832622551249,40.71465272693802,75.4672973986207,1.2336734985744684,0.7587353747050487,0.4749381238694197,0.004693918392281615,0.015096906941367984,-0.28388684634316796,0.08897501019338572,1,NFLX
2023-11-09,43.51499938964844,44.03799819946289,43.435001373291016,43.803001403808594,27355000,42.38049964904785,40.098299713134764,42.18935286614879,40.92208581306472,74.71443572101396,1.267267053084069,0.8604417103808528,0.40682534270321624,-0.0034352804931595537,0.012913867953507803,0.16068397827562797,0.08520809363381776,1,NFLX
2023-11-10,44.7239990234375,44.74800109863281,43.55099868774414,43.74800109863281,44406000,42.87419967651367,40.12541969299316,42.57929842880859,41.20370901383307,76.7975308242124,1.3755894149755221,0.9634712512997867,0.4121181636757354,0.027783514897087747,0.011835957596756827,0.6233229756900018,0.11460513972511444,1,NFLX
2023-11-13,44.46200180053711,44.84299850463867,44.2599983215332,44.72499847412109,28961000,43.219599914550784,40.13489974975586,42.86894510138221,41.4450640350704,71.71986372026927,1.4238810663118073,1.0555532143021908,0.3683278520096165,-0.005858090256264714,0.010976302275021147,-0.34781335855515016,0.10781394939967615,1,NFLX
2023-11-14,44.8650016784668,45.40800094604492,44.56399917602539,44.87799835205078,40609000,43.58920021057129,40.13483978271484,43.176030728625996,41.698392749396056,75.73630822910646,1.4776379792299394,1.1399701672877407,0.33766781194219875,0.009063916639147296,0.010875193590461933,0.4021960567659957,0.11785675291991882,1,NFLX
2023-11-15,46.19400024414063,46.275001525878906,45.244998931884766,45.28099822998047,50353000,44.00670013427735,40.167199783325195,43.640333731012866,42.03140071196973,87.32105811025274,1.6089330190431355,1.2337627376388198,0.37517028140431563,0.029622166855098886,0.012254800022385747,0.2399468098204831,0.15004283328999635,1,NFLX
2023-11-16,46.69499969482422,46.72800064086914,45.96500015258789,46.29999923706055,36560000,44.4291000366211,40.214819793701174,44.11028234083,42.37685248847747,94.52179338972608,1.733429852352529,1.3336961605815618,0.3997336917709673,0.010845552410177595,0.012255773032641864,-0.2739260818620539,0.16113910081820215,1,NFLX
2023-11-17,46.59099960327149,46.76499938964844,46.2760009765625,46.69499969482422,27985000,44.76459999084473,40.26103981018066,44.49193115043638,42.689011534017766,92.0343408976288,1.8029196164186132,1.4275408517489723,0.37537876466964093,-0.0022272211635596673,0.012381527221218512,-0.2345459518599562,0.15722295854589907,1,NFLX
2023-11-20,47.446998596191406,47.67599868774414,46.540000915527344,46.540000915527344,36176000,45.161899948120116,40.319259796142575,44.94655691132177,43.041455020104706,92.78899353539732,1.9051018912170647,1.5230530596425909,0.3820488315744739,0.018372625618871874,0.012804546619363285,0.2926925138467036,0.1767824815258825,1,NFLX
2023-11-21,47.494998931884766,47.70199966430664,47.12099838256836,47.26300048828125,29977000,45.56529998779297,40.39977973937988,45.33862491448531,43.37134716171804,91.90389339859705,1.9672777527672665,1.611897998267526,0.35537975449974035,0.0010116622149669574,0.012706753498682655,-0.17135670057496688,0.17562519494602058,1,NFLX
2023-11-22,47.79999923706055,48.27000045776367,47.65599822998047,47.68000030517578,28416000,45.97879981994629,40.53129974365234,45.71729788718919,43.69939546359526,91.71755818655183,2.017902423593931,1.6930988833328073,0.32480354026112357,0.006421735172858822,0.012653523021164986,-0.05207325616305836,0.17933546516841137,0,NFLX
2023-11-24,47.95600128173828,48.040000915527344,47.52000045776367,47.71099853515625,14047000,46.42290000915527,40.68943977355957,46.061713794042895,44.01469959827252,90.8445943269417,2.047014195770373,1.7638819458203208,0.2831322499500524,0.003263641154135799,0.012076802491758236,-0.505665822072072,0.1785859315984144,0,NFLX
2023-11-27,47.91699981689453,48.20000076293945,47.53499984741211,47.90299987792969,36259000,46.74220008850098,40.853899765014646,46.34714241294314,44.303758873726004,89.81895409373809,2.043383539217139,1.8197822644996844,0.2236012747174545,-0.0008132759988602745,0.010655267702354771,1.5812629031109844,0.1728868013214344,0,NFLX
2023-11-28,47.900001525878906,48.04999923706055,47.595001220703125,47.81100082397461,28902000,47.08600006103516,41.02309982299805,46.586043814933255,44.57014721832992,89.75463769601322,2.0158965966033335,1.8590051309204143,0.15689146568291923,-0.0003547444765027441,0.010043643003850801,-0.20290134863068476,0.16763486261527172,0,NFLX
2023-11-29,47.71900177001953,48.0989990234375,47.44900131225586,47.900001525878906,28555000,47.37140007019043,41.18507987976074,46.76034503879268,44.80339570364026,86.45685822493012,1.9569493351524159,1.8785939717668148,0.07835536338560112,-0.003778700419489245,0.01062843207626674,-0.012006089543976195,0.1586477896688432,0,NFLX
2023-11-30,47.39699935913086,47.85900115966797,47.04199981689453,47.53099822998047,42873000,47.49169998168945,41.360419845581056,46.85829185730624,44.99551449293586,83.86253509728753,1.8627773643703804,1.875430650287528,-0.012653285917147539,-0.006747886563942651,0.007498796790183193,0.5014183155314307,0.14595063435253675,0,NFLX
2023-12-01,46.57400131225586,47.52299880981445,46.459999084472656,47.31700134277344,43415000,47.47960014343262,41.52359985351563,46.814554850375416,45.11243944251512,67.30268777191156,1.7021154078602976,1.840767601802082,-0.1386521939417844,-0.01736392721064639,0.009171465751472301,0.01264198913068837,0.12162725477937175,0,NFLX
2023-12-04,45.38999938964844,46.119998931884766,45.119998931884766,46.0989990234375,51577000,47.359500122070315,41.6717798614502,46.595392471802036,45.13299943859907,57.402659210927524,1.4623930332029644,1.7650926880822586,-0.3026996548792942,-0.025421949784156794,0.012175919770986383,0.18799953932972469,0.08922631911957035,1,NFLX
2023-12-05,45.51499938964844,45.63899993896485,44.95800018310547,45.06999969482422,33807000,47.166300201416014,41.81247985839844,46.429178151470715,45.16129573126939,55.4256888901909,1.2678824202013246,1.665650634506072,-0.3977682143047474,0.002753910590016506,0.010002980410059814,-0.34453341605754506,0.08855058450943121,1,NFLX
2023-12-06,44.67300033569336,46.04999923706055,44.573001861572266,46.0,41788000,46.884100341796874,41.94743988037109,46.15899694904343,45.12512570196746,36.18027158304663,1.0338712470759646,1.5392947570200506,-0.505423509944086,-0.01849937526631218,0.010768091546083469,0.2360753690064188,0.06497560907400368,1,NFLX
2023-12-07,45.20000076293945,45.28900146484375,44.83200073242188,45.084999084472656,35067000,46.62410049438476,42.096259918212894,46.0114590742582,45.1306720027802,36.480393543512946,0.8807870714779966,1.4075932199116399,-0.5268061484336433,0.0117968442523666,0.01156472735104658,-0.16083564659710925,0.07372961043942361,1,NFLX
2023-12-08,45.3759994506836,45.54999923706055,45.07600021362305,45.07600021362305,34584000,46.3661003112793,42.25105987548828,45.913696055246724,45.1488444063286,39.15372455592266,0.7648516489181247,1.279044905712937,-0.5141932567948122,0.0038937762118016472,0.01161947139481749,-0.01377363333048165,0.07396121149160173,1,NFLX
2023-12-11,45.98899841308594,47.06499862670898,45.72100067138672,45.93600082397461,49297000,46.173300170898436,42.415639877319336,45.92528103337584,45.21107803645877,36.39417956268404,0.7142029969170665,1.1660765239537627,-0.45187352703669625,0.013509321443565536,0.013049705060499473,0.4254279435577146,0.08424624846169926,1,NFLX
2023-12-12,46.29999923706055,46.56100082397461,45.91999816894531,46.52299880981445,33027000,46.0132999420166,42.58097984313965,45.98292998778887,45.29173886613298,39.37022569208801,0.6911911216558906,1.0710994434941883,-0.3799083218382977,0.006762504831723248,0.013459544859294868,-0.33004036756800614,0.08733992049081696,1,NFLX
2023-12-13,47.99800109863281,48.125,46.198001861572266,46.198001861572266,58202000,46.04119987487793,42.787439880371096,46.29294092791871,45.492202735207044,51.411475303737085,0.8007381927116626,1.0170271933376833,-0.21628900062602074,0.03667390690177608,0.018454898066635264,0.7622551245950282,0.12177782154832961,1,NFLX
2023-12-14,46.983001708984375,48.07600021362305,46.47600173950195,48.0359992980957,51764000,45.99980010986328,42.9732999420166,46.399104125005735,45.602632288820175,43.8206564398748,0.7964718361855603,0.9729161219072588,-0.17644428572169857,-0.02114670124621809,0.01962807670151272,-0.11061475550668365,0.09330681545001251,1,NFLX
2023-12-15,47.20600128173828,47.29999923706055,46.72999954223633,46.72999954223633,78410000,46.06300010681152,43.172239990234374,46.52324214911844,45.721400362369664,45.587696380937594,0.8018417867487742,0.938701254875562,-0.13685946812678784,0.004746388366907217,0.018769440228087783,0.514759292172166,0.09343414408000017,1,NFLX
2023-12-18,48.61199951171875,49.20399856567383,47.5099983215332,47.630001068115234,64107000,46.385200119018556,43.3814599609375,46.84458943567233,45.935518817877,53.76878070213698,0.9090706177953294,0.9327751274595155,-0.023704509664186135,0.029784311142752484,0.01807486594407683,-0.18241295753092712,0.12057085113066845,1,NFLX
2023-12-19,49.50199890136719,49.61399841308594,48.40599822998047,48.84000015258789,38490000,46.78390007019043,43.59959991455078,47.25342166116385,46.19970252776516,58.7789135680778,1.0537191333986868,0.9569639286473498,0.09675520475133703,0.018308224277709284,0.018333651110092095,-0.3995975478496888,0.13537736581033544,0,NFLX
2023-12-20,48.92699813842773,50.0890007019043,48.8390007019043,49.20000076293945,45637000,47.209299850463864,43.831499862670896,47.51089496535829,46.40172442485128,57.3501114575094,1.1091705405070087,0.9874052510192817,0.12176528948772702,-0.011615707965352051,0.017304142834779313,0.18568459340088328,0.11625197156660416,1,NFLX
2023-12-21,49.1609992980957,49.43999862670898,48.67699813842773,49.26599884033203,27562000,47.605399703979494,44.08285987854004,47.764757170394816,46.60611515620272,63.17342866644495,1.1586420141920968,1.0216526036538447,0.1369894105382521,0.004782659238687037,0.017332531043358326,-0.39606021429980065,0.11519532610967809,0,NFLX
2023-12-22,48.67599868774414,49.60200119018555,48.54499816894531,49.400001525878906,27027000,47.93539962768555,44.33397987365723,47.90494817306394,46.75943986224282,68.01534913895327,1.1455083108211213,1.0464237450873002,0.09908456573382107,-0.009865556381608132,0.01826598786607608,-0.019410782962049233,0.09793884569941103,0,NFLX
2023-12-26,49.11899948120117,49.14799880981445,48.63800048828125,48.93899917602539,20345000,48.24839973449707,44.60499984741211,48.09172529739275,46.93422205623973,69.09302922459139,1.157503241153016,1.0686396443004433,0.08886359685257261,0.009101010875994131,0.018149460742860536,-0.24723424723424725,0.10119940924180848,0,NFLX
2023-12-27,49.17900085449219,49.402000427246094,48.92499923706055,49.124000549316406,25613000,48.53629989624024,44.866939849853516,48.25899846002343,47.1005019672214,76.02818538824975,1.1584964928020298,1.0866110140007608,0.07188547880126905,0.0012215512108300075,0.018233528635570505,0.25893339886950106,0.09610775816378192,0,NFLX
2023-12-28,49.05099868774414,49.28900146484375,48.90700149536133,49.20000076293945,17105000,48.64159965515137,45.13651985168457,48.38084464890353,47.24498320577864,73.31958435203302,1.1358614431248952,1.0964610998255877,0.03940034329930753,-0.0026027809537402247,0.014857247964856707,-0.332175067348612,0.08672531353596313,0,NFLX
2023-12-29,48.6879997253418,49.22299957275391,48.19400024414063,49.0369987487793,27406000,48.81209945678711,45.41789985656738,48.42809927604788,47.35187331833887,69.61155070260594,1.0762259577090134,1.092414071402273,-0.016188113693259565,-0.007400439789476576,0.012965265801914008,0.602221572639579,0.07200024393689719,0,NFLX
2024-01-02,46.84999847412109,48.46500015258789,46.18600082397461,48.31900024414063,50494000,48.77649917602539,45.55135986328125,48.18531453728991,47.314697403952366,54.45237095766233,0.8706171333375465,1.0480546837893276,-0.1774375504517811,-0.037750601002079054,0.01839307984496932,0.8424432605998686,0.028509326938594093,1,NFLX
2024-01-03,47.0260009765625,47.505001068115234,46.57699966430664,46.73199844360352,34437000,48.617899322509764,45.689959869384765,48.006958604870306,47.293312483404975,53.80743197148941,0.7136461214653309,0.9811729713245284,-0.2675268498591975,0.0037567237603781667,0.015175218486057478,-0.31799817800134667,0.029241459414652837,1,NFLX
2024-01-04,47.46699905395508,48.07400131225586,46.65299987792969,47.29800033569336,36365000,48.41439933776856,45.82561988830567,47.923887904729504,47.30617815529757,46.79230534891536,0.6177097494319312,0.908480326946009,-0.29077057751407775,0.009377749930562285,0.01398447592467067,0.055986293811888466,0.035817936989179344,1,NFLX
2024-01-05,47.40599822998047,47.95500183105469,47.18000030517578,47.650001525878906,26313000,48.262299346923825,45.94627983093262,47.844212570152735,47.31357223490371,52.88813459729267,0.530640335249025,0.8329123286066122,-0.30227199335758725,-0.0012851207194554126,0.013747105373171045,-0.2764196342637151,0.03177011075584657,1,NFLX
2024-01-08,48.50299835205078,48.52399826049805,47.3650016784668,47.38899993896485,36758000,48.196499252319335,46.09383979797363,47.94556422890628,47.4016778732109,57.911407132180045,0.5438863556953777,0.7751071340243654,-0.2312207783289877,0.02314053417351203,0.015959475127896434,0.39695207692015355,0.052266388841466505,0,NFLX
2024-01-09,48.20899963378906,48.50899887084961,47.380001068115234,47.553001403808594,35268000,48.14979934692383,46.25093978881836,47.98609275273439,47.46147948510558,47.15596685927685,0.5246132676288155,0.7250083607452554,-0.20039509311643988,-0.00606145451313711,0.015775057275670135,-0.04053539365580283,0.04233556883192424,0,NFLX
2024-01-10,47.83300018310547,48.70000076293945,47.29499816894531,48.15999984741211,43424000,48.02119941711426,46.41185981750488,47.962540049714555,47.488999536809274,37.30028155931618,0.47354051290528076,0.6747147911772606,-0.20117427827197987,-0.007799362225721418,0.015493264090807582,0.23125779743676977,0.030620198612781868,1,NFLX
2024-01-11,49.22299957275391,50.34099960327149,48.38199996948242,49.25400161743164,79933000,48.02559928894043,46.57615982055664,48.156456899412916,47.61744398391629,52.00379920018478,0.5390129154966274,0.6475744160411341,-0.10856150054450664,0.02905942308296594,0.01846097525793766,0.8407562638172439,0.0568282091609682,0,NFLX
2024-01-12,49.21599960327149,50.07899856567383,49.06100082397461,50.05099868774414,50037000,48.04209938049316,46.73709983825684,48.31946346923731,47.73585551127593,50.384133767431,0.5836079579613838,0.6347811244251841,-0.051173166463800324,-0.00014220932375474948,0.018435203774745237,-0.3740132360852214,0.05303922951131734,0,NFLX
2024-01-16,48.124000549316406,49.415000915527344,47.80199813842773,49.0,46790000,47.98569946289062,46.85919982910156,48.28939225078794,47.76460699557522,46.44606007139171,0.5247852552127199,0.6127819505826912,-0.08799669536997135,-0.02218788732846333,0.019688849775710976,-0.06489197993484819,0.02699151340244077,1,NFLX
2024-01-17,48.03300094604492,48.62099838256836,47.5260009765625,48.45000076293945,48946000,48.10399971008301,46.97043983459473,48.24994743467363,47.78448802894334,42.67602966963311,0.4654594057302859,0.5833174416122102,-0.11785803588192434,-0.0018909401178779373,0.01494315048369461,0.04607822184227395,0.022621911040049403,1,NFLX
2024-01-18,48.53099822998047,48.57699966430664,47.80199813842773,48.00299835205078,40544000,48.254499435424805,47.07633979797363,48.293186018566985,47.83978508087202,45.87364466947863,0.4534009376949655,0.5573341408287613,-0.10393320313379584,0.010367815337936959,0.015145050672337495,-0.17165856249744615,0.03089999006399924,1,NFLX
2024-01-19,48.29499816894531,48.56700134277344,47.60599899291992,48.49800109863281,56724000,48.33729934692383,47.17275978088379,48.29346481093288,47.87350456887745,45.25125020067909,0.41996024205543137,0.5298593610740954,-0.109899119018664,-0.004862872589531109,0.015175150021604092,0.3990726124704025,0.023789966779011795,1,NFLX
2024-01-22,48.57099914550781,48.97999954223633,47.9900016784668,48.755001068115234,52123000,48.453799438476565,47.27495979309082,48.33616240086749,47.925170833813034,49.25695020832334,0.4109915670544524,0.5060858022701668,-0.09509423521571436,0.005714897753945403,0.015176743666894362,-0.08111205133629507,0.027414922362480887,1,NFLX
2024-01-23,49.21900177001953,49.89599990844727,48.13999938964844,49.20000076293945,155060000,48.52539978027344,47.38603981018066,48.4719838422755,48.02101016242092,67.72410423378396,0.45097367985457737,0.4950633777870489,-0.04408969793247153,0.013341348457140967,0.013966487795193758,1.9748863265736816,0.03868147596172555,1,NFLX
2024-01-24,54.48699951171875,56.25,53.70700073242188,53.775001525878906,264328000,49.15319976806641,47.60547981262207,49.39737086834369,48.49997233644299,81.68153886425304,0.8973985319007056,0.5755304086097802,0.3218681232909254,0.10703178756681098,0.035814574150796544,0.7046820585579776,0.14455310031918045,1,NFLX
2024-01-25,56.20000076293945,56.34600067138672,54.84600067138672,55.19499969482422,94519000,49.98989982604981,47.83499984741211,50.44392931366612,49.07034481247976,83.46747784919674,1.3735845011863574,0.7351412271250957,0.6384432740612618,0.031438715043434984,0.03544682888219268,-0.6424177536999485,0.17487197537808497,1,NFLX
2024-01-26,57.04199981689453,57.9640007019043,55.84299850463867,56.180999755859375,127706000,50.771799850463864,48.086599807739255,51.45901708339356,49.66083777576974,84.84236643727344,1.798179307623819,0.9477488432248404,0.8504304643989786,0.01498218936876472,0.03518384642242052,0.3511145907172104,0.1862348355874801,0,NFLX
2024-01-29,57.57899856567383,57.85499954223633,56.26800155639648,57.1349983215332,69054000,51.6080997467041,48.3408797454834,52.40055269605207,50.24736820465153,84.20260916442045,2.1531844914005376,1.1888359728599798,0.9643485185405578,0.009414094009730922,0.03484355811178147,-0.45927364415141025,0.19110365530849838,0,NFLX
2024-01-30,56.28499984741211,57.0880012512207,56.08200073242188,56.73199844360352,61818000,52.42419967651367,48.54269973754883,52.998159950107464,50.694600178189354,78.30110615038649,2.30355977191811,1.4117807326716059,0.8917790392465039,-0.022473449530140743,0.034878736885495275,-0.10478755756364588,0.1594946336261236,0,NFLX
2024-01-31,56.4109992980957,57.21500015258789,56.20399856567383,56.28499984741211,48576000,53.26199951171875,48.73701972961426,53.52321215749026,51.11803715003427,80.59638618642494,2.4051750074559948,1.6104595876284837,0.794715419827511,0.002238597335438852,0.034663127222417656,-0.21420945355721632,0.15745689028700438,0,NFLX
2024-02-01,56.7509994506836,57.26599884033203,56.382999420166016,56.70199966430664,31740000,54.08399963378906,48.9402197265625,54.01979481798155,51.53529361674904,79.02530444344164,2.4845012012325114,1.7852679103492894,0.699233290883222,0.006027196057832862,0.03477848510825667,-0.34659090909090906,0.1595983787518993,0,NFLX
2024-02-02,56.4640007019043,56.77999877929688,56.23699951171875,56.45199966430664,40328000,54.90089988708496,49.120559768676756,54.395826492431205,51.90038303046424,77.3550900952004,2.495443461966964,1.9273030206728246,0.5681404412941395,-0.005057157610566909,0.03479166365165473,0.2705734089477001,0.1494983153247842,0,NFLX
2024-02-05,56.20600128173828,57.57500076293945,55.720001220703125,56.24700164794922,41431000,55.66440010070801,49.29477981567383,54.674314921555364,52.2193177157438,82.55197658203689,2.4549972058115657,2.032841857700573,0.42215534811099253,-0.004569272757134146,0.035286669639851824,0.027350724062686016,0.14020189342375255,0,NFLX
2024-02-06,55.5880012512207,56.63399887084961,55.4370002746582,56.4119987487793,28403000,56.301300048828125,49.45053985595703,54.814882049196186,52.46884982948283,79.19018489543106,2.346032219713358,2.09547993010313,0.2505522896102277,-0.010995267701393474,0.03625783053580441,-0.3144505322101808,0.12411313229625587,0,NFLX
2024-02-07,55.93000030517578,56.77999877929688,55.49800109863281,55.81600189208984,43736000,56.44560012817383,49.61001983642578,54.98643870396228,52.72523134620082,78.93627051687147,2.2612073577614566,2.1286254156347955,0.1325819421266612,0.006152389836962646,0.014829862289830223,0.5398373411259374,0.12739322599725322,1,NFLX
2024-02-08,55.85300064086914,56.369998931884766,55.57400131225586,56.05500030517578,31755000,56.4109001159668,49.76873985290527,55.119755925024876,52.95691796062069,79.93032268434408,2.162837964404183,2.135467925388673,0.02737003901550983,-0.0013767148915877492,0.010869841809508791,-0.27393908907993414,0.12225064982449418,1,NFLX
2024-02-09,56.13199996948242,56.59999847412109,55.810001373291016,56.5,30557000,56.31990013122559,49.93337982177734,55.27548577801835,53.19210922053638,79.93508758946598,2.0833765574819694,2.1250496518073323,-0.041673094325362925,0.004995243324655396,0.009675821387188532,-0.037726342308297856,0.12413780460744395,1,NFLX
2024-02-12,55.78499984741211,56.84400177001953,55.70000076293945,56.0359992980957,36085000,56.14050025939942,50.0946997833252,55.35387255792509,53.384175192897544,76.63044537735294,1.9696973650275424,2.0939791944513746,-0.12428182942383215,-0.006181859229298259,0.008938448985435513,0.180907811630723,0.1135908606838485,1,NFLX
2024-02-13,55.45199966430664,55.91999816894531,54.900001525878906,55.08000183105469,35115000,56.057200241088864,50.255799789428714,55.36896903582994,53.537347375964885,56.52645032659469,1.831621659865057,2.041507687534111,-0.20988602766905418,-0.005969349897218201,0.006014058484761335,-0.02688097547457391,0.10339502896481512,1,NFLX
2024-02-14,57.93299865722656,58.125,56.43399810791016,56.72600173950195,56342000,56.20940017700195,50.482979736328126,55.76343513142942,53.862951174576864,60.61756931411569,1.900483956852554,2.0133029413977996,-0.11281898454524564,0.04474138007536799,0.01587071754137256,0.6044995016374768,0.1475748650299522,1,NFLX
2024-02-15,59.34600067138672,59.37699890136719,58.03200149536133,58.19100189208984,52209000,56.46890029907227,50.762099761962894,56.31459906065362,54.26910298915537,63.192866878691476,2.045496071498249,2.01974156741789,0.025754504080359286,0.02439027923481918,0.01728769438348743,-0.07335557843172058,0.1691005878337586,0,NFLX
2024-02-16,58.39500045776367,59.70000076293945,57.74599838256836,59.69499969482422,43257000,56.662000274658205,51.019699783325194,56.63466081405517,54.574725023867096,54.46097879184239,2.059935790188071,2.027780411971926,0.032155378216145,-0.016024672309242316,0.01828828284000237,-0.17146468999597775,0.14455790029656246,1,NFLX
2024-02-20,57.51300048828125,58.59999847412109,56.96599960327149,58.01800155639648,31242000,56.7927001953125,51.27649978637695,56.769789994705334,54.79237505826814,57.03000351595171,1.9774149364371922,2.0177073168649793,-0.040292380427787045,-0.015104032238519527,0.019091568803250046,-0.2777585130730287,0.12162493009246322,1,NFLX
2024-02-21,57.334999084472656,57.57799911499024,56.73199844360352,57.35100173950195,22706000,56.967399978637694,51.519199752807616,56.85674523928492,54.980717578727734,55.258364785990935,1.8760276605571846,1.9893713856034205,-0.11334372504623591,-0.0030949768278020207,0.018630681939504,-0.27322194481787343,0.11288605722855971,1,NFLX
2024-02-22,58.84700012207031,59.084999084472656,57.88899993896485,58.275001525878906,35266000,57.25909996032715,51.78861976623535,57.16293829817498,55.26710887823459,60.52420482449248,1.895829419940391,1.9706629924708148,-0.07483357253042389,0.026371344933135754,0.020025264418434465,0.553157755659297,0.1362921118132756,1,NFLX
2024-02-23,58.35599899291992,59.24300003051758,57.98199844360352,58.63999938964844,25689000,57.509399795532225,52.03595977783203,57.34648609736651,55.49591555339646,59.309180347069045,1.8505705439700506,1.946644502770662,-0.09607395880061143,-0.00834369004591351,0.020400070233440974,-0.27156467986162314,0.1214552252340757,1,NFLX
2024-02-26,58.76499938964844,59.07500076293945,58.32699966430664,58.35599899291992,23937000,57.77269973754883,52.28525978088379,57.56471891156373,55.73806991163734,62.406657759667866,1.826648999926391,1.922645402201808,-0.09599640227541695,0.0070087121082125226,0.020414577546339824,-0.06820039705710612,0.12393052336203048,1,NFLX
2024-02-27,60.16699981689453,60.5359992980957,59.233001708984375,59.5,44894000,58.21089973449707,52.528639755249024,57.96506982007616,56.066138793508244,70.6316884799071,1.8989310265679151,1.9179025270750294,-0.01897150050711427,0.02385774596796919,0.02082838947346376,0.8755065379955718,0.14541324689227708,0,NFLX
2024-02-28,59.64799880981445,59.81700134277344,59.0009994506836,59.57899856567383,26052000,58.63049964904785,52.78193969726563,58.223981972343594,56.33146175767907,66.48925209437733,1.892520214664522,1.9128260645929278,-0.020305849928405895,-0.008626007756071363,0.021039170752697147,-0.4196997371586404,0.1300834935572579,1,NFLX
2024-02-29,60.29199981689453,60.45199966430664,59.51599884033203,60.42499923706055,35721000,58.86639976501465,53.04365966796875,58.54213856381297,56.62483494725059,68.74417897397882,1.9173036165623785,1.913721574986818,0.003582041575560524,0.010796690918893237,0.016645784785270647,0.37114233072316916,0.13664856826051186,1,NFLX
2024-03-01,61.93399810791016,62.02799987792969,59.95000076293945,59.98099899291992,42703000,59.125199508666995,53.31009963989258,59.06396310905869,57.01810629248463,71.97059760769713,2.0458568165740587,1.9401486233042662,0.10570819326979253,0.02723409898497886,0.017049894508775837,0.19545925366031192,0.1617685677999412,0,NFLX
2024-03-04,61.58300018310547,62.44200134277344,61.507999420166016,62.15599822998047,30203000,59.443999481201175,53.551719665527344,59.45150727429666,57.35624658067877,71.94881352495767,2.095260693617888,1.9711710373669908,0.1240896562508973,-0.005667289946196252,0.015949886353963234,-0.29271948106690393,0.14997241111470916,0,NFLX
2024-03-05,59.84999847412109,61.09099960327149,59.20000076293945,61.0099983215332,38496000,59.67769927978516,53.77017967224121,59.512813612731186,57.54096894315598,65.05338563394113,1.971844669575205,1.9713057638086338,0.0005389057665712293,-0.028140910703142508,0.018191265137237494,0.2745753733072873,0.11307045724860343,1,NFLX
2024-03-06,59.76900100708008,60.792999267578125,59.35599899291992,60.29899978637695,24696000,59.921099472045896,53.9823397064209,59.55222705801563,57.7060083552985,57.51966640158363,1.846218702717131,1.9462883515903333,-0.10006964887320224,-0.0013533411713624321,0.01812251274996522,-0.35847880299251866,0.10719545192241609,1,NFLX
2024-03-07,60.85100173950195,61.053001403808594,59.59000015258789,59.93399810791016,27428000,60.121499633789064,54.22583976745605,59.75203854747507,57.93897082820246,56.335778075050946,1.8130677192726097,1.9196442251267887,-0.106576505854179,0.018103041948010823,0.017167797915846047,0.11062520246193719,0.1221772129386558,1,NFLX
2024-03-08,60.48199844360352,61.60900115966797,60.08399963378906,60.82699966430664,27772000,60.33409957885742,54.453099746704105,59.86434006995637,58.12734324415809,59.2385874921224,1.736996825798279,1.8831147452610868,-0.14611791946280772,-0.00606404636489144,0.017007637443472945,0.0125419279568324,0.11071727275294974,1,NFLX
2024-03-11,60.09299850463867,61.09999847412109,60.0369987487793,60.80799865722656,25009000,60.46689949035645,54.67137969970703,59.899518290676724,58.27294733752702,61.94221736134824,1.6265709531497023,1.83180598683881,-0.20523503368910756,-0.00643166477588486,0.017247788797274042,-0.09948869364827884,0.09916740412828284,1,NFLX
2024-03-12,61.108001708984375,61.52999877929688,59.62699890136719,60.02099990844727,28216000,60.56099967956543,54.912519760131836,60.08543881657021,58.48295136504238,66.20843788592688,1.6024874515278285,1.7859422797766138,-0.18345482824878534,0.016890540156144107,0.016403442114760997,0.12823383581910508,0.11282457945684454,1,NFLX
2024-03-13,60.94499969482422,61.48500061035156,60.72100067138672,61.33700180053711,21921000,60.69069976806641,55.157659759521486,60.21767895168621,58.66532531539659,60.19435291814828,1.5523536362896166,1.7392245510792144,-0.18687091478959772,-0.0026674414086786946,0.016093001919431575,-0.22310036858519988,0.1049235946654481,1,NFLX
2024-03-14,61.30099868774414,62.08000183105469,60.73500061035156,61.5,31205000,60.791599655151366,55.446679763793945,60.38434352646435,58.86056038001493,64.50023553064264,1.5237831464494178,1.6961362701532552,-0.17235312370383737,0.005841315853680307,0.015876104833719002,0.4235208247798914,0.10558466167658609,1,NFLX
2024-03-15,60.5880012512207,62.29199981689453,60.38199996948242,62.29199981689453,66716000,60.65699996948242,55.71791976928711,60.41567548411918,58.988518963067214,58.714988337804286,1.4271565210519626,1.642340320332997,-0.21518379928103437,-0.011631090060299276,0.013535629089055472,1.1379907066175292,0.08740601770667844,1,NFLX
2024-03-18,61.8390007019043,62.74100112915039,61.04499816894531,61.35599899291992,33442000,60.682600021362305,56.00535980224609,60.634648594547656,59.19966575853663,58.11020801345283,1.4349828360110237,1.6008688234686024,-0.16588598745757865,0.020647643507771152,0.015220737581604452,-0.49874093171053424,0.10416218948073341,1,NFLX
2024-03-19,62.07400131225586,62.12799835205078,60.79999923706055,61.5620002746582,21426000,60.90500030517578,56.2987198638916,60.856087474195064,59.41257950325657,62.10096767859125,1.4435079709384908,1.5693966529625802,-0.12588868202408943,0.0038002006449682213,0.01141326789545797,-0.35930865378864896,0.10258282004149732,1,NFLX
2024-03-20,62.76900100708008,62.95100021362305,61.83399963378906,61.994998931884766,26395000,61.20500030517578,56.58403991699219,61.15038186386968,59.66120331835461,62.29280894596608,1.489178545515074,1.553353031473079,-0.06417448595800512,0.011196308923733023,0.011483969199946686,0.2319144964062354,0.10930575298549061,0,NFLX
2024-03-21,62.27099990844727,63.43600082397461,62.233001708984375,63.06499862670898,25077000,61.34700012207031,56.86527992248535,61.32278463995854,59.8545215842874,51.886696147161565,1.4682630556711445,1.5363350363126922,-0.06807198064154774,-0.007933870073487892,0.011121030239190779,-0.04993369956431137,0.09506187243482511,0,NFLX
2024-03-22,62.80099868774414,62.90499877929688,62.09999847412109,62.41600036621094,21357000,61.57890014648437,57.16463989257812,61.55020218577171,60.07277914750642,56.68495012631207,1.477423038265293,1.5245526367032125,-0.04712959843791942,0.008511165391210884,0.010845300062055828,-0.1483431032420146,0.09859869327888138,0,NFLX
2024-03-25,62.74599838256836,63.04600143432617,62.31600189208984,62.790000915527344,18033000,61.844200134277344,57.435099868774415,61.734170831432735,60.27079538714063,69.48330685664874,1.4633754442921045,1.5123171982209909,-0.04894175392888633,-0.0008757871104765336,0.010394582627234698,-0.15563983705576623,0.09246782065197223,0,NFLX
2024-03-26,62.92399978637695,63.43899917602539,61.917999267578125,62.52000045776367,28045000,62.025799942016604,57.709259872436526,61.917221439885694,60.467329046343316,70.952290234911,1.4498923935423775,1.4998322372852684,-0.049939843742890844,0.002836856666512899,0.00941915389584278,0.555204347584983,0.09036227332437385,1,NFLX
2024-03-27,61.35300064086914,63.1349983215332,61.073001861572266,62.9010009765625,26283000,62.0666000366211,57.973839874267576,61.83041824003699,60.53293434964152,53.13044752487307,1.297483890395469,1.4593625679073086,-0.16187867751183949,-0.024966612911468733,0.012899376710184391,-0.06282759850240682,0.05828768240865556,1,NFLX
2024-03-28,60.733001708984375,61.5,60.15900039672852,61.499000549316406,37088000,62.009800338745116,58.227839889526365,61.66158492756736,60.547754154037285,51.51773633336082,1.1138307735300756,1.390256209031862,-0.27642543550178633,-0.010105437801061101,0.01318163207916818,0.41110223338279495,0.043023437314710034,1,NFLX
2024-04-01,61.430999755859375,61.51100158691406,60.55699920654297,60.79999923706055,21159000,62.09410018920899,58.485839920043944,61.62611028576613,60.61317975417225,57.79902884859547,1.0129305315938808,1.3147910735442658,-0.30186054195038503,0.011492895579566564,0.01310868029639668,-0.42949201898188094,0.05035680157524913,1,NFLX
2024-04-02,61.42100143432617,61.50299835205078,60.55099868774414,61.09999847412109,20292000,62.05230026245117,58.74835998535156,61.59455507785229,60.67301839714662,52.0665519855532,0.9215366807056711,1.236140194976547,-0.31460351427087585,-0.00016275693986644857,0.01124332833460959,-0.04097547143059688,0.04549303928894366,1,NFLX
2024-04-03,63.007999420166016,63.04100036621094,61.150001525878906,61.275001525878906,29312000,62.14570007324219,59.03709999084472,61.81200805359286,60.84597995440732,61.46494371227222,0.966028099185543,1.1821177758183463,-0.21608967663280332,0.02583803501700843,0.014022465055218921,0.44451015178395425,0.06726108548585708,0,NFLX
2024-04-04,61.7140007019043,63.79999923706055,61.65800094604492,63.32099914550781,30643000,62.04020004272461,59.28699996948242,61.79692999948693,60.910277787555245,52.078522560683886,0.8866522119316826,1.1230246630410137,-0.23637245110933103,-0.020537054503710683,0.015150545498152526,0.04540802401746724,0.040936473993812506,1,NFLX
2024-04-05,63.61800003051758,63.79100036621094,62.27099990844727,62.492000579833984,33788000,62.17490005493164,59.4696199798584,62.077094619645486,61.110849805552455,63.61675807409421,0.9662448140930309,1.0916686932514172,-0.12542387915838638,0.030851983455263632,0.018035996506526486,0.10263355415592468,0.06975628988488891,0,NFLX
2024-04-08,62.84099960327149,63.900001525878906,62.81100082397461,63.63899993896485,21457000,62.178900146484374,59.60243995666504,62.19461846328026,61.239009049827935,54.703340118523606,0.9556094134523221,1.0644568372915983,-0.10884742383927626,-0.012213531184151694,0.018427948182644517,-0.3649520539836628,0.05433602464867393,0,NFLX
2024-04-09,61.81999969482422,63.19900131225586,61.5629997253418,63.19900131225586,21436000,62.08630027770996,59.69799995422363,62.13698480659471,61.28204539390174,48.889658187814106,0.8549394126929712,1.022553352371873,-0.1676139396789018,-0.01624735307988512,0.019155853835618984,-0.0009787015892249729,0.03554557509845768,0,NFLX
2024-04-10,61.858001708984375,62.01399993896485,60.93399810791016,61.09700012207031,28062000,61.9797004699707,59.78358001708985,62.094064330039274,61.3247088246486,45.774975558821055,0.7693555053906707,0.9719137829756327,-0.20255827758496203,0.0006147203873787532,0.019115103846190872,0.30910617652547123,0.034698853620033,0,NFLX
2024-04-11,62.87799835205078,63.16600036621094,61.7239990234375,62.44200134277344,26627000,62.13220024108887,59.915439987182616,62.21466956419489,61.43976730815987,52.68512334243778,0.7749022560350198,0.9325114775875102,-0.15760922155249035,0.016489324176119702,0.017929388479480713,-0.05113676858385008,0.04944565817261681,0,NFLX
2024-04-12,62.28300094604492,63.3120002746582,61.891998291015625,62.823001861572266,29593000,62.287200164794925,60.032880020141604,62.22518208447951,61.50222905911432,47.72168252210533,0.722953025365193,0.8905997871430469,-0.16764676177785387,-0.009462728165653411,0.017879858369586183,0.11139069365681453,0.037481475570527056,0,NFLX
2024-04-15,60.71500015258789,63.016998291015625,60.387001037597656,63.016998291015625,30854000,62.215600204467776,60.11216003417969,61.99284640265004,61.44391580677903,42.116295502615884,0.5489305958710062,0.8222659488886388,-0.27333535301763257,-0.02517542137726103,0.0195505159134702,0.04261142837833276,0.010028588526272086,0,NFLX
2024-04-16,61.75199890136719,62.244998931884766,60.75,60.75,35191000,62.24869995117187,60.217919998168945,61.955792940914215,61.46673677674852,45.735072622301566,0.48905616416569586,0.7556239919440503,-0.2665678277783544,0.017079778410164392,0.020375550306777717,0.14056524275620674,0.025475454868665093,0,NFLX
2024-04-17,61.36899948120117,62.09700012207031,60.77099990844727,62.09700012207031,33122000,62.08479995727539,60.321179962158205,61.865517024035285,61.459496977078345,50.06373031107199,0.4060200469569395,0.6857032029466282,-0.27968315598968874,-0.006202218988534458,0.01841211262451551,-0.058793441504930266,0.017370673446711393,0,NFLX
2024-04-18,61.055999755859375,62.132999420166016,60.542999267578125,61.209999084472656,84684000,62.018999862670896,60.43053993225098,61.74097590585437,61.42960829402509,51.31889904827178,0.31136761182928296,0.6108360847231592,-0.29946847289387624,-0.00510029050477967,0.017346277472744566,1.556729666082966,0.010350061811620348,0,NFLX
2024-04-19,55.50400161743164,57.900001525878906,55.21599960327149,56.78799819946289,164497000,61.2076000213623,60.422019958496094,60.781441399943176,60.99067446612928,32.66856996379393,-0.20923306618610127,0.4468222545413071,-0.6560553207274084,-0.09093288392014132,0.030393179384067152,0.9424802796277927,-0.08139447083104212,1,NFLX
2024-04-22,55.459999084472656,55.86100006103516,54.20100021362305,55.06600189208984,85977000,60.46949996948242,60.41415992736816,59.96275796679386,60.58099480822878,32.603731961558665,-0.6182368414349213,0.23381043534606144,-0.8520472767809828,-0.0007927812712005267,0.030644358975830305,-0.47733393314163786,-0.08200330599401784,1,NFLX
2024-04-23,57.775001525878906,57.92100143432617,55.52799987792969,55.64899826049805,49755000,60.06500015258789,60.44701995849609,59.626180052806944,60.37314345398064,35.350767050969935,-0.7469634011736943,0.03765566804211029,-0.7846190692158046,0.04174184059902708,0.03493236050158952,-0.42129871942496244,-0.04420430377629592,0,NFLX
2024-04-24,55.512001037597656,57.69100189208984,55.130001068115234,57.430999755859375,53553000,59.43040008544922,60.44155998229981,58.99322943508244,60.01305883054486,33.53159766952969,-1.0198293954624162,-0.17384134465879503,-0.8459880508036213,-0.039169198243423575,0.03631152770691681,0.07633403678022299,-0.08155909520114579,0,NFLX
2024-04-25,56.47999954223633,56.65399932861328,54.57099914550781,54.94599914550781,38071000,58.79060020446777,60.4621199798584,58.60657868233688,59.7513507351146,30.05476246715915,-1.1447720527777179,-0.36802748628257964,-0.7767445664951382,0.017437643870612085,0.03638999043119604,-0.2890967826265569,-0.06586140940722263,1,NFLX
2024-04-26,56.12300109863281,56.29199981689453,55.31900024414063,55.82099914550781,43326000,58.174600219726564,60.42592002868653,58.22448982330548,59.48258409537521,30.77715363777132,-1.2580942720697266,-0.546040843440009,-0.7120534286297175,-0.00632079402437935,0.036409256250989355,0.1380315725880592,-0.07120982068640336,1,NFLX
2024-04-29,55.94900131225586,55.9640007019043,55.42399978637695,55.917999267578125,25089000,57.69800033569336,60.35798004150391,57.87441466775939,59.22083722255155,32.344980701668646,-1.3464225547921629,-0.7061171857104398,-0.6403053690817231,-0.00310032932970139,0.03603695485789669,-0.4209250796288603,-0.07304715509392967,1,NFLX
2024-04-30,55.06399917602539,56.0,54.9379997253418,56.0,33615000,57.02920036315918,60.29136001586914,57.442043053646465,58.91292329317925,30.559676102117947,-1.4708802395327822,-0.8590697964749083,-0.6118104430578739,-0.01581801489701673,0.035027596781066477,0.33983020447207934,-0.08670165739283153,1,NFLX
2024-05-01,55.17100143432617,56.03900146484375,54.42499923706055,54.78400039672852,34732000,56.40940055847168,60.24452003479004,57.0926520352895,58.63574389622717,26.731488031304423,-1.5430918609376718,-0.9958742093674611,-0.5472176515702107,0.0019432344163510251,0.035241117301895525,0.03322921314889182,-0.08421543731336911,1,NFLX
2024-05-02,56.51499938964844,56.54600143432617,55.55899810791016,55.60200119018555,30682000,55.95530052185059,60.22812004089356,57.00378239749857,58.47865171055467,33.33910716698037,-1.4748693130561037,-1.0916732301051897,-0.383196082950914,0.024360586546940288,0.03689012661449663,-0.1166071634227801,-0.06165094724397824,1,NFLX
2024-05-03,57.93399810791016,58.0260009765625,56.51599884033203,56.59999847412109,33075000,56.198300170898435,60.20986000061035,57.14689250679265,58.43830699924767,41.89731904194435,-1.2914144924550186,-1.1316214825751554,-0.15979300987986322,0.02510835589819793,0.02333974929924653,0.07799361188970733,-0.03779882385836997,1,NFLX
2024-05-06,59.696998596191406,59.73400115966797,58.025001525878906,58.18199920654297,36863000,56.62200012207031,60.23667999267578,57.53921652054631,58.5315434138361,44.25560410921802,-0.9923268932897855,-1.1037625647180813,0.1114356714282958,0.03043118973072434,0.024601661287007984,0.11452758881330305,-0.008959348299906189,1,NFLX
2024-05-07,60.59999847412109,60.60499954223633,59.13199996948242,59.62799835205078,36141000,56.90449981689453,60.273379974365234,58.010106051865506,58.68476230719054,47.91111820338071,-0.6746562553250328,-1.0179413028394717,0.3432850475144389,0.015126386571590489,0.021783249771826958,-0.019586034777419048,0.005418951117305282,1,NFLX
2024-05-08,60.946998596191406,61.821998596191406,60.16299819946289,60.16299819946289,30939000,57.44799957275391,60.28897994995117,58.461935674069494,58.85233536563505,49.704459767680184,-0.39039969156555543,-0.8924329805846886,0.5020332890191331,0.005726074765802336,0.01534292717364208,-0.1439362496887192,0.010914410009698061,1,NFLX
2024-05-09,61.20899963378906,61.571998596191406,60.57500076293945,61.43999862670898,20654000,57.92089958190918,60.320199966430664,58.88456089864173,59.02690308920201,71.69035030748752,-0.14234219056027797,-0.7424148225798065,0.6000726320195285,0.004298834128544371,0.015147989107777898,-0.332428326707392,0.014734693649109731,0,NFLX
2024-05-10,61.08700180053711,62.39799880981445,60.50600051879883,61.900001525878906,26536000,58.41729965209961,60.336100006103514,59.223397960471786,59.179502993745345,71.26767963233112,0.043894966726441,-0.585152864718557,0.629047831444998,-0.001993135551664915,0.014744262381114355,0.28478745037280917,0.012445315397542123,1,NFLX
2024-05-13,61.65900039672852,61.821998596191406,60.68299865722656,61.43000030517578,20862000,58.98829956054688,60.330600051879884,59.59810602758821,59.3631694680404,66.90754022354812,0.2349365595478119,-0.4211349798652832,0.6560715394130952,0.009363671146590535,0.0141597334331576,-0.2138227313837805,0.022018682786286048,1,NFLX
2024-05-14,61.36600112915039,62.14799880981445,60.84000015258789,61.516998291015625,27924000,59.618499755859375,60.32626007080078,59.87008988936701,59.51152736886336,80.75873871194165,0.35856252050364645,-0.26519547979149727,0.6237580002951437,-0.004751930224183076,0.012231569295737274,0.33851020995110725,0.017235297814406803,1,NFLX
2024-05-15,61.35200119018555,62.40999984741211,60.90999984741211,61.85699844360352,56706000,60.23659973144531,60.35630012512207,60.098076243339094,59.64785876303537,78.45131781315546,0.45021748030372066,-0.12211288777245369,0.5723303680761743,-0.00022813836175150648,0.01242715772041067,1.03072625698324,0.01649705271859503,1,NFLX
2024-05-16,61.05199813842773,61.83399963378906,60.90900039672852,61.57500076293945,30564000,60.690299606323244,60.38196006774902,60.24483345796811,59.75186908713851,78.97705126853793,0.4929643708296041,0.000902563947957874,0.49206180688164625,-0.0048898657898353015,0.012307932216907303,-0.46100941699291076,0.011096659828977451,1,NFLX
2024-05-17,62.11000061035156,62.57899856567383,61.47100067138672,61.70000076293945,37827000,61.107899856567386,60.40714004516602,60.53178225064249,59.926545496265405,82.8096540364713,0.6052367543770885,0.12176940203378399,0.48346735234330446,0.017329530632641088,0.0112982120330522,0.23763250883392217,0.028189723332578298,1,NFLX
2024-05-20,64.08200073242188,64.43699645996094,61.95199966430664,62.040000915527344,38579000,61.54640007019043,60.47914009094238,61.07796970937778,60.234356995239956,93.04123739495098,0.8436127141378265,0.2661380644545925,0.5774746496832339,0.03175012240688413,0.011605130388902148,0.019879979908530965,0.059571955488485484,1,NFLX
2024-05-21,65.06099700927734,65.08799743652344,63.422000885009766,63.67599868774414,29202000,61.992499923706056,60.57850006103516,61.69074314013156,60.59188588516865,93.57595731356187,1.0988572549629083,0.43268190255625566,0.6661753524066527,0.015277242683843895,0.01161670985691883,-0.2430596956893647,0.0739948487289368,1,NFLX
2024-05-22,64.0469970703125,64.92500305175781,63.8120002746582,64.71399688720703,21762000,62.302499771118164,60.637279968261716,62.053243744774775,60.84782004703116,84.18042850089768,1.205423697743612,0.5872302615937269,0.618193436149885,-0.01558537350450151,0.013685407143375128,-0.2547770700636943,0.056231366311870756,1,NFLX
2024-05-23,63.56700134277344,64.27100372314453,63.0,64.23400115966797,23139000,62.5382999420166,60.68972000122071,62.28612952908226,61.049240883752816,77.9442711006347,1.2368886453294436,0.7171619383408703,0.5197267069885734,-0.007494429863934338,0.014254321158736179,0.06327543424317628,0.04740969873472567,1,NFLX
2024-05-24,64.67500305175781,65.19999694824219,63.7599983215332,63.93999862670898,26153000,62.89710006713867,60.75720008850098,62.6536485325708,61.317815859160596,76.41132525165509,1.3358326734102022,0.8408960853547367,0.4949365880554655,0.01743045425423917,0.014682382506611745,0.13025627728078137,0.0644829412407093,0,NFLX
2024-05-28,64.9000015258789,64.9749984741211,64.3030014038086,64.70500183105469,26095000,63.221200180053714,60.84344009399414,62.99924130077204,61.58316294558418,74.5826990766385,1.4160783551878637,0.9559325393213622,0.4601458158665015,0.0034789093699931772,0.014642452637364753,-0.002217718808549707,0.0666721248111215,0,NFLX
2024-05-29,65.46199798583984,66.42500305175781,64.38899993896484,64.41300201416016,36959000,63.63079986572266,60.91590003967285,63.378126944628626,61.87048405967719,75.19252299846315,1.5076428849514372,1.0662746084473773,0.44136827650405985,0.008659421367453124,0.01423494925446392,0.4163249664686721,0.07462908605481067,0,NFLX
2024-05-30,64.76599884033203,65.64900207519531,64.4729995727539,65.35199737548828,23889000,63.97219963073731,60.96973999023437,63.59164569781377,62.08496663602199,68.93029997888611,1.506679061791779,1.1543554991162577,0.35232356267552123,-0.010632109726598449,0.01513874959141246,-0.3536351091750318,0.06226463899478185,1,NFLX
2024-05-31,64.16200256347656,64.85800170898438,62.83000183105469,64.4010009765625,40710000,64.28320007324218,60.9976000213623,63.679392907915734,62.238821149166775,65.56649118084279,1.440571758748959,1.2115987510427981,0.2289730077061609,-0.009325823544303002,0.015537806852986951,0.7041316086901921,0.05187749257357721,0,NFLX
2024-06-03,63.37900161743164,64.6780014038086,62.72700119018555,64.52200317382812,23235000,64.4101001739502,61.019760055541994,63.63317886322588,62.323278961630834,58.52499483835539,1.3098999015950454,1.2312589811532477,0.07864092044179771,-0.012203499185834854,0.01575781564659794,-0.42925571112748706,0.038663566683025286,1,NFLX
2024-06-04,63.1619987487793,63.52299880981445,62.64400100708008,63.37799835205078,30082000,64.31809997558594,61.026980056762696,63.56068961484948,62.38540635327146,58.969230933359334,1.1752832615780164,1.2200638372382016,-0.04478057566018512,-0.003423892190069777,0.011855322448963613,0.29468474284484625,0.03498483277446751,1,NFLX
2024-06-05,65.0270004272461,65.125,62.82500076293945,63.402000427246094,26826000,64.31470031738282,61.07260009765625,63.78627589367973,62.581079988380694,65.4893397127094,1.2051959052990355,1.2170902508503685,-0.011894345551332952,0.029527274554509653,0.014615372482188074,-0.10823748420982648,0.06474917267754576,0,NFLX
2024-06-06,64.85199737548828,65.79900360107422,64.42400360107422,64.48899841308594,24667000,64.39520034790038,61.111160049438475,63.9502330447272,62.7492960911294,66.18674735013627,1.2009369535977967,1.2138595913998542,-0.01292263780205749,-0.00269123672640581,0.013618140387957186,-0.0804816223067174,0.061213652678553165,1,NFLX
2024-06-07,64.14700317382812,65.04000091552734,64.02400207519531,64.93800354003906,18766000,64.45320053100586,61.16704010009766,63.980505372281186,62.85282994910708,58.94600312413512,1.1276754231741037,1.1966227577547042,-0.06894733458060043,-0.010870817094164265,0.01390023993784766,-0.2392264969392306,0.04871844491500421,1,NFLX
2024-06-10,64.44999694824219,64.47899627685547,63.55899810791016,64.10099792480469,20644000,64.43069992065429,61.241380004882814,64.05273484550595,62.971138615709684,51.893767771004626,1.0815962297962685,1.1736174521630172,-0.0920212223667487,0.004723428366450788,0.012765303895515516,0.10007460300543536,0.0523929562512071,1,NFLX
2024-06-11,64.8550033569336,65.01899719238281,64.052001953125,64.0719985961914,21674000,64.42620010375977,61.3098600769043,64.17616077034097,63.11068415209664,48.87336544102736,1.0654766182443325,1.1519892853792801,-0.08651266713494765,0.006284040773759214,0.012887219498641049,0.04989343150552217,0.05782337907120372,1,NFLX
2024-06-12,65.00599670410156,65.5780029296875,64.31099700927734,65.22100067138672,20944000,64.38059997558594,61.381559982299805,64.30382783707337,63.251077674467375,55.791771222778934,1.0527501626059959,1.1321414608246232,-0.07939129821862734,0.0023281680572424523,0.012566310306387902,-0.03368090800036916,0.05904764758091696,1,NFLX
2024-06-13,65.32599639892578,65.5250015258789,64.23500061035156,64.4000015258789,18636000,64.43659973144531,61.427919921875,64.46108453889681,63.40477535776059,60.832600369113266,1.0563091811362213,1.116975004886943,-0.060665823750721604,0.004922618082156438,0.012146126415483089,-0.11019862490450727,0.06345773195655036,1,NFLX
2024-06-14,66.93800354003906,67.55799865722656,65.26399993896484,65.50499725341797,44471000,64.71419982910156,61.5323999786377,64.842149000611,63.6664959638553,63.12189610460852,1.1756530367557048,1.1287106112606953,0.04694242549500949,0.024676349845002665,0.013626160111548213,1.3862953423481432,0.08784971109981132,0,NFLX
2024-06-17,67.58300018310547,68.27100372314453,66.51100158691406,66.91100311279297,36312000,65.13459968566895,61.611699981689455,65.26381841330246,63.95660738750346,64.83468504989948,1.307211025798999,1.164410694168356,0.14280033163064298,0.009635731706288508,0.0123750176180558,-0.18346787794292907,0.09691828342978104,0,NFLX
2024-06-18,68.56700134277344,68.70600128173828,67.46399688720703,67.56300354003906,29438000,65.67509994506835,61.726220016479495,65.77200040245184,64.29811805085679,66.40255973741654,1.4738823515950514,1.2263050256536951,0.24757732594135629,0.014559891644377654,0.01207386748887843,-0.18930381141220531,0.11082456247065853,0,NFLX
2024-06-20,67.90299987792969,68.98799896240234,67.37200164794922,68.18000030517578,25851000,65.96269989013672,61.8478800201416,66.09984647560228,64.56514633434367,66.62780390196716,1.534700141258611,1.2879840487746783,0.24671609248393267,-0.009683979929709041,0.010707355328488379,-0.12184931041510971,0.09790343429420956,1,NFLX
2024-06-21,68.61199951171875,68.69000244140625,67.80999755859375,68.32599639892578,45064000,66.33870010375976,61.98295997619629,66.48633155808173,64.86491323637145,73.3277207408622,1.62141832171028,1.3546709033617987,0.26674741834848126,0.010441359513771786,0.010546706521323522,0.7432207651541527,0.10694938638084173,0,NFLX
2024-06-24,66.9020004272461,68.55000305175781,66.44999694824219,68.5,39163000,66.61419982910157,62.063440017700195,66.55028061487624,65.01580858384364,66.83229220471273,1.5344720310326068,1.3906311288959603,0.14384090213664646,-0.024922740871013316,0.013517720789955917,-0.13094709746138822,0.07796152466195827,1,NFLX
2024-06-25,67.24099731445312,67.36699676513672,66.2300033569336,67.34400177001953,22706000,66.89329986572265,62.16259994506836,66.65654472250345,65.1806373787036,69.26419576574496,1.4759073437998609,1.4076863718767405,0.06822097192312038,0.005067066530778597,0.013519363411846511,-0.420218062967597,0.08169538233395035,1,NFLX
2024-06-26,67.76899719238281,68.2959976196289,67.00199890136719,67.24099731445312,35458000,67.18469924926758,62.303679885864256,66.82769125633105,65.37236773527242,64.82161636073457,1.4553235210586308,1.4172138017131186,0.038109719345512216,0.007852350485827664,0.013553592118421894,0.5616136703954901,0.08772061805226627,1,NFLX
2024-06-27,68.43399810791016,68.85700225830078,67.81400299072266,67.93499755859375,24048000,67.52749938964844,62.437319869995115,67.07481538734322,65.59915517028263,68.38811254543175,1.475660217060593,1.4289030847826134,0.04675713227797962,0.009812760156971745,0.013627544762231462,-0.32178915900502003,0.09604317178253519,1,NFLX
2024-06-28,67.48799896240234,68.69999694824219,67.30799865722656,67.9000015258789,34124000,67.74369964599609,62.559699859619144,67.13838209119847,65.73906952525446,66.73678690810249,1.399312565944001,1.422984981014891,-0.023672415070889796,-0.01382352590325231,0.014904960360002583,0.4189953426480373,0.07877753751763605,1,NFLX
2024-07-01,67.36100006103516,67.50199890136719,66.37799835205078,67.48899841308594,22128000,67.7859992980957,62.68579986572266,67.17263100963488,65.85921252790489,64.84448252008892,1.3134184817299968,1.401071681157912,-0.08765319942791527,-0.001881799776549009,0.01291879692286741,-0.35154143711171026,0.07458148743937398,1,NFLX
2024-07-02,67.95800018310547,68.17400360107422,67.00700378417969,67.35399627685547,24114000,67.8234992980957,62.934879837036135,67.29345703632266,66.01467828014196,65.51964930864533,1.2787787561806994,1.3766130961624696,-0.09783433998177027,0.008862696835399975,0.012861610473600293,0.0897505422993492,0.07981456958488242,0,NFLX
2024-07-03,68.2509994506836,68.375,67.55000305175781,67.74800109863281,14035000,67.79189910888672,63.19069984436035,67.44077125391665,66.1803317001821,66.00257799643174,1.2604395537345567,1.3533783876768872,-0.09293883394233049,0.00431147571718804,0.01200816833776881,-0.4179729617649498,0.08007981583978085,0,NFLX
2024-07-05,69.06500244140625,69.7490005493164,67.7229995727539,68.2509994506836,26591000,67.90809936523438,63.4164998626709,67.6906529750689,66.39401101434684,67.58207892865624,1.2966419607220558,1.342031102285921,-0.0453891415638652,0.011926609093993346,0.01209527949900774,0.8946205913786962,0.08906992014644843,0,NFLX
2024-07-08,68.5739974975586,68.88600158691406,68.14900207519531,68.69999694824219,19308000,67.90429916381837,63.67773979187012,67.826552132375,66.55549149458476,58.5996308823612,1.2710606377902423,1.3278370093867853,-0.05677637159654303,-0.007109316245434427,0.011969036771489904,-0.27388966191568576,0.07689119811243028,0,NFLX
2024-07-09,68.5739974975586,69.5270004272461,68.47200012207031,69.0,25961000,68.07149887084961,63.919619750976565,67.94154372701863,66.70501045776801,55.588117871376745,1.2365332692506144,1.3095762613595512,-0.07304299210893683,0.0,0.008202891455415596,0.3445721980526206,0.07281610505060798,0,NFLX
2024-07-10,67.76499938964844,68.72200012207031,67.31600189208984,68.50199890136719,26519000,68.12389907836913,64.15245971679687,67.91438305973091,66.78352815642582,45.3865518337052,1.1308549033050923,1.2738319897486594,-0.1429770864435671,-0.01179744709995878,0.009279814510666196,0.02149377913023387,0.05631178740143783,0,NFLX
2024-07-11,65.2750015258789,67.2490005493164,64.74400329589844,67.2490005493164,51066000,67.87449951171875,64.33897972106934,67.50832436221522,66.67178544305197,37.50713578482752,0.836538919163246,1.1863733756315766,-0.34983445646833067,-0.03674460099161303,0.014671889432402102,0.9256382216524002,0.014548284863507899,0,NFLX
2024-07-12,64.76000213623047,65.59200286865234,64.37100219726562,65.2750015258789,33552000,67.50709991455078,64.53289978027344,67.08550555821756,66.5301718647689,31.344448328279825,0.5553336934486595,1.0601654391949933,-0.5048317457463338,-0.007889687899038322,0.01391630424489992,-0.3429679238632358,0.003519171720630654,0,NFLX
2024-07-15,65.6449966430664,66.75399780273438,64.66300201416016,64.75,32088000,67.32279968261719,64.74237968444824,66.86388880204046,66.46460332982798,43.38348920366378,0.39928547221248323,0.9279894457984913,-0.5287039735860081,0.013665757838831505,0.014760131899523644,-0.043633762517882646,0.013941671020087476,0,NFLX
2024-07-16,65.63200378417969,66.36799621582031,64.91300201416016,66.18000030517578,26857000,67.14990005493163,64.92471977233886,66.67436803006188,66.40292928940958,41.2297204908502,0.2714387406523002,0.7966793047692531,-0.5252405641169529,-0.00019792611091695722,0.014779659735421955,-0.16302044377960612,0.010893909351029185,0,NFLX
2024-07-17,64.74600219726562,65.04499816894531,63.946998596191406,65.0,40173000,66.82870025634766,65.06095985412598,66.37769636347784,66.28019394925077,34.14123399234418,0.09750241422706551,0.6568439266608156,-0.5593415124337501,-0.013499535833577991,0.0145599920137288,0.49581114793163783,-0.004840962346183142,0,NFLX
2024-07-18,64.30400085449219,65.7040023803711,63.91699981689453,65.66000366210938,75758000,66.43400039672852,65.15309989929199,66.05866628517235,66.13380927556496,27.814776351477065,-0.07514299039260663,0.5104465432501312,-0.5855895336427378,-0.0068266970588665155,0.014213080976466595,0.8857939412042914,-0.013032366013470797,0,NFLX
2024-07-19,63.33399963378906,67.89700317382812,62.9119987487793,66.06400299072266,98156000,65.8609001159668,65.20777992248536,65.63948680034414,65.92641596876675,27.743236183566708,-0.28692916842260274,0.35097140091558443,-0.6379005693381872,-0.015084616941612339,0.012972455542802973,0.2956519443491117,-0.028735532645394746,0,NFLX
2024-07-22,64.75,65.62899780273438,63.2599983215332,63.95000076293945,52191000,65.47850036621094,65.28383995056153,65.50264267721428,65.8392740451544,37.70830714416553,-0.3366313679401145,0.21345084714444468,-0.5500822150845592,0.022357665304552965,0.01626463597377345,-0.4682851786951383,-0.008177214314687986,0,NFLX
2024-07-23,64.2760009765625,64.99099731445312,64.0999984741211,64.75,24636000,65.04870071411133,65.34517997741699,65.3139285694217,65.72347604007352,32.463319217466946,-0.40954747065181607,0.08885118358519253,-0.4983986542370086,-0.007320448238417043,0.016148826846315342,-0.5279645915962523,-0.016362017844682608,0,NFLX
2024-07-24,63.5989990234375,65.24199676513672,63.266998291015625,63.57400131225586,48882000,64.63210067749023,65.395419921875,65.05009325465491,65.56610737217456,28.62524319492401,-0.5160141175196458,-0.032121876635775135,-0.4838922408838706,-0.010532732946031631,0.016106178964639478,0.984169508037019,-0.027470133238437944,0,NFLX
2024-07-25,63.40900039672852,64.99800109863281,62.16999816894531,64.0999984741211,45545000,64.4455005645752,65.430419921875,64.79761743035854,65.40632167028967,22.431241123793328,-0.6087042399311287,-0.14743834929484584,-0.4612658906362828,-0.0029874468093272766,0.012011873609991211,-0.06826643754347206,-0.030894185419566123,0,NFLX
2024-07-26,63.137001037597656,64.6989974975586,62.97700119018555,64.5,31207000,64.28320045471192,65.46583992004395,64.5421379853184,65.23822384564582,22.9205900458266,-0.6960858603274147,-0.2571678515013596,-0.4389180088260551,-0.004289601750998462,0.011896830502001025,-0.31480952903721593,-0.03557334459147843,0,NFLX
2024-07-29,62.69599914550781,63.46099853515625,62.39300155639648,63.46099853515625,24005000,63.98830070495605,65.49271987915039,64.25811662534755,65.04991090489486,21.95608288385617,-0.7917942795473039,-0.36409313711054847,-0.4277011424367554,-0.006984840661456659,0.010494036451884278,-0.23078155542025824,-0.04270277274792045,0,NFLX
2024-07-30,62.257999420166016,63.46900177001953,61.70000076293945,63.016998291015625,34966000,63.650900268554686,65.51683990478516,63.95040628608886,64.8431026467668,22.761867780926195,-0.8926963606779381,-0.4698137818240264,-0.42288257885391173,-0.006986087331111279,0.010401340445030471,0.45661320558217033,-0.04974050166881028,0,NFLX
2024-07-31,62.834999084472656,63.36000061035156,62.257999420166016,62.65700149536133,31349000,63.45979995727539,65.53133987426757,63.7788051781479,64.694354234745,35.11465979064755,-0.9155490565971078,-0.5589608367786427,-0.3565882198184651,0.009267879946038615,0.010867870461671867,-0.10344334496367902,-0.041145821144024874,0,NFLX
2024-08-01,62.48500061035156,64.6709976196289,61.76100158691406,62.92499923706055,37206000,63.27789993286133,65.49939987182617,63.57975832156385,64.53069841071586,35.83610889973572,-0.9509400891520059,-0.6373566872533154,-0.3135834018986905,-0.005570119825267672,0.010825101525840975,0.18683211585696524,-0.046021784434260415,1,NFLX
2024-08-02,61.36399841308594,62.527000427246094,60.834999084472656,62.09799957275391,35230000,63.08089981079102,65.42545989990235,63.23887218179802,64.29612804052105,24.10790422786856,-1.0572558587230318,-0.7213365215472587,-0.33591933717577316,-0.017940340662810472,0.011215433539440078,-0.05310971348707194,-0.06207769105529015,1,NFLX
2024-08-05,59.85499954223633,60.45600128173828,58.70399856567383,58.70399856567383,40442000,62.59139976501465,65.34161994934082,62.718276391096225,63.967155559166635,20.413798546719377,-1.2488791680704097,-0.826845050851889,-0.4220341172185207,-0.0245909476219498,0.008978710607503507,0.14794209480556342,-0.08396823359075356,1,NFLX
2024-08-06,60.95700073242188,62.244998931884766,60.0620002746582,60.0620002746582,43191000,62.25949974060059,65.28941993713379,62.447310905146324,63.74418112755591,31.015131868669613,-1.2968702224095878,-0.9208500851634288,-0.376020137246159,0.018411180329354737,0.01222839774834321,0.06797388853172448,-0.06635714038941576,1,NFLX
2024-08-07,61.14799880981445,63.20000076293945,61.06399917602539,61.60699844360352,31878000,62.014399719238284,65.21887985229492,62.247416736633724,63.551871326241724,33.778773454132065,-1.3044545896079995,-0.997570986052343,-0.3068836035556566,0.003133324722306874,0.012331930321574576,-0.2619295686601375,-0.06241875131403718,1,NFLX
2024-08-08,63.03499984741211,63.229000091552734,61.60200119018555,62.19900131225586,32835000,61.97699966430664,65.18157981872558,62.36858336906117,63.51358455003212,48.59558584537737,-1.1450011809709508,-1.0270570250360644,-0.11794415593488639,0.030859571438579758,0.016527375612702008,0.03002070393374745,-0.0329323096691313,1,NFLX
2024-08-09,63.39400100708008,63.6619987487793,62.29899978637695,62.29899978637695,19808000,62.00269966125488,65.1402198791504,62.526339928756386,63.50472650981345,42.92866700060515,-0.978386581057066,-1.0173229362402647,0.03893635518319871,0.005695267082366895,0.0165724627521479,-0.39674128216841786,-0.02680707672325855,1,NFLX
2024-08-12,63.31399917602539,63.900001525878906,62.70700073242188,63.09999847412109,23317000,62.06449966430664,65.11117988586426,62.647518274490075,63.490598559162486,44.7683196875883,-0.8430802846724106,-0.9824744059266939,0.1393941212542833,-0.0012619779440290468,0.0163818591597933,0.17715064620355414,-0.027601722361493275,1,NFLX
2024-08-13,64.802001953125,65.09700012207031,63.54999923706055,63.85599899291992,26396000,62.318899917602536,65.12397987365722,62.97897730197237,63.58773955130786,56.012005710032824,-0.6087622493354914,-0.9077319746084535,0.29896972527296206,0.02350195527789478,0.017507745175430064,0.13204957756143587,-0.004944076224408733,1,NFLX
2024-08-14,66.16799926757812,66.35700225830078,64.87000274658203,64.87000274658203,40143000,62.65219993591309,65.17975982666016,63.469596065911716,63.77886990066122,62.33788565328329,-0.3092738347495043,-0.7880403466366637,0.47876651188715935,0.021079554231074882,0.018273058894120373,0.5207986058493712,0.01516175333487113,1,NFLX
2024-08-15,66.3219985961914,67.31900024414062,65.9800033569336,66.8489990234375,32102000,63.03589973449707,65.2429598236084,63.908427224416286,63.96724980403383,64.394813971932,-0.05882257961754078,-0.6421967932328391,0.5833742136152983,0.002327398898529731,0.01791672236849211,-0.20030889569788013,0.016538777141630323,1,NFLX
2024-08-16,67.40699768066406,68.02300262451172,66.53600311279297,66.94300079345703,35110000,63.64019966125488,65.29055976867676,64.4466688330698,64.22204594304347,70.12043324687512,0.22462289002632474,-0.4688328565810064,0.6934557466073311,0.016359565565549294,0.015976642726621252,0.09370132702012346,0.032415680298741645,1,NFLX
2024-08-19,68.85299682617188,68.88400268554688,67.29100036621094,67.40699768066406,30162000,64.53999938964844,65.37057975769044,65.1245654473932,64.56507934179372,75.93392578396303,0.5594861055994755,-0.26316906414491004,0.8226551697443856,0.021451766066753697,0.010858665072940083,-0.1409285103958986,0.05327193182911549,0,NFLX
2024-08-20,69.85399627685547,71.13300323486328,68.82499694824219,68.88600158691406,48131000,65.4296989440918,65.48471961975098,65.85217019038738,64.9568509666131,76.7105457987231,0.8953192237742797,-0.031471406561072085,0.9267906303353518,0.014538211796514044,0.010758630373171867,0.5957496187255487,0.06672207932591756,0,NFLX
2024-08-21,69.71199798583984,70.0999984741211,69.13800048828125,69.69999694824219,22353000,66.28609886169434,65.58995964050293,66.44598985122622,65.30908407914842,77.9444648980584,1.136905772077796,0.20220402916670152,0.9347017429110944,-0.002032786935379338,0.01142919078160115,-0.5355799796389021,0.06284556916835626,0,NFLX
2024-08-22,68.89600372314453,70.1500015258789,68.6240005493164,69.0999984741211,27294000,66.87219924926758,65.67077964782715,66.82291506229058,65.57478183055554,79.82738075815419,1.2481332317350393,0.4113898696803691,0.8367433620546703,-0.011705219851266602,0.01205213291284348,0.2210441551469602,0.0491120113483241,1,NFLX
2024-08-23,68.6729965209961,69.60700225830078,67.86299896240234,69.41300201416016,23545000,67.40009880065918,65.74411964416504,67.1075429790145,65.80427921503261,88.88005670241292,1.3032637639818887,0.5897646485406731,0.7134991154412156,-0.003236867018362677,0.012640516304772921,-0.13735619550084266,0.0445496402215646,1,NFLX
2024-08-26,68.84400177001953,69.05899810791016,68.16400146484375,68.72599792480469,13542000,67.95309906005859,65.81447975158692,67.37469048532296,66.02944384873534,87.88547337189196,1.3452466365876177,0.7408610461500621,0.6043855904375556,0.0024901381574511383,0.01238477445269938,-0.42484603949883204,0.04603123856433089,0,NFLX
2024-08-27,69.5719985961914,70.78900146484375,68.69200134277344,68.85299682617188,31649000,68.43009872436524,65.86715965270996,67.71273788699503,66.29185531150986,88.47979859407569,1.420882575485166,0.8768653520170828,0.5440172234680831,0.010574586128851537,0.011266431217759483,1.3370993944764438,0.05624713382231028,0,NFLX
2024-08-28,68.38400268554688,69.66699981689453,67.70999908447266,69.58300018310547,24306000,68.65169906616211,65.8831797027588,67.81600939446454,66.44682919106816,76.10034141305768,1.3691802033963825,0.9753283222929428,0.3938518811034397,-0.017075776671874543,0.012437881631397057,-0.2320136497203703,0.037958443931681796,0,NFLX
2024-08-29,69.24800109863281,69.9800033569336,68.60700225830078,69.0,21870000,68.94429931640624,65.89679969787598,68.03631581049044,66.65432340644332,77.22285512765157,1.3819924040471108,1.0566611386437763,0.32533126540333446,0.01263451069190702,0.012764739196438718,-0.10022216736608247,0.050855298225732426,0,NFLX
2024-08-30,70.13500213623047,70.18599700927734,68.81600189208984,70.03600311279297,32667000,69.21709976196288,65.941439743042,68.35919062983506,66.91215146050163,79.50517487585479,1.4470391693334221,1.1347367447817054,0.31230242455171675,0.012809048976507809,0.012440373568804128,0.493689986282579,0.06359525071836125,0,NFLX
2024-09-03,67.53199768066406,70.38600158691406,67.10099792480469,70.01000213623047,31610000,69.0849998474121,65.9198397064209,68.23193017611644,66.95806599532848,60.770067047675006,1.2738641807879532,1.162562231982955,0.11130194880499822,-0.037114199419432836,0.016468572874055613,-0.03235681268558488,0.02445633941804215,0,NFLX
2024-09-04,67.96800231933594,68.46499633789062,67.30599975585938,67.33100128173828,17853000,68.89640045166016,65.94115974426269,68.1913258904579,67.03287609340312,57.66349858053283,1.1584497970547858,1.161739744997321,-0.003289947942535232,0.0064562674531500885,0.015760113970834794,-0.43521037646314453,0.030737138729950653,1,NFLX
2024-09-05,68.36199951171875,68.73100280761719,67.18599700927734,67.31400299072266,18101000,68.76140060424805,65.96357978820801,68.21758337065188,67.13132967994501,58.51135146078317,1.0862536907068687,1.1466425341392306,-0.06038884343236184,0.005796804068651129,0.015985405568794357,0.013891222763681155,0.036359756872071713,1,NFLX
2024-09-06,66.5770034790039,68.31500244140625,66.23400115966797,68.18599700927734,29913000,68.52950057983398,65.93973991394043,67.96518646424451,67.0902684798753,46.728183832105174,0.8749179843692048,1.0922976241852254,-0.2173796398160206,-0.026110939490715968,0.017546403816287654,0.6525606320092812,0.009664332402511633,1,NFLX
2024-09-09,67.54199981689453,68.3499984741211,67.21399688720703,67.4000015258789,26831000,68.41640090942383,65.92189994812011,67.90008082619066,67.12373006039525,44.62838025822287,0.7763507657954136,1.029108252507263,-0.2527574867118494,0.01449443933286898,0.018424898302243264,-0.1030321265001839,0.024576049386462184,1,NFLX
2024-09-10,67.36199951171875,68.05899810791016,66.58100128173828,67.68699645996094,20792000,68.26820068359375,65.91937995910645,67.81729908550267,67.14137964938217,39.05290104104873,0.6759194361204948,0.9584704892299094,-0.28255105310941464,-0.0026650129647295406,0.01837275721924209,-0.22507547240132686,0.021884604398694885,1,NFLX
2024-09-11,68.14700317382812,68.2969970703125,66.08000183105469,67.74600219726562,23919000,68.12570114135742,65.9351000213623,67.86802279139889,67.21587028082261,43.49274589012024,0.652152510576272,0.897206893499182,-0.24505438292291004,0.011653508918968658,0.018457906370282284,0.1503943824547902,0.03354667167789516,1,NFLX
2024-09-12,68.68000030517578,69.48799896240234,68.22000122070312,68.49199676513672,25821000,68.15530090332031,65.9495400238037,67.99294240890302,67.32432435670063,49.080210623710244,0.6686180522023903,0.8514891252398238,-0.18287107303743344,0.007821284965211062,0.017854553827335445,0.07951837451398469,0.04140226422180571,1,NFLX
2024-09-13,69.70600128173828,69.96399688720703,68.0,68.0009994506836,22765000,68.20110092163085,65.97864006042481,68.25648992780074,67.50074486966638,54.11719773423066,0.7557450581343659,0.8323403118187322,-0.07659525368436637,0.014938860978502166,0.01804134659386562,-0.11835327833933618,0.05649345330397626,1,NFLX
2024-09-16,69.6500015258789,70.302001953125,68.86299896240234,70.0,18437000,68.1526008605957,65.99034004211425,68.47087632750508,67.65994906642287,53.24215700235203,0.8109272610822131,0.8280577016714284,-0.017130440589215312,-0.0008033706543147945,0.017541865463108007,-0.19011640676477048,0.05545753335153436,1,NFLX
2024-09-17,70.69100189208984,70.76300048828125,69.83699798583984,70.08200073242188,22986000,68.46850128173828,66.03268013000488,68.81243410667197,67.88447149795375,54.39066008082623,0.927962608718218,0.8480386830807864,0.07992392563743156,0.014946164298706321,0.012480885734917605,0.24673211476921408,0.07054570180876629,1,NFLX
2024-09-18,69.0469970703125,70.75499725341797,68.80000305175781,70.75499725341797,29844000,68.57640075683594,66.04214012145997,68.84852071646282,67.97058450331366,52.51153165859354,0.8779362131491553,0.8540181890944603,0.02391802405469501,-0.02325621051865867,0.015236395965460763,0.29835552075176186,0.04549908502853195,1,NFLX
2024-09-19,70.43199920654297,71.56600189208984,69.53700256347656,70.5,42285000,68.78340072631836,66.09548011779785,69.09213279185977,68.15291151836767,54.314859125990026,0.9392212734920946,0.8710588059739872,0.0681624675181074,0.020058832317067843,0.016295119991886053,0.41686771210293516,0.06560991887821088,1,NFLX
2024-09-20,70.10299682617188,70.66699981689453,69.63099670410156,70.55500030517578,39981000,69.13600006103516,66.19204002380371,69.2476503356001,68.29736228190873,49.87841784959288,0.9502880536913665,0.8869046555174631,0.06338339817390337,-0.004671206043808107,0.013125853620078728,-0.054487406881873035,0.059085001776070456,1,NFLX
2024-09-23,70.53700256347656,71.2249984741211,69.91600036621094,70.23899841308594,32243000,69.43550033569336,66.30758003234864,69.44601221681187,68.46326156202487,63.66779653488572,0.9827506547869973,0.90607385537137,0.07667679941562733,0.006190972668127959,0.012732949509280948,-0.19354193241789852,0.06378490255660929,1,NFLX
2024-09-24,72.22599792480469,72.24400329589844,70.44499969482422,70.66300201416016,35657000,69.92190017700196,66.4392000579834,69.87370232573384,68.74198277408263,67.38524759704643,1.1317195516512157,0.9512029946273391,0.1805165570238766,0.023944813359600747,0.013821445094517658,0.10588344757001522,0.08709915022713965,0,NFLX
2024-09-25,72.15599822998047,72.51200103759766,71.62100219726562,72.0999984741211,22598000,70.32279968261719,66.56967994689941,70.22482477254101,68.99487280785284,65.9117481238493,1.2299519646881691,1.0069527886395053,0.22299917604866382,-0.0009691758762142566,0.013933532047415034,-0.36623944807471187,0.08391685655597403,0,NFLX
2024-09-26,71.14299774169922,72.5260009765625,70.1719970703125,72.4729995727539,28330000,70.56909942626953,66.69761985778808,70.36608215241151,69.15399317332295,70.47529378276703,1.2120889790885627,1.047980026729317,0.16410895235924583,-0.01403903366498438,0.015238411927257202,0.25365076555447374,0.06664972293448423,0,NFLX
2024-09-27,70.73500061035156,71.07099914550781,70.125,70.83599853515625,23956000,70.67199935913087,66.82623985290527,70.42283883824844,69.27110483532506,65.07126307305933,1.1517340029233765,1.0687308219681289,0.08300318095524761,-0.005734888102817637,0.014933635598265336,-0.1543946346629015,0.05849140646024775,1,NFLX
2024-09-30,70.927001953125,71.12100219726562,70.28199768066406,70.69999694824219,17099000,70.79969940185546,66.97809989929199,70.5004023943833,69.39376388108802,66.80810348052546,1.1066385132952803,1.0763123602335591,0.03032615306172115,0.0027143753603833254,0.014913021125009774,-0.2862330940056771,0.05895810809459445,0,NFLX
2024-10-01,70.61299896240234,71.7760009765625,69.85900115966797,71.36399841308594,28135000,70.79189910888672,67.09535987854004,70.5177249433093,69.484077590815,62.166929536959316,1.0336473524942988,1.0677793586857072,-0.034132006191408326,-0.004427129049246692,0.014277398350569813,0.6454178606936078,0.05242745683502026,1,NFLX
2024-10-02,71.10900115966797,71.62100219726562,70.46900177001953,70.61299896240234,17582000,70.99809951782227,67.23201988220215,70.6086905150568,69.60444229961892,62.02831115369387,1.004248215437869,1.0550731300361396,-0.050824914598270654,0.007024233562572757,0.01179706842802106,-0.37508441443042473,0.057665696854842574,1,NFLX
2024-10-03,70.68000030517578,70.88099670410156,70.0,70.4260025024414,22564000,71.02289962768555,67.37363990783692,70.61966125199818,69.6841132629935,55.126302415863975,0.9355479890046752,1.0311681018298469,-0.09562011282517169,-0.006033003522703306,0.010411155512206787,0.28335797975201915,0.049074985437357554,1,NFLX
2024-10-04,71.97000122070312,72.10099792480469,70.88200378417969,71.33200073242188,22290000,71.20960006713867,67.54485992431641,70.82740586256817,69.85343829689792,60.80676423614838,0.9739675656702502,1.0197279945979276,-0.0457604289276774,0.018251286218979867,0.011623428663479962,-0.012143237014713648,0.06551410871745178,1,NFLX
2024-10-07,70.19200134277344,71.58799743652344,69.64299774169922,71.47599792480469,33605000,71.17509994506835,67.68595993041993,70.72965132106128,69.87851704103684,47.82495049979083,0.8511342800244392,0.98600925168323,-0.1348749716587907,-0.024704735970161762,0.014371406181510326,0.5076267384477344,0.03702453824884344,1,NFLX
2024-10-08,72.1760025024414,72.50599670410156,70.3550033569336,70.38800048828125,31874000,71.17010040283203,67.8755599975586,70.95216688742745,70.04870114928903,63.246135729571805,0.9034657381384221,0.9695005489742684,-0.06603481083584628,0.028265345362919136,0.015224169818935686,-0.051510191935723815,0.06335774622025214,0,NFLX
2024-10-09,72.74299621582031,72.85900115966797,71.88700103759766,71.92500305175781,19811000,71.22880020141602,68.08525993347168,71.2276790917956,70.24827856162467,60.51121714236142,0.9794005301709205,0.971480545213599,0.007919984957321602,0.007855709567175406,0.015414099604229495,-0.37845893204492687,0.06841034736299556,0,NFLX
2024-10-10,73.02899932861328,73.38500213623047,72.25,72.3290023803711,27679000,71.41740036010742,68.2891399383545,71.50480528207524,70.4542578776979,63.36073643483768,1.0505474043773404,0.9872939170463473,0.06325348733099312,0.003931692776915963,0.014496946673348596,0.3971530967644239,0.06940868481485518,0,NFLX
2024-10-11,72.27899932861328,73.5999984741211,72.12200164794922,73.48999786376953,22995000,71.5718002319336,68.48501991271972,71.6239120584657,70.58942391109903,57.731213138867055,1.0344881473666732,0.9967327631104126,0.03775538425626057,-0.010269892876734854,0.014857085554896631,-0.1692257668268362,0.05539867580864799,1,NFLX
2024-10-14,71.30000305175781,72.66200256347656,71.13099670410156,72.5,27971000,71.60910034179688,68.68374000549316,71.57407990358757,70.64205940299968,45.6138930728334,0.9320205005878961,0.9837903106059094,-0.051769810018013285,-0.013544684983870736,0.01566939145008027,0.21639486844966305,0.03809144705945555,1,NFLX
2024-10-15,70.5979995727539,71.33999633789062,69.97799682617188,71.2509994506836,29328000,71.60760040283203,68.89860000610352,71.42391369884393,70.63879571187037,43.037190899829106,0.7851179869735603,0.9440558458794396,-0.1589378589058793,-0.009845770672608722,0.015954979765286523,0.04851453290908436,0.024665226383407513,1,NFLX
2024-10-16,70.19999694824219,70.55899810791016,69.78199768066406,70.34300231933594,24943000,71.51669998168946,69.08345993041992,71.23561881413598,70.60629209974977,45.54052640124114,0.6293267143862096,0.8811100195807936,-0.25178330519458403,-0.00563759068132752,0.015845848947491466,-0.14951582105837424,0.01616214675621097,1,NFLX
2024-10-17,68.76499938964844,70.44100189208984,67.78800201416016,70.43499755859375,89267000,71.32519989013672,69.2357999420166,70.85552351806098,70.46990004714966,41.50861989587198,0.38562347091131244,0.7820127098468974,-0.396389238935585,-0.02044156155237098,0.016953238942004043,2.5788397546405806,-0.006799958298487896,1,NFLX
2024-10-18,76.38899993896484,76.62799835205078,73.62300109863281,73.76399993896484,159741000,71.7670997619629,69.50287994384766,71.70682758281542,70.90835189098782,64.34950730849451,0.7984756918276048,0.785305306243039,0.013170385584565847,0.11087036453117594,0.03968238625464014,0.78947427380779,0.09907675769235147,0,NFLX
2024-10-21,77.20700073242188,77.30000305175781,75.66000366210938,76.57599639892578,60571000,72.46859970092774,69.77913993835449,72.55300806737026,71.37491847183477,66.87653746763971,1.1780895955354822,0.8638621641015276,0.3142274314339546,0.01070835845619933,0.03812307220109957,-0.6208174482443456,0.10644815629182935,0,NFLX
2024-10-22,76.42400360107422,76.97000122070312,76.11199951171875,76.5270004272461,29873000,72.89339981079101,70.04134002685547,73.14854584178624,71.74892477770436,63.406151856641415,1.3996210640818845,0.971013944097599,0.42860711998428547,-0.010141530222904316,0.038034195471447554,-0.5068101896947383,0.09112709111178474,0,NFLX
2024-10-23,74.92900085449219,76.37899780273438,74.4260025024414,76.28299713134766,37490000,73.1120002746582,70.24388000488281,73.42246199758716,71.98448596857753,60.170425969963794,1.4379760290096328,1.0644063610800059,0.373569667929627,-0.0195619527391655,0.03889202689441446,0.2549794128477221,0.06669792228566673,1,NFLX
2024-10-24,75.45500183105469,75.58200073242188,74.625,75.1969985961914,26430000,73.35460052490234,70.42962005615234,73.73516043350524,72.2415612176499,58.6583866095691,1.4935992158553404,1.1502449320350727,0.34335428382026767,0.007019991866486608,0.038907152611035965,-0.2950120032008535,0.07135324272508758,1,NFLX
2024-10-25,75.46800231933594,76.8499984741211,75.35299682617188,75.61699676513672,28195000,73.6735008239746,70.61254013061523,74.0017514928638,72.48055685481182,64.36819390296708,1.5211946380519805,1.2244348732384542,0.2967597648135263,0.00017229458572343148,0.0386232219721409,0.06678017404464631,0.06876203829715433,1,NFLX
2024-10-28,74.91200256347656,75.86799621582031,74.78800201416016,75.86799621582031,28624000,74.03470077514649,70.76264022827148,74.14179011911192,72.66066394434255,58.07937688769172,1.481126174769372,1.2757731335446378,0.2053530412247342,-0.0073673575392484425,0.038342761871207755,0.015215463734704837,0.058637754637471895,1,NFLX
2024-10-29,75.94400024414062,76.38800048828125,74.8010025024414,75.11299896240234,36604000,74.56930084228516,70.90446029663086,74.41905321527018,72.90387404062389,59.19987194442739,1.515179174646292,1.3236543417649687,0.19152483288132327,0.013776132600241242,0.038013223131651695,0.278787031861375,0.07107507660909773,1,NFLX
2024-10-30,75.3740005493164,75.97899627685547,75.22799682617188,75.80799865722656,17220000,75.08670120239258,71.01486038208007,74.56596818973884,73.08684637460111,56.6314157940249,1.4791218151377308,1.3547478364395211,0.12437397869820965,-0.007505526348254188,0.038091861959430796,-0.5295596109714785,0.06138349274761534,1,NFLX
2024-10-31,75.60299682617188,76.0790023803711,75.2229995727539,75.39299774169922,30577000,75.77050094604492,71.13268035888672,74.72551105688238,73.27322788953228,59.68530963300203,1.452283167350103,1.3742549026216377,0.07802826472846536,0.003038133510050889,0.03686473816143536,0.7756678281068525,0.06284476340173062,1,NFLX
2024-11-01,75.61000061035156,76.37999725341797,74.7770004272461,75.3479995727539,29968000,75.69260101318359,71.26696029663086,74.86158637280072,73.44632216514853,63.3123196691102,1.4152642076521857,1.3824567636277474,0.03280744402443836,9.263897561884171e-05,0.010271795869770874,-0.019916931026588647,0.060940445553506084,1,NFLX
2024-11-04,75.5510025024414,76.24800109863281,74.96900177001953,75.31400299072266,19022000,75.52700119018554,71.40452041625977,74.96765039274544,73.60222441235541,65.9311788777893,1.3654259803900288,1.3790506069802038,-0.013624626590174937,-0.0007802950328514857,0.009427401001308596,-0.36525627335824884,0.05807030230032084,1,NFLX
2024-11-05,76.39099884033203,76.75299835205078,75.62699890136719,75.73500061035156,22006000,75.52370071411133,71.55546035766602,75.18662707698954,73.80880029590924,69.36262286757909,1.3778267810803015,1.3788058418002234,-0.0009790607199218204,0.011118268587680058,0.009808365317890054,0.15687099148354533,0.06757749106072186,1,NFLX
2024-11-06,78.02100372314453,78.14900207519531,75.73799896240234,77.1500015258789,36908000,75.83290100097656,71.72444046020507,75.62268502255185,74.12081536459334,78.59969344749923,1.5018696579585082,1.4034186050318804,0.09845105292662781,0.02133765636733509,0.009256619295192831,0.6771789511951285,0.0877882521291049,1,NFLX
2024-11-07,79.65399932861328,79.8219985961914,77.99400329589844,78.13700103759766,32951000,76.25280075073242,71.94984039306641,76.24288722348437,74.53068084340963,66.01904242847111,1.712206380074747,1.4651761600404538,0.2470302200342931,0.02093020504149612,0.0106813329745541,-0.10721252844911677,0.10707680369349792,1,NFLX
2024-11-08,79.50399780273438,79.90599822998047,78.86499786376953,79.73600006103516,19106000,76.65640029907226,72.15496032714844,76.74459654336898,74.8990746922485,62.06026607958032,1.8455218511204805,1.5412452982564593,0.3042765528640212,-0.0018831637726069994,0.01081380195841356,-0.4201693423568329,0.10185075900902185,1,NFLX
2024-11-11,80.54399871826172,80.68199920654297,79.55699920654297,79.58999633789062,23992000,77.21959991455078,72.36314025878906,77.32911995489094,75.31721721269392,71.06337234882407,2.011902742197023,1.6353767870445721,0.3765259551524509,0.013081114714605935,0.010064843468285418,0.25573118392128125,0.11305283919708042,1,NFLX
2024-11-12,81.94999694824219,82.03700256347656,80.375,80.75,28141000,77.82019958496093,72.65150024414062,78.0400241077142,75.80853423014194,86.22433314596393,2.2314898775722583,1.7545994051501095,0.47689047242214877,0.017456275481163575,0.010389171458571994,0.1729326442147383,0.1279876764121124,1,NFLX
2024-11-13,83.0469970703125,83.6989974975586,82.05400085449219,82.26200103759766,27678000,78.58749923706054,72.95308013916015,78.81032764042163,76.34471666274717,86.99084055729855,2.4656109776744586,1.8968017196549793,0.5688092580194792,0.013386213092395183,0.009002294075175275,-0.016452862371628574,0.13836176501249708,1,NFLX
2024-11-14,83.72599792480469,84.0999984741211,83.00199890136719,83.36699676513672,30382000,79.39979934692383,73.26036010742187,79.5665846072498,76.8914782377144,87.7836763816766,2.675106369535399,2.0524626496310634,0.6226437199043358,0.008176103633431797,0.008717002033272355,0.09769492015319026,0.14285539686178206,1,NFLX
2024-11-15,82.39600372314453,83.2040023803711,81.64900207519531,83.2040023803711,36737000,80.07839965820312,73.57674011230469,80.00187985584898,77.29922086626478,81.97747689892378,2.702658989584208,2.1825019176216927,0.5201570719625153,-0.01588508031704372,0.01173571478748841,0.209169903232177,0.11986483224696354,1,NFLX
2024-11-18,84.70500183105469,84.84500122070312,80.93299865722656,81.55000305175781,40812000,80.99379959106446,73.92000015258789,80.72543708280371,77.847797234027,83.75070980059746,2.8776398487767096,2.3215295038526964,0.5561103449240132,0.02802318078032684,0.012651084811246896,0.11092359201894553,0.14590099643133225,1,NFLX
2024-11-19,87.13200378417969,87.4489974975586,83.91600036621094,83.9749984741211,38142000,82.06790008544922,74.31540023803711,81.71106272916924,78.53551623774202,89.62661917747918,3.1755464914272267,2.4923329013676025,0.6832135900596241,0.028652404234235096,0.013748399575468053,-0.06542193472508084,0.1724622824487274,1,NFLX
2024-11-20,88.38500213623047,89.05999755859375,86.83999633789062,87.99800109863281,40938000,83.10429992675782,74.72016021728516,82.7378226379479,79.2651077857782,90.29637757534272,3.4727148521697018,2.6884092915280227,0.7843055606416791,0.014380460653176108,0.013471253986018464,0.0733050180902941,0.182880254528472,0,NFLX
2024-11-21,89.74800109863281,90.8000030517578,87.7239990234375,88.39299774169922,45113000,84.11370010375977,75.1415202331543,83.81631163189942,80.04161840154521,91.06067092275144,3.7746932303542167,2.905666079293262,0.8690271510609548,0.015421156638108169,0.013204182261566501,0.1019834872245835,0.1943862836439365,0,NFLX
2024-11-22,89.77899932861328,90.5999984741211,89.30000305175781,89.5999984741211,32140000,85.14120025634766,75.5429801940918,84.73364820062464,80.76290587762432,91.38936038748899,3.970742323000323,3.118681328034674,0.8520609949656488,0.00034539187058224563,0.012958842712417285,-0.28756677676057896,0.18844926554320507,0,NFLX
2024-11-25,86.55899810791016,90.20500183105467,86.4219970703125,90.20500183105467,60142000,85.7427001953125,75.88116012573242,85.01447126328395,81.19224604283067,75.98120099063637,3.8222252204532765,3.259390106518395,0.5628351139348817,-0.03586586222594357,0.019976398011313113,0.8712507778469196,0.1407179063220032,1,NFLX
2024-11-26,87.26000213623047,88.63600158691406,86.7249984741211,86.7490005493164,31383000,86.27370071411133,76.21254013061524,85.35993755142957,81.6417094571566,74.78406090747222,3.7182280942729733,3.3511577040693106,0.3670703902036627,0.008098569110589704,0.019670281724320077,-0.47818496225599416,0.14495596114080134,1,NFLX
2024-11-27,87.73400115966797,88.09500122070312,85.89099884033203,87.20600128173828,25782000,86.74240112304688,76.58628021240234,85.72517810654317,82.09299032400928,73.11213903309185,3.63218778253389,3.407363719762227,0.22482406277166334,0.005432030848423475,0.019519927381249427,-0.1784724213746296,0.14555767581802947,1,NFLX
2024-11-29,88.68099975585938,89.24099731445312,87.66799926757812,88.21700286865234,20272000,87.23790130615234,76.95126022338867,86.17991989874565,82.58099102266485,75.10533886680676,3.598928876080805,3.4456767510259425,0.15325212505486263,0.010793974783709581,0.01957463295291707,-0.2137149949577224,0.15243076589544335,1,NFLX
2024-12-02,89.77400207519531,90.23400115966795,88.41200256347656,88.7509994506836,23890000,87.97570114135742,77.34468032836914,86.73285561819944,83.11380665618563,75.17732208583466,3.6190489620138067,3.4803511932235156,0.13869776879029105,0.012325101457414833,0.01805353625654353,0.1784727703235991,0.160700408794207,1,NFLX
2024-12-03,90.21700286865234,90.2689971923828,88.8030014038086,89.43599700927734,24016000,88.52690124511719,77.73828033447266,87.26887827211527,83.63996933859057,73.80090821749248,3.6289089335246985,3.5100627412837526,0.11884619224094584,0.0049346223095410036,0.01674533553879764,0.005274173294265383,0.16052223538376942,1,NFLX
2024-12-04,91.1060028076172,91.59700012207033,89.80500030517578,89.80500030517578,26896000,88.92430114746094,78.1158804321289,87.85920512373096,84.19300885481478,73.48332461859691,3.666196268916181,3.5412894468102385,0.12490682210594262,0.00985401765406868,0.014933281690408272,0.11992005329780153,0.16629297786350605,1,NFLX
2024-12-05,91.78700256347656,92.6999969482422,91.11100006103516,91.78500366210938,28353000,89.26450119018554,78.50850051879883,88.46348165292258,84.75552690730824,73.48641326335088,3.7079547456143445,3.5746225065710595,0.13333223904328495,0.007474806652393529,0.014584912132575715,0.05417162403331344,0.1691345772359798,1,NFLX
2024-12-06,93.4739990234375,93.5270004272461,91.27100372314452,91.52300262451172,29554000,89.63710098266601,78.9551205444336,89.23433047915564,85.40133965665115,81.61889692999361,3.832990822504499,3.6262961697577474,0.20669465274675147,0.01837946999951634,0.014872158771914631,0.042358833280428776,0.1838877374752801,0,NFLX
2024-12-09,91.36900329589844,93.02999877929688,90.25900268554688,92.8000030517578,33501000,89.79610137939453,79.36780059814453,89.56274168173147,85.84338881511391,69.24455137526549,3.7193528666175553,3.6449075091297094,0.07444535748784586,-0.022519585655164542,0.017115247944760173,0.13355214184205177,0.15120996937433695,1,NFLX
2024-12-10,91.33499908447266,92.28800201416016,90.95800018310548,91.3759994506836,23886000,90.27370147705078,79.77596054077148,89.83539666676856,86.25017476099234,64.08416316199875,3.5852219057762227,3.6329703884590123,-0.04774848268278964,-0.0003721635368578724,0.0110048811223053,-0.28700635801916363,0.14489375577989616,1,NFLX
2024-12-11,93.65599822998048,94.1750030517578,92.30799865722656,92.47100067138672,35017000,90.91330108642579,80.23682052612304,90.42318152264731,86.79875427721369,66.48319662548732,3.6244272454336226,3.6312617598539347,-0.006834514420312132,0.025411935936641372,0.012700825536194863,0.4660051913254626,0.16724463426973046,0,NFLX
2024-12-12,92.55500030517578,93.40899658203124,92.26000213623048,93.33499908447266,24862000,91.39540100097658,80.6657405090332,90.7511536430363,87.22514287187754,58.924142159894686,3.5260107711587665,3.6102115621149014,-0.08420079095613486,-0.011755765200442414,0.01405334911178208,-0.290001999029043,0.14738921035270458,0,NFLX
2024-12-13,91.88700103759766,92.55500030517578,90.96099853515624,91.68099975585938,24858000,91.7160011291504,81.08988052368164,90.92589939604575,87.57046569896792,56.440973824889426,3.355433697077828,3.559255989107487,-0.20382229202965885,-0.00721732229890959,0.014441556734793805,-0.00016088810232484096,0.1331500360364053,0,NFLX
2024-12-16,92.10800170898438,92.8939971923828,91.9499969482422,92.3939971923828,26749000,91.94940109252931,81.49264053344727,91.107761290344,87.90657947748765,70.7594631051783,3.2011818128563476,3.4876411538572594,-0.28645934100091175,0.0024051353171956613,0.014116612636398358,0.07607208946817923,0.13026159302299467,0,NFLX
2024-12-17,91.91300201416016,92.84500122070312,91.64199829101562,92.15399932861328,24595000,92.11900100708009,81.927060546875,91.23164447862341,88.20335151724117,68.09239528340728,3.0282929613822347,3.3957715153622545,-0.36747855398001983,-0.0021170765971052496,0.014166375843544543,-0.08052637481775016,0.12188819421357922,1,NFLX
2024-12-18,88.95500183105469,92.24400329589844,88.65599822998047,91.91300201416016,29382000,91.90390090942383,82.26264053344727,90.88139176361284,88.2590293182644,53.9790167958123,2.6223624453484433,3.2410897013594924,-0.618727256011049,-0.0321826087526742,0.01742410478320731,0.19463305549908516,0.08135359203411863,1,NFLX
2024-12-19,90.2040023803711,91.26200103759766,89.9000015258789,90.81800079345705,28155000,91.74560089111328,82.61186065673829,90.77717801234488,88.40310139693896,54.86737919878904,2.3740766154059116,3.0676870841687762,-0.6936104687628646,0.014040813035882227,0.017947124080019135,-0.04176026138452116,0.09190135246050235,1,NFLX
2024-12-20,90.90499877929688,91.99199676513672,89.04900360107422,89.32099914550781,45305000,91.48870086669922,82.96938064575195,90.7968427457221,88.58842712896548,53.70745883435704,2.208415616756625,2.895832790686346,-0.6874171739297212,0.007771233874632522,0.0169195325143352,0.6091280412004973,0.09564514127720236,0,NFLX
2024-12-23,91.1449966430664,91.5,89.91000366210938,91.34200286865234,23394000,91.46630020141602,83.34670059204102,90.85040488377507,88.7778026485285,53.08303829604304,2.0726022352465634,2.7311866795983897,-0.6585844443518263,0.002640095341205795,0.01544343475903561,-0.4836331530736122,0.0935645441946873,0,NFLX
2024-12-24,93.21199798583984,93.58499908447266,91.16999816894533,91.5,23203000,91.65400009155273,83.78494049072266,91.21372689947735,89.10626156240342,56.48877427968975,2.1074653370739327,2.6064424110934983,-0.4989770740195656,0.022678165767760605,0.017042001044091037,-0.008164486620500955,0.11251493931849277,0,NFLX
2024-12-26,92.41400146484376,93.04900360107422,91.52999877929688,92.83999633789062,23403000,91.52980041503906,84.22126052856446,91.39838452491834,89.35127933295455,51.91801602897729,2.0471051919637944,2.4945749672675577,-0.4474697753037633,-0.008561092329737452,0.015177643458188441,0.008619575054949813,0.09727639891474493,0,NFLX
2024-12-27,90.75499725341795,91.81300354003906,89.44999694824219,91.60099792480467,32262000,91.34980010986328,84.63236053466797,91.29940186776443,89.45525843817406,41.66819017712152,1.8441434295903747,2.364488659732121,-0.5203452301417464,-0.017951870767731304,0.015770012896067626,0.3785412126650429,0.07234391998604339,0,NFLX
2024-12-30,90.04299926757812,90.822998046875,88.97100067138672,89.45099639892578,22030000,91.16539993286133,85.05792053222656,91.10610916004346,89.4987947959077,45.55747659394782,1.6073143641357603,2.2130538006128493,-0.6057394364770889,-0.007845275823784026,0.01579499287385331,-0.3171533072965098,0.05860804854102719,0,NFLX
2024-12-31,89.13200378417969,90.26799774169922,88.9469985961914,90.18000030517578,18759000,90.86780014038087,85.31278060913085,90.8024006406798,89.47162509133526,43.02893146383001,1.3307755493445512,2.0365981503591897,-0.7058226010146385,-0.010117338280694721,0.0159106486701041,-0.148479346345892,0.044767303887877974,0,NFLX
2025-01-02,88.6729965209961,89.85800170898438,87.69999694824219,89.55000305175781,23123000,90.54379959106446,85.54210052490234,90.47480000688232,89.41246741945828,32.125678430136176,1.062332587424038,1.8417450377721596,-0.7794124503481217,-0.005149746933716615,0.015917366819417206,0.23263500186577102,0.03660064432463073,0,NFLX
2025-01-03,88.1050033569336,89.88300323486328,87.98899841308594,89.31300354003906,29673000,90.45879974365235,85.77572052001953,90.1102159068902,89.31561822964164,33.402953646529895,0.7945976772485608,1.63231556566744,-0.8377178884188792,-0.0064054806575529755,0.01246285528580441,0.2832677420749903,0.027155503011722537,0,NFLX
2025-01-06,88.17900085449219,89.28299713134766,87.16899871826172,88.8759994506836,34577000,90.25629959106445,86.04072052001953,89.81310589882898,89.23142435000094,35.5291780529068,0.581681548828044,1.4221887622995608,-0.8405072134715168,0.0008398784942873494,0.01135556828517765,0.1652680888349678,0.024851957556249582,0,NFLX
2025-01-07,87.91899871826172,88.80000305175781,86.91100311279297,87.93800354003906,26498000,89.95769958496093,86.29000045776367,89.52170479412632,89.13420763653878,33.70163351450513,0.3874971575875463,1.2152504413571579,-0.8277532837696115,-0.0029485720376839497,0.010801061399204386,-0.23365242791450969,0.01887818115489992,0,NFLX
2025-01-08,87.5,88.62200164794922,87.30000305175781,88.0,23479000,89.5931999206543,86.53064041137695,89.21067328733766,89.01315521901738,33.124261494428936,0.19751806832027796,1.011703966749782,-0.8141858984295041,-0.004765735783734404,0.010601939753256543,-0.11393312702845493,0.01120250103332876,0,NFLX
2025-01-10,83.76899719238281,86.64099884033203,83.44000244140625,86.63999938964844,48033000,88.64889984130859,86.70778030395508,88.3734923496523,88.6246990688963,31.27524676543895,-0.25120671924400995,0.7591218295510237,-1.0103285487950338,-0.04264003208705358,0.012307742159241386,1.0457855956386557,-0.033892957486286956,1,NFLX
2025-01-13,84.02899932861328,84.70700073242188,82.91400146484375,83.15299987792969,30245000,87.81039962768554,86.86948028564453,87.70510880795399,88.28427686591237,25.98955533642568,-0.579168057958384,0.4914638520491422,-1.0706319100075263,0.0031037990777584845,0.013048174691351217,-0.3703287323298565,-0.032698261203948364,1,NFLX
2025-01-14,82.83999633789062,84.48899841308594,82.35199737548828,84.31999969482422,30377000,87.0188995361328,87.01880020141601,86.95662996640579,87.88099682679966,19.78720923187025,-0.9243668603938744,0.20829770956053892,-1.1326645699544133,-0.014149912532848363,0.012824388613458342,0.004364357745081815,-0.048021851069573684,1,NFLX
2025-01-15,84.82599639892578,85.08399963378906,83.04100036621094,83.64399719238281,31814000,86.49719924926758,87.2032601928711,86.62884018679347,87.654700498809,29.066457055912494,-1.0258603120155385,-0.038533894754676556,-0.987326417260862,0.023973927436387044,0.016550877295818143,0.04730552720808512,-0.027261180243576044,1,NFLX
2025-01-16,84.23699951171875,86.89800262451172,84.2020034790039,86.09600067138672,40285000,86.00769882202148,87.37580017089844,86.26086469832043,87.40153746272824,17.040029811520583,-1.1406727644078103,-0.2589616686853033,-0.8817110957225069,-0.006943589373675674,0.016489759473863365,0.26626642358709995,-0.03592299759247419,1,NFLX
2025-01-17,85.80999755859375,86.5,85.21299743652344,85.97899627685547,36176000,85.72139892578124,87.58098007202149,86.19150052297786,87.28364561797754,27.053494835445747,-1.0921450949996796,-0.4255983539481786,-0.666546741051501,0.018673481439188455,0.0181814820988458,-0.10199826238053866,-0.020221085810770645,1,NFLX
2025-01-21,86.96800231933594,91.63999938964844,85.4749984741211,86.35299682617188,98514000,85.60769882202149,87.79252014160156,86.31096233780218,87.26026463289298,36.36692724197582,-0.9493022950908028,-0.5303391421767034,-0.41896315291409936,0.013494986524751562,0.018859141201282795,1.723186643078284,-0.009391663674032213,1,NFLX
2025-01-22,95.39900207519533,99.9000015258789,95.07599639892578,99.8030014038086,142732000,86.3296989440918,88.14008010864258,87.70912229740114,87.86313407306352,62.39356345799952,-0.1540117756623829,-0.4550736688738393,0.30106189321145643,0.09694369803852432,0.03635193334085325,0.4488499096575107,0.08235665270107884,1,NFLX
2025-01-23,98.48600006103516,98.5,95.38999938964844,95.78099822998048,77521000,87.38639907836914,88.51672012329101,89.36710349180638,88.65001303513549,69.66446901393044,0.7170904566708884,-0.22064084376489382,0.9377313004357822,0.03235880794021928,0.03683069497017551,-0.456877224448617,0.11262595274495468,0,NFLX
2025-01-24,97.75900268554688,98.62799835205078,96.76799774169922,98.44100189208984,45504000,88.41229934692383,88.88182022094726,90.658164906228,89.32475300924004,68.88825941470108,1.333411896987954,0.09016970438567576,1.2432421926022783,-0.007381733190887418,0.03697206758088572,-0.41301066807703724,0.0998762451368822,0,NFLX
2025-01-27,97.18900299072266,98.22699737548828,96.0260009765625,97.11000061035156,46342000,89.75429992675781,89.21472030639649,91.66290922691948,89.90729004490541,68.88251291072143,1.7556191820140725,0.42325959991135514,1.3323595821027174,-0.005830661925405378,0.0325204298127411,0.018415963431786198,0.08938303742857134,1,NFLX
2025-01-28,97.18299865722656,97.79299926757812,95.7300033569336,96.6709976196289,34340000,91.06969985961913,89.51938034057618,92.51215375465902,90.44623142359588,68.76927148307163,2.065922331063149,0.751792146141714,1.314130184921435,-6.177996801415286e-05,0.03266875318698795,-0.2589875275128394,0.0856084826268253,1,NFLX
2025-01-29,97.81500244140624,98.76399993896484,96.822998046875,98.0,29307000,92.5672004699707,89.81474044799805,93.32797662954322,90.99206631380405,70.31365450614268,2.33591031573917,1.0686157800612053,1.2672945356779648,0.00650323403179609,0.031234951369401704,-0.1465637740244613,0.0890751557428402,1,NFLX
2025-01-30,97.3239974975586,99.45899963378906,97.0009994506836,98.6750030517578,38678000,93.81700057983399,90.08670043945312,93.94274907077636,91.46109825334142,70.10640859363463,2.4816508174349394,1.3512227875359522,1.1304280298989873,-0.005019730425726565,0.03187266903830449,0.3197529600436755,0.0803370200351563,1,NFLX
2025-01-31,97.6760025024414,99.02899932861328,97.4000015258789,97.4000015258789,36151000,95.16090087890625,90.39230041503906,94.51709575257098,91.92146153105253,83.03166969834365,2.595634221518452,1.6001050743324523,0.9955291471859997,0.0036168366891387027,0.03126063729712507,-0.06533429856766115,0.08057878883443603,1,NFLX
2025-02-03,97.8939971923828,98.7689971923828,96.43800354003906,97.3000030517578,37242000,96.36930084228516,90.65608032226562,95.03661905100356,92.36387158003996,82.9977415783096,2.6727474709636,1.814633553658682,0.8581139173049179,0.0022318142057047297,0.03149671649802162,0.030178971536057198,0.07983928760638803,1,NFLX
2025-02-04,99.48699951171876,100.8000030517578,97.85099792480467,98.0469970703125,60001000,97.62120056152344,90.90318023681641,95.72129296803666,92.89151068609023,88.87123634402064,2.8297822819464358,2.017663299316233,0.8121189826302029,0.01627272728689766,0.03150709612225304,0.6111111111111112,0.09442815149635275,1,NFLX
2025-02-05,101.11100006103516,101.18299865722656,98.66799926757812,98.77300262451172,39934000,98.19240036010743,91.1577001953125,96.55047867465181,93.50036175090096,88.6798627717185,3.050116923750849,2.2241540242031563,0.8259628995476929,0.01632374639185996,0.012490640816157774,-0.3344444259262346,0.10918770267785316,1,NFLX
2025-02-06,101.56800079345705,101.63500213623048,100.26100158691406,100.78700256347656,31343000,98.5006004333496,91.39410018920898,97.322405154468,94.09796464294216,91.42403963387399,3.2244405115258417,2.4242113216676935,0.8002291898581482,0.004519792427589708,0.00835699430067577,-0.21512996444132815,0.1113190083734672,1,NFLX
2025-02-07,101.39299774169922,102.7760009765625,100.56700134277344,101.6999969482422,32129000,98.86399993896484,91.6263801574707,97.94865016788819,94.63833746507231,89.91338822406581,3.310312702815878,2.6014315978973306,0.7088811049185475,-0.0017230136498768145,0.0077355571634582865,0.025077369747630973,0.10659176502927914,1,NFLX
2025-02-10,102.76000213623048,103.28500366210938,101.58799743652344,102.30500030517578,32966000,99.42109985351563,91.9504002380371,98.68885816301778,95.23994225552846,90.0202354708121,3.4489159074893223,2.770928459815729,0.6779874476735932,0.013482236692653471,0.007503736995589647,0.026051230975131512,0.11755905216518858,1,NFLX
2025-02-11,100.80799865722656,102.2689971923828,100.29499816894533,102.0790023803711,33318000,99.78359985351562,92.22136016845702,99.01487977751144,95.65239087787647,70.40973308967207,3.362488899634968,2.889240547779577,0.4732483518553914,-0.01899575163900946,0.010772148727226056,0.010677667900260923,0.09310899853444665,1,NFLX
2025-02-12,102.7310028076172,102.77400207519533,99.83499908447266,100.54900360107422,33890000,100.27519989013672,92.52130020141601,99.58659101291232,96.17673250230172,67.56015858397963,3.4098585106106043,2.9933641403457822,0.41649437026482206,0.01907590842001894,0.011816058322553348,0.01716789723272716,0.11034975280259762,0,NFLX
2025-02-13,104.36900329589844,104.5989990234375,102.51000213623048,102.66300201416016,34761000,100.97970046997071,92.8350602722168,100.32234674875633,96.78356737590147,75.42692926715019,3.5387793728548615,3.102447186847598,0.43633218600726353,0.01594455854138488,0.01170429462330256,0.02570079669519032,0.12424124021529259,0,NFLX
2025-02-14,105.86000061035156,106.4499969482422,104.16899871826172,104.49500274658205,31454000,101.79810028076172,93.15678024291992,101.17429349669406,97.45589576363851,81.14799700722699,3.7183977330555535,3.2256372960891895,0.49276043696636407,0.014285824980295736,0.011839535597003346,-0.0951353528379506,0.1363638839202701,0,NFLX
2025-02-18,103.58499908447266,106.1999969482422,102.375,106.0,42293000,102.3672004699707,93.42414016723633,101.54517127942923,97.90990341703363,69.77387563466246,3.635267862395594,3.307563409350471,0.32770445304512297,-0.021490662315908238,0.01508660181231943,0.3445984612449926,0.10876052912071343,0,NFLX
2025-02-19,104.33300018310548,104.5,102.45099639892578,103.51799774169922,26000000,102.85180053710937,93.68868011474609,101.97406803384096,98.38568836266859,69.98892373003103,3.588379671172376,3.3637266617148525,0.22465300945752364,0.0072211334193557075,0.01465168543135343,-0.38524105643959994,0.11361372638959866,0,NFLX
2025-02-20,102.4540023803711,104.5,101.55899810791016,104.1999969482422,31118000,102.98610076904296,93.90202011108398,102.04790408715328,98.68704495657248,64.4980784224434,3.360859130580806,3.3631531554880434,-0.00229402490723718,-0.018009621111601537,0.01565627892002466,0.1968461538461539,0.09107346422548002,0,NFLX
2025-02-21,100.31500244140624,103.23799896240234,99.93900299072266,102.94200134277344,37387000,102.8608009338379,94.03884017944335,101.78130383396143,98.8076343998935,56.773957534076416,2.9736694340679293,3.2852564112040206,-0.3115869771360913,-0.020877661089545363,0.017093554159082838,0.20145896265826857,0.06674010706625921,0,NFLX
2025-02-24,98.84700012207033,101.51699829101562,98.447998046875,100.8000030517578,44262000,102.606201171875,94.1884001159668,101.32987249367049,98.81055037931401,52.29871689079923,2.519322114356484,3.132069551834513,-0.6127474374780291,-0.014633925969282258,0.01762445085470211,0.18388744750849217,0.04946044311579523,0,NFLX
2025-02-25,97.7239990234375,99.44000244140624,95.5,98.94000244140624,47383000,102.1026008605957,94.31618011474609,100.77512272901927,98.73006509369353,45.64885007475359,2.0450576353257475,2.91466716853276,-0.8696095332070124,-0.011361003340981335,0.01687186029403532,0.07051195156115853,0.036131858866054856,0,NFLX
2025-02-26,99.00599670410156,100.08899688720705,97.69000244140624,97.76000213623048,33972000,101.9224006652832,94.42318008422852,100.50294949441655,98.75050447224227,44.71556518651343,1.7524450221742853,2.682222739261065,-0.9297777170867798,0.013118555252293662,0.016943574090763525,-0.2830339995356984,0.04853486840609511,1,NFLX
2025-02-27,96.30699920654295,100.072998046875,96.18299865722656,99.5,37666000,101.28000030517578,94.49822006225585,99.85741868089754,98.56950408219046,38.12897970201338,1.2879145987070757,2.4033611111502675,-1.1154465124431918,-0.02726094971423887,0.016974839702218417,0.10873660661721418,0.019140880569977536,0,NFLX
2025-02-28,98.05599975585938,98.22699737548828,95.81700134277344,96.95600128173828,47174000,100.64869995117188,94.62160003662109,99.58027730781474,98.53146672468446,42.96971164031117,1.048810583130276,2.1324510055462693,-1.0836404224159932,0.018160679532392754,0.017308791092149094,0.2524292465353368,0.0362961492715097,0,NFLX
2025-03-03,97.37000274658205,99.49299621582033,96.4810028076172,98.3000030517578,39074000,99.79970016479493,94.72684005737305,99.2402350676251,98.44543235593613,38.30904274472843,0.7948027116889591,1.8649213467748074,-1.0701186350858483,-0.0069959718016778805,0.01576538472418766,-0.17170475261796747,0.027902996527785717,0,NFLX
2025-03-04,97.25800323486328,98.63099670410156,94.8209991455078,97.16100311279295,43928000,99.16700057983398,94.83374008178711,98.93527632412328,98.35747464326407,41.63210503618498,0.5778016808592099,1.607497413591688,-1.029695732732478,-0.0011502465703966402,0.015162588415906035,0.12422582791626136,0.025563297946336716,0,NFLX
2025-03-05,99.09200286865234,99.55999755859376,96.947998046875,97.36199951171876,38079000,98.64290084838868,95.03648010253906,98.95938810020468,98.41188414144098,41.38616421894847,0.5475039587636985,1.3954987226260902,-0.8479947638623917,0.018857056209145462,0.01667611582638847,-0.13314969950828626,0.04267332672398649,0,NFLX
2025-03-06,90.63600158691406,97.36900329589844,89.9000015258789,97.29900360107422,78526000,97.46110076904297,95.04512008666993,97.67886709815997,97.83589284110566,25.42499457988221,-0.1570257429456916,1.084993829511734,-1.2420195724574257,-0.08533485081482117,0.030426493508353206,1.062186506998608,-0.04638974095393078,0,NFLX
2025-03-07,89.11100006103516,90.48899841308594,85.80699920654297,89.76399993896484,77375000,96.34070053100587,95.00924011230468,96.36073370783308,97.18960448702636,20.064340548918324,-0.8288707791932808,0.7022209077707311,-1.5310916869640119,-0.0168255604746258,0.030318185153232452,-0.014657565647046789,-0.06208069914355252,1,NFLX
2025-03-10,86.66799926757812,88.12699890136719,85.44999694824219,87.50700378417969,69953000,95.12280044555663,94.91970016479492,94.8695437939477,96.41022632262279,19.944566722846417,-1.5406825286750916,0.2536402204815666,-1.7943227491566582,-0.02741525503903819,0.03073884942992601,-0.09592245557350565,-0.08693349097068992,1,NFLX
2025-03-11,89.51000213623047,91.06800079345705,86.5999984741211,86.74099731445312,73989000,94.30140075683593,94.84566024780274,94.04499892352966,95.89909860511224,25.488642579879425,-1.854099681582582,-0.16790775993126317,-1.6861919216513188,0.03279183657947349,0.03394384402101123,0.057695881520449355,-0.056256217708135825,1,NFLX
2025-03-12,91.96800231933594,92.71800231933594,90.0999984741211,91.45999908447266,68658000,93.59760131835938,94.83674026489258,93.72546098442294,95.60790628764734,32.98611205672532,-1.8824453032244008,-0.5108152685898908,-1.37163003463451,0.02746062031553187,0.03522380414236355,-0.07205125086161457,-0.030249225537949176,1,NFLX
2025-03-13,89.01699829101562,92.18900299072266,88.7509994506836,91.3000030517578,50017000,92.86860122680665,94.80198028564453,93.00108210851413,95.11969088048944,32.139240524649864,-2.1186087719753175,-0.8323739692669763,-1.2862348027083412,-0.03208729073046179,0.03556713844518167,-0.2715051414256169,-0.06102174213237299,1,NFLX
2025-03-14,91.8000030517578,91.96299743652344,90.0999984741211,90.14600372314452,52007000,92.24300155639648,94.83712036132812,92.816300715167,94.87378807836117,39.30425998157436,-2.05748736319417,-1.077396648052415,-0.9800907151417548,0.031263745286534306,0.0368265168683815,0.039786472599316225,-0.03202456272395182,1,NFLX
2025-03-17,95.0019989013672,96.76300048828124,93.44200134277344,93.99500274658205,75431000,92.006201171875,94.95452026367188,93.15256197458241,94.88328517636161,46.11387145880845,-1.730723201779199,-1.208061958797772,-0.522661242981427,0.03488012792117323,0.03900974081955892,0.45040090757013473,0.0005000145076134999,1,NFLX
2025-03-18,92.9980010986328,94.8249969482422,91.62999725341795,94.0,60094000,91.58020095825195,95.0410203552246,93.12878337828246,94.74363450393726,41.59579922297321,-1.6148511256547948,-1.2894197921691766,-0.32543133348561826,-0.021094269867047655,0.03948229557616774,-0.20332489294852252,-0.021496183952527392,1,NFLX
2025-03-19,95.9489974975586,96.8000030517578,92.4000015258789,93.5770034790039,66624000,91.26590042114258,95.1979002380371,93.56266247355572,94.83292065161291,49.50272018122674,-1.2702581780571904,-1.2855874693467795,0.015329291289589042,0.03173182610447722,0.040498257696897216,0.10866309448530642,0.007889851116919644,1,NFLX
2025-03-20,95.08399963378906,96.6999969482422,94.5500030517578,95.0009994506836,44663000,91.71070022583008,95.33600021362305,93.79671434436085,94.85151909473707,45.76782842988137,-1.0548047503762206,-1.2394309255526677,0.18462617517644708,-0.009015183965747409,0.028584541289002226,-0.32962596061479343,-0.0026432887814605843,1,NFLX
2025-03-21,96.02899932861328,96.36499786376952,94.09500122070312,94.16400146484376,59054000,92.40250015258789,95.49820022583008,94.1401428034766,94.93873985280197,48.10437457993143,-0.798597049325366,-1.1512641503072074,0.3526671009818414,0.009938577452187847,0.02752985669342651,0.3222130174865101,0.005558210537245589,0,NFLX
2025-03-24,97.1989974975586,97.6999969482422,95.15499877929688,96.96700286865234,46779000,93.45559997558594,95.69218017578125,94.61073583333537,95.10616634500616,49.91901268780282,-0.49543051167079,-1.020097422579924,0.524666910909134,0.01218380048865808,0.024584843292839654,-0.2078606021607342,0.015746504249452897,0,NFLX
2025-03-25,99.72799682617188,99.87000274658205,97.71099853515624,97.81800079345705,37822000,94.47739944458007,96.01136016845703,95.3980067553102,95.44852415842584,50.85658057874806,-0.05051740311563435,-0.8261814186870661,0.7756640155714317,0.026018779964030125,0.024029455564823714,-0.19147480707154918,0.03871038438778296,0,NFLX
2025-03-26,97.06500244140624,99.6790008544922,96.63200378417967,99.38099670410156,35274000,94.9870994567871,96.27208023071289,95.65446763009422,95.56826329049846,60.25981002363011,0.0862043395957528,-0.6437042670305023,0.7299086066262551,-0.026702575701057163,0.02596530450834097,-0.06736819840304586,0.008236263398413435,0,NFLX
2025-03-27,97.6719970703125,98.9000015258789,96.63700103759766,97.4219970703125,30472000,95.8525993347168,96.56872024536133,95.96485677474318,95.72409542233655,64.07457458574896,0.24076135240663632,-0.46681114314307465,0.7075724955497109,0.006253485948992665,0.02234153466974655,-0.13613426319668875,0.011424784569454394,0,NFLX
2025-03-28,93.38500213623048,97.4980010986328,92.9229965209961,97.1999969482422,44227000,96.01109924316407,96.73990036010743,95.56795606112584,95.55082925299536,60.41170419871206,0.017126808130484505,-0.3700235528883628,0.3871503610188473,-0.04389175058021877,0.026481377241540253,0.45139800472564984,-0.034679570801588344,0,NFLX
2025-03-31,93.25299835205078,93.447998046875,90.05899810791016,92.0530014038086,46341000,95.83619918823243,96.92022033691406,95.21180872126814,95.3806195566291,56.3339738720124,-0.16881083536095787,-0.32978100938288185,0.16097017402192398,-0.001413543729293254,0.02383367027193208,0.0477988559025031,-0.0378375324789324,0,NFLX
2025-04-01,92.83799743652344,93.22899627685548,91.1500015258789,92.75,35200000,95.82019882202148,97.06078033447265,94.84660698515358,95.19227717736202,51.58158025987225,-0.34567019220843065,-0.33295884594799163,-0.012711346260439016,-0.004450268869217733,0.02288317989787649,-0.24041345676614656,-0.0435065830235184,0,NFLX
2025-04-02,93.552001953125,94.95500183105467,91.61100006103516,92.3000030517578,32569000,95.58049926757812,97.19246032714844,94.64743698022612,95.07077530890002,58.97416928709935,-0.42333832867390697,-0.35103474249317473,-0.07230358618073224,0.0076908651232998615,0.020304196596675882,-0.07474431818181815,-0.03745618087832847,1,NFLX
2025-04-03,91.70500183105467,94.65899658203124,90.0469970703125,90.18000030517578,58646000,95.24259948730469,97.11858032226563,94.19475464958435,94.82145875498556,49.80477311851896,-0.6267041054012026,-0.4061686150747803,-0.22053549032642228,-0.019743031506645692,0.020968676359643616,0.8006693481531517,-0.05574194426285106,1,NFLX
2025-04-04,85.58599853515625,90.66300201416016,85.38700103759766,89.6500015258789,67988000,94.19829940795898,96.86058029174805,92.87033063198004,94.13735059055375,32.72165799418053,-1.2670199585737123,-0.5783388837745668,-0.6886810747991455,-0.06672485877238488,0.028283852753005573,0.15929475156020878,-0.11640010541576662,1,NFLX
2025-04-07,86.78299713134766,90.67400360107422,82.11000061035156,82.78500366210938,66568000,93.1566993713379,96.64106018066406,91.9338177857289,93.5925836676496,38.24740533801087,-1.6587658819207007,-0.7944242834037936,-0.8643415985169072,0.013985916115703434,0.02845376440777259,-0.020886038712713995,-0.10200698368672079,1,NFLX
2025-04-08,87.04000091552734,92.24199676513672,85.7699966430664,91.24400329589844,56254000,91.88789978027344,96.43808013916015,91.18092288262098,93.1072071674924,31.241843546450113,-1.9262842848714286,-1.0207962836973206,-0.905488001174108,0.002961453195615027,0.025954310424125094,-0.15493931017906504,-0.097451952694116,1,NFLX
2025-04-09,94.5469970703125,95.14299774169922,85.44000244140625,85.59300231933594,74980000,91.63609924316407,96.38536010742187,91.69878044995814,93.213858271405,49.11645217122344,-1.5150778214468659,-1.1196525912472297,-0.39542523019963616,0.08624765712112903,0.040131938721638845,0.3328829949870231,-0.01907305253682212,1,NFLX
2025-04-10,92.11699676513672,94.1240005493164,89.4000015258789,93.19400024414062,51298000,91.08059921264649,96.27139999389648,91.76312142152408,93.13260927094069,43.86333150461441,-1.3694878494166147,-1.1696196428811068,-0.19986820653550796,-0.025701506980371325,0.04067832546649682,-0.3158442251267004,-0.0431530364056526,1,NFLX
2025-04-11,91.8290023803711,94.48600006103516,90.66799926757812,92.0,40736000,90.92499923706055,96.16150009155274,91.7732569536544,93.03604579756517,41.33647876929198,-1.2627888439107693,-1.1882534830870393,-0.07453536082373002,-0.0031263978948412596,0.038334446056912976,-0.2058949666653671,-0.045054389823960705,1,NFLX
2025-04-14,93.12799835205078,94.89800262451172,91.9499969482422,93.2699966430664,40359000,90.91249923706054,96.07054000854492,91.98167870725385,93.04285709789742,38.91203274678587,-1.061178390643576,-1.1628384645983467,0.10166007395477061,0.014145813827956433,0.0386316434162817,-0.009254713275726578,-0.030628969674079243,1,NFLX
2025-04-15,97.62799835205078,99.34500122070312,94.8000030517578,95.0,77120000,91.39149932861328,96.06522003173828,92.85034326799183,93.38249719079768,50.89084474821351,-0.532153922805847,-1.036701556239847,0.504547633434,0.04832059186957616,0.04138229307306294,0.9108501201714612,0.01626788883423358,1,NFLX
2025-04-16,96.16300201416016,98.12100219726562,94.91699981689452,97.62799835205078,60661000,91.6525993347168,95.9987400817871,93.35998307509465,93.58846051104675,47.67539301721145,-0.2284774359521009,-0.8750567321822977,0.6465792962301968,-0.015005903661035713,0.04188675211911309,-0.21342064315352693,0.0017110842520757785,1,NFLX
2025-04-17,97.3030014038086,98.47000122070312,95.5999984741211,96.9000015258789,88937000,92.21239929199218,95.92258010864258,93.96660127951218,93.86361168828836,56.68372499817787,0.10298959122381746,-0.6794474675010747,0.7824370587248921,0.011854864820885824,0.04112035074958401,0.46613145183890814,0.014390994212233776,1,NFLX
2025-04-21,98.79100036621094,101.9000015258789,97.30500030517578,98.44000244140624,97757000,93.53289947509765,95.86704010009765,94.70881652361969,94.22860344220855,59.0295495431841,0.4802130814111365,-0.4475153577186324,0.9277284391297689,0.015292426142407889,0.032021833924594775,0.09917132352114422,0.03050016213143003,1,NFLX
2025-04-22,104.03399658203124,106.49700164794922,100.4520034790039,100.52999877929688,93689000,95.25799942016602,95.9198600769043,96.14345960952916,94.9549288599732,65.77168383248771,1.1885307495559658,-0.12030613626371275,1.3088368858196786,0.05307159757857405,0.034208905582200244,-0.04161338829955907,0.08459287261909454,1,NFLX
2025-04-23,104.95899963378906,106.125,103.1999969482422,104.72200012207033,64719000,97.04989929199219,95.96384002685546,97.49969653633838,95.69597113951511,65.97395598731944,1.8037253968232676,0.26450017035368334,1.5392252264695843,0.00889135361658866,0.033954179027511584,-0.30921452892015067,0.09373488601973734,1,NFLX
2025-04-24,109.68699645996094,110.0999984741211,104.7020034790039,104.8000030517578,63819000,98.56389923095703,96.14141998291015,99.37466575535723,96.73234338547405,73.30120046457353,2.642322369883175,0.7400646102595817,1.902257759623593,0.04504613080029585,0.026656782197214655,-0.013906271728549524,0.14089220316756923,1,NFLX
2025-04-25,110.15299987792967,110.68000030517578,109.0999984741211,109.7040023803711,39500000,100.36749954223633,96.2898599243164,101.03287100498375,97.72646608861892,87.29847527864574,3.3064049163648264,1.2533326714806308,2.053072244884196,0.004248483712824047,0.022968172775744037,-0.38106206615584703,0.14397299948831233,1,NFLX
2025-04-28,111.03800201416016,111.4000015258789,108.26200103759766,110.0,38311000,102.28839950561523,96.42323989868164,102.57212192947243,98.71250578680717,87.17699425918295,3.85961614266526,1.7745893657175569,2.085026776947703,0.00803429899513608,0.022066196612873883,-0.03010126582278483,0.15156887624638227,1,NFLX
2025-04-29,112.56400299072266,112.78099822998048,109.5479965209961,110.39199829101562,37773000,104.23199996948242,96.55731994628906,104.10933440043401,99.73854261672685,87.65714669065571,4.370791783707162,2.293829849315478,2.076961934391684,0.013743051467801859,0.022077196849075786,-0.01404296416172901,0.16577389527109365,1,NFLX
2025-04-30,113.1719970703125,113.31999969482422,110.11100006103516,111.26499938964844,42667000,105.7863998413086,96.74905990600585,105.50359019579993,100.73361331699246,84.50226442592803,4.769976878807469,2.7890592552138767,1.9809176235935926,0.0054013189246651105,0.01988204395916545,0.1295634447886056,0.16974776995520102,1,NFLX
2025-05-01,113.34700012207033,114.24199676513672,111.18299865722656,112.2519989013672,34995000,107.5047996520996,96.92933990478515,106.71026864599537,101.66793826551674,92.91319615260649,5.0423303804786315,3.2397134802668273,1.8026169002118042,0.0015463458831526111,0.01766665948432404,-0.1798110952258185,0.16937761294374276,1,NFLX
2025-05-02,115.64900207519533,115.94400024414062,113.33200073242188,113.66600036621094,37743000,109.33939971923829,97.19323989868164,108.08545840433382,102.70357262178922,94.52337661411653,5.3818857825446,3.668147940722382,1.7137378418222182,0.02030933285085479,0.017610546909723083,0.07852550364337763,0.18988730281810495,0,NFLX
2025-05-05,113.40599822998048,114.4020004272461,110.70099639892578,111.4800033569336,56623000,110.80089950561523,97.45505981445312,108.90400299289485,103.49634488906266,86.61081768463553,5.4076581038321905,4.0160499733443435,1.391608130487847,-0.01939492606911075,0.021164112839075124,0.5002252073232123,0.16367481017298346,0,NFLX
2025-05-06,113.7689971923828,114.76599884033205,112.63999938964844,112.94300079345705,32567000,111.77439956665039,97.75349975585938,109.65246363896992,104.257282096716,84.25945448062174,5.395181542253923,4.29187628712626,1.1033052551276628,0.0032008797424116775,0.016267029184268006,-0.42484502763894527,0.16383554017526047,1,NFLX
2025-05-07,115.54100036621094,116.4000015258789,113.8000030517578,113.91799926757812,43497000,112.83259963989258,98.10983978271484,110.55839236623777,105.09311307964154,90.60089139592884,5.465279286596228,4.526556887020254,0.9387223995759744,0.01557544865084548,0.016394210419384953,0.33561580741241137,0.17766985067044372,0,NFLX
2025-05-08,114.44300079345705,116.22899627685548,113.91999816894533,116.16200256347656,37609000,113.30820007324219,98.41857986450195,111.15602443196381,105.78569735473899,85.9751383391868,5.370327077224829,4.695310925061169,0.6750161521636597,-0.009503116376643361,0.011778180728634331,-0.13536565740165984,0.1628190627320243,1,NFLX
2025-05-09,114.02200317382812,115.0999984741211,113.3219985961914,114.70999908447266,25696000,113.69510040283203,98.77287994384766,111.59694423840449,106.39579408207891,83.46736879657098,5.201150156325582,4.796478771314051,0.40467138501153066,-0.0036786663816053,0.012046935086912595,-0.31675928634103534,0.15438573056338534,1,NFLX
2025-05-12,111.0,113.0,110.29299926757812,112.4260025024414,64791000,113.69130020141601,99.03175994873047,111.50510666326534,106.73684637229528,66.96211016134896,4.768260290970062,4.790835075245254,-0.022574784275191995,-0.026503684286453333,0.015158964834851688,1.52144302615193,0.12085254323931616,1,NFLX
2025-05-13,113.84400177001952,114.78800201416016,110.62999725341795,111.4459991455078,39979000,113.81930007934571,99.36123992919921,111.86493667968905,107.26330232768225,69.78577018179988,4.601634352006798,4.752994930597563,-0.15136057859076502,0.025621637567743383,0.01673313824213372,-0.3829544226821626,0.1457586665699837,1,NFLX
2025-05-14,115.0989990234375,115.29000091552734,112.83999633789062,112.95999908447266,39101000,114.0120002746582,99.7180598449707,112.36248473257344,107.8437243051456,64.25711125081801,4.518760427427836,4.706148029963617,-0.18738760253578146,0.011023832910874276,0.016980480554427732,-0.021961529803146695,0.15424426831387605,1,NFLX
2025-05-15,117.7979965209961,118.77999877929688,114.76499938964844,114.77400207519533,44640000,114.45709991455078,100.09217971801758,113.19871731540769,108.581077802616,68.0195984003919,4.617639512791698,4.688446326529233,-0.07080681373753528,0.023449356818550537,0.018302468720606445,0.14165878110534247,0.1768951066193165,1,NFLX
2025-05-16,119.15299987792967,119.6500015258789,117.93900299072266,119.31400299072266,46984000,114.80749969482422,100.66251968383789,114.11476078656491,109.36418314152812,68.71280614067031,4.750577645036799,4.700872590230746,0.04970505480605247,0.011502770819129093,0.017630595972720434,0.05250896057347676,0.18368783388461685,0,NFLX
2025-05-19,119.16400146484376,119.16400146484376,117.1709976196289,117.35800170898438,28534000,115.38330001831055,101.26357971191406,114.89156704476166,110.09009560992186,66.36254516332946,4.801471434839797,4.720992359152557,0.08047907568724,9.233159824217907e-05,0.01585155529073545,-0.3926868721266814,0.17677058033949433,1,NFLX
2025-05-20,119.2020034790039,119.3000030517578,117.9020004272461,118.6790008544922,21331000,115.92660064697266,101.91425979614257,115.55471111156817,110.76505174837237,65.38422758764862,4.7896593631957955,4.734725759961205,0.0549336032345904,0.00031890515334320746,0.015915546305165337,-0.2524356907548889,0.16963027271592535,1,NFLX
2025-05-21,119.46299743652344,121.12200164794922,118.6500015258789,118.6500015258789,29766000,116.31880035400391,102.51331970214844,116.15598593079206,111.40934402156874,65.53544892252853,4.746641909223314,4.737108989813627,0.009532919409687146,0.0021895098228403853,0.015464140131055428,0.39543387558014165,0.16534122379045124,0,NFLX
2025-05-22,118.7969970703125,119.875,118.72100067138672,119.23999786376952,18616000,116.75419998168945,103.04989959716796,116.56229533687213,111.95657758073494,58.72117207222894,4.605717756137182,4.710830743078338,-0.10511298694115645,-0.005574951076920853,0.015145112972850263,-0.3745884566283679,0.15281041063311518,1,NFLX
2025-05-23,118.53900146484376,119.1449966430664,117.94400024414062,118.4000015258789,21865000,117.20589981079101,103.64033966064453,116.86640397194468,112.44416453511337,65.97772689296951,4.422239436831305,4.653112481828932,-0.23087304499762684,-0.002171735076064607,0.015069251928401,0.17452728835410403,0.14375350228475492,1,NFLX
2025-05-27,121.15699768066406,121.177001953125,119.30899810791016,119.53299713134766,29205000,118.22159957885742,104.22747955322265,117.52649531174765,113.08955958293194,70.16596584055823,4.436935728815712,4.609877131226288,-0.17294140241057576,0.02208552614302839,0.011569918490788809,0.3356963183169448,0.16242854763456638,1,NFLX
2025-05-28,120.8550033569336,121.59100341796876,120.60199737548828,121.0270004272461,18559000,118.92269973754883,104.74453964233399,118.0385734725455,113.6647776402654,65.77044141214574,4.373795832280095,4.562660871437049,-0.18886503915695396,-0.002492586722282808,0.010399261163650517,-0.36452662215374076,0.1538071938605221,1,NFLX
2025-05-29,118.48600006103516,120.9000015258789,117.62799835205078,120.8000030517578,33007000,119.26139984130859,105.25429962158204,118.10740833231313,114.02190522698908,61.15680207773655,4.085503105324051,4.46722931821445,-0.3817262128903991,-0.019602029126604026,0.012962866005943222,0.7784902203782531,0.12571173326908913,1,NFLX
2025-05-30,120.7229995727539,121.18099975585938,118.09300231933594,119.83300018310548,46968000,119.55390014648438,105.74977966308593,118.50980698468864,114.51828258593463,66.80712260885242,3.9915243987540094,4.3720883343223615,-0.3805639355683521,0.018879863532961005,0.01222039947016747,0.42297088496379565,0.14159102702031134,1,NFLX
2025-06-02,121.89800262451172,121.94000244140624,119.625,120.12000274658205,22942000,119.82840042114258,106.28605972290039,119.03106785235373,115.06492851471812,80.12496894546175,3.96613933763561,4.290898534985011,-0.32475919734940106,0.00973305050335238,0.012088001280054292,-0.5115397717594958,0.14688608216649857,1,NFLX
2025-06-03,121.79399871826172,122.95700073242188,121.11799621582033,121.98699951171876,23638000,120.09140014648438,106.80135971069336,119.4561341394165,115.56337815942506,75.8991436064766,3.892755979991449,4.211270023986299,-0.31851404399484995,-0.0008532043512671228,0.012111262242243907,0.0303373725045768,0.1403787278381179,0,NFLX
2025-06-04,123.96600341796876,124.25599670410156,121.98799896240234,122.072998046875,23594000,120.56780014038085,107.33669982910156,120.1499601822707,116.18579484524311,77.25793030208939,3.9641653370275947,4.161849086594558,-0.19768374956696366,0.017833429582449378,0.013032178528848472,-0.0018614095947203646,0.1549265406458733,0,NFLX
2025-06-05,125.052001953125,126.28099822998048,123.72899627685548,124.05999755859376,28172000,121.12670059204102,107.84317993164062,120.90412045470983,116.84255092730844,74.75431756963285,4.061569527401389,4.141793174755924,-0.08022364735453547,0.008760454521508088,0.013096098229425564,0.19403238111384247,0.15957265014248168,0,NFLX
2025-06-06,124.14700317382812,126.0,123.55500030517578,125.94100189208984,25570000,121.66170120239258,108.38481994628906,121.40302548842034,117.38362146408767,67.5820474417186,4.0194040243326725,4.117315344671274,-0.09791132033860173,-0.00723697953780944,0.013250060959591628,-0.09236120971177053,0.14542795970275302,0,NFLX
2025-06-09,122.4459991455078,123.88800048828124,122.15699768066406,123.88800048828124,24031000,122.05240097045899,108.88029998779297,121.5634829741261,117.75861240345212,60.32594397684866,3.804870570673984,4.054826389871817,-0.24995581919783305,-0.013701531127083388,0.0143504511689761,-0.06018771998435668,0.12459277903565424,1,NFLX
2025-06-10,120.36199951171876,122.7519989013672,118.06099700927734,122.7519989013672,44544000,121.97290115356445,109.41983993530273,121.37863936452497,117.95145589295336,53.233349027653944,3.4271834715716096,3.9292978062117756,-0.502114334640166,-0.017019744608499088,0.013998683048044702,0.8536057592276642,0.10000160467138186,1,NFLX
2025-06-11,121.98799896240234,122.8290023803711,119.60099792480467,120.26000213623048,23823000,122.08620071411133,109.99453994750976,121.47238699496765,118.25045908328292,56.54043760619713,3.2219279116847304,3.7878238273063665,-0.5658959156216361,0.013509242595502569,0.01465373941325926,-0.46518049568965514,0.10903685783508843,1,NFLX
2025-06-12,121.50299835205078,123.0,121.1959991455078,122.25900268554688,20846000,122.3879005432129,110.56783996582031,121.4770964345189,118.49138791800647,57.07562244674448,2.9857085165124317,3.6274007651475797,-0.641692248635148,-0.003975805935639953,0.012942352163052947,-0.1249632707887336,0.09889999107887837,1,NFLX
2025-06-13,121.21499633789062,122.06199645996094,120.18900299072266,120.65899658203124,22103000,122.43710021972656,111.12109985351563,121.43677334272994,118.69313668984974,56.98619921507138,2.7436366528801983,3.4506479426941037,-0.7070112898139054,-0.002370328453341397,0.011651183772523579,0.06029933800249454,0.09083690224161911,1,NFLX
2025-06-16,122.53500366210938,122.625,121.22000122070312,121.22000122070312,21128000,122.50080032348633,111.73769989013672,121.60573185340368,118.97771942853564,53.85909180646469,2.6280124248680465,3.2861208391288925,-0.658108414260846,0.010889802121011316,0.011758637811692327,-0.044111659050807606,0.09663080395058099,1,NFLX
2025-06-17,122.06700134277344,123.23600006103516,121.60900115966795,121.99500274658205,18921000,122.5281005859375,112.46731994628907,121.6766963902298,119.20655512588658,53.36291942025158,2.470141264343212,3.1229249241717567,-0.6527836598285446,-0.0038193357436577813,0.011836062206213702,-0.10445853843241193,0.08535529610796178,1,NFLX
2025-06-18,122.22899627685548,124.1999969482422,122.0500030517578,122.9990005493164,22810000,122.35439987182617,113.17623992919921,121.76166560355682,119.43043965558799,61.83517285168129,2.331225947968832,2.964585128931172,-0.6333591809623398,0.0013270984975468636,0.010147727739129853,0.20553881930130546,0.07998813490640355,1,NFLX
2025-06-20,123.14099884033205,124.8499984741211,122.43499755859376,123.44499969482422,53482000,122.16329956054688,113.89825988769532,121.97387071690686,119.70529589149496,58.344821993350145,2.2685748254119034,2.8253830682273184,-0.5568082428154151,0.007461425613042083,0.010011121376516557,1.3446733888645332,0.08114907955354322,1,NFLX
2025-06-23,125.35399627685548,125.48400115966795,121.5009994506836,123.8030014038086,26673000,122.28399887084962,114.51439987182617,122.49389003382203,120.1237181422624,61.12968581236805,2.3701718915596217,2.7343408328937793,-0.36416894133415756,0.017971248060062228,0.011471472723320336,-0.5012714558169103,0.09465705987335982,1,NFLX
2025-06-24,127.91100311279295,128.2570037841797,125.5,126.05500030517578,26633000,122.83049926757812,115.2302799987793,123.3272920459714,120.70055406600541,67.01150751990414,2.626737979965995,2.712820262308223,-0.08608228234222803,0.020398287345304134,0.0116732145242899,-0.001499643834589337,0.1100467959823408,1,NFLX
2025-06-25,127.5250015258789,129.8000030517578,127.38099670410156,128.6840057373047,21465000,123.54679946899414,115.94419998168945,123.97309350441871,121.2060686926627,60.98929963518593,2.7670248117560163,2.7236611721977817,0.043363639558234635,-0.003017735593658588,0.009439548674284884,-0.19404498178950924,0.09988254303378996,1,NFLX
2025-06-26,130.66700744628906,130.73399353027344,128.0,128.0,26059000,124.41470031738281,116.69498016357421,125.00292641855262,121.9068789707091,65.38439991705468,3.0960474478435174,2.7981384273269287,0.29790902051658863,0.024638352345148107,0.01097562385150399,0.21402282785930593,0.11973117663784616,0,NFLX
2025-06-27,132.31199645996094,133.13499450683594,130.10000610351562,130.68800354003906,40709000,125.49560012817383,117.38866012573243,126.12739873261543,122.67762841435739,71.49925590455013,3.4497703182580466,2.9284648055131526,0.521305512744894,0.012589168802599637,0.010377090443558307,0.5621858091254461,0.12712758045150574,0,NFLX
2025-06-30,133.91299438476562,134.11500549316406,132.12100219726562,133.10000610351562,32829000,126.76539993286133,118.14365997314454,127.32518267910007,123.50987774549874,80.3536202147169,3.8153049336013254,3.1058328311307877,0.7094721024705377,0.01210017207539571,0.009660474250503575,-0.1935689896583065,0.13347592596340463,0,NFLX
2025-07-01,129.36000061035156,133.8769989013672,128.2220001220703,133.822998046875,49936000,127.44789962768554,118.7847999572754,127.6382315916003,123.94322017993228,71.06470731961724,3.6950114116680197,3.2236685472382343,0.47134286442978546,-0.0339996412994259,0.016926073848853456,0.5210941545584697,0.08902823136360771,0,NFLX
2025-07-02,128.48599243164062,129.9949951171875,127.15899658203124,129.6959991455078,30488000,128.08979873657228,119.37869979858398,127.7686563362219,124.27972182820697,65.76722842371963,3.488934508014921,3.2767217393935715,0.21221276862134975,-0.006756402091737446,0.017131244282039604,-0.38945850688881767,0.07628909217827373,0,NFLX
2025-07-03,129.71800231933594,130.2259979248047,127.97599792480467,129.1999969482422,20062000,128.8386993408203,119.89237991333007,128.06855571823945,124.68255742014244,69.23616443289818,3.3859982980970074,3.298577051134259,0.08742124696274844,0.00958867083001902,0.017119109138264706,-0.34197061138808715,0.08195368557291793,0,NFLX
2025-07-07,128.96200561523438,129.5,127.60199737548828,129.5,22737000,129.42080001831056,120.37244003295899,128.20600954854635,124.99955358274184,67.75125833705115,3.2064559658045084,3.2801528340683093,-0.07369686826380084,-0.005828001438385355,0.017512749702237713,0.1333366563652676,0.07135824097213184,0,NFLX
2025-07-08,127.53099822998048,129.3249969482422,126.0,129.08999633789062,32925000,129.63850021362305,120.72932006835937,128.10216165338235,125.1870680010558,61.38973024062221,2.915093652326547,3.207140997719957,-0.29204734539341004,-0.01109634871470122,0.017490158654609463,0.4480802216651274,0.056338246233556655,0,NFLX
2025-07-09,128.8280029296875,128.82899475097656,126.6240005493164,127.39900207519533,23845000,129.7302001953125,121.10282012939453,128.2138295420447,125.45676688465815,64.85215188922993,2.757062657386541,3.117125329653274,-0.36006267226673305,0.01017011328781492,0.016560035484014184,-0.2757782839787396,0.06379027996242259,0,NFLX
2025-07-10,125.05899810791016,128.9600067138672,124.60099792480467,128.5500030517578,42308000,129.4835998535156,121.38324005126952,127.72847085987016,125.42730253082496,55.36635118673884,2.301168329045197,2.953933929531659,-0.6527656004864619,-0.029256099109402633,0.019119796947909357,0.7742923044663452,0.030282253588618024,1,NFLX
2025-07-11,124.51100158691406,126.0999984741211,123.12999725341795,125.97899627685548,39572000,128.8679992675781,121.62218002319337,127.23347558710769,125.35942838683155,52.63421330659936,1.874047200276138,2.737956583680555,-0.8639093834044171,-0.004381903975619883,0.01671470564269827,-0.06466862059185019,0.023752423802712697,0,NFLX
2025-07-14,126.19499969482422,127.04900360107422,124.0,124.49099731445312,27810000,128.25629959106445,121.8826400756836,127.07371006521792,125.42132255779397,51.65064320458857,1.6523875074239527,2.520842768429235,-0.8684552610052823,0.013524894077208582,0.01682442679405913,-0.29723036490447796,0.035381245569203745,0,NFLX
2025-07-15,126.0270004272461,127.12200164794922,124.3239974975586,126.1999969482422,28017000,127.4677001953125,122.13624008178711,126.91267781322226,125.4661875851608,45.91960157703585,1.4464902280614638,2.3059722603556807,-0.8594820322942169,-0.0013312672291643235,0.015851660867274412,0.007443365695792847,0.03185590405315897,0,NFLX
2025-07-16,125.03099822998048,127.0999984741211,124.98200225830078,126.1709976196289,32270000,127.0347999572754,122.32388000488281,126.62318864656967,125.43395133662892,44.737504684656635,1.1892373099407507,2.082625270272695,-0.8933879603319443,-0.007903085798194431,0.012515350813882017,0.15180069243673477,0.02213074196951248,0,NFLX
2025-07-17,127.41699981689452,127.75,124.4800033569336,125.3000030517578,64699000,126.92790069580079,122.60410003662109,126.74531344200426,125.5808438166486,42.91628988094619,1.1644696253556646,1.8989941412892892,-0.7345245159336247,0.019083280312017115,0.014272717001128667,1.0049271769445305,0.039255618522022084,0,NFLX
2025-07-18,120.92400360107422,124.6500015258789,120.10099792480467,124.1959991455078,106933000,126.0485008239746,122.74720016479492,125.84972731263042,125.235892689569,29.509166222570656,0.6138346230614218,1.641962237643716,-1.0281276145822942,-0.05095863366074471,0.02076767237682159,0.6527767044312895,-0.014853263954476836,0,NFLX
2025-07-21,123.3270034790039,123.70999908447266,119.8000030517578,120.5999984741211,56276000,125.48500061035156,122.90292022705079,125.46161595361096,125.0944934887864,31.486562107472665,0.36712246482456123,1.386994283079885,-1.0198718182553237,0.019871984108772445,0.022425057962438353,-0.47372653904781503,0.0034505547237582146,0,NFLX
2025-07-22,119.00800323486328,123.23699951171876,118.75,123.03800201416016,50630000,124.63270111083985,122.9942202758789,124.468752458419,124.64364235886617,31.746388780742762,-0.17488990044716957,1.0746174463744742,-1.2495073468216438,-0.035020718271776774,0.024426176295244798,-0.10032695998294117,-0.03240979155015933,0,NFLX
2025-07-23,117.6780014038086,119.26200103759766,117.36000061035156,118.9810028076172,45043000,123.51770095825195,123.06734024047852,123.42402152694048,124.12766895478784,31.24395430733999,-0.7036474278473577,0.7189644715301079,-1.4226118993774657,-0.011175734361578371,0.023718298032888642,-0.11034959510171838,-0.04379178770044867,1,NFLX
2025-07-24,118.07599639892578,118.3499984741211,116.26599884033205,117.77999877929688,38456000,122.81940078735352,123.20886016845704,122.60124843032284,123.67939691361286,29.194359735520848,-1.0781484832900219,0.35954188056608194,-1.4376903638561038,0.003382067934273314,0.022812008492344462,-0.14623803920697998,-0.04165985922208326,0,NFLX
2025-07-25,118.04900360107422,118.73200225830078,117.43800354003906,117.84200286865234,26293000,122.17320098876954,123.29296020507813,121.9009030719769,123.2623307423137,29.975408649558787,-1.361427670336795,0.01534797038550656,-1.3767756407223015,-0.0002286052938343941,0.022872172720400482,-0.3162835448304556,-0.04253249005686477,0,NFLX
2025-07-28,117.45999908447266,119.77899932861328,116.85299682617188,118.12000274658205,34470000,121.29970092773438,123.34018020629883,121.21768707389933,122.83252839728843,30.931192429948,-1.6148413233891006,-0.3106898883694149,-1.3041514350196857,-0.004989491640200572,0.021929123265386093,0.31099532194880775,-0.04767449757241293,0,NFLX
2025-07-29,116.8740005493164,117.95999908447266,116.3290023803711,117.9000015258789,27525000,120.3844009399414,123.32170028686524,120.54942760857887,122.39115596410531,26.739558049598756,-1.8417283555264419,-0.6168975818008203,-1.2248307737256217,-0.004988919970404737,0.02185580004925732,-0.20147954743255003,-0.05228357801222727,0,NFLX
2025-07-30,118.41999816894533,118.48500061035156,116.61000061035156,116.8550033569336,29227000,119.72330093383789,123.30704025268555,120.22182307940447,122.09699612742679,35.85821076228666,-1.8751730480223188,-0.86855267504512,-1.0066203729771988,0.013227900237543055,0.022791709478757704,0.06183469573115352,-0.03963311481425158,0,NFLX
2025-07-31,115.94000244140624,119.0,115.77400207519533,118.4800033569336,37129000,118.57560119628906,123.24256027221679,119.56308144278935,121.6409225210549,33.13126411086034,-2.07784107826555,-1.110410355689206,-0.9674307225763439,-0.020942372621902683,0.021537366933305407,0.2703664419885723,-0.05925353883172135,1,NFLX
2025-08-01,115.86000061035156,117.85099792480467,115.28500366210938,116.3010025024414,38910000,118.0692008972168,123.17572021484375,118.99337669933739,121.21270608322503,28.288717651346616,-2.21932938388764,-1.3321941613288928,-0.8871352225587472,-0.0006900278538040094,0.015807460048537208,0.04796789571493987,-0.059392545801494556,1,NFLX
2025-08-04,117.0989990234375,117.6999969482422,116.26200103759766,116.76499938964844,22447000,117.44640045166015,123.12844024658203,118.70193397996817,120.90798704175928,32.052094142951816,-2.20605306179111,-1.5069659414213363,-0.6990871203697735,0.010693927210071452,0.014466996725585829,-0.4231046003598047,-0.04896871276099757,1,NFLX
2025-08-05,114.78700256347656,117.1709976196289,114.47100067138672,117.0999984741211,26607000,117.02430038452148,123.04824035644532,118.09963683896947,120.45458078410871,30.441417376375455,-2.35494394513924,-1.6765615421649174,-0.6783824029743228,-0.019743947251830818,0.011443993435775745,0.18532543324274964,-0.0671382034317407,1,NFLX
2025-08-06,117.8479995727539,118.13800048828124,115.18699645996094,115.35199737548828,33622000,117.04130020141602,123.03442031860351,118.06092341339784,120.26150069437874,32.18924028055797,-2.2005772809808946,-1.7813646899281128,-0.41921259105278175,0.026666756173763018,0.01449153373740818,0.26365242229488484,-0.04215422588588724,1,NFLX
2025-08-07,118.03700256347656,119.12200164794922,116.81999969482422,118.1760025024414,26283000,117.03740081787109,122.97202041625977,118.05724328264071,120.09672305505265,42.978735721545995,-2.039479772411937,-1.8329877064248778,-0.20649206598705927,0.0016037861602051784,0.014459550946830768,-0.2182796978169056,-0.04013122526635071,1,NFLX
2025-08-08,121.16400146484376,121.41100311279295,118.03700256347656,118.31900024414062,38167000,117.34890060424804,122.97820037841797,118.53520607990272,120.17578071503718,44.91847047769884,-1.6405746351344561,-1.7945050921667935,0.15393045703233743,0.02649168339975083,0.01669601619069216,0.45215538561047075,-0.014752199235244179,1,NFLX
2025-08-11,121.83100128173828,122.30699920654295,120.19300079345705,121.4010009765625,24556000,117.7860008239746,123.04510040283203,119.04225149556973,120.29838964590392,58.00578815090733,-1.2561381503341948,-1.686831703800274,0.4306935534660792,0.00550493388160378,0.016485170222922063,-0.35661697277753035,-0.009867106590339403,1,NFLX
2025-08-12,122.52799987792967,123.1989974975586,120.6510009765625,122.5,22788000,118.35140075683594,123.08120040893554,119.57852047747126,120.4635459593873,64.26639808003642,-0.8850254819160455,-1.5264704594234284,0.6414449775073829,0.0057210282182575956,0.01619739369621181,-0.07199869685616545,-0.00449459811220454,0,NFLX
2025-08-13,120.44400024414062,123.71199798583984,120.3000030517578,123.4000015258789,27624000,118.55380096435547,123.05212036132812,119.71167121080501,120.4620981286283,56.336988918094185,-0.7504269178232903,-1.3712617511034009,0.6208348332801106,-0.01700835430159031,0.01724844273364752,0.21221695629278559,-0.02119524726212807,1,NFLX
2025-08-14,123.05599975585938,124.40899658203124,120.7030029296875,120.98899841308594,39047000,119.26540069580078,123.07736038208007,120.22618329465953,120.65423898990467,61.77064885935671,-0.42805569524513487,-1.1826205399317478,0.7545648446866129,0.021686422789215065,0.016232943862443436,0.41351723139299157,-0.000173554471386006,0,NFLX
2025-08-15,123.8949966430664,124.69400024414062,122.78800201416016,123.40399932861328,27678000,120.06890029907227,123.07594024658204,120.79061611749137,120.8942951123611,64.95190984975906,-0.10367899486973897,-0.9668322309193461,0.8631532360496071,0.006818008783574747,0.0160570545274688,-0.29116193305503624,0.006654886364007462,0,NFLX
2025-08-18,124.50900268554688,125.11599731445312,123.54499816894533,123.56300354003906,21111000,120.80990066528321,123.06508026123046,121.36267558949991,121.16205122889339,67.71709722410574,0.20062436060652544,-0.7333409126141718,0.9339652732206972,0.004955858259953594,0.01600661319100447,-0.23726425319748534,0.011732998680465512,0,NFLX
2025-08-19,121.41500091552734,124.0999984741211,119.27899932861328,124.0199966430664,37077000,121.47270050048829,123.01044021606445,121.37072563965798,121.18078824271812,56.484095210377404,0.1899373969398539,-0.5486852507033667,0.7386226476432206,-0.02484962294520643,0.016980380103436544,0.7562881909904788,-0.012969950337018199,1,NFLX
2025-08-20,121.38600158691406,122.3000030517578,119.33100128173828,121.8000030517578,24344000,121.8265007019043,122.98924026489257,121.37307578538969,121.19598923117708,63.19027292717636,0.17708655421260744,-0.4035308897201719,0.5806174439327794,-0.00023884469295076816,0.015353071375213521,-0.34342044933516735,-0.013035601118646434,1,NFLX
2025-08-21,120.62100219726562,122.13999938964844,119.76399993896484,121.14299774169922,20472000,122.0849006652832,122.99442031860352,121.25737215644753,121.15339759903549,61.160867266602146,0.10397455741204453,-0.30202980029372867,0.4060043577057732,-0.006302204369922237,0.015637793578999044,-0.15905356556030237,-0.01929695766027284,1,NFLX
2025-08-22,120.46499633789062,121.36199951171876,119.822998046875,120.88800048828124,31281000,122.01500015258789,122.96396026611328,121.13546818436186,121.10240491302474,58.312745601963165,0.033063271337113065,-0.23501118596756035,0.2680744573046734,-0.0012933556887536612,0.013123814264163036,0.5279894490035171,-0.020322734586739943,1,NFLX
2025-08-25,121.80699920654295,123.37999725341795,119.9000015258789,120.16500091552734,28120000,122.01259994506836,122.97004028320312,121.23878064931279,121.15459708291498,68.20915519019056,0.08418356639781166,-0.17117223549448596,0.2553558018922976,0.011140189345028917,0.013525188777123744,-0.10105175665739585,-0.00945792222220676,0,NFLX
2025-08-26,122.60900115966795,123.1500015258789,121.22000122070312,122.02100372314452,19857000,122.02070007324218,122.99792037963867,121.44958380475205,121.26233071823,63.9889457482647,0.1872530865220483,-0.0994871710911791,0.2867402576132274,0.006584202536383588,0.013567997585453963,-0.2938477951635846,-0.0031619983392426887,1,NFLX
2025-08-27,122.3499984741211,122.9209976196289,121.3000030517578,122.36100006103516,16645000,122.21129989624023,122.9942202758789,121.58810913850114,121.34289870014786,62.62068405079596,0.2452104383532827,-0.030547649202286753,0.27575808755556946,-0.002112427987318588,0.012226376599913668,-0.1617565593997079,-0.0052378217473374455,1,NFLX
2025-08-28,123.1449966430664,123.78900146484376,121.427001953125,122.27899932861328,19503000,122.22019958496094,123.01578018188476,121.82763029304965,121.47638743666035,56.712956619263274,0.3512428563893053,0.045810451916031655,0.30543240447327363,0.006497737465141595,0.010241482787012715,0.17170321417843204,0.0010504055739075646,1,NFLX
2025-08-29,120.8249969482422,122.87899780273438,120.11499786376952,122.7969970703125,32098000,121.91319961547852,122.9877001953125,121.67337900923312,121.42813628937012,46.9344113425316,0.2452427198630005,0.08569690550542543,0.1595458143575751,-0.018839577393052198,0.011512121392649361,0.6457980823463056,-0.01758471167145803,1,NFLX
2025-09-02,121.41100311279295,121.54000091552734,118.27999877929688,119.6999969482422,23033000,121.60339965820313,122.95310028076172,121.63301348670386,121.42686716517922,46.57300301533225,0.20614632152464196,0.10978678870926875,0.09635953281537321,0.004850040797450106,0.011504608148624612,-0.2824163499283444,-0.01254215765562161,1,NFLX
2025-09-03,122.61799621582033,122.6999969482422,120.33799743652344,120.51399993896484,24715000,121.72369918823242,122.89838027954102,121.78454929118331,121.51509894670818,57.049267440226636,0.26945034447513194,0.1417194998624414,0.12773084461269055,0.009941381522941883,0.008959230359857134,0.07302565883732037,-0.0022814300976378155,1,NFLX
2025-09-04,125.7480010986328,125.7480010986328,122.30899810791016,122.31999969482422,30235000,122.1598991394043,122.85512023925781,122.394311107714,121.82864725425816,58.445219499212065,0.5656638534558454,0.2265083705811222,0.3391554828747232,0.02552647229125604,0.011808037535650864,0.2233461460651427,0.023547092329087693,0,NFLX
2025-09-05,124.38200378417967,126.70999908447266,123.9020004272461,126.0,23797000,122.5359992980957,122.79226028442383,122.70010998101641,122.01778477499309,51.47891458378026,0.6823252060233216,0.3176717376695621,0.3646534683537595,-0.010862974381451007,0.012310360538375422,-0.2129320324127667,0.012946609957936506,0,NFLX
2025-09-08,124.47599792480467,125.2040023803711,123.1999969482422,124.85399627685548,19151000,122.93709945678711,122.66844009399414,122.97332351083,122.1998746379421,49.8965044039457,0.7734488728878972,0.4088271647132291,0.3646217081746681,0.0007556892296742834,0.012245190619208313,-0.195234693448754,0.014735312761990915,0,NFLX
2025-09-09,126.3249969482422,126.5719985961914,124.66699981689452,124.66699981689452,22197000,123.38889923095704,122.54870010375977,123.48896557812418,122.5054392535199,66.7006615772913,0.9835263246042842,0.5237669966914401,0.45975932791284413,0.014854261498305155,0.012560069446861666,0.1590517466450838,0.030814662589526476,0,NFLX
2025-09-10,124.77100372314452,126.6999969482422,124.63600158691406,126.39700317382812,27010000,123.60509948730468,122.36586029052734,123.68620221581962,122.67325884386247,60.43144053797461,1.0129433719571495,0.621602271744582,0.3913411002125674,-0.012301549674561874,0.013468472299036693,0.21683110330224808,0.019655346899100534,0,NFLX
2025-09-11,120.3499984741211,125.34500122070312,119.1999969482422,125.0999984741211,56823000,123.40509948730468,122.18566024780273,123.17294010171216,122.5011654831409,49.31843553122732,0.6717746185712627,0.6316367411099182,0.04013787746134456,-0.03543295410873848,0.01793388261737095,1.103776379118845,-0.015023545070336097,1,NFLX
2025-09-12,118.84400177001952,121.1780014038086,118.23999786376952,120.30599975585938,37849000,122.975,121.99282043457032,122.50694958914406,122.23026446735413,46.182480957054196,0.27668512178992444,0.5606464172459195,-0.283961295455995,-0.012513475057711831,0.017999271273952944,-0.3339140840856696,-0.025811508032471786,1,NFLX
2025-09-15,120.22599792480467,120.7239990234375,117.3209991455078,118.83999633789062,29093000,122.91510009765625,121.80298034667969,122.15603394847646,122.08180027901713,46.283667577584325,0.07423366945933196,0.463363867688602,-0.38913019822927003,0.011628657182543467,0.01767154268691954,-0.23134032603239185,-0.012946993722046551,1,NFLX
2025-09-16,120.0510025024414,120.9000015258789,119.72799682617188,120.56400299072266,24047000,122.77910003662109,121.62476028442383,121.83218295677875,121.9313708140856,43.804493083129614,-0.09918785730684476,0.3508535226895127,-0.45004137999635746,-0.0014555539183190858,0.017577409404340497,-0.1734437837280446,-0.01293945228177329,1,NFLX
2025-09-17,122.8499984741211,123.39299774169922,120.66100311279295,122.10199737548828,34598000,122.80230026245117,121.53114028930663,121.98876995944681,121.99941730742155,51.0783310352544,-0.010647347974739318,0.2785533485566623,-0.2892006965314016,0.023315057045215193,0.01895590262997981,0.43876575040545607,0.010852018517022888,0,NFLX
2025-09-18,120.77799987792967,123.3000030517578,120.5500030517578,122.08200073242188,31691000,122.30530014038087,121.37014022827148,121.80249763921341,121.90894194227401,45.16168774439363,-0.1064443030605986,0.2015538182332101,-0.3079981212938087,-0.016866085648571616,0.01737455903461965,-0.08402219781490261,-0.004878797612230756,1,NFLX
2025-09-19,122.6969985961914,122.99500274658205,120.80999755859376,121.86199951171876,49476000,122.13679962158203,121.3229002380371,121.94011317105618,121.96731650923086,53.89028183444319,-0.027203338174672353,0.15580238695163362,-0.18300572512630597,0.01588864462237538,0.018220173408600538,0.5612003407907609,0.011325960354214182,0,NFLX
2025-09-22,122.73699951171876,122.97599792480467,121.42400360107422,122.19000244140624,25468000,121.96289978027343,121.2874201965332,122.06271106961965,122.0243300649707,52.81959284534871,0.03838100464895433,0.13231811049109776,-0.09393710584214343,0.00032601380624641685,0.018215521668001958,-0.4852453714932492,0.011951604814717465,0,NFLX
2025-09-23,121.84700012207033,122.77899932861328,120.84700012207033,122.73300170898438,24991000,121.51510009765624,121.20046020507813,122.02952476999667,122.01119451364475,48.33815385364257,0.01833025635191632,0.10952053966326147,-0.09119028331134515,-0.007251272177005275,0.017364707825231883,-0.01872938589602635,0.005334467508606888,0,NFLX
2025-09-24,120.3949966430664,122.1500015258789,119.41999816894533,121.86100006103516,27731000,121.07749938964844,121.08782012939453,121.77805890431509,121.89147615286117,37.56212917052979,-0.11341724854608515,0.06493298202139215,-0.17835023056747729,-0.011916612452906206,0.017343359246764573,0.10963947020927534,-0.005721661233869524,0,NFLX
2025-09-25,120.8239974975586,121.68399810791016,119.1510009765625,120.30899810791016,19978000,121.1248992919922,121.00368011474609,121.63128022635256,121.8124036598758,41.35650054249502,-0.1811234335232399,0.015721698912465748,-0.19684513243570564,0.003563278096713862,0.013248062291430763,-0.2795788107172479,-0.0014849351442626224,0,NFLX
2025-09-26,121.06099700927734,121.4000015258789,120.0,120.54199981689452,19450000,121.34659881591797,120.87656005859375,121.54354434680252,121.75674390797961,41.7611491405191,-0.21319956117709182,-0.03006255310544577,-0.18313700807164607,0.0019615268210566583,0.01243761255202201,-0.0264290719791771,0.0015258289166584227,0,NFLX
2025-09-29,120.64099884033205,122.4489974975586,118.75399780273438,120.5,30332000,121.3880989074707,120.8708999633789,121.40469119196091,121.6740961251909,35.27155031130857,-0.2694049332299926,-0.07793102913035514,-0.19147390409963744,-0.003469310342067544,0.01203799756818636,0.5594858611825193,-0.0019020386471558792,0,NFLX
2025-09-30,119.89199829101562,120.8499984741211,117.8000030517578,120.64099884033205,38303000,121.37219848632813,120.80219985961914,121.1719692072001,121.54208887821494,36.80707329561895,-0.3701196710148338,-0.13636875750725086,-0.23375091350758292,-0.0062085075265972955,0.01221238743486762,0.26279177106686014,-0.007534643985467437,0,NFLX
2025-10-01,117.08999633789062,117.91400146484376,116.3209991455078,117.54900360107422,41102000,120.79619827270508,120.76383972167969,120.5439733811525,121.21230424559832,40.33900910942849,-0.6683308644458208,-0.24276117889496485,-0.42556968555085595,-0.023371050554380268,0.011159447725363536,0.07307521604051903,-0.030421717231383538,1,NFLX
2025-10-02,116.25299835205078,116.33300018310548,113.4000015258789,116.1500015258789,46855000,120.34369812011718,120.73533966064453,119.88382337667531,120.84494825348368,42.00455042429511,-0.9611248768083698,-0.38643391847764585,-0.5746909583307239,-0.007148330446817064,0.010381629259295295,0.1399688579631162,-0.03712534640803955,1,NFLX
2025-10-03,115.33200073242188,116.8000030517578,114.3219985961914,116.5,31374000,119.60719833374023,120.68045974731446,119.18354296986709,120.43658177044206,34.4555946831682,-1.25303880057497,-0.5597548948971107,-0.6932839056778592,-0.007922355833264949,0.007777757622554223,-0.33040230498345957,-0.0443191799740521,1,NFLX
2025-10-06,116.33100128173828,116.35800170898438,114.54499816894533,116.03700256347656,29686000,118.96659851074219,120.64609970092773,118.74469040246265,120.13246469720474,38.77217641841118,-1.387774294742087,-0.725358774866106,-0.662415519875981,0.008661954557037,0.008912178992244047,-0.05380251163383698,-0.035766580352669886,1,NFLX
2025-10-07,119.1060028076172,120.13700103759766,117.74600219726562,117.77899932861328,33091000,118.69249877929687,120.67901977539063,118.80027692633257,120.05643048316122,38.68336444218767,-1.2561535568286502,-0.8315177312586148,-0.4246358255700353,0.02385435950265946,0.012757925355149777,0.11470053223741838,-0.013034717805142537,1,NFLX
2025-10-08,121.4250030517578,121.73899841308594,119.1999969482422,119.71099853515624,28514000,118.79549942016601,120.77003982543945,119.20408094562876,120.15780622898319,51.92686615455646,-0.9537252833544301,-0.8559592416777779,-0.09776604167665215,0.019470053477374183,0.013910496557977466,-0.1383155540781481,0.005423226052297725,0,NFLX
2025-10-09,123.10700225830078,123.75,121.18199920654295,121.4250030517578,28241000,119.02379989624023,120.86377990722656,119.80453037834752,120.37626519411782,51.23853194094134,-0.5717348157702986,-0.7991143564962822,0.22737954072598354,0.013852165240020753,0.014494408050290678,-0.009574244230904139,0.018559922193365885,0,NFLX
2025-10-10,122.00800323486328,124.6999969482422,121.91000366210938,122.9000015258789,42798000,119.11850051879883,120.9851399230957,120.14352620242687,120.49713467861748,47.93028143112552,-0.3536084761906153,-0.7100131804351488,0.3564047042445335,-0.008927185320714792,0.014898323910748888,0.5154562515491661,0.008454454095914388,0,NFLX
2025-10-13,121.90299987792967,123.11199951171876,120.68099975585938,122.13500213623048,24608000,119.2447006225586,121.10599990844726,120.41421446019652,120.6012728415295,50.166408363403136,-0.18705838133297448,-0.605422220614714,0.4183638392817395,-0.0008606267961903669,0.014836432404261501,-0.42501986074115616,0.006581011428706374,1,NFLX
2025-10-14,121.53500366210938,122.4290008544922,120.30999755859376,121.4749984741211,23624000,119.40900115966797,121.1947200012207,120.5866435681831,120.67043808749838,53.620909837714194,-0.08379451931527626,-0.5010966803548265,0.4173021610395502,-0.00301876259147682,0.014694498330517137,-0.03998699609882961,0.0028077432819288983,1,NFLX
2025-10-15,120.3290023803711,121.96199798583984,120.16100311279295,121.3010025024414,20252000,119.73290176391602,121.30555999755859,120.54700646236589,120.6451465536371,48.50173981076845,-0.09814009127121892,-0.42050536253810494,0.322365271266886,-0.009923077676380343,0.01264159545084331,-0.1427362004740942,-0.008050394534324323,0,NFLX
2025-10-16,118.35900115966795,121.6709976196289,117.5999984741211,121.21499633789062,28326000,119.94350204467773,121.31578002929687,120.21039026195082,120.47580245038013,42.598082368372836,-0.265412188429309,-0.3894867277163458,0.12407453928703677,-0.016371790522086926,0.01373738179739514,0.3986766739087497,-0.024372582601495663,0,NFLX
2025-10-17,119.93599700927734,120.31199645996094,117.8949966430664,118.36000061035156,29571000,120.40390167236328,121.35375991821289,120.16817591538567,120.43581686215029,48.183827205917005,-0.26764094676461525,-0.36511757152599966,0.09747662476138441,0.013323835400418815,0.01369555257896716,0.04395255242533369,-0.01168289231327524,0,NFLX
2025-10-20,123.8560028076172,124.7760009765625,120.69000244140624,120.78800201416016,39862000,121.15640182495117,121.40759994506836,120.73553389880591,120.68916396922191,58.7776886518003,0.04636992958400299,-0.2828200713039991,0.3291900008880021,0.032684147345993564,0.016435600405845265,0.3480098745392446,0.02016680062579801,0,NFLX
2025-10-21,124.13500213623048,124.86000061035156,123.1760025024414,124.28299713134766,65082000,121.6593017578125,121.4536799621582,121.25852901225585,120.94441124085218,67.56246217540266,0.3141177714036729,-0.16343250276246468,0.4775502741661376,0.0022526104693256777,0.015265801880672674,0.6326827555064973,0.022076911748641237,0,NFLX
2025-10-22,111.63700103759766,115.76000213623048,111.2509994506836,114.29000091552734,147890000,120.68050155639648,121.23585998535157,119.7782939392315,120.2549734480185,42.72337950546287,-0.4766795087870008,-0.22608190396737193,-0.2505976048196289,-0.10068071763447539,0.03564039430185066,1.2723640945269046,-0.07917508028493958,0,NFLX
2025-10-23,111.35900115966795,112.78299713134766,109.9729995727539,112.69000244140624,68497000,119.50570144653321,121.0541600036621,118.48301812699096,119.5960125377703,43.60740307724186,-1.1129944107793506,-0.4034644053297677,-0.7095300054495829,-0.002490212701397043,0.034906048751585546,-0.5368381905470282,-0.08008943140575142,0,NFLX
2025-10-24,109.46900177001952,111.45099639892578,109.44100189208984,111.0999984741211,60280000,118.25180130004883,120.78242004394531,117.09624637976458,118.845863592011,39.26672280235465,-1.7496172122464202,-0.6726949667130983,-1.0769222455333218,-0.01697212950876359,0.034986525469701005,-0.11996145816605108,-0.0936677562000292,1,NFLX
2025-10-27,109.45600128173828,110.22799682617188,108.7300033569336,110.06700134277344,46911000,117.0071014404297,120.49364013671875,115.92082405699131,118.1503182356945,33.4782893793267,-2.2294941787031917,-0.984054809111117,-1.2454393695920747,-0.00011875953987916521,0.035009321896727306,-0.22178168546781685,-0.09160349743319696,1,NFLX
2025-10-28,110.25,111.697998046875,109.3010025024414,109.4000015258789,40209000,115.87860107421875,120.20846008300781,115.04838958668496,117.56510947749491,29.813210905797362,-2.516719890809952,-1.290587825450884,-1.2261320653590682,0.007254044629475986,0.03538987041973694,-0.14286627869795998,-0.08284325476036525,0,NFLX
2025-10-29,110.04100036621094,110.8550033569336,109.5999984741211,109.98400115966795,33995000,114.84980087280273,119.98098007202148,114.27802201430434,117.00776806184425,25.070592129607178,-2.729746047539905,-1.5784194698686882,-1.1513265776712167,-0.0018956882883361947,0.03546020401206341,-0.15454251535725827,-0.08284629530317078,0,NFLX
2025-10-30,108.9000015258789,110.61599731445312,108.81099700927734,109.44000244140624,41581000,113.90390090942383,119.73126007080079,113.45063424685428,116.40719276288384,25.030476302313346,-2.9565585160295598,-1.8540472791008624,-1.1025112369286973,-0.010368851941865653,0.035359070873280926,0.22315046330342692,-0.0904630798883852,1,NFLX
2025-10-31,111.88600158691406,113.48799896240234,110.197998046875,110.53900146484376,68665000,113.0989013671875,119.55656005859375,113.2099215299404,116.07228971281201,32.80579654876543,-2.862368182871606,-2.055711459855011,-0.8066567230165949,0.02741965123228729,0.03655122300448624,0.6513551862629567,-0.06415840726699062,0,NFLX
2025-11-03,110.00900268554688,113.3499984741211,107.51499938964844,113.3239974975586,58634000,111.71420135498047,119.34744018554687,112.71747247695677,115.623157340422,31.19002416464633,-2.9056848634652255,-2.2257061405770537,-0.6799787228881717,-0.01677599408992303,0.03394458087620131,-0.146086070050244,-0.07824581311071044,1,NFLX
2025-11-04,109.2959976196289,110.45999908447266,108.66799926757812,109.9990005493164,38718000,110.23030090332031,119.09722015380859,112.19109172967556,115.15447884258546,31.700110802735225,-2.963387112909899,-2.373242335043623,-0.5901447778662763,-0.0064813337864360054,0.03367016345958815,-0.3396664051574172,-0.08229598072500643,1,NFLX
2025-11-05,109.84600067138672,110.08499908447266,107.33699798583984,108.5,35539000,110.05120086669922,118.84196014404297,111.83030848993882,114.76125823731148,35.18189960064217,-2.930949747372665,-2.4847838175094314,-0.44616592986323367,0.0050322341507136326,0.013059231589450736,-0.08210651376620692,-0.0756968284749987,1,NFLX
2025-11-06,109.7020034790039,110.37000274658205,108.51300048828124,109.45800018310548,36532000,109.88550109863282,118.58900024414062,111.50287694979498,114.38649862558499,31.25093298758982,-2.8836216757900104,-2.5645513891655476,-0.3190702866244628,-0.0013109006381906152,0.013055018506383359,0.027941135091026803,-0.07493946948571073,1,NFLX
2025-11-07,110.36599731445312,110.8219985961914,108.75,109.41799926757812,44125000,109.97520065307617,118.33342025756836,111.32797239051162,114.0886837136493,21.937909743572803,-2.7607113231376843,-2.603783375959975,-0.1569279471777092,0.006052704730924008,0.011995098509267249,0.20784517683127124,-0.06733028527167628,1,NFLX
2025-11-10,112.00700378417967,112.81999969482422,110.40499877929688,110.6719970703125,36929000,110.23030090332031,118.15706039428711,111.43243875876823,113.93448520035525,26.124109971651805,-2.5020464415870265,-2.5834359890853857,0.08138954749835925,0.014868768548804256,0.012767779401662913,-0.16308215297450424,-0.05204984441543192,0,NFLX
2025-11-11,113.6439971923828,113.9219970703125,111.27999877929688,111.76000213623048,27966000,110.5697006225586,118.00172027587891,111.77267851778586,113.91296757013508,56.90306409228958,-2.1402890523492175,-2.4948066017381523,0.35451754938893476,0.014615098635772483,0.013281885879696531,-0.24270898210078795,-0.03692931826170065,1,NFLX
2025-11-12,115.75,116.43399810791016,112.82599639892578,113.81700134277344,39221000,111.1406005859375,117.8643603515625,112.38457413043419,114.04904404642137,63.41582466702693,-1.6644699159871834,-2.3287392645879583,0.6642693486007749,0.018531579842726353,0.013978117028505847,0.402452978616892,-0.01793892865710922,0,NFLX
2025-11-13,115.4229965209961,116.73300170898438,114.56900024414062,115.8499984741211,40144000,111.79290008544922,117.65786026000977,112.85202372898218,114.15081830379727,70.11212662257343,-1.2987945748150906,-2.1227503266333847,0.8239557518182941,-0.002825084051869653,0.013230608436548606,0.023533311236327403,-0.01899459784560842,0,NFLX
2025-11-14,111.21700286865234,114.27300262451172,110.72100067138672,114.27300262451172,47607000,111.72600021362305,117.39456024169922,112.6004820581622,113.93349864193468,54.635435745178555,-1.3330165837724763,-1.964803578061203,0.6317869942887266,-0.03643982377098187,0.01666273801165044,0.18590573933838184,-0.05262217738477948,0,NFLX
2025-11-17,110.29000091552734,111.8499984741211,109.5500030517578,110.75,26082700,111.7541000366211,117.11084030151368,112.24502342083376,113.66360992146005,50.10456116419273,-1.41858650062629,-1.8555601625742204,0.4369736619479303,-0.008335074037373547,0.015943392446657358,-0.45212468754594914,-0.05824259623127448,0,NFLX
2025-11-18,114.08999633789062,115.25,109.1999969482422,110.29000091552734,43440600,112.23349990844727,116.86614028930664,112.52886540807327,113.69519410045491,58.91103705255919,-1.16632869238164,-1.7177138685357045,0.5513851761540645,0.03445457784766681,0.01895873227255044,0.6654947532272348,-0.023754904068394533,0,NFLX
2025-11-19,110.0,113.33999633789062,108.61000061035156,113.0,31868100,112.2488998413086,116.57072021484375,112.13980919144662,113.42147601893974,52.14274355708598,-1.281666827493126,-1.630504460327189,0.348837632834063,-0.035848860278491324,0.022834215455735832,-0.2663982541677601,-0.056366814949188715,0,NFLX
2025-11-20,105.66999816894533,111.0999984741211,105.38999938964844,111.0,36918500,111.84569931030273,116.27712020874023,111.14445364952334,112.8472924744957,38.49399353088648,-1.7028388249723605,-1.6449713332562232,-0.057867491716137254,-0.039363653009587884,0.02608581666981095,0.15847822744374462,-0.09122277900203446,1,NFLX
2025-11-21,104.30999755859376,106.52999877929688,103.80999755859376,105.12999725341795,41232700,111.2400993347168,115.98644012451172,110.09299886630342,112.21490025850298,39.2451289352076,-2.121901392199561,-1.7403573450448908,-0.3815440471546703,-0.01287026245781886,0.026007811247084782,0.11685740211547047,-0.10067075559335437,1,NFLX
2025-11-24,106.97000122070312,108.04000091552734,103.31999969482422,104.25,62918300,110.73639907836915,115.7213201904297,109.61253769005722,111.82638921866595,45.910982151311615,-2.2138515286087284,-1.8350561817576585,-0.37879534685106986,0.02550094645161094,0.02711851219302387,0.5259320878817055,-0.07562408513250196,1,NFLX
2025-11-25,104.4000015258789,106.3000030517578,103.81999969482422,106.12000274658205,35122600,109.81199951171875,115.40830017089844,108.81060904941441,111.27628642660765,41.06099259801728,-2.465677377193245,-1.9611804208447758,-0.5044969563484691,-0.02402542456292711,0.02688239254961762,-0.4417744916820703,-0.09538567528261199,0,NFLX
2025-11-26,106.13999938964844,106.9499969482422,105.22000122070312,105.73999786376952,27951000,108.85099945068359,115.07410018920899,108.39974602483503,110.89582072016623,44.44443651153464,-2.4960746953312025,-2.0681592757420613,-0.42791541958914125,0.01666664596109424,0.02668266751813369,-0.204187617089851,-0.0776378071596544,0,NFLX
2025-11-28,107.58000183105467,107.94000244140624,106.23999786376952,106.44000244140624,15021600,108.06669998168945,114.81014022827148,108.2736315334842,110.65020450615796,45.75745337992356,-2.376572972673756,-2.1298420151284003,-0.2467309575453558,0.013567010078074926,0.027546498156408413,-0.4625737898465171,-0.06297473709936652,0,NFLX
2025-12-01,109.12999725341795,109.33999633789062,106.30999755859376,106.51000213623048,24873400,107.85799942016601,114.53880020141601,108.4053801057817,110.53759656151055,45.606683056484286,-2.1322164557288517,-2.1303169032484908,-0.0018995524803608888,0.01440783970981352,0.02609535638579045,0.6558422538211641,-0.04722245159270655,0,NFLX
2025-12-02,109.3499984741211,109.7300033569336,107.5199966430664,109.20999908447266,25763000,107.7639991760254,114.27106018066407,108.55070600860314,110.44962633281503,43.146269533490475,-1.8989203242118862,-2.08403758744117,0.18511726322928368,0.0020159555231387127,0.02600296963727095,0.03576511454003062,-0.043064811849673146,0,NFLX
2025-12-03,103.95999908447266,106.87000274658205,102.02999877929688,106.58999633789062,53593400,106.7509994506836,113.9133201599121,107.84444340489075,109.96891320330819,32.96734569981797,-2.1244697984174366,-2.092124029636423,-0.03234576878101336,-0.049291261681398524,0.026945466341904898,1.080246865660055,-0.0873762704964347,0,NFLX
2025-12-04,103.22000122070312,103.8000030517578,101.7699966430664,103.56999969482422,51779100,106.0729995727539,113.56982025146485,107.13299076116958,109.4689937971893,32.578591636308886,-2.3360030360197186,-2.1408998309130824,-0.19510320510663615,-0.007118101868856752,0.025232908499386638,-0.03385304906947495,-0.09113177257695115,0,NFLX
2025-12-05,100.23999786376952,104.79000091552734,97.73999786376952,98.77999877929688,133363600,105.52999954223633,113.15814025878906,106.07253031541572,108.78536446878783,33.7603841222256,-2.712834153372114,-2.2552866954048887,-0.4575474579672254,-0.028870406139230864,0.02387532270160925,1.5756260730680913,-0.11416008044561499,0,NFLX
2025-12-08,96.79000091552734,99.88999938964844,95.3000030517578,99.87000274658205,100906300,104.77799987792969,112.67272033691407,104.64444886927905,107.89681902039817,31.41519417779601,-3.2523701511191234,-2.454703386547736,-0.7976667645713875,-0.03441736853317645,0.02557607074946547,-0.24337450398759486,-0.14096330836687176,0,NFLX
2025-12-09,96.70999908447266,97.23999786376952,95.4499969482422,97.02999877929688,51745600,103.75199966430664,112.19410034179687,103.42376428700113,107.06816569181109,23.343561247073723,-3.6444014048099547,-2.69264299020018,-0.9517584146097748,-0.0008265505764847303,0.023073478503321736,-0.48719158268611573,-0.1380117244146728,0,NFLX
2025-12-10,92.70999908447266,96.97000122070312,92.3499984741211,96.73999786376952,74129300,102.58299942016602,111.65046035766602,101.77549271738137,106.0045977949712,23.408182437092677,-4.229105077589836,-2.999935407678111,-1.2291696699117245,-0.04136076970186031,0.024845103180106968,0.4325720447728889,-0.16964069124765502,1,NFLX
2025-12-11,94.08999633789062,94.81999969482422,92.76000213623048,93.9000015258789,43949000,101.37799911499022,111.19046035766601,100.59310865899818,105.12203472407634,30.412715176818168,-4.528926065078167,-3.305733539158122,-1.223192525920045,0.014885096182134516,0.024625929079409897,-0.40713051384540255,-0.1537943449893847,0,NFLX
2025-12-12,95.19000244140624,96.91999816894533,94.6500015258789,95.5,49323100,100.13899917602538,110.76920043945313,99.76186154859941,104.38632862906374,34.436870021690325,-4.624467080464328,-3.569480247419363,-1.0549868330449645,0.011690999535862723,0.024418320435587997,0.12228037042936135,-0.1406455759926022,0,NFLX
2025-12-15,93.7699966430664,96.37000274658205,93.52999877929688,96.0199966430664,40016500,98.60299911499024,110.33796035766602,98.84003617851742,103.599933667138,26.47896981985005,-4.759897488620581,-3.807563695659607,-0.9523337929609741,-0.01491759388507119,0.02260278182114799,-0.18868643698388787,-0.1501565160430166,0,NFLX
2025-12-16,94.56999969482422,94.93000030517578,93.31999969482422,93.87999725341795,34265000,97.12499923706055,109.90274032592774,98.18310748871848,102.93104966918882,31.30468117905302,-4.747942180470346,-3.995639392621755,-0.7523027878485915,0.008531546127734213,0.023227342037752955,-0.14372821211250364,-0.13951190466800667,0,NFLX
2025-12-17,94.79000091552734,97.33000183105467,94.45999908447266,95.9800033569336,50472800,96.20799942016602,109.41642028808593,97.66109109284292,102.32800902076944,27.089234920248657,-4.666917927926519,-4.129895099682708,-0.5370228282438116,0.002326332044126689,0.020076839644428492,0.47301327885597555,-0.13367663952127318,0,NFLX
2025-12-18,94.0,95.80999755859376,93.58999633789062,95.0199966430664,37244700,95.2859992980957,108.86792022705077,97.09784630932863,101.71111946367542,21.849096208141958,-4.6132731543467855,-4.2265707106155235,-0.38670244373126206,-0.008334222047654105,0.020067803268347943,-0.2620837361905819,-0.13656842342576958,1,NFLX
2025-12-19,94.38999938964844,95.54000091552734,93.4499969482422,93.56999969482422,78990200,94.7009994506836,108.29358016967774,96.68125447553169,101.16881427300675,17.9007215688099,-4.487559797475058,-4.278768527987431,-0.2087912694876266,0.004148929677111113,0.01915440939676751,1.1208440395546213,-0.12838785787896878,0,NFLX
2025-12-22,93.2300033569336,94.70999908447266,92.91000366210938,94.70999908447266,39484800,94.34499969482422,107.71802017211914,96.15029276497813,100.58075420514947,16.276173761149565,-4.430461440171342,-4.309107110424213,-0.12135432974712934,-0.012289395489095245,0.01659125336800554,-0.5001303959225322,-0.1344994717878737,1,NFLX
2025-12-23,93.5,93.80999755859376,91.33000183105467,93.4000015258789,25896200,94.02399978637695,107.14996017456055,95.74255541651996,100.05625389365692,22.15123664805627,-4.313698477136953,-4.310025383766761,-0.0036730933701916157,0.0028960273875859865,0.016702149591374043,-0.34414762136315746,-0.12739118290219686,1,NFLX
2025-12-24,93.63999938964844,93.68000030517578,92.66999816894533,93.11000061035156,12427900,94.11699981689453,106.59206008911133,95.41908525853972,99.58097578224888,23.652371699910574,-4.161890523709161,-4.280398411755241,0.11850788804608037,0.0014973196753844675,0.009980098633075038,-0.520087889342838,-0.12151055799686139,0,NFLX
2025-12-26,94.47000122070312,94.69000244140624,93.2699966430664,93.4800033569336,22068300,94.15500030517578,106.07488006591797,95.27307232964179,99.20238507398624,32.0025129873375,-3.9293127443444433,-4.210181278273082,0.280868533928639,0.008863753059212831,0.009203636246920836,0.7757062737872047,-0.10940270531537,0,NFLX
2025-12-29,94.1500015258789,94.97000122070312,93.62999725341795,93.98999786376952,24493700,94.05100021362304,105.59070007324219,95.10029220598597,98.82813444079311,39.76745148832228,-3.7278422348071416,-4.113713469579894,0.3858712347727522,-0.003387315451352957,0.008351522675475734,0.10990425180009344,-0.10834949043265674,0,NFLX
2025-12-30,93.77999877929688,93.98999786376952,93.33999633789062,93.5199966430664,23422000,94.0520004272461,105.06758010864257,94.89717014034149,98.45419846586746,38.8931081574303,-3.5570283255259767,-4.00237644076911,0.44534811524313334,-0.003929928205899436,0.006928235955413694,-0.043754108199251185,-0.1074316294110329,0,NFLX
2025-12-31,93.76000213623048,94.30999755859376,93.1999969482422,93.5999984741211,23495200,93.97100067138672,104.46566009521484,94.72222121663211,98.10648021922769,55.700338145122515,-3.3842590025955843,-3.878752953134405,0.49449395053882084,-0.00021322929544342895,0.006255487840209316,0.003125266843138963,-0.1024801638091094,0,NFLX
2026-01-02,90.98999786376952,94.12999725341795,90.80999755859376,94.12999725341795,41155400,93.59100036621093,103.80276000976562,94.14803300849941,97.57933337808264,35.37738463254787,-3.4313003695832265,-3.7892624364241696,0.3579620668409431,-0.029543560253296852,0.010874748345723741,0.7516514011372535,-0.12343373282936498,0,NFLX
2026-01-05,91.45999908447266,92.62999725341795,90.83999633789062,90.91999816894533,39183300,93.33700027465821,103.39921997070313,93.73448932787991,97.12604935633375,31.293881414673777,-3.3915600284538385,-3.709721954830104,0.3181619263762654,0.005165416328581918,0.011116174760682128,-0.04791837766125462,-0.11546722392696285,0,NFLX
2026-01-06,90.6500015258789,91.63999938964844,89.73999786376953,91.54000091552734,43331000,92.96300048828125,102.98503997802734,93.25995274295668,96.6463421096334,33.333360503540064,-3.3863893666767098,-3.6450554371994253,0.2586660705227155,-0.008856304031291673,0.010988598970845857,0.10585376933540558,-0.11977505135483968,0,NFLX
2026-01-07,90.7300033569336,92.41999816894533,90.05999755859375,91.55999755859376,36525700,92.71300048828125,102.61026000976562,92.87072976049159,96.20809479461859,27.777797400707556,-3.3373650341270036,-3.583517356584941,0.2461523224579376,0.0008825353525432345,0.010666586734723944,-0.15705384136068867,-0.11578039712306898,0,NFLX
2026-01-08,90.52999877929688,91.25,89.58000183105469,90.4499969482422,40068700,92.41600036621094,102.23173995971679,92.51061730184625,95.78749508977995,25.29001868404501,-3.2768777879336994,-3.5221894428546934,0.24531165492099394,-0.0022043929266694073,0.010491772271598426,0.09700019438368046,-0.11446289757985972,0,NFLX
2026-01-09,89.45999908447266,90.05000305175781,88.31999969482422,90.02999877929688,55579500,91.99800033569336,101.81593994140626,92.04129142225031,95.3187916819794,24.4943812519235,-3.277500259729095,-3.473251606229574,0.19575134650047898,-0.011819283212769816,0.010676662721603487,0.38710514691018183,-0.12135566262064945,0,NFLX
2026-01-12,89.41000366210938,90.33999633789062,89.33000183105469,89.69000244140625,36290600,91.49200057983398,101.40332000732423,91.63647792069017,94.88110368050755,20.911231612797508,-3.2446257598173815,-3.4275264369471357,0.1829006771297541,-0.0005588578456844351,0.009740548446232246,-0.3470506211822705,-0.11827340903974926,0,NFLX
2026-01-13,90.31999969482422,91.1500015258789,89.06999969482422,89.44000244140625,45221100,91.10900039672852,101.03171997070312,91.43394280901848,94.54324412601248,32.49094755088106,-3.1093013169940065,-3.36388141295651,0.2545800959625035,0.010177787668523397,0.010931002088313947,0.24608300772100766,-0.10602333879879566,0,NFLX
2026-01-14,88.55000305175781,91.58000183105467,87.94999694824219,91.23999786376952,49737700,90.58600082397462,100.565,90.99025976943992,94.09930034273435,24.770651477349872,-3.109040573294436,-3.3129132450240957,0.2038726717296595,-0.019596951384487582,0.011978110553339853,0.099878154224466,-0.11947493609349358,0,NFLX
2026-01-15,88.05000305175781,89.88999938964844,87.81999969482422,89.0199966430664,36945100,90.01500091552734,100.12582000732422,90.5379125821042,93.65120424710646,22.51722052930161,-3.113291665002265,-3.27298892901973,0.15969726401746476,-0.0056465271910577375,0.011826021326459688,-0.2572012779038838,-0.1206064225459833,0,NFLX
2026-01-16,88.0,88.51000213623047,87.77999877929688,88.33999633789062,48130500,89.71600112915038,99.69990005493165,90.14746449254972,93.23259652509857,15.548447064673653,-3.085132032548856,-3.2354175497255553,0.15028551717669947,-0.0005678938106159492,0.008573432547246953,0.30275733453150755,-0.11735117135007511,0,NFLX
2026-01-20,87.26000213623047,89.9000015258789,87.0199966430664,88.97000122070312,109729700,89.29600143432617,99.24818008422852,89.70323951465444,92.79018212592317,14.882767052206631,-3.086942611268725,-3.2057225620341896,0.11877995076546455,-0.008409066633744633,0.008147800684055823,1.279837109525145,-0.12078990201960482,0,NFLX
2026-01-21,85.36000061035156,86.0,81.93000030517578,82.5199966430664,127940700,88.76700134277344,98.76134002685546,89.03504891399245,92.23979830995489,12.874775625758659,-3.2047493959624376,-3.2055279288198397,0.0007785328574021477,-0.02177402566312825,0.009752929815594873,0.16596236023610755,-0.1356941837044715,0,NFLX
2026-01-22,83.54000091552734,85.0999984741211,82.9800033569336,85.0199966430664,69113300,88.04800109863281,98.22482009887695,88.18965691422859,91.59536887333063,11.111104659737194,-3.4057119591020353,-3.2455647348762793,-0.160147224225756,-0.021321458315494812,0.010521402339036822,-0.4598020801824595,-0.149502123481288,0,NFLX
2026-01-23,86.12000274658203,86.30000305175781,83.27999877929688,83.43000030517578,64520400,87.60700149536133,97.707080078125,87.8712485807445,91.18978619727518,31.19692561839358,-3.3185376165306764,-3.260159311207159,-0.0583783053235174,0.03088343072516242,0.016249914602852602,-0.06645464765826548,-0.11858994580820681,0,NFLX
2026-01-26,85.69999694824219,86.94000244140625,85.3499984741211,86.91999816894531,40941900,87.23100128173829,97.1482000732422,87.53720986805185,90.78313514179125,27.674412965474332,-3.2459252737394024,-3.257312503713608,0.011387229974205493,-0.004876983104328936,0.016066985608179835,-0.3654425577026801,-0.11784266838056645,0,NFLX
2026-01-27,85.58000183105469,85.5999984741211,83.87999725341797,85.27999877929688,37790800,86.8480010986328,96.54480010986327,87.23610093928305,90.39771785951446,29.238328931278588,-3.1616169202314097,-3.2381733870171683,0.07655646678575856,-0.0014001764464468547,0.016048172699031908,-0.07696516282830057,-0.11357212678809403,0,NFLX
2026-01-28,84.63999938964844,86.47000122070312,84.30000305175781,85.62999725341797,37762600,86.28000106811524,95.92914016723633,86.83670070087771,89.97122019507994,26.702356122866533,-3.134519494202223,-3.2174426084541796,0.08292311425195642,-0.010983903029844866,0.015312168148264312,-0.0007462133640991908,-0.11768208031373129,0,NFLX
2026-01-29,83.16000366210938,84.37999725341797,82.3499984741211,84.30999755859375,42278100,85.74100112915039,95.36800018310547,86.27105500260566,89.46668563708212,24.320558121136784,-3.1956306344764585,-3.2130802136586354,0.017449579182176933,-0.017485771954295015,0.015122911810260285,0.11957598258594482,-0.12800935845940853,0,NFLX
2026-01-30,83.48999786376953,84.05999755859375,82.77999877929688,83.0999984741211,45755000,85.28500061035156,94.83200012207031,85.84320005816933,89.02396802424416,28.067569264438134,-3.180767966074825,-3.2066177641418734,0.025849798067048457,0.003968184068401159,0.015460920105161015,0.08223879502626663,-0.1196010022323799,0,NFLX
2026-02-02,82.76000213623047,85.2699966430664,82.72000122070312,83.52999877929688,41445300,84.76100082397461,94.20540023803711,85.36886191633258,88.55997055105796,26.73195171213075,-3.1911086347253814,-3.203515938258575,0.012407303533193748,-0.008743511153637806,0.015405011158781325,-0.09419079881980108,-0.121494076484857,0,NFLX
2026-02-03,79.94000244140625,82.44999694824219,79.62000274658203,82.2300033569336,49789000,84.02900085449218,93.60420028686524,84.5336527663439,87.92145439478746,17.96295031706748,-3.3878016284435546,-3.240373076295571,-0.14742855214798345,-0.03407442752577805,0.017800101899780138,0.2013183642053502,-0.14597846895313282,1,NFLX
2026-02-04,80.16000366210938,81.44000244140625,79.2300033569336,79.98999786376953,48963200,83.50900115966797,93.09400039672852,83.86078367338474,87.34653211829279,21.36517786651835,-3.4857484449080403,-3.2894481500180652,-0.19630029488997502,0.002752079234227933,0.01746684403882502,-0.016585992889995738,-0.1389348043858868,0,NFLX
2026-02-05,80.87000274658203,83.30000305175781,80.54000091552734,81.48999786376953,54805700,83.24200134277343,92.62520050048828,83.4006635307997,86.86678920186978,25.841171949485783,-3.466125671070074,-3.3247836542284674,-0.14134201684160663,0.00885727360324795,0.017154438185578977,0.11932430886870149,-0.1269114419228089,0,NFLX
2026-02-06,82.19999694824219,82.48999786376953,80.6500015258789,81.0199966430664,46154100,82.85000076293946,92.12980041503906,83.21594559502162,86.52110088678626,32.03219097140156,-3.3051552917646347,-3.320857981735701,0.015702689971066164,0.016446075880915734,0.014354653935834903,-0.1578594927169984,-0.107780581549767,0,NFLX
2026-02-09,81.47000122070312,82.20999908447266,79.87000274658203,82.18000030517578,42200200,82.42700119018555,91.67120040893555,82.9473387682034,86.14694535596529,32.05205400274053,-3.1996065877618918,-3.296607702940939,0.0970011151790473,-0.00888072694210329,0.014420344921214964,-0.08566736216284143,-0.11128030551281043,0,NFLX
2026-02-10,82.20999908447266,84.66000366210938,82.08999633789062,82.72000122070312,43595800,82.09000091552734,91.19260040283203,82.83390189378328,85.85531970622509,39.47893759125855,-3.021417812441811,-3.2415697248411135,0.22015191239930232,0.009083071715745739,0.015073697779198581,0.03307093331311228,-0.09850142751363422,0,NFLX
2026-02-11,79.62000274658203,82.4800033569336,79.44999694824219,81.95999908447266,40840300,81.5880012512207,90.63340042114258,82.33945587113692,85.39344437588116,37.54763532017818,-3.0539885047442397,-3.204053480821739,0.15006497607749925,-0.0315046389336332,0.01736669413063234,-0.06320562990012801,-0.12151588292379012,0,NFLX
2026-02-12,75.86000061035156,79.1500015258789,75.2300033569336,79.11000061035156,73516100,80.85800094604492,89.96800048828125,81.34261660024686,84.6872633562123,19.680800456321435,-3.3446467559654423,-3.2321721358504796,-0.11247462011496268,-0.047224340699886236,0.02159214738869283,0.8000871688014044,-0.15681130848036706,1,NFLX
2026-02-13,76.87000274658203,77.18000030517578,75.52999877929688,76.13999938964844,42292100,80.19600143432618,89.31840057373047,80.6545221612215,84.10820701475821,24.78581235319055,-3.453684853536714,-3.2764746793877264,-0.17721017414898776,0.013314027525761052,0.022399716685185363,-0.42472329190476643,-0.1393710338204338,0,NFLX
2026-02-17,77.0,77.87000274658203,75.30000305175781,76.91999816894531,35961500,79.62000122070313,88.77920059204102,80.09228798257203,83.58167316181316,25.51365672376238,-3.4893851792411255,-3.319056779358406,-0.17032839988271942,0.001691131114519795,0.022603222182495122,-0.14968753029525605,-0.1326797325667406,1,NFLX
2026-02-18,77.98999786376953,78.31999969482422,76.27999877929688,77.31999969482422,29883100,79.42500076293945,88.27460052490234,79.76885873352549,83.16747499158771,31.07565967022026,-3.3986162580622192,-3.334968675099169,-0.06364758296305029,0.012857115113890094,0.021173518732007096,-0.16902520751359096,-0.11650692951288422,1,NFLX
2026-02-19,77.0,78.69999694824219,76.58999633789062,77.75,30139200,79.10900039672852,87.80980056762695,79.34288046682926,82.71062499221085,31.967172107458495,-3.367744525381596,-3.3415238451556544,-0.026220680225941706,-0.012693908076505278,0.021330002637500817,0.00857006133901761,-0.1231047160766725,1,NFLX
2026-02-20,78.66999816894531,78.8499984741211,76.4000015258789,76.61000061035156,32411300,78.88899993896484,87.44740051269531,79.23936011330865,82.41131930159858,36.916378493031026,-3.1719591882899323,-3.30761091378251,0.13565172549257776,0.02168828790838062,0.022528610945865547,0.07538687158252366,-0.1003735078720347,1,NFLX
2026-02-23,76.0199966430664,77.83000183105469,75.01000213623047,77.79000091552734,38363000,78.27099990844727,87.03360046386719,78.74407342557907,81.93788799355916,33.43163283448399,-3.193814567980084,-3.2848516446220253,0.09103707664194127,-0.03368503352685959,0.02339952418068515,0.18363040050846458,-0.1265442744193167,1,NFLX
2026-02-24,78.04000091552734,78.12000274658203,75.20999908447266,75.7300033569336,33079100,77.9279998779297,86.74020050048829,78.63575457787881,81.64915561740865,45.138170622904994,-3.013401039529839,-3.2305615236035883,0.21716048407374933,0.026572012123933453,0.025741584965700236,-0.137734275213096,-0.10030181547611206,1,NFLX
2026-02-25,82.69999694824219,83.12000274658203,79.25,79.43000030517578,69319300,77.97699966430665,86.51240051269531,79.2610226348578,81.72699571598892,55.29607038138096,-2.465973081131125,-3.077643835109096,0.6116707539779709,0.0597129161717842,0.03265051305139809,1.0955618502317175,-0.044067712164496786,1,NFLX
2026-02-26,84.58999633789062,86.5,82.80000305175781,83.19999694824219,85642500,78.4739990234375,86.300400390625,80.08086474301669,81.93906983612979,57.392679717712184,-1.8582050931130993,-2.8337560867098968,0.9755509935967974,0.022853681492047695,0.03111295421977763,0.23547843097088395,-0.019819190235416118,1,NFLX
2026-02-27,96.23999786376952,96.75,90.58000183105467,94.3000030517578,200767000,80.51199874877929,86.34980041503906,82.56688522313252,82.99839783817717,69.78580274137911,-0.4315126150446531,-2.3533073923768484,1.9217947773321953,0.13772315912325528,0.04669239912389033,1.344244971830575,0.11453642511266238,1,NFLX
2026-03-02,97.08999633789062,98.06999969482422,95.1999969482422,95.26000213623048,79915400,82.53399810791015,86.4002003479004,84.80121001001838,84.04221994926706,71.93820103116866,0.7589900607513158,-1.7308479017512157,2.4898379625025315,0.008832070791650493,0.04683835363565363,-0.6019495235770819,0.12372420372807613,1,NFLX
2026-03-03,97.6999969482422,98.45999908447266,95.33000183105467,96.01000213623048,59149000,84.60399780273437,86.45840026855468,86.78563876974512,85.05390713437635,71.83535475400416,1.7317316353687744,-1.0383319943272178,2.770063629695992,0.006282836887012255,0.04661126246190181,-0.25985479644724296,0.13002318623487352,0,NFLX
2026-03-04,98.66000366210938,99.75,96.98999786376952,97.11000061035156,52604300,86.67099838256836,86.55160034179687,88.61246413780115,86.06176613643063,78.13238576144121,2.5506980013705203,-0.3205259951876702,2.8712239965581903,0.009826066979057746,0.04670885560927941,-0.11064768635141764,0.13989808706593254,0,NFLX
2026-03-05,99.16999816894533,100.19000244140624,98.0999984741211,98.5,53403000,88.88799819946288,86.64720031738281,90.23670014259255,87.03274628698728,88.10068706958388,3.2039538556052776,0.38436997497091935,2.819583880634358,0.005169212324201533,0.04544385116080976,0.015183169436719046,0.14452628366170361,0,NFLX
2026-03-06,99.0199966430664,99.87999725341795,97.4000015258789,99.33000183105467,41196300,90.922998046875,86.76300018310548,91.58797652728084,87.92069075780796,87.25192916184426,3.6672857694728833,1.0409531338713123,2.626332635601571,-0.0015125696142836986,0.046300829066873085,-0.22857704623335773,0.14126985505450063,0,NFLX
2026-03-09,98.31999969482422,98.94000244140624,96.58000183105467,97.6999969482422,48589000,93.15299835205079,86.85940017700196,92.62367239921059,88.69100993832768,85.1815229633479,3.9326624608829093,1.6192949992736319,2.3133674616092774,-0.007069248353597124,0.04327091772953947,0.1794505817269998,0.13194426273342752,0,NFLX
2026-03-10,96.94000244140624,98.48999786376952,96.29000091552734,97.80999755859376,41027200,95.04299850463867,86.92540023803711,93.28772317493299,89.30204642003721,80.87326129201537,3.9856767548957777,2.092571350398061,1.8931054044977165,-0.014035773573040644,0.04516282716371417,-0.15562781699561634,0.11520915838115298,0,NFLX
2026-03-11,94.88999938964844,98.0,94.69000244140624,97.41000366210938,33962900,96.26199874877929,86.93380020141602,93.53422720796614,89.71596886223064,78.17322738527311,3.818258345735501,2.4377087494655494,1.3805495962699514,-0.021147132248081846,0.04505374706870737,-0.17218576944076125,0.09152020468216948,0,NFLX
2026-03-12,94.30999755859376,95.4000015258789,93.87000274658205,94.86000061035156,34206900,97.2339988708496,86.93700012207032,93.65357649267808,90.05626728418346,75.50554064182461,3.5973092084946217,2.669628841271364,0.9276803672232576,-0.006112359940830037,0.04540053800826749,0.0071843099381971864,0.08480850991143996,0,NFLX
2026-03-13,95.30999755859376,95.68000030517578,94.23999786376952,94.63999938964844,29876700,97.14099884033203,86.96760009765624,93.90841050281897,90.44543248969534,83.24715528275702,3.4629780131236316,2.828298675641818,0.6346793374818138,0.010603329719934607,0.010947412644648578,-0.12658849530357907,0.09592534980348777,0,NFLX
2026-03-16,95.1999969482422,96.0999984741211,94.36000061035156,95.58000183105467,34931800,96.9519989013672,86.99639999389649,94.10711610980715,90.79762244958769,81.66051106811248,3.3094936602194593,2.924537672557346,0.38495598766211314,-0.001154135066302353,0.010401201114945018,0.16919874015537184,0.09429811986382486,0,NFLX
2026-03-17,94.36000061035156,96.33999633789062,94.01000213623048,95.3000030517578,26434500,96.61799926757814,87.06380004882813,94.14602141758321,91.06150231334797,75.04296450496105,3.084519104235241,2.9565339588929254,0.12798514534231575,-0.008823491227077707,0.010172774964871416,-0.24325399778997936,0.08380291874960077,0,NFLX
2026-03-18,94.6999969482422,95.33999633789062,93.61000061035156,94.4499969482422,27878300,96.22199859619141,87.12860000610351,94.23124842229998,91.33102043445125,73.26277634178007,2.900227987848737,2.945272764684088,-0.04504477683535102,0.003603182870829169,0.009435704713303473,0.05461801812025957,0.08689910019911151,0,NFLX
2026-03-19,91.73999786376952,95.75,90.77999877929688,94.30999755859376,40169300,95.47899856567383,87.15039993286133,93.84797910560299,91.3613150588452,32.745389889174916,2.486664046757795,2.8535510210988297,-0.36688697434103457,-0.03125659112840795,0.012128784023626825,0.44088054149643274,0.052662958912912616,1,NFLX
2026-03-20,91.81999969482422,91.87999725341795,90.69000244140624,91.30999755859376,61678000,94.75899887084962,87.17219985961914,93.53598227317548,91.39529169854734,28.524865179794617,2.140690574628138,2.7109789318046915,-0.5702883571765534,0.000872049628489302,0.012286163435082315,0.5354512027842158,0.05331745490752593,1,NFLX
2026-03-23,93.37999725341795,93.9800033569336,91.86000061035156,92.04000091552734,34315900,94.26499862670899,87.22919982910156,93.51198457782817,91.54230692483407,33.661112749463115,1.9696776529941076,2.562718676042575,-0.5930410230484675,0.016989736046379766,0.01452169875052294,-0.44362819806089693,0.0705130556782243,0,NFLX
2026-03-24,90.91999816894533,93.73999786376952,90.81999969482422,92.79000091552734,28938000,93.6629981994629,87.25839981079102,93.11321743800005,91.49620997995342,23.709195398724475,1.6170074580466292,2.373576432443386,-0.7565689743967567,-0.026343961842241193,0.015830886458163707,-0.15671744002051524,0.041962703488650055,1,NFLX
2026-03-25,92.27999877929688,92.5199966430664,91.23999786376952,91.70999908447266,29545600,93.40199813842774,87.31579971313477,92.98502995204572,91.55426840953442,27.874107575987708,1.4307615425113056,2.18501345445697,-0.7542519119456643,0.01495821202970582,0.01617612086630988,0.020996613449443702,0.05685338830396525,1,NFLX
2026-03-26,93.31999969482422,95.86000061035156,91.01000213623048,91.5199966430664,59522000,93.30299835205079,87.37579971313477,93.03656375862703,91.6850633195559,32.68529797297171,1.3515004390711312,2.0183108513798023,-0.6668104123086711,0.011270057751243456,0.016690441200788757,1.0145808512942707,0.06803027842039766,1,NFLX
2026-03-27,93.43000030517578,95.58000183105467,92.73999786376952,94.56999969482422,44590700,93.11499862670898,87.47339965820312,93.09709245809607,91.8143179110833,34.59356996161745,1.282774547012778,1.8712035905063975,-0.5884290434936195,0.0011787463642443097,0.016226586374331716,-0.25085346594536473,0.06809613745718934,1,NFLX
2026-03-30,92.97000122070312,94.48999786376952,92.22000122070312,92.75,32375100,92.89199905395508,87.57179962158203,93.07753996003562,91.89992408216624,36.72240123376778,1.1776158778693855,1.7324860479789952,-0.5548701701096097,-0.004923462303008996,0.01625185345002239,-0.27394950068063517,0.06164315022013911,1,NFLX
2026-03-31,96.1500015258789,96.26000213623048,93.02999877929688,93.02999877929688,54270000,93.07099914550781,87.73479965209961,93.55022635478073,92.21474463355236,53.917918503043936,1.3354817212283763,1.6530851826288715,-0.3176034614004952,0.034204584956675665,0.019656716292420523,0.6762882585690855,0.09591635140387433,1,NFLX
2026-04-01,95.5500030517578,97.1999969482422,94.26000213623048,96.47000122070312,30439300,93.15599975585937,87.90059967041016,93.85788430816183,92.46180081267869,53.850950926379525,1.3960834954831398,1.6016848451997254,-0.2056013497165856,-0.0062402336411779835,0.019816402390884214,-0.4391136908052331,0.08702333556346198,1,NFLX
2026-04-02,98.66000366210938,98.70999908447266,95.16999816894533,95.2699966430664,37068000,93.84800033569336,88.16659973144532,94.59667190107683,92.92092694967354,59.19826379869444,1.6757449514032885,1.6164968664404382,0.05924808496285028,0.03254840932518799,0.018477811247766842,0.21776781989073335,0.11901790431554438,1,NFLX
2026-04-06,98.93000030517578,102.69000244140624,97.97000122070312,100.95999908447266,37029300,94.55900039672852,88.47439971923828,95.26333780939974,93.36604349452557,60.15243847991784,1.8972943148741734,1.6726563561271854,0.224637958746988,0.0027366372698616193,0.01841333753492525,-0.0010440271932664613,0.11817656428432355,1,NFLX
2026-04-07,98.81999969482422,99.87999725341795,98.25,98.5500030517578,25016700,95.10300064086914,88.72839965820313,95.81051656100351,93.77004025010325,62.64172666600059,2.04047631090026,1.7462203470818005,0.29425596381845964,-0.0011119034672216754,0.018281117423962642,-0.3244079688246875,0.11373585092817673,1,NFLX
2026-04-08,99.38999938964844,100.4000015258789,97.44000244140624,100.31999969482422,30957600,95.95000076293945,89.00219970703125,96.36120622694888,94.18633351969919,63.122562179368906,2.1748727072496905,1.8319508191153786,0.3429218881343119,0.005768060074726744,0.014413197152125507,0.23747736512009987,0.11671396568636205,1,NFLX
2026-04-09,102.0500030517578,102.33999633789062,99.08000183105467,99.62999725341795,35087800,96.92700119018554,89.33159973144531,97.23640573845795,94.76882755911095,79.33979899562954,2.467578179347001,1.9590762911617032,0.5085018881852976,0.02676329287095669,0.01540144967147296,0.13341473499237666,0.14237294930962174,1,NFLX
2026-04-10,103.01000213623048,103.08000183105467,101.45999908447266,102.47000122070312,25769900,97.89600143432617,89.69899978637696,98.12465133811526,95.37928493519387,80.3252148843103,2.745366402921391,2.116334313513641,0.6290320894077501,0.009407144103521503,0.015398595792923842,-0.26555953921305986,0.1483963297422981,0,NFLX
2026-04-13,103.16000366210938,103.66999816894533,102.05999755859376,103.02999877929688,26042800,98.86900177001954,90.09899978637695,98.89932092642204,95.95563447052095,78.69720036159036,2.943686455901087,2.2818047419911305,0.6618817139099566,0.001456184086672696,0.015381110230709578,0.01058987423311697,0.14496280654280103,0,NFLX
2026-04-14,106.27999877929688,106.56999969482422,103.04000091552734,103.12000274658205,40534900,100.2000015258789,90.5547998046875,100.03480982686432,96.72040219709694,93.38983971372086,3.3144076297673735,2.4883253195463793,0.8260823102209942,0.030244232322894637,0.015593332262878266,0.5564724223201807,0.17365395328051259,0,NFLX
2026-04-15,107.70999908447266,107.8499984741211,105.04000091552734,105.9800033569336,38023700,101.35600128173829,91.05379974365235,101.21560817418867,97.53444641097661,93.41587850326442,3.68116176321206,2.7268926082795155,0.9542691549325446,0.013455027489653437,0.013823723145423794,-0.061951552859387804,0.18292701005024736,0,NFLX
2026-04-16,107.79000091552734,108.9499969482422,106.62000274658205,107.47000122070312,64928300,102.58000106811524,91.61079971313477,102.2270532113177,98.2941171150174,93.03986710963449,3.9329360963002955,2.968101305883672,0.9648347904166235,0.0007427521282583616,0.012978386641197031,0.707574486438721,0.17660801186165043,0,NFLX
2026-04-17,97.30999755859376,98.73999786376952,95.0999984741211,96.37000274658205,125958700,102.44500045776367,91.95379959106445,101.47058311089863,98.22121937009713,57.13759604461655,3.249363740801499,3.0243537928672373,0.22500994793426177,-0.09722611808071635,0.035577890662352715,0.9399660856668048,0.05824879440925024,0,NFLX
2026-04-20,94.83000183105467,97.5999984741211,93.54000091552734,97.13999938964844,63298300,102.03500061035156,92.23299957275391,100.44895522169186,97.97001807090881,53.18493288483634,2.4789371507830538,2.915270464450401,-0.43633331366734707,-0.025485518340968016,0.036378600128828195,-0.49746782080158025,0.02815697494747771,0,NFLX
2026-04-21,92.58000183105467,94.6500015258789,92.37000274658205,94.0,61962300,101.4110008239746,92.44059967041015,99.23834700774768,97.57075760869739,43.68588588831719,1.6675893990502857,2.665734251370378,-0.9981448523200922,-0.023726668317570088,0.03690593419843622,-0.021106412020543974,0.0015080187833218517,0,NFLX
2026-04-22,93.23999786376952,93.8499984741211,92.7699966430664,93.05999755859376,33694300,100.79600067138672,92.67599960327148,98.31552406252027,97.2499605905546,45.92303977977357,1.0655634719656746,2.345700095489437,-1.2801366235237626,0.00712892654635322,0.036956051205234146,-0.4562128907416284,0.006085699241577203,0,NFLX
2026-04-23,92.81999969482422,94.63999938964844,92.06999969482422,94.05999755859376,36851700,99.87300033569336,92.88819961547851,97.47005877518241,96.92181533901902,38.61153306543161,0.5482434361633892,1.9862087636242276,-1.4379653274608384,-0.004504484969625855,0.035182126857222405,0.09370724425199506,-0.0007342151202910374,1,NFLX
2026-04-24,92.44000244140624,93.27999877929688,91.8000030517578,92.56999969482422,32553200,98.81600036621094,93.144599609375,96.69620395460146,96.5898291984551,37.398058666654,0.1063747561463515,1.6102419621286523,-1.5038672059823008,-0.0040939156934641785,0.03465878853325741,-0.11664319420813696,-0.00756455200756323,0,NFLX
2026-04-27,91.37000274658205,92.83999633789062,91.3000030517578,92.0500030517578,29707400,97.6370002746582,93.45479965209961,95.87678838413694,96.20317538720525,36.05391364356693,-0.32638700306830515,1.222916169089261,-1.549303172157566,-0.011575072117749219,0.03441592405997692,-0.08741997714510397,-0.02230807741580476,0,NFLX
2026-04-28,92.2699966430664,92.33999633789062,90.0199966430664,91.5,33418100,96.23600006103516,93.7627995300293,95.32189734704916,95.91182881356534,36.83430746419838,-0.5899314665161768,0.8603466419681733,-1.4502781084843501,0.009849993098725474,0.03220004254250464,0.1249082720130339,-0.01592105711908476,0,NFLX
2026-04-29,92.12000274658205,92.86000061035156,90.86000061035156,91.2300033569336,26122100,94.6770004272461,94.06519958496094,94.82929817774652,95.63095280860361,29.759457674858126,-0.8016546308570867,0.5279463874031214,-1.329601018260208,-0.0016255977234354013,0.03113047417992211,-0.21832480003351473,-0.020679240005459842,0,NFLX
2026-04-30,93.61000061035156,94.22000122070312,90.7699966430664,91.3499984741211,40923000,93.25900039672851,94.37759963989258,94.64171393660884,95.48125264577013,31.244989970045538,-0.8395387091612889,0.2544493680902393,-1.0939880772515282,0.01617453125645718,0.032358671553202954,0.5666045226072942,-0.008133275612749902,0,NFLX
2026-05-01,92.05999755859376,94.6999969482422,91.9000015258789,94.41999816894533,30406900,92.73400039672852,94.67879959106445,94.2445268015296,95.22782634301632,29.024912907759173,-0.9832995414867156,0.006899586174848316,-0.9901991276615639,-0.016558092529126545,0.014038291565875974,-0.2569728514527283,-0.027659856734366994,0,NFLX
2026-05-04,91.0199966430664,92.33000183105467,90.88999938964844,92.0999984741211,25928800,92.35299987792969,94.92579956054688,93.7484452386891,94.91613525413113,18.703828125073272,-1.1676900154420338,-0.22801833414852812,-0.9396716812935056,-0.01129699047477628,0.012409932788991605,-0.14727249407206922,-0.04114585218730993,0,NFLX
2026-05-05,87.88999938964844,91.27999877929688,87.56999969482422,91.18000030517578,51961300,91.88399963378906,95.16319961547852,92.84714587729823,94.39568074565094,12.001503647222052,-1.5485348683527036,-0.49212164098936323,-1.0564132273633404,-0.03438801767585431,0.014562115263842398,1.0039994137792725,-0.07642870621436182,0,NFLX
2026-05-06,88.2699966430664,88.55000305175781,86.72000122070312,87.1500015258789,41932400,91.38699951171876,95.3677995300293,92.14296907203179,93.9419263676817,13.002230399840741,-1.7989572956499131,-0.7534887719214733,-1.0454685237284398,0.004323555080860908,0.014325691683071044,-0.19300710336346472,-0.07442557049591936,0,NFLX
2026-05-07,88.25,89.4000015258789,88.12999725341797,88.19999694824219,30627600,90.92999954223633,95.47879959106446,91.54405075325766,93.52030219229788,21.545175979626677,-1.9762514390402117,-0.9980413053452211,-0.9782101336949907,-0.0002265395244916979,0.014417966848584363,-0.26959582566225637,-0.07571104393881567,0,NFLX
2026-05-08,87.48999786376953,88.04000091552734,87.20999908447266,87.70999908447266,36215100,90.43499908447265,95.53679962158203,90.92035030872103,93.07361298277725,24.154868395390253,-2.153262674056222,-1.2290855790874213,-0.9241770949688008,-0.008611922223574764,0.014459181006709723,0.1824334913607335,-0.08422724844966134,0,NFLX
2026-05-11,85.44999694824219,87.33999633789062,85.0999984741211,86.52999877929688,40556500,89.84299850463867,95.32099960327149,90.07875748403198,92.5089006839228,24.517449476302943,-2.4301431998908214,-1.4692971032481015,-0.9608460966427199,-0.02331696154232199,0.01545913850919312,0.1198781723645661,-0.10355538334797865,1,NFLX
2026-05-12,87.66000366210938,89.16999816894531,85.80999755859375,85.91000366210938,43556600,89.38199920654297,95.13239974975586,89.7066415114285,92.14972312675144,32.04633413145838,-2.4430816153229387,-1.6640540056630688,-0.7790276096598698,0.025863157317674412,0.01797355872931558,0.07397334582619308,-0.07854733095456956,1,NFLX
2026-05-13,87.55999755859375,88.62000274658203,86.27999877929688,86.56999969482422,30823500,88.92599868774414,94.92959976196289,89.37638859560778,91.80974345503606,32.72009083093759,-2.4333548594282775,-1.8179141764161106,-0.6154406830121668,-0.001140840740791016,0.01798422041880999,-0.29233457156894704,-0.07763228984266768,1,NFLX
2026-05-14,86.94000244140625,88.5,86.6500015258789,87.62000274658203,29408300,88.25899887084961,94.69519973754883,89.00155995649985,91.44902189847089,32.21215058242018,-2.447461941971042,-1.943823729527097,-0.5036382124439451,-0.00708080327175209,0.016386309260176733,-0.045913020909371105,-0.08189641415442805,1,NFLX
2026-05-15,87.0199966430664,89.48999786376953,86.69000244140625,87.69000244140625,32335700,87.75499877929687,94.45219970703126,88.69670406212546,91.12094595362612,34.96886550213267,-2.4242418915006567,-2.0399073619218093,-0.3843345295788474,0.0009201081138003886,0.01621360503983539,0.09954332620382678,-0.078687453410485,1,NFLX
2026-05-18,89.6500015258789,89.81999969482422,86.33000183105469,86.5,35800500,87.61799926757813,94.2647998046875,88.84336521039522,91.01198710712632,41.91359379400441,-2.1686218967310964,-2.065650268883667,-0.1029716278474293,0.030222994533085412,0.01953826347622356,0.10715091988112202,-0.048955689593254914,0,NFLX
2026-05-19,89.33000183105469,91.4800033569336,88.69000244140625,90.13999938964844,34545700,87.76199951171876,94.0849998474121,88.91823238280438,90.88739560519508,41.47831262242794,-1.969163222390705,-2.046352859585075,0.07718963719436989,-0.0035694332334377243,0.015824493800632333,-0.03504978980740492,-0.05053938485485587,0,NFLX
2026-05-20,88.08999633789062,88.55000305175781,87.5,88.5199966430664,23463400,87.74399948120117,93.9079997253418,88.79081145281765,90.68018084465402,32.878409679291124,-1.889369391836368,-2.0149561660353337,0.12558677419896558,-0.013881176175381982,0.016525656314671643,-0.32080114167609863,-0.06195428935199798,0,NFLX
2026-05-21,89.30000305175781,90.37000274658205,87.5199966430664,88.02999877929688,28613900,87.84899978637695,93.79619979858398,88.86914862188536,90.57794545258764,41.25477803703295,-1.7087968307022834,-1.9537242989687238,0.2449274682664404,0.013736028654444565,0.017092238326755334,0.2195120911717825,-0.047935809302308785,0,NFLX
2026-05-22,88.5999984741211,89.97000122070312,88.16999816894531,89.0999984741211,23847200,87.9599998474121,93.68199981689453,88.8277409068447,90.43143086159012,42.163227348778555,-1.6036899547454198,-1.8837174301240631,0.28002747537864336,-0.007838796794116587,0.017044032210718773,-0.16658686861979666,-0.054247361848662745,0,NFLX
2026-05-26,87.68000030517578,88.7300033569336,87.25,88.4000015258789,24014500,88.18300018310546,93.52939987182617,88.65116542966487,90.2276211907446,49.206353783119056,-1.5764557610797283,-1.8222650963151963,0.245809335235468,-0.010383726690627815,0.015369212413708812,0.007015498674896925,-0.062540758036152,0,NFLX
2026-05-27,87.3499984741211,88.5,86.81999969482422,87.05000305175781,22569500,88.15199966430664,93.37239990234374,88.45098589804275,90.0144639524762,46.509876517482745,-1.5634780544334603,-1.7705076879388493,0.20702963350538894,-0.0037637070016662832,0.013091486649902803,-0.06017197942909491,-0.0644987323290539,0,NFLX
2026-05-28,86.36000061035156,87.04000091552734,85.58999633789062,86.9000015258789,38803800,88.03199996948243,93.21239990234375,88.12929585378257,89.74376296417067,43.321568449839106,-1.6144671103881052,-1.7392995724287004,0.12483246204059517,-0.01133369068189316,0.013554740488584608,0.7193025986397572,-0.07351381682234626,0,NFLX
2026-05-29,86.0199966430664,86.66999816894531,85.66000366210938,86.19999694824219,39793600,87.93999938964843,93.03879989624023,87.80478828290316,89.46792842186666,44.64676470947788,-1.6631401389634988,-1.7240676857356603,0.0609275467721615,-0.003937053785110778,0.013441682599229609,0.025507811090666355,-0.07543952911045082,0,NFLX
2026-06-01,85.8499984741211,87.2300033569336,85.31999969482422,85.7300033569336,32747200,87.8229995727539,92.92099990844727,87.50405138924438,89.19993361092254,51.68634373249055,-1.6958822216781613,-1.7184305929241606,0.022548371245999288,-0.001976263375720766,0.013427319707919503,-0.17707370029351455,-0.07609691502774463,0,NFLX
2026-06-02,83.33000183105469,85.9800033569336,83.29000091552734,85.61000061035156,42947200,87.19099960327148,92.75119995117187,86.86188991875366,88.76512384945086,32.21036543317611,-1.9032339306971977,-1.755391260478768,-0.14784267021842967,-0.02935348500706192,0.010874425517522088,0.3114770117750525,-0.10157494593144778,0,NFLX
2026-06-03,81.5199966430664,83.30999755859375,81.0999984741211,82.91000366210938,36714700,86.40999908447266,92.51399993896484,86.04006018403254,88.22844776008904,28.242091243738585,-2.188387576056499,-1.8419905235943141,-0.3463970524621849,-0.02172093061581748,0.011680530211156325,-0.1451200543923702,-0.11883610375890807,1,NFLX
2026-06-04,81.55999755859375,83.69999694824219,81.37000274658203,83.19000244140625,39338800,85.75699920654297,92.32679992675781,85.35081978011888,87.73448848590421,29.77444557897273,-2.3836687057853254,-1.9503261600325166,-0.43334254575280884,0.0004906883853601496,0.01190147904202441,0.07147273435435952,-0.11661621952353263,0,NFLX
2026-06-05,82.18000030517578,82.75,81.0,82.33000183105469,43474100,85.04499893188476,92.12479995727539,84.8630013993584,87.32304491696135,32.514498026504384,-2.460043517602955,-2.0522696315466042,-0.4077738860563507,0.007601799474511006,0.010784831143440735,0.10512013584552649,-0.10794921298837767,0,NFLX
2026-06-08,82.63999938964844,83.08000183105469,81.33999633789062,81.66000366210938,33056700,84.4489990234375,91.91119995117188,84.52100109017225,86.97615265567892,19.965769119378564,-2.455151565506668,-2.132846018338617,-0.32230554716805093,0.00559745780925347,0.01164081674720227,-0.23962313193372609,-0.10087128191611905,0,NFLX
2026-06-09,81.41000366210938,82.33999633789062,81.33999633789062,82.12999725341797,34787200,83.82199935913086,91.67080001831054,84.0423861012395,86.56384532282192,18.521512680060752,-2.5214592215824183,-2.2105686589873774,-0.3108905625950409,-0.014883781904929894,0.011876007022266804,0.052349448069529014,-0.1119309131604792,0,NFLX
2026-06-10,82.0,82.75,80.9800033569336,81.70999908447266,36304600,83.28699951171875,91.45139999389649,83.72817285489496,86.2257827063166,24.476142969514413,-2.497609851421629,-2.267976897474228,-0.22963295394740113,0.007247221610987786,0.012723392520885727,0.0436194922270261,-0.10334888251603891,0,NFLX
2026-06-11,81.2699966430664,82.0999984741211,80.08999633789062,81.87000274658203,33417600,82.77799911499024,91.15379989624023,83.34999189922902,85.85868744237213,14.934483850010821,-2.508695543143105,-2.3161206266080034,-0.19257491653510161,-0.008902479962604848,0.012637907377565257,-0.07952160332299485,-0.10842996413122097,0,NFLX
2026-06-12,80.33999633789062,82.0,79.27999877929688,81.58000183105469,35309700,82.20999908447266,90.84959976196289,82.88691565902312,85.44989550870683,14.640402737959704,-2.562979849683714,-2.3654924712231455,-0.1974873784605684,-0.011443341252495576,0.012725455991997453,0.056619864981327206,-0.11568133983648488,0,NFLX
2026-06-15,81.66999816894531,81.70999908447266,80.45999908447266,80.62000274658203,36430800,81.79199905395508,90.50979965209962,82.69969758362653,85.16990311316894,25.144747046844714,-2.4702055295424117,-2.386435082886999,-0.08377044665541256,0.016554666314160915,0.014692526450161586,0.031750482162125504,-0.09766678875804191,0,NFLX
2026-06-16,78.72000122070312,81.93000030517578,77.70999908447266,81.9000015258789,65054000,81.33099899291992,90.10559967041016,82.08743660471524,84.69213260261591,20.66622097030759,-2.604695997900677,-2.430087265889735,-0.17460873201094218,-0.036120938096995236,0.01603912373462286,0.7856868364131449,-0.12635838939370558,0,NFLX
2026-06-17,76.95999908447266,78.44999694824219,76.76000213623047,78.0999984741211,50338800,80.87499923706055,89.66839965820313,81.29860006313946,84.11938197164234,19.63824454964157,-2.8207819085028802,-2.508226194412364,-0.3125557140905162,-0.02235775036761045,0.01611152861921107,-0.2261997724966951,-0.14172663527142437,0,NFLX
2026-06-18,77.37999725341797,78.23999786376953,76.12000274658203,76.93000030517578,91920400,80.45699920654297,89.22819961547852,80.69573809241308,83.6201682888109,22.236501461156763,-2.9244301963978216,-2.5914669948094557,-0.3329632015883659,0.0054573567300113535,0.016394948674790872,0.826034788274651,-0.13278540207153555,0,NFLX
2026-06-22,72.87999725341797,77.08999633789062,71.80999755859375,76.13999938964844,82203300,79.5269989013672,88.64479949951172,79.49331642487536,82.82460006396698,17.39567215006241,-3.331283639091623,-2.7394303236658892,-0.5918533154257339,-0.05815456396648078,0.022698323827445296,-0.10571211613526488,-0.17784238144935494,1,NFLX
2026-06-23,72.81999969482422,73.95999908447266,72.62999725341797,73.26000213623047,50806800,78.54499893188476,88.0409994506836,78.4666523125598,82.0835185551416,19.850826298868284,-3.616866242581793,-2.9149175074490703,-0.7019487351327225,-0.0008232376626624571,0.02224084485557213,-0.38193722149840703,-0.17288535853554754,0,NFLX
2026-06-24,71.83999633789062,73.44999694824219,71.62999725341797,72.69000244140625,48001500,77.58799819946289,87.41459930419921,77.4471667779953,81.32473913164152,20.84336989468217,-3.877572353646215,-3.107448476688499,-0.7701238769577161,-0.013457887407863467,0.022227310038714376,-0.05521504995394322,-0.1781693571815116,1,NFLX
2026-06-25,70.9000015258789,72.94000244140625,70.86000061035156,71.33000183105469,44446900,76.47799835205078,86.70699935913086,76.43991058536201,80.55253634602947,19.542855199696206,-4.112625760667456,-3.3084839334842906,-0.8041418271831651,-0.013084560967828729,0.0211547888087767,-0.07405185254627455,-0.1823035965964075,1,NFLX
2026-06-26,73.80999755859375,75.19999694824219,71.52999877929688,71.69000244140625,74990300,75.73199844360352,86.02899932861328,76.03530858124383,80.05308902844163,28.852933772258368,-4.017780447197808,-3.450343236226994,-0.5674372109708137,0.041043666714910776,0.027498256157381676,0.687188532833561,-0.14203352201442476,1,NFLX
2026-06-29,73.77999877929688,76.06999969482422,73.7300033569336,74.62000274658203,42429600,75.07599868774415,85.34879928588867,75.68833784248275,79.58841567665313,27.11774970522771,-3.900077834170375,-3.5402901558156703,-0.3597876783547047,-0.00040643246564342483,0.027621153510697417,-0.4341988230477808,-0.135547314120265,1,NFLX
2026-06-30,71.4000015258789,73.75,71.0,73.58999633789062,49240900,74.0489990234375,84.83059936523438,75.02859379377446,78.98186648029949,25.597248803605268,-3.9532726865250254,-3.6228866619575415,-0.3303860245674839,-0.03225802782319653,0.027081008395890567,0.1605317985557253,-0.15832256213976081,1,NFLX
2026-07-01,74.19000244140625,74.36000061035156,72.33000183105469,72.58999633789062,43841800,73.59599914550782,84.41779937744141,74.89957973956398,78.62691358852962,32.804930653447315,-3.7273338489656425,-3.6437760993591617,-0.08355774960648077,0.03907564223953286,0.030211685233895343,-0.10964665552416797,-0.12115687700298294,1,NFLX
2026-07-02,77.6500015258789,78.44000244140625,74.91000366210938,75.08999633789062,55456500,73.66499938964844,84.11919937133788,75.32272155284319,78.55454973203697,42.885226137886974,-3.2318281791937835,-3.561386515326086,0.32955833613230245,0.046636999199525464,0.033619268152418016,0.26492297305311374,-0.0769051286009177,0,NFLX
2026-07-06,76.0199966430664,77.83999633789062,75.70999908447266,77.08000183105469,45056600,73.52899932861328,83.77479934692383,75.42999464364676,78.36680505877989,41.73679981530672,-2.936810415133124,-3.4364712952874936,0.4996608801543698,-0.020991691574780647,0.03429839707387024,-0.18753257057333228,-0.09256724891388446,0,NFLX
2026-07-07,76.18000030517578,78.19000244140625,76.0999984741211,77.87999725341797,33257300,73.85899963378907,83.44199935913086,75.54538013003585,78.20481952147588,39.006809625933464,-2.6594393914400314,-3.2810649145180015,0.6216255230779701,0.002104757552945369,0.027881622326159542,-0.2618772832393035,-0.08703050154275116,0,NFLX
2026-07-08,75.58999633789062,76.63999938964844,74.88999938964844,76.2699966430664,34373500,74.1359992980957,83.10499923706055,75.55224416201351,78.01112891528439,43.07827333410268,-2.4588847532708797,-3.1166288822685773,0.6577441289976975,-0.007744866958802943,0.028121172728691808,0.033562556190670945,-0.09042780781133353,0,NFLX
2026-07-09,75.47000122070312,75.55000305175781,74.0199966430664,74.30000305175781,36305700,74.49899978637696,82.78699920654297,75.53959140181192,77.82289723420429,46.44730968256688,-2.2833058323923723,-2.9499642722933364,0.6666584399009641,-0.0015874470565009347,0.027542645191914617,0.05621190742868776,-0.08838341836240338,0,NFLX
2026-07-10,73.37000274658203,75.69999694824219,72.51000213623047,75.44000244140625,46713900,74.74599990844726,82.40899932861328,75.20580853177655,77.49305319808413,41.1479126105673,-2.287244666307572,-2.817420351096184,0.5301756847886119,-0.027825605408166032,0.028991061159435925,0.286682256505177,-0.1096845812432139,0,NFLX
2026-07-13,73.83000183105469,75.44999694824219,73.70999908447266,73.9000015258789,35101800,74.74800033569336,82.04319931030274,74.99414596243473,77.22171605978565,52.55240444907429,-2.2275700973509203,-2.6994503003471317,0.4718802029962115,0.006269579763564792,0.025954545488147598,-0.24857911670830313,-0.10010820577808288,0,NFLX
2026-07-14,73.52999877929688,74.01000213623047,72.27999877929688,72.63999938964844,33312100,74.72300033569336,81.64159927368163,74.76889254964429,76.94825552049018,51.88328684866316,-2.1793629708458866,-2.595432834446883,0.4160698636009963,-0.004063430100466614,0.02599176921023544,-0.05098598932248488,-0.09935621749878742,0,NFLX
2026-07-15,73.68000030517578,75.05999755859375,73.12999725341797,73.79000091552734,32854300,74.95100021362305,81.27399932861329,74.60137066587991,76.70616254157801,55.10545036087212,-2.1047918756980977,-2.497304642697126,0.39251276699902826,0.0020400044657846728,0.02340163589907866,-0.013742754134383639,-0.09343700428390223,0,NFLX
2026-07-16,74.3499984741211,74.68000030517578,72.94000244140625,73.94999694824219,77505200,74.96699981689453,80.94059936523438,74.56269802099393,76.53163186991453,59.71830126265405,-1.9689338489205994,-2.3916304839418205,0.4226966350212211,0.009093351875274713,0.01999439381189931,1.3590580228463245,-0.08142515551897533,0,NFLX
2026-07-17,68.94999694824219,69.48999786376953,65.08000183105469,65.4800033569336,142029200,74.09699935913086,80.56179931640625,73.6992055482629,75.97002928312399,37.99407289688484,-2.2708237348610965,-2.3674691341256757,0.09664539926457927,-0.07262947729257152,0.024425275937307766,0.8325118830736518,-0.1441353404056771,1,NFLX
2026-07-20,67.5999984741211,68.37999725341797,66.69000244140625,68.31999969482422,60669100,73.25499954223633,80.14839935302734,72.76086599839493,75.35002700097563,35.667906266045705,-2.5891610025806955,-2.41180750781668,-0.17735349476401563,-0.019579384102576203,0.024368527730806774,-0.5728406553018675,-0.1565645849474132,1,NFLX
2026-07-21,68.66999816894531,68.75,66.7300033569336,67.41999816894531,56565800,72.50399932861328,79.75679931640624,72.13150171694114,74.85521005045487,43.25925351017949,-2.723708333513727,-2.4741876729560897,-0.24952066055763744,0.015828398209710715,0.025569919362987206,-0.06763410039047879,-0.13900759863090872,1,NFLX
2026-07-22,68.52999877929688,70.56999969482422,68.3499984741211,69.37000274658203,44947300,71.79799957275391,79.37759933471679,71.57742434191894,74.38667588222096,33.9204497179726,-2.8092515403020144,-2.5412004464252744,-0.26805109387674,-0.0020387271498683024,0.02568971732645429,-0.20539796131231236,-0.13665820894479463,1,NFLX
2026-07-23,68.88999938964844,69.36000061035156,67.66999816894531,68.56999969482422,45029100,71.13999938964844,79.04639938354492,71.16397434926193,73.97951466054892,19.793111975775375,-2.8155403112869806,-2.596068419397616,-0.21947189188936456,0.005253182792414046,0.026011383562682042,0.0018199090935384632,-0.1284865607175365,1,NFLX
2026-07-24,70.08999633789062,70.68000030517578,67.97000122070312,69.29000091552734,37593500,70.8119987487793,78.69499923706054,70.99874696289712,73.69140219220387,28.926793056871247,-2.6926552293067516,-2.6153857813794437,-0.07726944792730794,0.017419029741238434,0.02626137166003291,-0.16512877228281264,-0.10934624795215053,1,NFLX
2026-07-27,70.4000015258789,71.6500015258789,69.86000061035156,70.58999633789062,39090800,70.46899871826172,78.35179931640624,70.90663228027893,73.44759473543905,29.676517991849096,-2.540962455160127,-2.6005011161355807,0.059538660975453794,0.004422959112364788,0.026185637723070712,0.03982869379014997,-0.10148838775757751,0,NFLX
2026-07-28,72.38999938964844,73.76000213623047,71.2300033569336,72.06999969482422,47160200,70.35499877929688,78.0607992553711,71.13484260479731,73.36925433945456,39.75672871779241,-2.234411734657243,-2.527283239839913,0.2928715051826698,0.028267014497691534,0.02815695371612069,0.2064270877035006,-0.07264593649843354,0,NFLX
2026-07-29,73.62999725341797,73.73999786376953,71.75,72.19000244140625,43737600,70.3499984741211,77.79299926757812,71.51871255073895,73.38856862937777,44.50416904990326,-1.8698560786388185,-2.395797807599694,0.5259417289608757,0.01712940840205124,0.02874755358437119,-0.07257390765942473,-0.053513838691847115,0,NFLX
2026-07-30,73.16999816894531,73.31999969482422,70.55000305175781,71.4800033569336,54261000,70.23199844360352,77.46339920043945,71.77275649200146,73.3723782249013,49.337733119710265,-1.5996217328998341,-2.2365625926597223,0.6369408597598882,-0.00624744128251753,0.028636257236075935,0.2406030509218613,-0.05542489841408593,0,NFLX
2026-07-31,71.70999908447266,72.75,71.11000061035156,71.97000122070312,35818000,70.50799865722657,77.11099914550782,71.7631015062278,73.249239029314,43.416139914579205,-1.4861375230861995,-2.0864775787450176,0.6003400556588181,-0.019953520855660045,0.01617339992083129,-0.33989421499788064,-0.07004188923610655,0,NFLX
