Date,Close,High,Low,Open,Volume,sma_10,sma_50,ema_12,ema_26,rsi_14,macd,macd_signal,macd_hist,daily_return,volatility_10,volume_change,price_vs_sma50,direction,ticker
2021-10-11,407.576171875,412.798749458497,407.5105312643394,409.8921065328173,65233300,406.87298889160155,414.22682006835936,408.91697473364906,411.0324416233262,51.03506671913251,-2.1154668896771227,-2.19716614117158,0.08169925149445723,-0.007239581742127688,0.011010395044063637,-0.12505935024558257,-0.016055571177795325,1,SPY
2021-10-12,406.572998046875,408.8983186346125,405.7853963834593,408.4951467022772,71181200,406.8636199951172,414.1785791015625,408.5563629356838,410.702112469515,45.5872319869702,-2.1457495338311787,-2.1868828197035,0.041133285872321235,-0.002461316184187212,0.008955762997268846,0.09117889176233618,-0.018363047821511103,1,SPY
2021-10-13,408.0356750488281,408.85140428938456,404.6227346402631,407.5949901170963,72974000,406.93206176757815,414.0930456542969,408.47625710693677,410.5045985865012,40.96667779024076,-2.0283414795644035,-2.155174551675681,0.12683307211127737,0.003597575365259509,0.009015687138593652,0.025186425629239118,-0.014628042342265557,1,SPY
2021-10-14,414.8990478515625,415.0490712799511,411.2235453911505,411.69235787459854,70236800,408.1847229003906,414.185341796875,409.4643787599561,410.8301133468761,48.614056942575644,-1.3657345869199844,-1.9972865587245416,0.6315519718045572,0.01682052139659862,0.009242761481220958,-0.03750924986981663,0.0017231562362667319,1,SPY
2021-10-15,418.0588684082031,418.42455590539737,416.3898969959303,417.0087329506892,66260200,409.2751800537109,414.28886962890624,410.78660793660947,411.36557668475217,53.04888651846463,-0.5789687481426995,-1.7136229966081733,1.1346542484654738,0.007615878062393389,0.00888408461167341,-0.05661704405667689,0.009099927745280345,1,SPY
2021-10-18,419.2964782714844,419.6340094982905,415.6209761000303,416.2773249708745,62213200,411.0144744873047,414.40350524902345,412.09581875735944,411.95305087636194,64.84453968092265,0.14276788099749638,-1.3423448210870395,1.4851127020845358,0.0029603722269870847,0.007012655631585627,-0.061077388839756,0.011807267459093218,1,SPY
2021-10-19,422.5313720703125,422.5969840780389,420.30917663549167,420.9186558175996,46996800,412.65907287597656,414.5895678710938,413.7012884978138,412.73663022406197,66.83293559639552,0.9646582737518088,-0.8809442021192698,1.8456024758710785,0.007715051202346723,0.006799414567125911,-0.24458475050310868,0.01915582256446946,1,SPY
2021-10-20,424.19091796875,424.4909648278342,422.878248727811,422.9907591464568,49571600,414.3008514404297,414.7985400390625,415.31507764718856,413.5850959829278,76.11663111137088,1.7299816642607766,-0.3587590288432605,2.088740693104037,0.003927627646453935,0.006799210384749561,0.054786708882306856,0.022643228032584117,1,SPY
2021-10-21,425.2972717285156,425.5222925463141,423.15948811730703,423.5907875561012,41305400,415.7007171630859,415.0090771484375,416.85079981354653,414.452664556675,73.81234474145673,2.3981352568715124,0.1926198282996941,2.205515428571818,0.0026081505117163672,0.0066037059395028476,-0.16675273745451025,0.02479028808422501,1,SPY
2021-10-22,424.8566284179688,426.3099643124369,422.9157378325938,424.86601382430814,58845100,417.13154296875,415.1859405517578,418.0824657526884,415.22332854640047,84.47900115796891,2.859137206287926,0.7259233038973405,2.1332139023905854,-0.0010360830878504146,0.006539199308665784,0.42463455141458506,0.02329242616780136,1,SPY
2021-10-25,427.1350708007813,427.4632452839596,424.1722008875209,425.9442973142117,45214500,419.0874328613281,415.39323059082034,419.47517422162576,416.1056798245028,83.53761236643433,3.369494397122992,1.2546375225424709,2.114856874580521,0.005362850030836697,0.005357644598120406,-0.2316352593503962,0.028266806835682834,1,SPY
2021-10-26,427.51953125,429.8917216010357,427.1444869339798,428.68220582792407,56075100,421.1820861816406,415.588583984375,420.7127676106064,416.95115030046554,82.82431672865782,3.7616173101408776,1.7560334800621522,2.0055838300787254,0.0009000910379424187,0.004947387424384611,0.24020170520518858,0.028708553905016698,1,SPY
2021-10-27,425.6254577636719,428.6446111455954,425.5504317463337,427.978905465438,72438000,422.941064453125,415.80082458496094,421.4685660956934,417.5936915940364,75.18119051501456,3.8748745016570183,2.1798016843811254,1.6950728172758929,-0.00443037884325459,0.0057885722710476,0.2918033137702831,0.023628219565263286,1,SPY
2021-10-28,429.7322692871094,429.8072666921166,427.04129028806375,427.0506470799132,51437900,424.4243865966797,416.18604736328126,422.73990504821893,418.49284549722694,80.15949627502995,4.247059550991992,2.5932532577032985,1.6538062932886932,0.009648886006526913,0.004313733104098324,-0.28990447002954256,0.032548476840223994,1,SPY
2021-10-29,430.6042785644531,430.8949400235168,427.1444400469076,427.43510150597126,70162400,425.6789276123047,416.57600036621096,423.9498086661011,419.38998868739185,88.76278205801295,4.559819978709243,2.9865666019044874,1.5732533768047552,0.002029191986886003,0.004080860070082901,0.3640214705499252,0.03367519536869601,1,SPY
2021-11-01,431.3450317382813,431.9638676988326,429.6198050970678,431.5887947913139,48433600,426.8837829589844,416.91534240722655,425.08753529259036,420.27554743190217,92.0699713290035,4.811987860688191,3.351650853661228,1.460337007026963,0.0017202643139024865,0.004099934930197776,-0.30969294094842825,0.03461059803589661,1,SPY
2021-11-02,433.0889587402344,433.3983909976397,431.3824744636354,431.5137556913935,48908400,427.9395416259766,417.2166632080078,426.3185235153048,421.22468901029714,92.14500890185795,5.093834505007635,3.7000875839305096,1.3937469210771254,0.004042997771239509,0.003766097392056834,0.009803111889266969,0.038043292447102584,1,SPY
2021-11-03,435.7330932617188,436.1362651463071,432.08571825925554,432.5264031559585,52509800,429.09375915527346,417.55759521484373,427.76691886090697,422.2993856215135,90.8454968182288,5.467533239393447,4.053576715023097,1.4139565243703496,0.006105291922416267,0.003919124035619108,0.07363561269638752,0.04352812224029434,0,SPY
2021-11-04,437.7864990234375,437.8708818410705,435.9862464051318,436.3331630823048,52847100,430.3426818847656,417.92202331542967,429.30839273206556,423.44657920684125,90.43033712222153,5.861813525224306,4.415224077063339,1.4465894481609674,0.0047125311193321195,0.003970100965274801,0.006423562839698471,0.04753153602775084,0,SPY
2021-11-05,439.305419921875,441.29318025230174,437.795857475972,440.0086386395661,66390600,431.7875610351563,418.3663647460937,430.84639691511313,424.62130814869556,90.53942257633317,6.225088766417571,4.777197014934186,1.4478917514833851,0.003469547146441876,0.0037209129387386583,0.25627707102187247,0.050049566457115,0,SPY
2021-11-08,439.6804809570313,440.89941061596096,438.9960330253521,440.4024705143944,50405200,433.04210205078124,418.7436236572266,432.2054867677159,425.7368024307945,89.29939156584399,6.468684336921399,5.115494479331629,1.3531898575897703,0.0008537591801689448,0.0037239235205165436,-0.24077806195455376,0.04999922653614686,0,SPY
2021-11-09,438.2272033691406,440.2806045314554,436.8207657847632,440.0461982673925,51149100,434.1128692626953,419.05480712890625,433.13190470639665,426.66201731511643,82.47294868192338,6.469887391280224,5.386373061721349,1.0835143295588754,-0.003305303853214925,0.004184494816141775,0.014758397943069435,0.0457515244165585,1,SPY
2021-11-10,434.7016296386719,438.2271082413826,433.2201949615556,436.5393663380672,69429700,435.02048645019534,419.3080023193359,433.3734008498236,427.2575441538983,69.5667357491898,6.115856695925288,5.532269788562137,0.5835869073631512,-0.008045081873885862,0.004936724068238372,0.35739827289238724,0.03671198077353299,1,SPY
2021-11-11,434.84228515625,436.2674933027637,434.8235429594951,436.19246728766257,34848500,435.5314880371094,419.5595257568359,433.59938305081226,427.8193768207392,71.03881774716623,5.78000623007307,5.581817076864324,0.1981891532087463,0.0003235679555537718,0.004179951180303369,-0.4980750312906437,0.036425723791745135,1,SPY
2021-11-12,438.12396240234375,438.6771576415782,435.1610643814979,436.10807465603904,53466700,436.28345642089846,419.85069885253904,434.2954721818171,428.5826794564136,72.21347599283396,5.712792725403517,5.6080122065721625,0.10478051883135464,0.007546821820501037,0.004641611038624088,0.5342611590168873,0.04352324195183166,1,SPY
2021-11-15,438.2740783691406,439.56800554034606,437.1489454567353,439.40862530276064,46980500,436.9763610839844,420.14693054199216,434.9075654414054,429.30056085735634,71.94769994606563,5.607004584049037,5.607810682067537,-0.0008060980185007338,0.00034263354593466744,0.004662738296087463,-0.12131289194956862,0.043144782240261303,1,SPY
2021-11-16,440.0086364746094,441.1431546549703,437.9364933419403,438.0114907479462,48857500,437.6683288574219,420.508134765625,435.6923456003599,430.09375164381953,79.5453120729385,5.5985939565403555,5.6059673369621015,-0.007373380421745956,0.003957701792273838,0.004657857705230481,0.03995274635221002,0.046373661046660075,0,SPY
2021-11-17,438.9397583007813,439.9242530537252,438.32092239942926,439.74610202390977,47858300,437.98899536132814,420.8582421875,436.1919475542709,430.7490113961871,71.61083295728854,5.442936158083796,5.573361101186441,-0.13042494310264452,-0.002429220895280637,0.00451968719852789,-0.02045131249040577,0.04296343590492313,1,SPY
2021-11-18,440.4305419921875,440.69307581212365,437.25197993727926,439.9710863467691,50625600,438.25339965820314,421.2742443847656,436.8440390062581,431.46616181070567,72.41216096757623,5.377877195552401,5.534264320059633,-0.15638712450723258,0.0033963286834104434,0.004409044831581399,0.05782278100141469,0.045472273377163086,0,SPY
2021-11-19,439.64300537109375,441.5651251990252,439.27731788187225,440.318067909882,57315600,438.287158203125,421.7406658935547,437.2746492162328,432.07185392629,68.88606736828059,5.202795289942799,5.467970514036266,-0.2651752240934675,-0.0017881062869334885,0.004343296322398588,0.13214658196643603,0.042448691637570146,0,SPY
2021-11-22,438.4052734375,444.0028951339013,438.1989948186662,441.5181949166131,72762000,438.1596374511719,422.1610235595703,437.44859140412007,432.54099611230555,62.38523369881285,4.907595291814516,5.355895469591917,-0.4483001777774005,-0.002815311328674519,0.004425367387858691,0.2694973096329796,0.038478800674116354,0,SPY
2021-11-23,438.9866333007813,439.8398754499892,435.4799250989726,438.07713594297,73206500,438.23558044433594,422.63805725097654,437.6852132343757,433.0184507188593,58.38561297751713,4.666762515516382,5.21806887877681,-0.5513063632604283,0.0013260786274829073,0.004314725902023538,0.006108957972568163,0.038682214649913726,0,SPY
2021-11-24,440.15863037109375,440.28052618496287,436.1737245911253,436.98945366666055,61858800,438.7812805175781,423.0691802978516,438.0657389477169,433.5473529153211,56.40488989818755,4.518386032395824,5.078132309500614,-0.5597462771047894,0.002669778488470387,0.0032418258014969407,-0.15500945954252698,0.04039398488259249,0,SPY
2021-11-26,430.3417663574219,434.9642509437394,429.2166048622244,433.50155816840993,112669600,438.3312286376953,423.31723876953123,436.8774354722869,433.3099020591804,33.28678777615798,3.567533413106503,4.7760125302217915,-1.2084791171152887,-0.02230301381434996,0.008147336757025555,0.8213997038416523,0.016594003136534363,0,SPY
2021-11-29,435.6206970214844,437.4584345001771,432.9297171313143,435.1237567833769,86268800,438.0809020996094,423.7522985839844,436.6840910952404,433.48107205638814,43.600580720204555,3.203019038852233,4.46141383194788,-1.258394793095647,0.012266833193406823,0.0088080495467835,-0.2343205265661722,0.028007867985989865,0,SPY
2021-11-30,427.14447021484375,435.0861556207731,426.9006785426518,433.1827778927759,148559600,436.9679412841797,424.1558538818359,435.2164571136409,433.01169414219964,35.697074579745006,2.204762971441255,4.010083659846555,-1.8053206884053,-0.019457814710357013,0.010626112437235645,0.7220547868986238,0.007046033446565181,1,SPY
2021-12-01,422.4000549316406,435.6862135337651,422.2031616971008,432.84521097923056,131939200,435.2070831298828,424.4722076416016,433.2447029317947,432.22564679326933,34.60830598121673,1.0190561385253432,3.4118781555823126,-2.3928220170569694,-0.011107284804171225,0.010673872102407275,-0.11187698405219182,-0.004881715864211711,1,SPY
2021-12-02,428.8696594238281,430.435505728032,422.22190176024696,422.6157168413784,127637800,434.2000732421875,424.83863342285156,432.5716193151844,431.9770551362737,43.548781589250886,0.5945641789107299,2.8484153602479965,-2.2538511813372666,0.01531629652187072,0.012317122099387765,-0.032601380029589344,0.00948836966285116,1,SPY
2021-12-03,425.1378784179688,431.58871344638754,420.9185665300391,430.5292213858788,137331600,432.6708068847656,425.03065795898436,431.42796686945894,431.4704494534363,36.108401529901386,-0.04248258397734617,2.270235771402928,-2.3127183553802744,-0.008701433929536595,0.012295062307869115,0.07594772081624712,0.0002522652354051136,1,SPY
2021-12-06,430.1730041503906,432.0482542479885,425.2692148441158,427.6789180869,98977500,431.7238067626953,425.30969482421875,431.23489568190996,431.3743423939514,42.154043864243306,-0.13944671204143333,1.788299274714056,-1.9277459867554894,0.011843512394516864,0.013221702516100279,-0.2792809520896866,0.011434748338341683,1,SPY
2021-12-07,439.0709533691406,439.6335339888225,430.04162169606445,435.4423498625487,95484700,431.7903747558594,425.79050720214843,432.440443018407,431.9444617254469,49.20250373234275,0.49598129296009574,1.529835678363264,-1.0338543854031683,0.020684583023343972,0.015042698104643589,-0.035288828269051,0.03119009452384791,0,SPY
2021-12-08,440.2337036132813,440.68377393878586,437.7114899371463,439.4648728181905,72238800,431.9150817871094,426.4618475341797,433.63940618684916,432.5584796430643,51.09874162986919,1.0809265437848694,1.4400538514475851,-0.3591273076627157,0.002648205797305625,0.015058971541573254,-0.24345156868063678,0.03229328991264069,1,SPY
2021-12-09,437.2614440917969,440.3368530852221,437.0645508448951,438.9491577219033,61272600,431.6253631591797,427.06005126953124,434.19664278761036,432.90684738000743,47.37503317703265,1.2897954076029237,1.410002162678653,-0.12020675507572931,-0.006751549227351661,0.015194318388520044,-0.15180484725659893,0.023887490276694567,1,SPY
2021-12-10,441.3775329589844,441.52755637554407,437.4113979747184,439.9617388281514,77159800,432.72893981933595,427.8401531982422,435.3013951216679,433.53430557104275,51.36162944187974,1.767089550625144,1.4814196402679511,0.2856699103571929,0.009413335940781975,0.013348652581907315,0.25928718546299656,0.03164120912809598,0,SPY
2021-12-13,437.4677429199219,441.2088578538092,437.1864382259011,440.8619411504924,87724700,432.9136444091797,428.4464221191406,435.63467939832236,433.8256713005893,49.293657424885716,1.8090080977330558,1.546937331760972,0.2620707659720838,-0.00885815372805987,0.013323110196343546,0.13692233520563812,0.02105589015345455,0,SPY
2021-12-14,434.4579162597656,436.6894683893485,431.5419161774256,434.204767804998,97264100,433.6449890136719,429.097509765625,435.4536389154675,433.8725042605283,46.70847549206398,1.5811346549392056,1.553776796396619,0.027357858542586655,-0.006880111068456984,0.011727481928745634,0.10874246363908902,0.012492280593910943,1,SPY
2021-12-15,441.2462768554688,441.4900398681601,432.0012806047948,434.5141370446989,116899300,435.5296112060547,429.8007275390625,436.34481398316,434.4187096379313,50.73084724964384,1.9261043452287367,1.6282423061630427,0.2978620390656941,0.01562489792830557,0.011513143889183827,0.20187510088511584,0.026629897492125743,0,SPY
2021-12-16,437.3551940917969,443.3747305871484,435.8080899456226,443.0934545318682,116568600,436.37816467285154,430.3923687744141,436.50025707679646,434.6362270048843,55.12047199532994,1.8640300719121683,1.6753998593128678,0.18863021259930046,-0.008818392285146581,0.011508081863259717,-0.002828930541072583,0.01617785495874413,1,SPY
2021-12-17,432.7004699707031,437.2827414785998,430.9974086651927,434.2812071966068,135511600,437.134423828125,430.8204058837891,435.91567444508973,434.49283759494494,47.84834388362125,1.4228368501447903,1.6248872574792526,-0.20205040733446222,-0.010642892056557551,0.011723424783719186,0.16250516863031716,0.0043639160569872715,1,SPY
2021-12-20,428.0993957519531,428.4945657060667,424.4862697414786,427.6289361873408,107134800,436.92706298828125,431.1714263916016,434.71317003076103,434.0192493102789,50.74621241930599,0.69392072048214,1.4386939500798301,-0.7447732295976901,-0.010633393162391314,0.011744163762649012,-0.20940495131044135,-0.0071248474541965034,1,SPY
2021-12-21,435.7019958496094,435.8431279715981,429.3507919289712,431.5148943716561,69806300,436.5901672363281,431.73394287109375,434.86529707981464,434.1438972020811,59.95013495794205,0.7213998777335178,1.2952351356105676,-0.5738352578770498,0.017758960122572276,0.011183001987242631,-0.3484255349335603,0.009190968289700674,1,SPY
2021-12-22,440.0584716796875,440.1713773813337,435.2503599777173,435.44797367017134,58890200,436.57264404296876,432.40365234375,435.6642470182566,434.58201383005195,58.64269384918641,1.0822331882046683,1.2526347461293879,-0.17040155792471956,0.009998751145454676,0.011659950559104267,-0.15637700322177228,0.01770294791555571,1,SPY
2021-12-23,442.7964477539063,444.292505385076,440.952254718036,441.0557420158372,56439700,437.1261444091797,433.09886779785154,436.761508669895,435.1904904170041,63.85288225447492,1.5710182528908945,1.3163114474816893,0.2547068054092052,0.0062218460737002435,0.011543821927029315,-0.04161133770983971,0.022391145941718538,1,SPY
2021-12-27,449.0630798339844,449.11011430535285,444.1232543282057,444.17028879957417,56808600,437.8946990966797,433.7821484375,438.6540580797549,436.2180896330768,64.53807628315269,2.435968446678146,1.5402428473209806,0.8957255993571653,0.014152399170918484,0.012001274433912284,0.006536179320584701,0.03522720206796626,1,SPY
2021-12-28,448.6960754394531,450.52146074512336,447.9339332846144,449.4958623974338,47274600,439.0175323486328,434.394892578125,440.1989838274008,437.14238487799355,58.52736903806593,3.0565989494072596,1.8435140677382365,1.2130848816690232,-0.0008172669075064976,0.011465823196712127,-0.16782670229507501,0.03292207874832709,1,SPY
2021-12-29,449.2700805664063,450.2862606015247,447.8022490075834,448.7996209971791,54503000,440.4987487792969,434.99436462402343,441.5945371718632,438.04073270676486,58.09016712349124,3.553804465098324,2.1855721472102543,1.3682323178880695,0.0012792737854705472,0.010997260334149082,0.15290240425090862,0.03281816295418394,0,SPY
2021-12-30,448.0280151367188,450.7002217741406,447.56697399413,449.693431506238,55329000,441.1769226074219,435.5042974853516,442.5843030126102,438.78053140527993,59.94736453303365,3.8037716073302477,2.509212039234253,1.2945595680959947,-0.0027646297481497273,0.010239636537664855,0.01515512907546368,0.028756817610481766,0,SPY
2021-12-31,446.89886474609375,448.68660504135966,446.62601892001857,447.5387114670403,65237400,442.13128967285155,435.9584564208984,443.2480817408384,439.3818894305254,55.39922635848332,3.8661923103130107,2.7806080934500046,1.085584216863006,-0.002520267377209673,0.0097094038567718,0.17908149433389364,0.025095070789572738,0,SPY
2022-01-03,449.48638916015625,449.6181315977888,445.8544557509341,448.15968997839184,72668200,443.80988159179685,436.44223876953123,444.2078213438104,440.13037089197957,62.06485410124832,4.077450451830828,3.0399765651261696,1.037473886704658,0.005789955218464593,0.008623540309572205,0.1139039875899408,0.02988746100148476,0,SPY
2022-01-04,449.3358154296875,451.62227021141086,447.4822040224438,450.9071626488499,71178700,445.9335235595703,436.93182250976565,444.9967435108684,440.8122556725505,65.84466141846923,4.184487838317864,3.2688788197645087,0.9156090185533552,-0.000334990633976906,0.007199533793241316,-0.02049727391073397,0.028388852175317503,0,SPY
2022-01-05,440.7076721191406,449.74050080120287,440.61357447061033,448.9689402836536,104538900,446.43409118652346,437.2032745361328,444.3368863736795,440.8045087426683,49.44802682647789,3.5323776310111725,3.3215785820138417,0.21079904899733082,-0.01920199328490213,0.00909027117184533,0.4686823445778021,0.008015487959750267,1,SPY
2022-01-06,440.2936706542969,443.0035221624816,437.9319546066855,440.2466361867598,86858900,446.4576110839844,437.45875732421877,443.71485318608217,440.7666688842704,53.242496204830054,2.94818430181175,3.2468997259734236,-0.2987154241616734,-0.0009394015376520404,0.00855349944503716,-0.16912364679559477,0.006480412799181989,0,SPY
2022-01-07,438.5529479980469,441.479221117935,437.1980222953608,440.3030723284207,85111600,446.03326110839845,437.71730712890627,442.92071392638445,440.60268955936493,56.90184093238587,2.318024367019518,3.0611246541826427,-0.7431002871631245,-0.003953549124753986,0.008345236035721088,-0.020116533826700533,0.0019090880244643227,0,SPY
2022-01-10,438.00726318359375,438.2236562011222,429.62367048499374,435.36328278709937,119362000,444.92767944335935,437.88280700683595,442.16479842749357,440.41043575375227,62.920195573256755,1.7543626737412978,2.7997722580943742,-1.0454095843530764,-0.0012442849077725082,0.0064607245947967485,0.40241753180530027,0.0002842225699806189,0,SPY
2022-01-11,441.9967041015625,442.0908017452963,434.7516162526011,437.7437605217472,74303100,444.2577423095703,438.11065551757815,442.1389377619657,440.5279371128494,59.06250631583292,1.6110006491163062,2.562017936298761,-0.9510172871824549,0.009108161561002692,0.0074323149404693575,-0.377497863641695,0.008870016136433456,0,SPY
2022-01-12,443.1917419433594,445.2429675793777,441.2346426828555,443.7280727675989,67605400,443.6499084472656,438.3475897216797,442.30090763602624,440.72525598918344,54.962737536723495,1.5756516468428003,2.364744678407569,-0.7890930315647688,0.002703725685525127,0.007504336559344195,-0.09014024986844427,0.01105093842253213,0,SPY
2022-01-13,437.0850830078125,444.9417620607511,436.0594847879406,444.29252568167936,91173100,442.555615234375,438.42751220703127,441.49847307783955,440.45561354611897,41.82611171868715,1.0428595317205804,2.1003676490701717,-1.0575081173495913,-0.013778819318179703,0.008481962180017967,0.3486067680984064,-0.003061918246099582,0,SPY
2022-01-14,437.263916015625,437.6120514809011,432.7286791584299,433.94247281173614,95890900,441.5921203613281,438.4581286621094,440.8470027605758,440.2191915068231,29.55002491222548,0.6278112537526681,1.805856370006671,-1.1780451162540029,0.00040914919031753705,0.00852922741709632,0.05174552581847047,-0.002723664059162023,0,SPY
2022-01-18,429.5201721191406,432.7851627070061,428.4098944174529,432.5781593461344,109709100,439.5954986572266,438.2928021240234,439.1044134311242,439.42667155218,23.532652648605023,-0.3222581210557678,1.3802334717941833,-1.702491592849951,-0.01770954248190848,0.009302542601742089,0.14410335078719672,-0.02001545533572413,0,SPY
2022-01-19,425.0602111816406,432.45582165960354,424.7873365975809,431.0632797435182,109357600,437.1679382324219,438.0078979492188,436.9437669312037,438.3624893025104,19.82181645268662,-1.4187223713067283,0.8204423031740009,-2.239164674480729,-0.01038358900699754,0.009345973891547735,-0.0032039274773013604,-0.029560395664553152,0,SPY
2022-01-20,420.3556823730469,431.6372951914394,418.23861402309865,426.9421172395524,122379700,435.1327392578125,437.62140197753905,434.3917539222565,437.02865175217977,18.246741740805803,-2.636897829923271,0.12897427655454663,-2.7658721064778176,-0.011067911521324136,0.008318317850699064,0.11907814363153535,-0.039453553977184974,0,SPY
2022-01-21,412.1037292480469,421.58818048555,412.0755028255823,419.2358828982697,202271200,432.3137451171875,437.0989324951172,430.96282704930115,435.1823611963181,15.683110075468036,-4.21953414701693,-0.7407274081597487,-3.478806738857181,-0.019630882776259795,0.00941122145974257,0.6528166027535613,-0.05718431546924341,1,SPY
2022-01-24,413.8538208007813,414.3619251147175,395.901098425589,406.50524550753806,251783900,429.8438323974609,436.6819763183594,428.33067224183657,433.60246931516724,14.266932387966236,-5.271797073330674,-1.6469413411939338,-3.6248557321367407,0.004246725832663056,0.01000178349397021,0.24478373589517433,-0.05227638591828532,1,SPY
2022-01-25,408.8011779785156,413.7410039235916,401.91364234074007,407.47447842180327,167997300,426.9232238769531,436.16115417480466,425.3261346628641,431.7653366235634,12.989802292993431,-6.439201960699336,-2.6053934650950143,-3.8338084956043215,-0.012208762051511668,0.01005566808793705,-0.33277187302285804,-0.06272905309060084,1,SPY
2022-01-26,407.7755126953125,417.8057134652488,403.5225401054795,414.6818552495206,186391100,423.5011047363281,435.55418518066404,422.62603897554845,429.98831262887813,15.083883116925222,-7.36227365332968,-3.5567695027419477,-3.8055041505877325,-0.002508958727259425,0.008571085198097784,0.10948866440115412,-0.06377776504163124,1,SPY
2022-01-27,405.7619018554688,415.5004192840026,404.0776775137982,412.3671716369527,149878300,419.75812072753905,434.9039416503906,420.03155634169,428.1937636826997,14.589030249962391,-8.162207341009662,-4.4778570703954905,-3.6843502706141713,-0.004938037663257733,0.007819110829315263,-0.19589347345447283,-0.06700799188973183,1,SPY
2022-01-28,415.8392028808594,415.886237349482,402.54401155859085,407.1168645482626,164457400,417.63353271484374,434.4205529785156,419.3865788861776,427.27861103071155,30.108867739166413,-7.892032144533971,-5.160692085223187,-2.731340059310784,0.02483550323307604,0.012928789214789396,0.09727292076304583,-0.04277272327530779,1,SPY
2022-01-31,423.3289489746094,423.6770844746201,413.82565957531546,415.171167102493,152251400,416.2400360107422,434.1083367919922,419.9930973613209,426.98604347100024,38.539589227601304,-6.9929461096793375,-5.527142890114417,-1.4658032195649202,0.01801115922179153,0.014794817300318779,-0.074219828356766,-0.024831100681090734,0,SPY
2022-02-01,426.1893310546875,426.82914917104256,420.5343978995624,424.0534262540882,123155400,415.9069519042969,433.82351257324217,420.9463640833773,426.92702773645857,37.4365492083204,-5.980663653081251,-5.617847042707784,-0.3628166103734669,0.00675687804249292,0.014124730011700806,-0.19110497506098467,-0.017597436047834814,0,SPY
2022-02-02,430.3292846679688,431.0537819174136,426.283315981094,428.58857887911375,117361000,416.43385925292966,433.6372381591797,422.38989032716063,427.17904676842227,40.23426982875795,-4.789156441261639,-5.452108922418555,0.6629524811569159,0.009713883740440465,0.014021442049782363,-0.04704950006252262,-0.007628388893106464,1,SPY
2022-02-03,420.2144470214844,426.2080966836343,419.3770152968473,424.30745056905977,118024400,416.41973571777345,433.2734216308594,422.05520674167195,426.6631504908713,37.92595834758456,-4.6079437491993644,-5.283275887774717,0.6753321385753521,-0.023504878721625433,0.01569422343519907,0.005652644404870344,-0.03014026237801637,1,SPY
2022-02-04,422.1904296875,426.0293671450485,417.6081293545503,419.9792639651472,118454400,417.42840576171875,432.93749755859375,422.0760102717993,426.33183783876973,39.482694594253914,-4.255827566970424,-5.077786223613858,0.8219586566434334,0.004702319684678935,0.014104953848709046,0.003643314433286582,-0.02482360140135298,0,SPY
2022-02-07,420.8354797363281,424.3450895509773,419.50878037886775,422.95254768054906,84472900,418.12657165527344,432.55103454589846,421.88515942018836,425.92470020155184,43.347266249614286,-4.039540781363485,-4.870137135163784,0.8305963538002992,-0.003209333646370882,0.014199731936996019,-0.2868741051408812,-0.02708479202198555,0,SPY
2022-02-08,424.298095703125,425.2202068332441,418.9160368655322,420.3368340105605,81012000,419.6762634277344,432.4301611328125,422.25638038679404,425.80421097944617,49.40713789545704,-3.547830592652133,-4.605675826661454,1.0578452340093207,0.008227956371374301,0.013414048375186801,-0.04097053611276513,-0.01880550007979176,0,SPY
2022-02-09,430.5081176757813,430.828026712605,428.1275935863995,428.3251785502613,92589900,421.94952392578125,432.3279095458984,423.5258784312536,426.15264851250805,57.7169908572187,-2.626770081254449,-4.209894677580053,1.5831245963256038,0.014635988319404047,0.013611083830877986,0.14291586431639747,-0.004209286122722311,0,SPY
2022-02-10,422.7738037109375,430.66810052892527,420.7790596867854,424.6744500762086,140103700,423.6507141113281,432.2404962158203,423.41017462812806,425.90236371239166,58.17478439417367,-2.4921890842636003,-3.8663535589167624,1.374164474653162,-0.017965547331835863,0.015248552286984835,0.5131639628080384,-0.02190144742975686,0,SPY
2022-02-11,414.4372863769531,424.92853031107984,413.0070994488103,422.8585251820239,153214600,423.5105224609375,432.08124084472655,422.02973028179343,425.0530987245814,50.406038568036,-3.0233684427879552,-3.697756535691001,0.6743880929030457,-0.01971862319947404,0.015063760119416701,0.09357996969387683,-0.04083480790158622,0,SPY
2022-02-14,413.0822448730469,415.5098319487012,409.6196698794952,413.92909493615394,123006300,422.48585205078126,431.76549255371094,420.6531940650632,424.1663688096529,53.140871496572124,-3.513174744589719,-3.660840177470745,0.14766543288102607,-0.0032695936115018087,0.013635127704538489,-0.19716332516613955,-0.0432717482125784,0,SPY
2022-02-15,419.7440490722656,419.9134076320103,416.99655245103,417.5140752252378,88482700,421.84132385253906,431.65761596679687,420.5133256046328,423.8387895698464,58.1101844403407,-3.3254639652136007,-3.5937649350193164,0.2683009698057157,0.016127064965636873,0.014618034657738813,-0.2806652992570299,-0.027599575343639104,0,SPY
2022-02-16,420.2144470214844,421.5881807733141,415.8297608700527,417.7021805621434,84863600,420.8298400878906,431.45844482421876,420.46734428414845,423.57031975144923,60.00261058333859,-3.10297546730078,-3.4956070414756093,0.3926315741748292,0.0011206780662129656,0.014135005263840423,-0.04090178080008855,-0.026060442060220512,0,SPY
2022-02-17,411.2381286621094,420.18627912524965,410.6359553270565,417.0341941741858,102259100,419.9322082519531,430.90178833007815,419.0474649576809,422.65682411520186,46.76631448904218,-3.6093591575209416,-3.518357464684676,-0.09100169283626558,-0.021361279753706497,0.013789483756915211,0.20498187679994717,-0.045633738825205494,1,SPY
2022-02-18,408.5753173828125,412.7435821681036,406.3076988713617,411.492143665792,132642900,418.57069702148436,430.26862060546875,417.4363653307781,421.6137495424323,38.87625682166148,-4.177384211654214,-3.6501628140785836,-0.5272213975756306,-0.006475107957425674,0.013631551438513974,0.2971256347845814,-0.050418046271024086,1,SPY
2022-02-22,404.1905212402344,409.7701631838251,400.6996915980968,406.37345988508577,124391800,416.906201171875,429.6072021484375,415.3985431630021,420.3231400385658,33.786341207552226,-4.9245968755636795,-3.905049626375603,-1.0195472491880766,-0.010731916383656115,0.013838803391901364,-0.062205364930953744,-0.05916260430713449,1,SPY
2022-02-23,397.0208740234375,407.6626680417125,396.4563167518518,407.0981107701267,132578000,414.17847900390626,428.7200689697266,412.5712094492229,418.5970462596674,26.50036386811182,-6.025836810444503,-4.329207063189383,-1.6966297472551197,-0.017738286377417367,0.013737488747267127,0.06580980418323401,-0.07393914407241675,1,SPY
2022-02-24,402.99560546875,403.4284488931798,386.3790008159794,386.7365259239518,213942900,411.42722778320314,428.03062622070314,411.09803960607326,417.44138397885877,37.09811593944411,-6.343344372785509,-4.732034525108609,-1.6113098476769006,0.01504891011085685,0.013808640415854738,0.6137134366184436,-0.058488853877116,1,SPY
2022-02-25,411.8873291015625,411.97200837339045,402.581625575988,404.22823397331,121804500,410.3385803222656,427.57921447753904,411.2194687592255,417.0299725064665,43.00495354343696,-5.810503747241,-4.947728369535087,-0.8627753777059137,0.022064070953006887,0.015776306734941598,-0.4306681829590979,-0.03669936433919152,0,SPY
2022-02-28,410.8334655761719,412.3107152905196,405.2538228246702,406.5052324542038,145615000,409.9781982421875,426.9709582519531,411.16008365414035,416.57097199311136,43.181492879124036,-5.410888338971006,-5.040360363422271,-0.3705279755487352,-0.002558620892003094,0.01458262415352949,0.19548128353221772,-0.037795293482838166,0,SPY
2022-03-01,404.5763549804688,411.3415647709706,401.8758933767992,409.3374027412006,137785900,409.1276092529297,426.31538146972656,410.14720231972933,415.6824818440267,37.0488743954731,-5.53527952429738,-5.1393441955972925,-0.3959353287000873,-0.015230284579976439,0.015283415783828346,-0.0537657521546544,-0.05099282698717611,0,SPY
2022-03-02,412.0190734863281,413.740942784039,406.0724579549326,406.8251817399771,117726500,408.35511169433596,425.90175354003907,410.4351824992061,415.41111826197493,38.05181912019745,-4.975935762768813,-5.106662509031597,0.13072674626278413,0.018396325969713745,0.015595688442842886,-0.14558383695283772,-0.032595968291560085,0,SPY
2022-03-03,409.9678039550781,415.04876074406366,408.1706452434173,414.4465875237106,105501700,407.3304473876953,425.53912170410155,410.3632781078018,415.0079097947974,41.06833391724563,-4.644631686995581,-5.014256344624394,0.3696246576288136,-0.004978579059199961,0.015590361659745996,-0.10384068157976323,-0.03659197698831307,0,SPY
2022-03-04,406.636962890625,407.76604842308336,402.6004124792588,406.2417642897953,113978200,406.8703308105469,424.9578210449219,409.78999884362077,414.3878396537476,44.151196917628745,-4.597840810126854,-4.930973237724887,0.3331324275980325,-0.00812464059938256,0.014306574660904415,0.08034467691041947,-0.04311218019060814,0,SPY
2022-03-07,394.6496887207031,406.7593128666358,394.5838174926232,406.0536235461076,137896600,405.47776794433594,424.04964538574217,407.4607203631719,412.925754399448,38.0796205043837,-5.4650340362761085,-5.037785397435131,-0.4272486388409771,-0.029479056907933288,0.016894294775114848,0.2098506556516948,-0.06933140254909298,0,SPY
2022-03-08,391.6575622558594,401.9700272063481,390.5943191141427,394.82845492231417,164772700,404.22447204589844,423.02686767578126,405.0294652697392,411.35033275918215,30.93132826679704,-6.320867489442946,-5.294401815836695,-1.0264656736062516,-0.007581727669779825,0.016769918262815334,0.19490038188033632,-0.07415440440526377,1,SPY
2022-03-09,402.15826416015625,404.134200151545,397.8394486342406,400.0223879907192,116990800,404.7382110595703,422.08877136230467,404.58774202211106,410.6694387888839,39.2106475343859,-6.081696766772836,-5.451860806023923,-0.6298359607489132,0.026810925962504673,0.018274764078316016,-0.289986751446083,-0.04721875717712676,1,SPY
2022-03-10,400.3421630859375,401.236018765705,395.5999240365208,397.5570226123156,93972700,404.4728668212891,421.1216931152344,403.93457603193053,409.9044554034804,42.87991665825777,-5.969879371549894,-5.555464519129118,-0.4144148524207756,-0.0045158864956098554,0.01769358697172944,-0.1967513684836757,-0.049343290476396406,1,SPY
2022-03-11,395.25189208984375,403.4378710075181,394.7437877372273,402.8262793371944,95636300,402.8093231201172,420.0413293457031,402.5987785023787,408.81908034321106,41.56138255225547,-6.220301840832349,-5.688431983469765,-0.531869857362584,-0.01271480115123691,0.0161083162586019,0.01770301374760974,-0.05901666222815205,1,SPY
2022-03-14,392.3632507324219,399.4671781987032,391.2247467020312,396.0234396841189,95729200,400.96230163574216,418.9280340576172,401.02408192238534,407.6001300016711,42.364283169883635,-6.576048079285783,-5.865955202632969,-0.7100928766528147,-0.0073083555454941385,0.016131180261054572,0.000971388479060753,-0.06341132883349065,1,SPY
2022-03-15,400.9915161132813,401.6219158468352,393.6993928949382,394.969610741959,106219100,400.6038177490235,418.00988708496095,401.0190717979078,407.1106030469756,52.51606989534267,-6.091531249067771,-5.911070411919929,-0.18046083714784178,0.021990503353086943,0.017600393751122986,0.10957889546763155,-0.04071284315870893,1,SPY
2022-03-16,409.8831481933594,409.939601038674,399.7023972745846,404.49170046381727,144954800,400.3902252197266,417.217822265625,402.3827758587465,407.3159767615225,54.20882968236522,-4.93320090277598,-5.715496510091139,0.7822956073151595,0.022174115218852153,0.01809074297208732,0.3646773508719241,-0.017579963464734116,1,SPY
2022-03-17,415.0111999511719,415.0111999511719,407.5967527483876,407.9731146505722,102676900,400.8945648193359,416.53132995605466,404.3256103345043,407.88599329408913,52.00097113455023,-3.5603829595848424,-5.28447379998988,1.7240908404050375,0.012511009004433138,0.018438076114873966,-0.2916626424237072,-0.0036494973980544243,1,SPY
2022-03-18,419.5566711425781,419.8775739934096,412.666635478276,413.4028311487186,106345500,402.18653564453126,416.1083099365234,406.66885045882333,408.7504879495328,55.34834742011029,-2.081637490709454,-4.643906538133796,2.5622690474243415,0.010952647041672758,0.018332459396969203,0.03572955552806922,0.008287172170583945,1,SPY
2022-03-21,419.4340515136719,421.3877829881189,415.9323761926658,419.3868421211315,88349800,404.66497192382815,415.6911175537109,408.63272754418466,409.5418630283579,59.850495562737734,-0.9091354841732482,-3.8969523273416864,2.987816843168438,-0.0002922599909382928,0.014448760404912784,-0.1692191959227236,0.009004123018041987,1,SPY
2022-03-22,424.3419494628906,425.276343887646,420.8214082000754,420.8214082000754,74650400,407.93341064453125,415.40689758300783,411.04953091629324,410.6381657272122,58.45408827679772,0.4113651890810388,-3.0352888240571416,3.4466540131381804,0.011701238684620252,0.013670501492511906,-0.15505864189845364,0.021509156279951647,1,SPY
2022-03-23,418.8771362304688,423.303758234989,418.7921938931012,421.8125003060186,79426100,409.6052978515625,415.0242950439453,412.25377788770487,411.24845983856454,55.83876161238391,1.0053180491403282,-2.2271674494176477,3.232485498557976,-0.012878324283844389,0.013403420194719256,0.06397420509468144,0.00928341119431475,1,SPY
2022-03-24,425.1914978027344,425.2009454427064,419.783299994342,420.897026967389,64736900,412.09023132324216,414.68819091796877,414.24419633617094,412.2812774655401,61.70216287773951,1.9629188706308582,-1.3891501854079464,3.352069056038805,0.015074495660205578,0.013425779694938364,-0.18494172570477463,0.025328203490712076,1,SPY
2022-03-25,427.2679138183594,427.5416361124458,423.2471369609336,425.8238364518409,77101300,415.2918334960938,414.3697143554688,416.24784517958454,413.39139867686004,73.51121630598809,2.856446502724509,-0.5400308477814554,3.3964773505059647,0.004883484327309784,0.01172858414950541,0.19099462593976546,0.0311272735821273,1,SPY
2022-03-28,430.3070373535156,430.3070373535156,424.7855555376232,426.6732396590378,68529800,419.0862121582031,414.2341534423828,418.4107978217278,414.6444089492049,77.83967958779026,3.766388872522896,0.3212530962794149,3.4451357762434807,0.007112922447175096,0.010472808404394102,-0.11117192576519463,0.038801445456786654,1,SPY
2022-03-29,435.6303405761719,436.1211569373377,431.5057549157547,434.1862632130821,86581500,422.5500946044922,414.20148193359375,421.05995824548836,416.1989224030543,76.05359261196527,4.861035842434035,1.229209645510339,3.631826196923696,0.01237094158486407,0.009584059847638804,0.26341387250510007,0.05173535001020024,0,SPY
2022-03-30,432.9404296875,435.30003519309184,430.835651207152,434.4883159212036,79666900,424.85582275390624,414.26988708496094,422.8877230827209,417.43903405375397,75.0329263434183,5.448689028966953,2.073105522201662,3.3755835067652913,-0.006174755608422844,0.009230442079906146,-0.07986232624752398,0.04506854875191535,0,SPY
2022-03-31,426.2768859863281,432.9970375414447,425.823831381212,432.1758994727404,121699900,425.9823913574219,414.2942205810547,423.40913276019893,418.09368975246315,73.26267915059385,5.31544300773578,2.7215730193084857,2.5938699884272944,-0.015391363901915311,0.010942825532381779,0.5276093333617851,0.028923081254832672,0,SPY
2022-04-01,427.4849853515625,427.99463935727147,423.9172632927216,427.8530688001301,89048800,426.7752227783203,414.436806640625,424.0361870050241,418.78934127832235,77.01526031262402,5.246845726701736,3.2266275607871355,2.0202181659146,0.0028340719493600286,0.010559947903248977,-0.2682919213573717,0.03148412134700229,0,SPY
2022-04-04,431.1471252441406,431.2509628688752,426.8621021980193,427.6832403411355,59601000,427.9465301513672,414.8176745605469,425.1301775033497,419.7047326831978,75.11402654900996,5.425444820151938,3.666391012660096,1.759053807491842,0.008566709985302401,0.010723687960799953,-0.33069283359236734,0.03936536865477813,0,SPY
2022-04-05,425.7010803222656,432.1191947658273,424.559039502361,429.65578083151576,74214500,428.0824432373047,415.05461975097654,425.21800870625987,420.14890658238795,63.97546376186371,5.0691021238719145,3.9469332349024597,1.1221688889694548,-0.012631523215633433,0.011230675830748583,0.24518883911343758,0.025650745864909785,0,SPY
2022-04-06,421.4443664550781,423.71902938512,418.5656595556562,421.793612229182,106898000,428.33916625976565,415.3074835205078,424.63744835992424,420.2448665729576,55.77271492479112,4.392581786966616,4.036062945315291,0.35651884165132497,-0.009999302477609606,0.010884697693518198,0.44039237615290805,0.014776721292254935,0,SPY
2022-04-07,423.5680541992188,425.38024389891154,418.6223302828864,420.5666429127626,78097200,428.17682189941405,415.62333435058594,424.4729261813542,420.49102861934733,53.76311701577627,3.98189756200685,4.025229868653603,-0.043332306646752805,0.005039070190933526,0.00981896732650812,-0.26942318846002733,0.01911519203089629,0,SPY
2022-04-08,422.4353637695313,425.32351793680107,420.8968967267247,422.81289480244646,79272700,427.6935668945313,415.95680358886716,424.1594550410737,420.63505344528687,52.763194198210996,3.5244015957868555,3.925064214080254,-0.40066261829339833,-0.002674163970719956,0.0096619316192648,0.01505175601686104,0.015575079250458757,0,SPY
2022-04-11,415.2149963378906,420.00970115153353,414.71476121676,419.1696679234195,89770500,426.1843627929687,415.94431945800784,422.78338447135326,420.23356773362786,41.940341625686386,2.5498167377253935,3.650014718809282,-1.1001979810838884,-0.017092241916516926,0.010382365839781464,0.13242642170633778,-0.0017534152673789327,1,SPY
2022-04-12,413.6766052246094,420.7176599600039,412.1286901933345,418.19758861647455,84363600,423.9889892578125,415.7512725830078,421.38234151031577,419.7478668070339,45.065422368525404,1.6344747032818532,3.2469067157037967,-1.6124320124219436,-0.0037050470884951725,0.008768394621033671,-0.06023025381389213,-0.004990164781718653,1,SPY
2022-04-13,418.4146728515625,419.169735071056,413.2518549952933,413.4311873130841,74070400,422.5364135742187,415.5957794189453,420.9257771012768,419.6491116992212,43.3714555556816,1.2766654020556416,2.8528584529741656,-1.576193050918524,0.011453554702182345,0.010190179452362709,-0.12200996638360617,0.006782776852446215,0,SPY
2022-04-14,413.2046508789063,419.7549175134308,413.1008132674667,418.6411619179989,97869500,421.22919006347655,415.25328674316415,419.7379115286044,419.17174423104973,37.038970419067496,0.5661672975546708,2.395520221890267,-1.8293529243355962,-0.01245181469652834,0.009840964475206578,0.3213037866678188,-0.004933460925319433,0,SPY
2022-04-18,413.3745422363281,415.0545800894282,411.14705981320014,412.2796819000485,66002500,419.8181457519531,415.116488647461,418.758931637485,418.74232186107037,33.52321118669798,0.016609776414611588,1.919738132795136,-1.9031283563805244,0.00041115548206072106,0.00970849348854358,-0.3256070583787595,-0.0041962833536400845,0,SPY
2022-04-19,420.0473937988281,420.7646940333104,413.10070265917415,413.270587282833,77821000,418.7081726074219,415.0736279296876,418.9571565853839,418.8389938564598,35.22451063002333,0.11816272892411916,1.5594230520209327,-1.4412603230968135,0.016142386336614578,0.010953785624585426,0.17906139918942454,0.011982852039887026,0,SPY
2022-04-20,419.7360229492188,422.4354264021452,418.57511557097627,421.82193478222695,65224400,418.1116668701172,415.05163879394536,419.07698217982005,418.90544045592344,36.88839245670903,0.1715417238966097,1.2818467863960683,-1.1103050624994586,-0.0007412755184440512,0.010367600174648533,-0.16186633427995012,0.011286268303590585,0,SPY
2022-04-21,413.4595031738281,424.73842874926703,412.5534227458506,423.3509795921558,85417300,417.3131805419922,414.83486694335943,418.2127546404367,418.50203769428674,37.174115655274434,-0.28928305385005615,0.9676208183468434,-1.2569038721968995,-0.014953493224835857,0.010929357984630315,0.30959119593281037,-0.0033154488186237785,0,SPY
2022-04-22,402.1145324707031,413.4783716367902,401.5482213990768,412.3740924107077,132471800,415.16782836914064,414.2669952392579,415.73610507586227,417.2881484184657,28.894443657434266,-1.5520433426034401,0.46368798615678675,-2.0157313287602268,-0.027439133980566188,0.013234853266963945,0.5508778666616716,-0.029334856284015998,0,SPY
2022-04-25,404.4458312988281,404.6157159823245,395.3188645295105,399.8776384964426,119647700,413.36887512207034,413.9004357910157,413.9991398793955,416.3368656688629,27.284344218457107,-2.337725789467413,-0.09659476896805319,-2.2411310204993597,0.005797599041747814,0.013671677208997719,-0.09680626367272127,-0.022842702434266893,0,SPY
2022-04-26,392.7327880859375,402.11458288317993,392.7044739689954,401.9163552608038,103996300,411.120654296875,413.4663458251954,410.72739344963276,414.58841547753514,24.655327658667986,-3.8610220279023793,-0.8494802207549185,-3.0115418071474607,-0.02896072182342846,0.015324843472992218,-0.13081237666917123,-0.05014569613369113,1,SPY
2022-04-27,393.83697509765625,399.169705902769,391.7039115793856,393.8086609873536,122030000,409.1366912841797,413.0814404296876,408.1288675493287,413.05127174569225,27.695452247987475,-4.922404196363573,-1.6640650158766492,-3.2583391804869235,0.002811547813718951,0.015544022821753182,0.17340713083061599,-0.04658758164494925,1,SPY
2022-04-28,403.78515625,405.5124037214935,394.1485348093446,398.5751573273392,105449100,407.6737396240234,412.76226257324225,407.4606042725089,412.3648928200854,35.81095101470105,-4.904288547576527,-2.3121097222166247,-2.5921788253599027,0.02525964239359957,0.017621641743396844,-0.13587560435958368,-0.021748854333914158,0,SPY
2022-04-29,388.8630065917969,401.95409397695,388.1173631500213,399.8021348013602,145491100,405.2395751953125,412.1352337646485,404.59943539855317,410.62401235873074,29.897108038934647,-6.024576960177569,-3.054603169808814,-2.9699737903687553,-0.03695566671342476,0.020488738470012514,0.37972822906975967,-0.056467453559530645,0,SPY
2022-05-02,391.2037048339844,392.5628398347473,382.2749373532382,388.9290417952601,158312500,403.0224914550781,411.734545288086,402.53855377323487,409.1854710606014,34.72984628187838,-6.646917287366534,-3.7730659933203583,-2.873851294046176,0.006019338951016806,0.020754579491075488,0.08812497809144348,-0.04986426494705809,0,SPY
2022-05-03,392.9969482421875,395.4037338921699,390.1465268831045,391.703889272382,100028200,400.31744689941405,411.4229779052735,401.070614460766,407.9863212222004,36.891115732456335,-6.915706761434365,-4.40159414694316,-2.5141126144912045,0.004583912130801782,0.01972388108505249,-0.3681598105013818,-0.04478609764797448,0,SPY
2022-05-04,404.9648742675781,405.5311852675608,390.47689280324255,393.6576359549688,144247900,398.84033203125,411.4384649658204,401.6697313541217,407.7625103366728,42.19000805590435,-6.092778982551067,-4.739831114064742,-1.352947868486325,0.030452974454181492,0.02293397147017415,0.4420723356013605,-0.01573404348273577,0,SPY
2022-05-05,390.5713195800781,401.1329155913623,386.4467339742489,400.7081751004019,172929100,396.551513671875,411.3094738769532,399.96228338888426,406.4890887991473,38.12395935382975,-6.526805410263023,-5.097225973304399,-1.4295794369586243,-0.03554272383137491,0.024929945990334174,0.19883270397697306,-0.05041983132894978,0,SPY
2022-05-06,388.2400512695313,391.50573725161655,382.9451102963641,388.01353835630266,151770800,395.1640655517578,411.0143627929688,398.15886306282994,405.13730824139793,37.10407126458884,-6.978445178567995,-5.473469814357118,-1.5049753642108765,-0.005968867127912225,0.023715695379404253,-0.12235245542826512,-0.05541001382209387,0,SPY
2022-05-09,375.8096923828125,383.5869435337957,374.23346310540126,382.3505124543199,155586100,392.3004516601562,410.29281005859383,394.720529112058,402.9648922518731,28.568826518467915,-8.244363139815107,-6.027648479448716,-2.2167146603663905,-0.032017198756470355,0.025087806304591544,0.025138564203391,-0.08404514246997608,1,SPY
2022-05-10,376.6779479980469,383.2753951958503,372.6477525173204,381.7746896823651,132497200,390.69496765136716,409.6096997070313,391.9447474022101,401.0177111960341,29.252251269266168,-9.072963793823988,-6.636711542323772,-2.436252251500216,0.0023103598252860458,0.023974966167018556,-0.1483995035546235,-0.08039788054955366,1,SPY
2022-05-11,370.6940002441406,381.3499860628742,369.9483568889677,375.71524733858433,142361000,388.38067016601565,408.93205261230474,388.675401685584,398.77151038478274,29.33496254061957,-10.096108699198737,-7.328590973698765,-2.767517725499972,-0.015886111161297123,0.024121632065258466,0.07444534676959202,-0.09350710496742687,0,SPY
2022-05-12,370.3070373535156,373.5727232304534,363.5208097766853,367.5038249274551,125090800,385.03285827636716,408.0978118896485,385.84949948065037,396.6630309009852,32.80956110008992,-10.813531420334812,-8.025579063025974,-2.7879523573088374,-0.0010438876549664355,0.021671165697271563,-0.12131271907334173,-0.09260224739051448,0,SPY
2022-05-13,379.1602478027344,380.5382491972758,373.39335762056186,374.4315896864937,104174400,384.0625823974609,407.48166076660164,384.82038383789404,395.3665284492629,37.234272677185444,-10.546144611368845,-8.52969217269455,-2.016452438674296,0.023907756418809267,0.021305364230483147,-0.16720973884570245,-0.06950352786573444,0,SPY
2022-05-16,377.6217956542969,381.28390774009296,375.271637959596,377.5179868454466,78622400,382.7043914794922,406.90135742187505,383.7129087327253,394.0521037977839,41.49753266230357,-10.339195065058618,-8.891592751167364,-1.4476023138912542,-0.004057524904978682,0.021104550195719718,-0.2452809903392772,-0.07195739516106148,0,SPY
2022-05-17,385.3896484375,385.625608984084,379.9719747013643,383.70016285890136,83029700,381.94366149902345,406.71615661621104,383.970868687306,393.4104404377629,45.578522508799765,-9.439571750456878,-9.001188551025267,-0.43838319943161075,0.020570456664833037,0.022339649633417457,0.05605654368220758,-0.052435851961581514,0,SPY
2022-05-18,369.85394287109375,381.123419587076,368.61751205317614,380.8402784851767,117674500,378.432568359375,406.2800842285157,381.7990339463503,391.66551469208366,33.221239311982956,-9.866480745733384,-9.17424698996689,-0.6922337557664928,-0.0403116835893057,0.022220949641650053,0.4172579209608127,-0.08965770849090837,1,SPY
2022-05-19,367.5887756347656,372.005979027499,365.3707407010665,366.79595164216687,98510700,376.1343139648437,405.58869445800786,379.61284035995266,389.8820525396897,37.974763898865156,-10.269212179737053,-9.393240027920923,-0.8759721518161303,-0.006124491248475361,0.020137331867536596,-0.16285431423120555,-0.09369077428063399,1,SPY
2022-05-20,367.7492065429688,374.7336324078952,359.1696852051724,371.1659103782792,131432200,374.0852294921875,404.9368353271485,377.7876659265705,388.2425824658585,36.40733995188718,-10.454916539287979,-9.605575330194334,-0.8493412090936445,0.00043644125946484813,0.020235191796255082,0.3341921232921905,-0.09183562852249738,1,SPY
2022-05-23,374.62982177734375,375.394331579698,368.457086332618,370.7694822124612,76414900,373.9672424316406,404.5243939208985,377.30184374976636,387.2342298222648,39.94834668645864,-9.932386072498446,-9.670937478655157,-0.2614485938432889,0.018710074996643122,0.019097879530170427,-0.4185983343503342,-0.07390054244639788,1,SPY
2022-05-24,371.77001953125,372.9592411216309,365.22917116715337,370.5146932699092,91448800,373.47644958496096,404.1125292968751,376.45079386999464,386.0887327636711,29.822127062486487,-9.637938893676449,-9.664337761659416,0.026398867982967644,-0.007633674843412375,0.0192141363260351,0.19674042627812116,-0.08003342490246113,1,SPY
2022-05-25,375.0545043945313,377.0177119551158,369.88226848328026,370.2786660073973,91472900,373.9125,403.5937890625001,376.2359801045387,385.2713825141052,39.09516846399634,-9.035402409566473,-9.538550691240827,0.5031482816743544,0.008834722249584814,0.018689700192614792,0.00026353544278334695,-0.0707128936108311,1,SPY
2022-05-26,382.5487060546875,384.1815635422074,376.07396194375553,376.2816083941698,82168300,375.1366668701172,403.04710021972664,377.2071687122539,385.06970277637055,46.27087775763961,-7.86253406411663,-9.203347365815988,1.3408133016993578,0.019981633528850518,0.019555716814673663,-0.10171974431771591,-0.050858557607446286,1,SPY
2022-05-27,391.9399108886719,392.0531673410909,384.80446634850006,385.0026651402334,84768700,376.414633178711,402.58567443847664,379.4737444317028,385.5786070809855,61.007338433875994,-6.104862649282666,-8.583650422509324,2.4787877732266583,0.024549043521380653,0.019631231209305846,0.03164724108932515,-0.02644347334180086,0,SPY
2022-05-31,389.74072265625,393.07248421298215,387.0035862482344,390.3259001664865,95937000,377.6265258789063,401.9893554687501,381.05327954317164,385.8869119384125,58.755066918712075,-4.833632395240841,-7.833646817055628,3.0000144218147877,-0.005611034169588636,0.019703656143149367,0.1317502804690882,-0.03047004266622244,1,SPY
2022-06-01,386.5882568359375,392.8648006270381,384.0776335587426,391.8549115373816,86585800,377.74638671875005,401.3324395751954,381.9048145112895,385.9388634123032,61.07308979564588,-4.034048901013705,-7.073727233847244,3.039678332833539,-0.008088623120589222,0.018990364878213137,-0.09747229952989978,-0.036738078673292374,1,SPY
2022-06-02,393.9503479003906,393.99752849345634,384.1815744219799,386.4279236844996,79609600,380.1560272216797,400.7246075439454,383.7579734942281,386.53230670771705,65.0126031270637,-2.7743332134889442,-6.2138484297755845,3.4395152162866403,0.01904375245308465,0.013227639299316583,-0.08056979319934676,-0.01690502533666316,0,SPY
2022-06-03,387.4849548339844,390.7884022780611,386.51279859545,389.240487364167,71874300,382.1456451416016,400.0967639160157,384.33135523880594,386.6028732355887,55.45117079152126,-2.271517996782734,-5.425382343177015,3.153864346394281,-0.016411695283084282,0.014635812950103733,-0.09716541723611227,-0.031521897249533026,0,SPY
2022-06-06,388.6648254394531,393.21412339545446,387.4944414109476,391.4869046749727,57508900,384.23720703125,399.3662304687501,384.9980429619824,386.7556104358749,57.26529704238575,-1.75756747389255,-4.691819369320123,2.9342518954275727,0.0030449455927243907,0.014560948197779365,-0.19986838132684426,-0.026795968744619092,0,SPY
2022-06-07,392.3929443359375,392.8459989582093,384.7195026936411,385.18200495505744,59272400,386.0135192871094,398.66873107910163,386.135720096437,387.17319072476846,54.86618850999006,-1.037470628331448,-3.9609496211223876,2.9234789927909395,0.009592118073121547,0.013923219963177417,0.030664818836736663,-0.01574185847527365,0,SPY
2022-06-08,388.1267395019531,392.4684188107093,387.333915614858,390.6845434619145,64350000,387.64919128417966,397.8251251220704,386.4420307742087,387.24382396752287,65.05439578812923,-0.801793193314154,-3.3291183355607408,2.5273251422465868,-0.010872277128234908,0.01427595880515029,0.08566550367456016,-0.02437851459769258,0,SPY
2022-06-09,378.8959655761719,388.6175274447086,378.8959655761719,386.352312221375,86289800,388.03333740234376,396.69043762207036,385.2810976668184,386.62546408668203,58.35652623421567,-1.3443664198636043,-2.932167952421314,1.5878015325577097,-0.023782885811027166,0.016676173066128022,0.340944832944833,-0.04485732540609255,0,SPY
2022-06-10,367.9096374511719,373.55382355387263,367.862456867888,372.70437142833873,132893900,386.5694305419922,395.3898217773438,382.6085653259497,385.23910655812574,50.102210364757,-2.6305412321760286,-2.871842608372257,0.24130137619622838,-0.02899563237178715,0.01769044072252536,0.5400881680105876,-0.06950149652978888,0,SPY
2022-06-13,353.9407958984375,360.3683584476511,352.3362527688543,358.5184359528124,170004900,382.76951904296874,393.943099975586,378.19813926017855,382.9207131759266,37.910906287046295,-4.7225739157480575,-3.2419888698474173,-1.4805850459006402,-0.03796813165729662,0.017623741793741775,0.2792528475723868,-0.10154335506733736,1,SPY
2022-06-14,352.874267578125,356.7157121238985,349.7784664118968,355.6869276147928,104011800,379.08287353515624,392.4508856201173,374.3021590014011,380.69505053905243,38.722414196320656,-6.392891537651337,-3.8721694034082015,-2.520722134243136,-0.0030132958185994374,0.0177146153146748,-0.38818351706333165,-0.1008447668030018,1,SPY
2022-06-15,357.9049987792969,362.3410401471121,351.2225794060758,356.1683036625761,125666800,376.2145477294922,390.9860430908204,371.7795189672312,379.0068985568483,39.97362244917982,-7.227379589617101,-4.543211440649982,-2.684168148967119,0.014256441070920722,0.019286355196331838,0.2081975314339335,-0.08460927159959841,1,SPY
2022-06-16,346.05975341796875,350.1088447146559,343.63407193506487,349.70299946215493,134473300,371.42548828125,389.39321655273443,367.8226319596523,376.56636928730165,29.699710488231077,-8.743737327649342,-5.383316618049854,-3.360420709599488,-0.0330960601325172,0.018334214250174674,0.07007817498336877,-0.11128458661502427,1,SPY
2022-06-17,346.80572509765625,350.142419392661,343.3079296571313,346.47397650063243,111113900,367.35756530761716,387.900443725586,364.58926167319134,374.3618771251057,22.217509226346905,-9.772615451914362,-6.261176384822756,-3.5114390670916062,0.0021556152436672527,0.01885218554907464,-0.1737103201899559,-0.10594140659710505,1,SPY
2022-06-21,355.5360717773437,356.9200257502837,352.44584583713896,352.52169557516805,76811900,364.04468994140626,386.5398040771485,363.1964632276763,372.96737302527146,30.512149457311665,-9.770909797595152,-6.963123067377236,-2.8077867302179165,0.025173594459056536,0.021743707036507083,-0.3087102513726906,-0.08020838209359904,1,SPY
2022-06-22,354.8914794921875,358.99595685720385,350.9007188732816,351.3178056312109,90059400,360.29454345703124,385.18892639160157,361.9187734222165,371.6284179487467,31.409741020781752,-9.709644526530212,-7.512427359207831,-2.197217167322381,-0.0018130151518349624,0.02096543642625932,0.17246676621721369,-0.07865606933002078,1,SPY
2022-06-23,358.3703308105469,359.1002181811548,353.4696047412398,357.02430174493765,79292100,357.31890258789065,384.0520330810547,361.37285917426726,370.64633741999114,28.13630328625112,-9.27347824572388,-7.864637536511041,-1.4088407092128383,0.009802577743870389,0.021848286577419225,-0.11955775854602624,-0.0668703718724688,0,SPY
2022-06-24,369.7643432617188,369.7738317116263,361.5079743602973,361.53641078181903,98050300,356.40574035644534,383.17378784179687,362.66385672618287,370.5810045193784,39.73270725496252,-7.917147793195511,-7.875139587847935,-0.04200820534757632,0.03179396136226309,0.024247531197965553,0.2365708563652622,-0.034995725191970806,0,SPY
2022-06-27,368.35198974609375,370.97771602411575,367.2618882407592,370.6838633295004,66009600,356.4499755859375,382.1725341796875,363.53895411386145,370.4158923139499,38.26239807799946,-6.876938200088432,-7.6754993102960345,0.7985611102076025,-0.0038196044084904957,0.022388559062561923,-0.3267781944573347,-0.03616310225761976,0,SPY
2022-06-28,360.8255004882813,372.6839810010183,360.711754792998,369.9065842044397,86548900,357.13844604492186,381.124951171875,363.12149970992607,369.70549291945593,32.526072320027694,-6.583993209529865,-7.457198090142801,0.8732048806129358,-0.02043287254400461,0.01956250990973676,0.31115625605972475,-0.05326193055893447,1,SPY
2022-06-29,360.5315551757813,362.3610321373868,358.7115666624128,361.37521707939374,65676000,357.9041748046875,380.0680914306641,362.72304670467304,369.02594197548007,34.02224491029203,-6.302895270807028,-7.226337526275647,0.9234422554686192,-0.0008146467256394674,0.019510933922977754,-0.2411688652311006,-0.05140272676230917,1,SPY
2022-06-30,357.6025085449219,360.8349164010324,353.1567653026987,356.64510092174794,112508300,357.87392578125,378.81919372558593,361.93527160317285,368.1797617213646,36.700447471128626,-6.244490118191777,-7.029968044658874,0.785477926467097,-0.008124244851276163,0.019271826915439532,0.71308088190511,-0.056007418663250985,1,SPY
2022-07-01,361.3847351074219,361.8207988021821,354.3322133878792,356.9484798436387,74839700,359.4064239501953,377.65216796875,361.8505736807496,367.6764264166281,45.521636514597915,-5.82585273587847,-6.789144982902793,0.9632922470243228,0.01057662200941989,0.015496259683734574,-0.3348072986615209,-0.04307517403865202,1,SPY
2022-07-05,362.0672912597656,362.0862681620961,353.47914368346136,356.3039539512432,81438000,360.9325805664063,376.62432373046875,361.8839148467521,367.26093492352715,56.821776481395986,-5.377020076775068,-6.506720001677249,1.129699924902181,0.0018887243594858383,0.015500879110019232,0.08816577297877992,-0.0386513338451312,0,SPY
2022-07-06,363.2900085449219,365.7735520504945,359.83010948727616,362.2093668453206,70426200,361.7079742431641,375.84783325195315,362.1002369541628,366.9667922288157,58.720613222612585,-4.866555274652853,-6.178687056272371,1.3121317816195175,0.0033770443082610235,0.01368493880396401,-0.13521697487659323,-0.03341199175841203,0,SPY
2022-07-07,368.7310791015625,369.5273277554807,363.3089801388069,365.06263643850446,64525900,363.09193420410156,375.1335382080078,363.12036651530127,367.09748014531544,59.00231485123491,-3.9771136300141734,-5.738372371020732,1.761258741006559,0.014977209470840247,0.01415391721297819,-0.08377990009399916,-0.017067146640712183,0,SPY
2022-07-08,368.4278259277344,370.2952282014979,365.5745794315864,367.10071569720793,72397800,364.0976837158203,374.64743896484373,363.93689873259865,367.1960242773465,73.01837243964468,-3.25912554474786,-5.242523005766158,1.9833974610182974,-0.0008224236876560598,0.014061965193869095,0.12199597370978155,-0.01660124263572771,0,SPY
2022-07-11,364.2190246582031,366.7215164411496,363.5270331899998,365.7546492181339,58366900,363.54315185546875,374.05507995605467,363.9803027211532,366.9755057870396,66.72738881660993,-2.9952030658864146,-4.793059017790209,1.7978559519037942,-0.011423679139688003,0.010326453174566487,-0.19380285036285638,-0.02629574045353722,0,SPY
2022-07-12,360.9961242675781,366.0485507559225,359.25195608212715,363.66926385832295,62219200,362.8075653076172,373.19929931640627,363.5211983436801,366.53258863744986,55.86562324808298,-3.0113902937697503,-4.436725272986117,1.425334979216367,-0.008848797488405502,0.010573552215070229,0.06600144945165831,-0.032698815542207216,1,SPY
2022-07-13,359.10028076171875,362.02937706003513,355.14747320454023,355.5645600399159,84224600,362.6350433349609,372.6040447998047,362.8410571772245,365.98204731332163,54.40305826643746,-3.140990136097116,-4.177578245608317,1.036588109511201,-0.005251700443338114,0.008517201088015122,0.3536753928047933,-0.03624159272168215,1,SPY
2022-07-14,358.2281494140625,359.3087622626292,351.71594911911046,354.1520794849609,89704800,362.4047027587891,371.94453369140626,362.131379059815,365.40768450596914,49.842675655214194,-3.27630544615414,-3.997323685717482,0.721018239563342,-0.0024286568247908757,0.00854021241063929,0.06506650076106024,-0.036877499290590254,1,SPY
2022-07-15,365.0721435546875,365.1858892356065,360.7211976903377,362.6264957021304,79060400,363.15166625976565,371.38603759765624,362.5838043667185,365.382829620689,44.22673707799009,-2.7990252539705125,-3.7576639993680883,0.9586387453975758,0.019105126584327392,0.010079605791592802,-0.11866031695070944,-0.017000892343209006,1,SPY
2022-07-18,362.0578002929688,368.8259292782466,360.83497625525047,368.1529146526756,63203600,363.21897277832034,370.52789611816405,362.5028806630647,365.13653115196894,42.549371504040955,-2.633650488904266,-3.532861297275324,0.8992108083710582,-0.008256842695167577,0.010082384039367011,-0.20056564348270434,-0.022859536121118573,1,SPY
2022-07-19,371.8402404785156,372.4089977632134,365.3185809223327,365.9726185323084,78506000,364.19626770019534,370.1532745361328,363.93939755774943,365.6331022131946,62.37742803430124,-1.693704655445174,-3.1650299689092942,1.4713253134641202,0.027019001324183778,0.01319324707504333,0.2421127910435481,0.0045574794509029015,0,SPY
2022-07-20,374.2100524902344,375.62247177061846,370.66484393622255,372.0298498996471,71843800,365.28827209472655,369.8726745605469,365.5194983165933,366.2684318633457,64.68559536002584,-0.7489335467524256,-2.6818106844779206,1.932877137725495,0.006373199438202581,0.013243131554562812,-0.08486230351820245,0.01172667847074882,1,SPY
2022-07-21,378.0207824707031,378.0681668690259,371.233676151968,373.6319110568227,64903900,366.2172424316406,369.91689636230467,367.44277280184093,367.1389763527796,71.51428935247418,0.3037964490613376,-2.084689257770069,2.3884857068314065,0.010183398214745232,0.01284392892624592,-0.09659706195941753,0.021907315367561075,1,SPY
2022-07-22,374.5133972167969,379.3383025244326,372.29526973672574,378.143943990978,72197300,366.8257995605469,369.8736053466797,368.53056117337263,367.6852297501142,63.91397270765525,0.8453314232584148,-1.4986851215643722,2.3440165448227868,-0.009278286847041461,0.01335970271376632,0.1123722919578023,0.012544263237622255,1,SPY
2022-07-25,374.9684753417969,375.8215969964553,372.73137056679104,375.1390938870878,53631500,367.90074462890624,369.9590948486328,369.5210095069764,368.22472942357217,63.739133713016955,1.2962800834042127,-0.9396920805706552,2.2359721639748678,0.001215118413338212,0.012551573114090046,-0.25715366087097435,0.013540363145319256,1,SPY
2022-07-26,370.5321044921875,373.53699178755846,369.641058239304,373.3284484320284,52946400,368.8543426513672,369.9635961914062,369.67656258162424,368.39564609532147,57.21839736363588,1.2809164863027718,-0.49557036719596986,1.7764868534987417,-0.011831316874213127,0.012894709636781845,-0.012774209186765195,0.001536660110977861,1,SPY
2022-07-27,380.1535339355469,381.8977018374365,373.5275588843816,373.8214115297532,82342100,370.95966796875,369.9834619140625,371.28840432838155,369.266600750153,60.50929911425511,2.021803578228571,0.007904421888938307,2.0138991563396327,0.02596652038166969,0.01444548398422058,0.5551973316410559,0.02748790978080695,1,SPY
2022-07-28,384.9216003417969,385.6135629225869,377.4140666940386,380.9593045771308,73966600,373.62901306152344,370.1294580078125,373.3858190996762,370.426230349534,64.0230941992586,2.9595887501421885,0.5982412875395884,2.3613474626026,0.012542475554254251,0.014271896922202364,-0.10171589017039884,0.039964779927546656,1,SPY
2022-07-29,390.5332946777344,391.519138929218,385.5851543751429,386.3529667558723,87003700,376.1751281738281,370.2323309326172,376.02389226553134,371.91564252199333,71.85127068261372,4.1082497435380105,1.3002429787392729,2.808006764798738,0.01457879820450314,0.013923558201455936,0.1762565806728984,0.05483303874077916,1,SPY
2022-08-01,389.3768005371094,391.8793213752261,387.1302364241008,387.8411758992656,69997500,378.9070281982422,370.6227880859375,378.0781858457741,373.20906163422416,74.40474628435513,4.869124211549945,2.0140192253014075,2.8551049862485374,-0.002961320216191332,0.013375007917017666,-0.19546525032843431,0.05060134739157851,1,SPY
2022-08-02,386.8079223632813,391.4906457183328,385.6325117639111,387.8127144423944,63435400,380.40379638671874,371.0071710205078,379.4212222330829,374.2163846511914,73.55336997036397,5.204837581891525,2.652182896619431,2.5526546852720937,-0.006597409425226464,0.012049618890312523,-0.09374763384406581,0.042588803066289094,1,SPY
2022-08-03,392.8650817871094,394.0310037637521,388.64683022919735,388.9311943873553,67820600,382.26929931640626,371.5094885253906,381.48950831831775,375.59776962422234,77.05846480129739,5.891738694095409,3.3000940561146264,2.5916446379807825,0.015659346858307943,0.012596603684867822,0.06912859381354886,0.0574833050603476,1,SPY
2022-08-04,392.5997924804688,393.4718621327927,390.9598814965707,392.7893590044414,45656600,383.7272003173828,371.86888793945315,383.19878280480253,376.857178724685,73.96827775616637,6.34160408011752,3.908396060915205,2.433208019202315,-0.0006752682255032338,0.012563106020500156,-0.3268033606308408,0.055747886455053575,1,SPY
2022-08-05,391.9362487792969,392.58082705040783,388.2678052052853,388.3246780569594,56814900,385.4694854736328,372.27221252441404,384.5430083393401,377.9741468768785,77.12554656595061,6.568861462461598,4.440489141224484,2.128372321237114,-0.0016901274882995532,0.011892517245210258,0.2443962099674526,0.05282166004692934,1,SPY
2022-08-08,391.4812316894531,395.870103228986,390.3816416917654,393.62353883393126,53886100,387.1207611083984,372.6007470703125,385.6104273162805,378.9746716778099,71.46699612284166,6.6357556384705845,4.8795424406737045,1.75621319779688,-0.001160946687786435,0.011991443685274208,-0.05154985751977037,0.0506721598590294,1,SPY
2022-08-09,389.9265747070313,391.2536558218168,388.8554213660333,390.7512597952123,44931800,389.0602081298828,372.74830444335936,386.2744499917806,379.78592375404855,67.4893111235632,6.48852623773206,5.201339200085376,1.2871870376466843,-0.003971217153150963,0.011029566670287682,-0.1661708678119218,0.046085441728098475,1,SPY
2022-08-10,398.1166687011719,398.2588797570047,395.0169826060676,396.9696943007016,68665700,390.8565216064453,372.87183959960936,388.09632979322544,381.1437567130947,70.37661186710476,6.952573080130719,5.5515859760944455,1.4009871040362736,0.021004195470119225,0.010058810447072736,0.5282205475854518,0.06770376955436075,1,SPY
2022-08-11,398.1166687011719,402.8183698615652,397.3772927093028,400.9604269665463,59489700,392.1760284423828,373.0393585205078,389.637920394448,382.4010094529523,75.76564163587412,7.236910941495694,5.888650969174695,1.3482599723209985,0.0,0.009745598592884477,-0.1336329492017121,0.0672243011571807,1,SPY
2022-08-12,404.8563232421875,404.9605804756404,399.10244636975136,400.0503656332881,61694500,393.60833129882815,373.4047198486328,391.97921314025405,384.06436602993267,78.68957149243259,7.914847110321375,6.293890197404032,1.6209569129173431,0.016928842901763552,0.010067630039812913,0.03706187793853388,0.08422926042901713,0,SPY
2022-08-15,406.5246887207031,407.0460617331619,402.5908291054767,402.6477019536426,54048300,395.3231201171875,373.65620666503906,394.2169786141693,385.7280936366564,86.4885785726265,8.488884977512896,6.7328891534258055,1.7559958240870905,0.004120882848401397,0.009796030144396969,-0.12393649352859659,0.08796450177831172,0,SPY
2022-08-16,407.3209228515625,409.2451978170758,404.64778356108576,405.4535207281274,59289000,397.3744201660156,374.0529260253906,396.2329700353067,387.3275624673902,83.5440052149865,8.90540756791654,7.167392836323954,1.7380147315925871,0.001958636591949725,0.009079951531222215,0.09696327174027686,0.08893927706881155,0,SPY
2022-08-17,404.4296875,407.1312627825666,402.429592038686,403.7282366069433,63563400,398.5308807373047,374.36822326660155,397.49400349141337,388.5943865438798,75.25755761807126,8.89961694753356,7.513837658565874,1.3857792889676848,-0.0070981753928122115,0.009023795150375727,0.07209431766432228,0.08029918771174804,0,SPY
2022-08-18,405.6051330566406,406.2876070636067,403.3395924356862,404.6287485753284,49023200,399.8314147949219,374.6324670410156,398.7418695783714,389.85444184112134,72.04641105351607,8.88742773725005,7.78855567430271,1.0988720629473399,0.002906427477930018,0.008934925030636028,-0.22875113666040525,0.0826748046165311,0,SPY
2022-08-19,400.1546936035156,403.1121973862413,399.282595061536,402.8467811218481,68016900,400.65325927734375,374.8730261230469,398.95922712070126,390.61742345315054,64.005989933232,8.341803667550721,7.899205272952313,0.44259839459840844,-0.013437797031932264,0.010327655376680863,0.3874430881704989,0.06744061513823185,0,SPY
2022-08-22,391.8224487304688,395.5003802457015,390.9219138235221,395.3297327861423,77695600,400.6873809814453,375.1315557861328,397.8612612145116,390.7066845848037,55.66749170136506,7.15457662970789,7.750279544303429,-0.595702914595539,-0.020822559390750617,0.012636291051317191,0.1422984581773059,0.04449343886668844,0,SPY
2022-08-23,390.8744812011719,393.7846000380237,390.3246718748115,391.3958251809502,49105200,400.78217163085935,375.5908526611328,396.78637198169014,390.719113963794,47.45643876470303,6.067258017896165,7.413675239021976,-1.3464172211258107,-0.002419380340172972,0.01258937573476701,-0.3679796539314968,0.04069222781053261,0,SPY
2022-08-24,392.125732421875,393.4907094010359,389.9644778899244,390.6469519154063,49177800,400.1830780029297,376.35455139160155,396.06935051094933,390.82330792365184,49.40914063320155,5.246042587297495,6.98014870867708,-1.7341061213795852,0.0032011586350124688,0.010408286964762599,0.001478458493194168,0.04190511572653555,0,SPY
2022-08-25,397.6615905761719,397.70897496462175,392.5238558131296,393.6139571012594,50942300,400.1375701904297,377.2502978515625,396.31431052098355,391.3298473793941,56.363122056842386,4.984463141589458,6.5810115952595565,-1.5965484536700982,0.014117558978101075,0.011526612153685438,0.03588001089922699,0.05410543832795245,0,SPY
2022-08-26,384.201171875,398.0881839321778,384.1442990308555,397.547891912805,103087000,398.0720550537109,377.7762213134766,394.4507507292938,390.8017973420316,43.723422561085016,3.6489533872622246,5.9945999536600905,-2.345646566397866,-0.03384892838573894,0.01410895059942688,1.023603174572016,0.017007292145558406,0,SPY
2022-08-29,381.6607666015625,384.70357956798847,380.30524889484775,381.2531682301508,65370800,395.5856628417969,378.4882415771484,392.483060863489,390.12468395384866,42.99265669207567,2.3583769096403557,5.267355344856143,-2.9089784352157873,-0.006612174713157892,0.0137299871968004,-0.3658676651760163,0.008382096656937899,0,SPY
2022-08-30,377.4709167480469,383.0541750206006,375.3760233037477,382.81719520790887,85652400,392.6006622314453,379.10154541015623,390.1735002303441,389.18736786453,31.224091955656306,0.9861323658140577,4.411110749047726,-3.424978383233668,-0.010977942246522931,0.013482498544389968,0.3102547314703201,-0.004301297849749308,0,SPY
2022-08-31,374.59869384765625,380.3430817525157,374.4660002053889,379.1013099434974,76029700,389.61756286621096,379.4827978515625,387.77737617146903,388.10672534476157,29.673874454615515,-0.32934917329254176,3.463018764579673,-3.7923679378722146,-0.007609123704509835,0.013481778146127351,-0.11234594710714474,-0.012870422668847081,1,SPY
2022-09-01,375.774169921875,376.1154069737023,369.7264403478649,372.4280160542996,78740100,386.63446655273435,379.90045166015625,385.9307290561469,387.19320272084406,22.190101987096654,-1.2624736646971542,2.5179202787243073,-3.7803939434214615,0.003137960952679597,0.013501915414004017,0.03564922655225522,-0.010861481528251615,1,SPY
2022-09-02,371.8118591308594,380.6464740008536,370.0013297859772,379.4331384469464,99632100,383.80018310546876,380.1692822265625,383.75859522148727,386.05384393640077,18.200838457676227,-2.295248714913498,1.5552864799967465,-3.8505351949102447,-0.01054439370284388,0.013391731087707172,0.2653285936898735,-0.021983425506541754,1,SPY
2022-09-06,370.4089050292969,373.59389956272736,368.1907776374727,372.65546883916255,76637400,381.65882873535156,380.1821734619141,381.7047967303811,384.8949595729116,16.557979609633477,-3.190162842530526,0.6061966154912921,-3.7963594580218185,-0.0037732903540033114,0.012527458442374748,-0.2307960988476605,-0.02570680351375365,1,SPY
2022-09-07,377.0633544921875,377.8311668445208,369.8781386122658,370.0961415467539,70964200,380.2777160644531,380.3564007568359,380.9907286937359,384.31484067804314,26.789031099809705,-3.324111984307251,-0.17986510446841658,-3.1442468798388346,0.017965144391883126,0.014580597157551627,-0.07402651968882035,-0.008657791108801827,0,SPY
2022-09-08,379.5279235839844,379.98290632149366,373.59393967123,374.79781566335777,80821700,379.01793518066404,380.73044921875,380.7656817537741,383.9602542266314,28.355719827878815,-3.19457247285726,-0.7828065781461853,-2.411765894711075,0.006536220140289206,0.014787438035134685,0.13890806913908693,-0.0031584698235540554,0,SPY
2022-09-09,385.4239807128906,386.28659071940456,381.4995810521483,381.7649972904449,76706900,377.79417419433594,381.22829772949217,381.4823431320997,384.0686784107987,37.86317737458262,-2.586335278699039,-1.143512318256756,-1.442822960442283,0.015535239339514728,0.014977072862211163,-0.050912069407102245,0.011005696608533455,0,SPY
2022-09-12,389.56640625,390.2868341942052,387.1871194866291,387.49046061347366,69256300,378.33069763183596,381.86757568359377,382.7260451502382,384.4759175099988,48.00336850202126,-1.7498723597606158,-1.2647843265575278,-0.485088033203088,0.010747710947947242,0.010847312602983952,-0.09713076659335729,0.020160995739489707,0,SPY
2022-09-13,372.62701416015625,382.1062054187296,371.5084765344116,380.9023296148453,122947100,377.4273223876953,382.09242126464846,381.17234807484095,383.59822096556604,37.41339423856185,-2.4258728907250884,-1.49700203939104,-0.9288708513340485,-0.04348268181772608,0.01787699816408145,0.7752478835860419,-0.02477255914462695,0,SPY
2022-09-14,374.0489807128906,375.5656574561683,370.7502109658769,373.9257465690702,85023700,377.0851287841797,382.3320550537109,380.0764454037717,382.8908698357383,37.56044536679675,-2.814424431966586,-1.7604865179061493,-1.0539379140604366,0.00381605868253887,0.017685255376799713,-0.3084529850643082,-0.02166460863360431,0,SPY
2022-09-15,369.80224609375,375.3380909362644,368.5320377944792,372.4943332407687,87633800,376.60548400878906,382.4622998046875,378.4957993560761,381.9213421511465,30.482244496450264,-3.4255427950704416,-2.093497773339008,-1.3320450217314335,-0.011353418504300938,0.017884720605602283,0.030698499359590237,-0.033101442200715314,0,SPY
2022-09-16,366.9810791015625,367.63783250475103,363.6973120856197,365.6295206827052,103084800,375.72617492675784,382.4272998046875,376.72430393230474,380.81465599932545,35.8224120603015,-4.090352067020717,-2.49286863207535,-1.5974834349453673,-0.007628853047778161,0.017922511129127853,0.17631324899753298,-0.04038995309961835,0,SPY
2022-09-19,369.8269653320313,369.8269653320313,363.7639205826269,363.8400818963351,73278500,375.52768554687503,382.4552825927734,375.66317491687806,380.00075298693326,40.305798471007705,-4.337578070055201,-2.8618105196713204,-1.475767550383881,0.0077548581998725385,0.017912127297040257,-0.2891435012727386,-0.033019068726495626,0,SPY
2022-09-20,365.5819091796875,367.51408871168167,362.83118428153335,366.5051690967704,77274900,375.04498596191405,382.48254028320315,374.1122109573103,378.93269048269286,40.26937500343439,-4.820479525382552,-3.253544320813567,-1.5669352045689853,-0.01147849278251678,0.018236702680865566,0.05453714254522124,-0.04418667343874527,0,SPY
2022-09-21,359.20477294921875,370.5503692517333,359.1952455228189,367.504555601014,106746600,373.2591278076172,382.44671325683595,371.81875895606544,377.47136325799113,38.08438545865485,-5.652604301925692,-3.7333563170359922,-1.9192479848896995,-0.017443795960194297,0.017535015578281597,0.38138774686217647,-0.06077170884721095,0,SPY
2022-09-22,356.1875,360.0708846733697,355.44508694272207,358.4337649769324,89472600,370.9250854492187,382.3884576416016,369.4139498859015,375.8947807944362,35.25929940928428,-6.480830908534699,-4.282851235335734,-2.197979673198965,-0.008399868755767592,0.017102394737508325,-0.16182248427584578,-0.0685192168278227,0,SPY
2022-09-23,350.2196960449219,352.7610211494688,345.78424282582023,352.722940486398,122346900,367.4046569824219,382.22828857421877,366.46098775652,373.9929226648425,34.22614164128103,-7.531934908322512,-4.93266796993309,-2.5992669383894222,-0.01675466981597651,0.01551907380273298,0.3674230993622629,-0.0837420815939468,0,SPY
2022-09-26,346.7550048828125,352.37069598680137,345.53668535839785,348.7538180681722,92581200,363.12351684570314,381.86194580078126,363.4292980836419,371.9752991254329,33.22528075418943,-8.546001041790987,-5.655334584304669,-2.8906664574863177,-0.009892907798266681,0.013817713470956434,-0.2432893681817847,-0.09193621229878757,1,SPY
2022-09-27,345.8699035644531,352.5516221250691,343.4808430109905,350.28630194167937,108294100,360.4478057861328,381.53818786621093,360.7278527729975,370.0415661209159,25.906908442919175,-9.313713347918394,-6.387010337027415,-2.9267030108909795,-0.002552526440558478,0.008211680468815536,0.1697202023737001,-0.09348548962093706,1,SPY
2022-09-28,352.6753234863281,354.3600222961964,345.1274522170946,346.821678453464,110802200,358.31044006347656,381.1548895263672,359.4890021135099,368.7551777776131,30.56303418709021,-9.266175664103173,-6.962843402442568,-2.3033322616606053,0.01967624199660034,0.011493201179322685,0.02316007981967627,-0.07471914127988366,1,SPY
2022-09-29,345.3083801269531,349.42019180354833,342.367280303629,349.1346594117844,112952300,355.8610534667969,380.57685607910156,357.3073679617319,367.0183779516383,21.568172812547076,-9.711009989906358,-7.512476719935326,-2.1985332699710325,-0.020888740631326286,0.012366803318185605,0.019404849362196774,-0.09267110017015334,1,SPY
2022-09-30,339.9686584472656,348.27799879138144,339.83541969328155,344.3660311283521,153711200,353.15981140136716,379.8158135986328,354.6398741902756,365.0146950253885,15.434360294302238,-10.374820835112928,-8.084945542970846,-2.2898752921420815,-0.015463631892525531,0.012672308509280703,0.3608505537293176,-0.10491178546208546,1,SPY
2022-10-03,348.9442138671875,350.7907337489844,341.90080218718504,343.6806881754969,89756500,351.0715362548828,379.30442993164064,353.7636187559543,363.82428901366995,31.434124513507,-10.060670257715628,-8.480090485919803,-1.5805797717958256,0.026401126094728333,0.016085701027976903,-0.4160705270663426,-0.0800418177818929,0,SPY
2022-10-04,359.7568664550781,359.78541969158493,348.9062008769613,354.45525951637643,103602800,350.48903198242186,379.00019775390626,354.68565686351184,363.5229984537743,40.23377676346057,-8.83734159026244,-8.55154070678833,-0.2858008834741099,0.03098676567253822,0.019605056452920187,0.1542651507133188,-0.05077393471790026,0,SPY
2022-10-05,358.91925048828125,361.1750432151708,353.0751323104993,355.3975589353477,88065700,350.4604797363281,378.76794067382815,355.33697895963024,363.18198008596,42.19991408431112,-7.845001126329748,-8.410232790696615,0.5652316643668662,-0.002328283473920778,0.018799640330833572,-0.14996795453404732,-0.05240330042251218,0,SPY
2022-10-06,355.2167358398437,360.4707348086878,354.7217743328191,357.52010776378955,82333500,350.3634033203125,378.2692047119141,355.3184800181246,362.59196199365505,41.67342738726874,-7.273481975530444,-8.18288262766338,0.9094006521329359,-0.010315731584194965,0.018905108000771984,-0.06509004073095426,-0.060941965629020545,0,SPY
2022-10-07,345.3083801269531,355.3024204972354,343.5475195856385,351.19057977360137,107789500,349.8722717285156,377.4769403076172,353.77846465025203,361.31169667019566,34.22346063744345,-7.533232019943625,-8.052952506119428,0.5197204861758031,-0.02789383132375256,0.020273255635627273,0.3091815603612138,-0.08521993463878608,0,SPY
2022-10-10,342.6718139648437,346.6599140174196,340.4350759464563,346.4219606923115,76042800,349.4639526367187,376.5197106933594,352.0697491601892,359.9309646179474,34.946851045774736,-7.861215457758192,-8.01460509644718,0.15338963868898858,-0.00763539581964412,0.020178384131956828,-0.29452497692261304,-0.08989674582025187,1,SPY
2022-10-11,340.5016174316406,345.5367169870272,338.5694379532379,340.9775239932869,92482800,348.92712402343744,375.54220703125,350.2900365865663,358.49175371525797,36.99189839135206,-8.201717128691655,-8.052027502896076,-0.14968962579557932,-0.006333163233045225,0.020245979174139877,0.21619403809433635,-0.09330666152444889,1,SPY
2022-10-12,339.37847900390625,342.48139902682294,339.1309983011124,340.91091321016154,76991800,347.59743957519527,374.5936181640625,348.61133542000323,357.0759555884912,37.99291780132697,-8.464620168487954,-8.134546036014452,-0.33007413247350215,-0.0032984819167851676,0.01884631740055954,-0.16750141647960481,-0.09400891380037579,1,SPY
2022-10-13,348.3349914550781,349.8007915522085,331.3355968205085,332.38259688988734,147254500,347.90010070800776,373.70301635742186,348.56882096386096,356.4284767637939,48.708840879555375,-7.859655799932966,-8.079567988798155,0.21991218886518915,0.02639092637063989,0.01994700375835608,0.912599783353552,-0.06788284758740326,0,SPY
2022-10-14,340.3969116210937,352.41831529855494,339.7591840858435,350.79069404097305,123737000,347.9429260253906,372.65895874023437,347.31160414189674,355.2409534198902,45.895799942950674,-7.929349277993481,-8.04952424663722,0.12017496864373989,-0.022788637457365923,0.020739593763308202,-0.15970649453836727,-0.0865725789290075,1,SPY
2022-10-17,349.14410400390625,350.24821073516875,340.0637984886666,346.4695113964719,93168200,347.96291503906247,371.80311584472656,347.5935271975905,354.7893349446322,51.91876616945318,-7.19580774704167,-7.878780946718111,0.6829731996764412,0.025697038028797747,0.020642173714646165,-0.2470465584263397,-0.060943577057819054,1,SPY
2022-10-18,353.2464294433594,357.3582693441276,349.81036876588746,357.0536821558411,97162900,347.3118713378906,371.0384197998047,348.46320446617034,354.67504564824156,50.345633099217416,-6.211841182071225,-7.5453929937887345,1.3335518117175091,0.011749662653353088,0.01821265913103251,0.042876217421824236,-0.047951881549207376,1,SPY
2022-10-19,350.7431335449219,353.9317132956456,347.9352732315164,351.2095126771094,79746900,346.49425964355464,370.2547509765625,348.8139627859782,354.3837928998475,53.49485092042888,-5.569830113869273,-7.150280417804843,1.58045030393557,-0.0070865426789512576,0.018293583795664373,-0.179245370403724,-0.05269781786777317,1,SPY
2022-10-20,347.8020324707031,354.71220495349155,347.0405645534775,350.29577817467606,88283100,345.75278930664064,369.24845825195314,348.65828119901283,353.8962550902812,55.19764007976555,-5.237973891268382,-6.767819112497551,1.529845221229169,-0.008385341844025174,0.01820784328446037,0.10704115144287751,-0.05808128727951589,1,SPY
2022-10-21,356.25408935546875,356.7394942245686,346.0220997935255,347.52595152519365,131038400,346.8473602294922,368.41120666503906,349.82686706923687,354.07090948029514,54.884216759472146,-4.244042411058274,-6.263063772209696,2.019021361151422,0.024301344143173198,0.017410793312598666,0.48429767418679237,-0.03299877172472554,1,SPY
2022-10-24,360.6134643554688,361.74612439325887,355.13101099924324,357.77707959447656,85436900,348.6415252685547,367.5263494873047,351.486343574811,354.5555431747525,50.62636652963624,-3.0691995999414985,-5.624290937756056,2.5550913378145577,0.012236701641480163,0.017161188994528735,-0.34800104396879084,-0.018809223179451662,1,SPY
2022-10-25,366.37200927734375,366.68609490370255,360.4231758103791,360.53738876541865,78846300,351.228564453125,366.7232958984375,353.7764459905852,355.4308369601296,55.08378888116342,-1.6543909695444086,-4.8303109441137275,3.175919974569319,0.015968746292286395,0.016936533736097294,-0.07713997113659321,-0.0009579064788702851,0,SPY
2022-10-26,363.6116638183594,368.9037428227225,362.97396524839513,363.23094435236135,104087300,353.6518829345703,365.84911071777344,355.2895564256274,356.03682413481334,55.801040659267,-0.7472677091859623,-4.013702297128175,3.2664345879422125,-0.007534269510460323,0.01728538768311,0.32012916268740566,-0.0061157642149910485,0,SPY
2022-10-27,361.6700134277344,366.44810554176166,361.0513115703601,364.6111129190357,81971800,354.9853851318359,364.9939172363281,356.2711651951823,356.45409741577043,62.70502913821407,-0.18293222058815672,-3.2475482818201713,3.0646160612320146,-0.00533990128434092,0.01622114624667592,-0.21247068566482175,-0.009106737541715093,0,SPY
2022-10-28,370.27435302734375,370.75025961760167,361.3844214069697,361.5652682350303,100302000,357.97312927246094,364.2873016357422,358.42550178474556,357.4778200536648,69.6157356161104,0.9476817310807633,-2.408502279239985,3.356184010320748,0.023790580584941434,0.014283664999447169,0.22361592645275574,0.016434971421507516,0,SPY
2022-10-31,367.5997314453125,369.6842044707059,366.69552642305183,367.8186589165701,96631300,359.8186920166016,363.6362023925781,359.83692173252507,358.22759126786093,69.12018604450853,1.60933046466414,-1.6049357304591598,3.2142661951233,-0.007223350902280101,0.013670482393699517,-0.036596478634523755,0.010899709728173335,0,SPY
2022-11-01,365.9912109375,371.5783789695517,364.8204992604764,371.3404256632253,85407600,361.0931701660156,363.11957763671876,360.78373545636737,358.8026742063527,68.6499595796281,1.9810612500146476,-0.8877363343643985,2.8687975843790463,-0.004375739072191909,0.013769019298249465,-0.11614973616209245,0.007908230449789055,0,SPY
2022-11-02,356.8061828613281,369.9031408055681,356.70149735976,365.4010542504777,126990400,361.69947509765626,362.4382116699219,360.1718042878998,358.65478595857314,55.91758057625548,1.5170183293266746,-0.4067854016261838,1.9238037309528584,-0.025096307784670757,0.01627671295128056,0.4868747043588626,-0.015539279875166567,0,SPY
2022-11-03,353.1321716308594,356.1684576069525,351.0191454820897,353.56999750398336,87100100,362.23248901367185,361.65834045410156,359.0887838791244,358.24570341577953,59.459816030608096,0.8430804633448474,-0.15681222863197758,0.999892691976825,-0.010296938245312415,0.01642066007863544,-0.3141205949426098,-0.023575203084039598,1,SPY
2022-11-04,358.21490478515625,360.61346359996287,352.170885136249,358.8335775577456,103505200,362.42857055664064,360.86940673828127,358.95434094159083,358.2434220357334,57.125760446793656,0.7109189058574543,0.016733998265908795,0.6941849075915455,0.014393288300025064,0.015151445651341739,0.18834765976158474,-0.007355852016156628,1,SPY
2022-11-07,361.6413879394531,362.2315073959389,357.4343613850076,359.5093069084671,68286900,362.53136291503904,360.4182110595703,359.3677327874158,358.49512321378666,56.66561665543963,0.87260957362912,0.18790911333855104,0.6847004602905689,0.00956543993151815,0.014946678503444269,-0.3402563349474229,0.0033937710203013616,1,SPY
2022-11-08,363.5926208496094,366.5622732100706,359.5188617569453,362.745493209243,84641100,362.2534240722656,360.0568481445313,360.0177155662148,358.872715631255,60.292757336045135,1.1449999349597988,0.3793272776628006,0.7656726572969982,0.005395491155683052,0.014070080783952995,0.23949249416798835,0.00982004015004545,1,SPY
2022-11-09,356.1018981933594,362.77411841444257,355.6069367100275,361.622403460563,78495500,361.5024475097656,359.6294677734375,359.415282124237,358.66746989511455,56.1967352362447,0.7478122291224736,0.45302426795473527,0.2947879611677383,-0.020601965570000824,0.015328754444216984,-0.07260775202590708,-0.00980890026036596,1,SPY
2022-11-10,375.6711730957031,376.0043135418382,367.0572748219786,369.351119187772,141455800,362.9025634765625,359.65091735839843,361.9161884275395,359.9270034655285,62.432999537665054,1.9891849620109952,0.7602564067659873,1.228928555245008,0.05495414374825325,0.02352605937584193,0.8020880177844589,0.04454390344663084,0,SPY
2022-11-11,379.3070983886719,380.1066180137116,374.6431903387215,376.5277909851231,93839900,363.8058380126953,359.72157592773436,364.5917130369445,361.362566052428,62.081698746965024,3.2291469845164897,1.2540345223160878,1.975112462200402,0.00967847828995505,0.022616037654726386,-0.336613274252452,0.054446337866795425,0,SPY
2022-11-14,376.0804443359375,380.8966170269964,375.80441036199727,377.5462448649226,71903500,364.65390930175784,359.80694763183595,366.3592101598665,362.4527792586139,56.486860135068994,3.9064309012526337,1.7845137981033972,2.1219171031492365,-0.008506706218896154,0.022681767485551608,-0.23376410247666501,0.045228411544607106,0,SPY
2022-11-15,379.28802490234375,382.9239582221826,375.4807721813481,381.8198514474499,93194500,365.9835906982422,359.9845300292969,368.34825858178607,363.69983449148276,60.41220479702927,4.648424090303308,2.3572958565433795,2.291128233759929,0.008528974624218977,0.022613420231403412,0.2961051965481514,0.05362312339220776,1,SPY
2022-11-16,376.39447021484375,378.6121817697911,375.76627013627234,377.6603687502033,68508500,367.9424194335937,359.97115234375,369.58613729456414,364.6401778783984,59.65782827120248,4.945959416165749,2.8750285684678536,2.0709308476978956,-0.0076289112693315175,0.020729380204569204,-0.2648868763714597,0.045623983378008326,1,SPY
2022-11-17,375.2428283691406,375.9186366580597,371.3404174691277,371.6449756187588,74496300,370.1534851074219,359.8854504394531,370.4563974598836,365.4255593962311,53.61196636489852,5.030838063652482,3.3061904675047797,1.724647596147702,-0.003059667282162226,0.020235159219777775,0.08740229314610604,0.04267296138517063,1,SPY
2022-11-18,376.9465026855469,378.64072867021633,374.1005910995922,378.5740947886721,92922500,372.0266448974609,359.71590087890627,371.45487518690874,366.27896260284706,56.89218376516325,5.1759125840616775,3.6801348908161593,1.4957776932455182,0.004540191544261329,0.020034657961515188,0.24734382781426723,0.04790058422366239,0,SPY
2022-11-21,375.5759887695313,376.746729530004,373.7389961588423,375.623596860498,51243200,373.42010498046875,359.4360925292969,372.0888926611584,366.96763120778667,57.092582003900496,5.121261453371744,3.9683602033272765,1.1529012500444678,-0.0036358313613507054,0.020155948194240103,-0.448538298044069,0.044903382202550635,1,SPY
2022-11-22,380.6300659179688,380.79188693120494,376.1089535381112,377.5176474312929,60429000,375.1238494873047,359.5961535644531,373.4029193160523,367.97966340854094,68.7772731449211,5.423255907511361,4.259339344164093,1.163916563347268,0.01345686971362503,0.02037942328598771,0.17925890654760046,0.05849315167868063,1,SPY
2022-11-23,383.0286865234375,383.51409151080327,380.06853232216565,380.29695819857307,68261600,377.81652832031256,359.77574768066404,374.88380657872693,369.0944058614962,74.04699287708522,5.789400717230706,4.565351618777417,1.224049098453289,0.006301710821723816,0.018330239566781988,0.12961657482334643,0.06463175740075933,1,SPY
2022-11-25,382.9430236816406,383.4950916496888,382.19111210524926,382.4671170422372,30545400,378.5437133789063,360.0385632324219,376.12368613302135,370.1202294037291,71.62848874361192,6.003456729292225,4.852972640880378,1.1504840884118464,-0.00022364602133173594,0.007624433235566833,-0.5525244061082659,0.06361668662262931,1,SPY
2022-11-28,376.8323669433594,381.4962458070925,376.0708989562592,379.8591259436192,67881600,378.29624023437503,360.2355889892578,376.2327139499965,370.61742477703507,62.69092036439698,5.615289172961411,5.0054359472965855,0.6098532256648257,-0.01595709116080235,0.008932806445814644,1.2223182541397395,0.04607201082121981,1,SPY
2022-11-29,376.1851501464844,378.15538144006086,374.34812855248094,376.96561491269216,52310000,378.3067108154297,360.36275268554687,376.22539644176385,371.0298488784757,60.75443018971785,5.19554756328813,5.043458270494895,0.15208929279323513,-0.001717519124285527,0.008514881126920809,-0.2293935322679489,0.04390686146951528,0,SPY
2022-11-30,388.0351867675781,388.0351867675781,374.5194571611336,376.4325818837763,144566700,379.1814270019532,360.8118182373047,378.0422872611199,372.2895035369277,75.38211804932294,5.75278372419217,5.18532336123435,0.5674603629578199,0.031500543326814956,0.012980842297376113,1.7636532211814187,0.07545032383714423,0,SPY
2022-12-01,387.7496337890625,390.2433795179694,385.2463606338978,389.07263892248426,76398200,380.31694335937505,361.3827154541016,379.53572518849563,373.43469837041914,63.84466046586473,6.101026818076491,5.3684640526027785,0.7325627654737126,-0.000735894548363869,0.012568069943795689,-0.47153666784951165,0.07296120485958801,0,SPY
2022-12-02,387.3022766113281,388.20648163886,382.7621385272809,382.8668240269508,85342700,381.5228881835938,362.0050109863281,380.7305792535468,374.46192638826426,59.88699541551001,6.268652865282547,5.548501815138732,0.7201510501438149,-0.0011537268865036143,0.012479311887020976,0.11707736569709759,0.06988098191258296,0,SPY
2022-12-05,380.33502197265625,385.4177008262784,378.9834635345457,384.4849425076752,77289800,381.86174011230474,362.6073175048828,380.669724287256,374.8969705056266,54.81576871156236,5.772753781629376,5.593352208436861,0.17940157319251515,-0.017989191025757245,0.014141035076199456,-0.09435956443843474,0.048889538660605636,0,SPY
2022-12-06,374.8525390625,380.7157112233438,372.76809510416285,380.17319983401165,77972200,381.7893951416016,363.16926818847656,379.77477271421657,374.89367928761726,45.225352131183726,4.881093426599307,5.450900452069351,-0.5698070254700438,-0.014414877919263547,0.01492163637628721,0.008829108109996486,0.03217031807867632,1,SPY
2022-12-07,374.21484375,376.5753507067164,373.0821838315825,374.0054437050733,65927900,381.1478729248047,363.7361669921875,378.919399027414,374.84339517371967,47.533937620243925,4.076003853694317,5.175921132394344,-1.099917278700027,-0.0017011897907771578,0.01414173948109723,-0.15446915695594066,0.028808454337831968,1,SPY
2022-12-08,377.1464538574219,378.2124799961138,374.3195674856605,376.0994825728711,60737900,380.5596496582031,364.22558959960935,378.64663823203057,375.01399211325315,52.070399834309605,3.6326461187774157,4.867266129670959,-1.2346200108935435,0.007834029452290725,0.014244905872533463,-0.07872236185287262,0.03547489420503469,0,SPY
2022-12-09,374.3291015625,378.459967446831,374.2053611965191,375.90911499149865,81447700,379.69825744628906,364.80600402832033,377.98240182133355,374.96325947986406,47.220621718472216,3.0191423414694896,4.497641372030666,-1.478499030561176,-0.007470181055943215,0.014359118751754033,0.34096997097364246,0.02610455263625644,0,SPY
2022-12-12,379.7258605957031,379.7258605957031,374.4528077117335,375.119059475854,75405800,379.98760681152345,365.60114807128906,378.2506262481596,375.31604474770404,54.059559996154825,2.934581500455579,4.185029397715648,-1.2504478972600692,0.014417150605379847,0.014333671728748072,-0.07418134582069225,0.03863421271767953,0,SPY
2022-12-13,382.600341796875,390.7097795629701,379.8400894083029,390.4528004635384,123782500,380.6291259765625,366.27427062988284,378.91981325565433,375.85562230690186,52.01324911377369,3.0641909487524686,3.960861707923012,-0.8966707591705436,0.007569885276347721,0.014448752313717183,0.6415514456447646,0.04457334974393956,0,SPY
2022-12-14,380.1542053222656,385.9602719426471,377.2131058725146,382.2577044665144,108111300,379.8410278320313,366.6822174072266,379.10971972744073,376.1740358635955,47.06567351096739,2.935683863845213,3.7558261391074526,-0.8201422752622394,-0.006393450834678127,0.010106244911997552,-0.12660271039928905,0.03674022702900115,0,SPY
2022-12-15,370.8550109863281,376.2041969443104,369.1988651828772,375.2999627142446,117705900,378.1515655517578,366.9209326171875,377.8397645365003,375.780034020835,39.614000568463695,2.059730515665308,3.4166070144190237,-1.3568764987537159,-0.024461637424356142,0.012318387752531914,0.08874742973213712,0.010721869534887185,0,SPY
2022-12-16,366.4765930175781,369.6415593936089,364.34432159505855,368.302907769073,119858000,376.0689971923828,367.1461297607422,376.0915843028199,375.09089024281593,40.829357040470626,1.0006940600039798,2.933424423536015,-1.9327303635320354,-0.011806279648494233,0.012468429552336999,0.01828370540474178,-0.0018236246793623678,0,SPY
2022-12-19,363.3690185546875,367.0025351167428,361.7052677993639,366.6678648941245,79878100,374.3723968505859,367.50734252929686,374.134266495415,374.2226034511027,39.12447630535859,-0.08833695568773692,2.3290721476912646,-2.4174091033790015,-0.008479598757734519,0.011746863841071048,-0.3335605466468654,-0.011260520527639484,1,SPY
2022-12-20,363.8662414550781,365.482194633709,361.2941043449694,362.61364283927566,74427200,373.2737670898438,367.93123107910156,372.55457033536317,373.45546552547125,24.59595674466108,-0.9008951901080877,1.6830786801313942,-2.5839738702394817,0.0013683689995596104,0.011317758424996684,-0.06824023105206556,-0.011048232062554897,0,SPY
2022-12-21,369.306884765625,370.4351746621718,365.9219858955704,366.4574464966575,78167400,372.78297119140626,368.50733642578126,372.0549264015573,373.14816324696415,32.51016110752889,-1.0932368454068637,1.1278155750237426,-2.221052420430606,0.014952316787592235,0.012661263743790866,0.05025313326310821,0.002169694496719332,0,SPY
2022-12-22,364.0383911132813,369.28783218740784,358.3490843681481,366.2662871007879,100120900,371.4721649169922,369.00053466796874,370.82161328028405,372.4733653111358,29.786465639078443,-1.6517520308517533,0.5719020538486435,-2.2236540847003967,-0.014265896114249998,0.012827734503553678,0.28085237579860656,-0.01344752402365057,1,SPY
2022-12-23,366.1323852539063,366.2758070046261,361.4662030943732,363.0152163629817,59857300,370.6524932861328,369.35648254394533,370.1001935839182,372.0036630846744,36.517864281749645,-1.9034695007561595,0.07682774292768285,-1.9802972436838424,0.005752124478468623,0.013047667203358801,-0.40214980089072316,-0.008728958181085766,0,SPY
2022-12-27,364.6885070800781,366.36182878328543,363.0151853768708,366.017616610939,51638200,369.1487579345703,369.842314453125,369.2676264294813,371.4617996769265,39.55036988091898,-2.1941732474451783,-0.3773724551468894,-1.816800792298289,-0.003943595901320984,0.011679855205824926,-0.13731157269038197,-0.013935147958036298,1,SPY
2022-12-28,360.1562194824219,366.5913474236552,359.92674469166934,364.6215818081712,70911500,366.904345703125,370.0625567626953,367.8658715145491,370.6243492921484,36.61798274382582,-2.758477777599296,-0.8535935196373707,-1.9048842579619254,-0.012427832272380979,0.011185880055231554,0.37323725459059376,-0.02676935858340812,1,SPY
2022-12-29,366.6391906738281,367.5093216045126,362.4702133125497,362.9961320141737,66970900,365.55284423828124,370.3304119873047,367.6771513852074,370.32915235745804,40.63179891271815,-2.652000972250619,-1.2132750101600203,-1.4387259620905986,0.018000442143475626,0.013503244618456747,-0.05557067612446498,-0.009967372902669136,1,SPY
2022-12-30,365.6734313964844,365.8168531569802,361.8486954876929,363.961883087202,84022200,365.03468627929686,370.62901794433594,367.3688867715577,369.98428413812667,42.019159936452446,-2.6153973665689705,-1.4936994814418103,-1.1216978851271602,-0.002634086322220064,0.011333892832457167,0.25460759822549783,-0.013370746239291575,1,SPY
2023-01-03,364.1339721679688,369.49815002254616,361.274962367188,367.5284134560836,74850700,364.80042419433596,370.9556567382813,366.8712076017748,369.55092769589277,34.5228019176743,-2.679720094117954,-1.7309036039770391,-0.9488164901409148,-0.004209929123470846,0.010796938065474236,-0.10915567552384964,-0.01838948792503614,1,SPY
2023-01-04,366.9451904296875,368.9722958919306,363.3499291613042,366.3905873546689,85934100,365.1580413818359,371.16947875976564,366.88258957529985,369.35791012061827,34.44046229590137,-2.475320545318425,-1.8797869922453163,-0.5955335530731087,0.007720285599778887,0.010696294271957193,0.1480734315109946,-0.011381022879880298,1,SPY
2023-01-05,362.7570495605469,365.1092537639918,362.16422021646383,364.9945163658359,76970500,365.0471221923828,371.2123504638672,366.2478911114917,368.8689574865389,33.28779572571894,-2.621066375047178,-2.028042868805689,-0.5930235062414893,-0.011413532533936177,0.011392575025785601,-0.10430783588819803,-0.022777531223717618,1,SPY
2023-01-06,371.0758056640625,372.1945535777828,362.785708249104,365.84547897836046,104189600,365.22401428222656,371.3064263916016,366.9906471965026,369.032427721911,50.21617367515565,-2.0417805254083987,-2.030790400126231,-0.010990125282167806,0.0229320315445094,0.012771483450128279,0.3536302869281087,-0.000621106210792699,1,SPY
2023-01-09,370.8655090332031,376.4496492237872,370.6838609207569,373.2655401902277,73978100,365.90672607421874,371.4515032958984,367.5867797867642,369.16821152274747,54.678945525955186,-1.5814317359832444,-1.9409186672976337,0.35948693131438936,-0.0005667214829138123,0.01169491449991357,-0.2899665609619386,-0.0015775794619102834,1,SPY
2023-01-10,373.46630859375,373.5332484725184,369.3451581672208,370.2822289287242,65358100,366.64011840820314,371.68742919921874,368.49132268014665,369.4865890835625,60.882126196195884,-0.9952664034158261,-1.7517882145212724,0.7565218111054464,0.0070127836026780965,0.011747478457521398,-0.11652097039529263,0.004785955226852101,1,SPY
2023-01-11,378.1898498535156,378.2663609074049,374.2312636370513,375.0440257972263,68881100,367.99025268554686,371.8457391357422,369.9834037837419,370.131275066522,64.1481042054013,-0.14787128278010186,-1.4310048281730385,1.2831335453929367,0.012647837706034615,0.011976795705689177,0.05390303573696298,0.01706113597675918,0,SPY
2023-01-12,379.5667724609375,381.02973273660194,375.22571833967487,379.289500125456,90157700,369.9313079833984,372.0850799560547,371.45776819561814,370.8302007994416,61.01874454300182,0.6275673961765165,-1.0192903833031277,1.6468577794796442,0.003640823803058746,0.01056657277456331,0.3088887953299235,0.020107477853630762,0,SPY
2023-01-13,381.0392456054688,381.6129617235171,376.1053336789152,376.3730639766159,63903900,371.3713134765625,372.38604064941404,372.9318416432875,371.5864263406288,69.87915864959149,1.3454153026586937,-0.5463492461107635,1.8917645487694572,0.0038793520702153916,0.009580162361219799,-0.29119864415352215,0.023237189398840563,1,SPY
2023-01-17,380.34124755859375,382.69348088927234,379.6623651812431,381.0201591163604,62677300,372.8380950927734,372.8567419433594,374.0717502456423,372.23493161603363,67.17518842701062,1.836818629608672,-0.06971567096687648,1.9065343005755484,-0.001831827180336587,0.009522542700918716,-0.019194446661314868,0.020073408291411132,1,SPY
2023-01-18,374.3363952636719,382.58826631918953,374.1356048315,381.5269162830095,99632300,373.85833740234375,373.2808264160156,374.1124648638007,372.3905955899328,60.503852119030945,1.7218692738679238,0.2886013180000836,1.4332679558678403,-0.015788064885065567,0.011187449394723959,0.5896074017227928,0.0028278142699991182,1,SPY
2023-01-19,371.61126708984375,373.9443285968984,370.29172884426185,372.2996913775432,86958900,374.3249450683594,373.5487536621094,373.72766520626885,372.3328675528891,62.98219025240218,1.394797653379726,0.5098405850760122,0.8849570683037138,-0.007279891050691489,0.011460194839599909,-0.12720172072711355,-0.0051867033506908244,1,SPY
2023-01-20,378.5340881347656,378.68708106087394,371.3627088632837,373.00734634342695,91806400,375.90264892578125,373.8866076660156,374.46711488757603,372.7922172256207,63.34760650429222,1.674897661955356,0.7428520004518809,0.932045661503475,0.018629201151880492,0.011685872624781905,0.055744725381760896,0.012430187049923713,1,SPY
2023-01-23,383.0759887695313,385.0074698849866,378.3811219727352,379.3373059432333,84178800,377.1026672363281,374.2762750244141,375.7915570232615,373.5539780807252,68.07708279838839,2.237578942536288,1.0417973888687624,1.1957815536675258,0.011998656863760893,0.010164217765637413,-0.08308353230275889,0.023511278518904888,0,SPY
2023-01-24,382.664794921875,383.5731520865072,380.21696655885887,381.4026252152029,59524900,378.2825958251953,374.8075329589844,376.8489782384328,374.2288534022918,69.71110710033267,2.620124836140974,1.3574628783232048,1.2626619578177691,-0.0010734002122584352,0.010186508852849399,-0.2928754033081964,0.020963457966973298,1,SPY
2023-01-25,382.8081970214844,383.1428671935605,376.31570073269967,378.6009940622238,84800300,379.21678466796874,374.9502734375,377.765781128133,374.86436033704683,67.88863460380271,2.9014207910861955,1.666254460875803,1.2351663302103926,0.00037474599574460754,0.01012535114211073,0.4246189409810013,0.02095724190822379,1,SPY
2023-01-26,387.0154418945313,387.17800600043023,382.5022526217131,385.4664286118992,72287400,380.09934387207034,375.1044403076172,379.18880586142507,375.76444045241607,77.34428803282546,3.424365409008999,2.0178766505024424,1.4064887585065566,0.010990477491815032,0.009953251726282364,-0.1475572610002559,0.031753827219816566,1,SPY
2023-01-27,387.9046936035156,390.2760402786123,385.7628509166012,385.97321255052447,68346200,380.9331359863281,375.34092529296873,380.52971166790053,376.66371846360863,72.7861883507388,3.8659932042918967,2.3874999612603336,1.4784932430315632,0.0022977163511388454,0.009943014621207266,-0.05452125819990761,0.03347295076000667,1,SPY
2023-01-30,383.0377807617188,387.3788646968735,382.7413660285232,385.150939428171,74202000,381.13298950195315,375.4159204101563,380.91556845156487,377.1358712264316,64.63560781689061,3.7796972251332477,2.6659394140349164,1.1137578110983313,-0.012546671700681689,0.01094471770406912,0.08567850151142276,0.0203024430696368,1,SPY
2023-01-31,388.6696166992188,388.7174142189188,383.20978597821664,383.554027333468,86811800,381.96582641601566,375.66142333984374,382.10849895120396,377.99022274293435,67.03815425866645,4.118276208269606,2.9564067728818544,1.1618694353877514,0.014703082098847853,0.011759071757022658,0.16993881566534585,0.034627439899803436,1,SPY
2023-02-01,392.8003234863281,395.5445957142965,384.7205872650518,387.4552591361378,101459200,383.8122192382813,376.0125732421875,383.75339503353075,379.087267242445,66.5942709149316,4.666127791085728,3.298350976522629,1.3677768145630989,0.010627809866357474,0.010113487716082649,0.16872591053289998,0.044646778961106026,0,SPY
2023-02-02,398.518310546875,399.9812706947948,394.78919930515946,396.6824246845757,101654500,386.5029235839844,376.4440093994141,386.0249204971222,380.5266037835139,69.59272631819388,5.49831671360829,3.7383441239397612,1.7599725896685285,0.01455698154674745,0.009539285281828338,0.0019249116886392859,0.05863900233843178,0,SPY
2023-02-03,394.2824401855469,398.7000051703591,393.0776391240828,393.5557310779441,94736800,388.07775878906256,376.81813842773437,387.29530814149524,381.54555462810896,62.95124611047468,5.749753513386281,4.140626001829065,1.6091275115572161,-0.010629048275135333,0.010067499465126844,-0.06805109463919456,0.046346765128350675,0,SPY
2023-02-06,391.872802734375,393.2688521236934,390.21862339860974,391.8345763914126,60295300,388.95744018554694,377.0429931640625,387.9995380788614,382.31053596931383,60.91202596712525,5.689002109547573,4.450301223372767,1.2387008861748061,-0.00611145008141345,0.010123493680541915,-0.3635493282441459,0.039331879491683264,1,SPY
2023-02-07,396.99798583984375,398.241013206568,389.7118693730586,390.9548967397829,90990700,390.3907592773438,377.32237915039065,389.38391465747407,383.3984952189827,71.80715319849993,5.985419438491363,4.757324866396487,1.228094572094876,0.013078690508008473,0.010575652457576247,0.5090844560023751,0.0521453477892202,0,SPY
2023-02-08,392.656982421875,396.3669812815154,391.9685287244116,395.0283294198983,76227500,391.3756378173829,377.5166583251953,389.887463544305,384.08430908586365,69.64137612045042,5.803154458441327,4.966490784805455,0.8366636736358721,-0.010934572901636797,0.01153592204562739,-0.16224954858023954,0.0401050490429955,1,SPY
2023-02-09,389.2529296875,396.4051963035193,388.0290153704697,396.2522033663381,78694900,391.5993865966797,377.76506958007815,389.78984295095034,384.46716987117003,60.70681076744211,5.322673079780316,5.037727243800427,0.28494583597988843,-0.008669278496918786,0.011622646546593845,0.032368895739726566,0.03041006443552785,1,SPY
2023-02-10,390.1613159179688,390.5437836705012,387.2640796514173,388.0768126828916,70769700,391.82504882812503,378.04459289550783,389.84699263818396,384.8889584672292,57.63132256711574,4.958034170954761,5.021788629231294,-0.06375445827653259,0.0023336657509502867,0.011623222721621725,-0.1007079238934162,0.03205104172938156,0,SPY
2023-02-13,394.7413940429688,394.875273798094,390.3525133608386,390.8114921464456,64913500,392.99541015625,378.1787170410156,390.59997746968935,385.6187685098766,61.93539085912285,4.981208959812761,5.013672695347587,-0.032463735534825844,0.011738934482071972,0.011086368012384749,-0.08275010350474854,0.0437958992815477,0,SPY
2023-02-14,394.5597229003906,396.864100329501,390.6106788806823,393.221042148993,88389300,393.5844207763672,378.3149188232422,391.2091690744126,386.28106142769246,61.60533996207441,4.92810764672015,4.9965596856221,-0.06845203890194984,-0.00046022825404123946,0.010329534730836107,0.3616474231092146,0.04293989813480881,0,SPY
2023-02-15,395.8410034179688,395.9174852871057,391.5286048874301,392.3700513500147,61555700,393.88848876953125,378.485693359375,391.9217589734212,386.98920527882404,59.25036464597354,4.932553694597175,4.983758487417115,-0.051204792819939726,0.0032473677448867644,0.009862202962176624,-0.30358425737051886,0.045854599957401376,0,SPY
2023-02-16,390.3907470703125,394.8178830322616,390.2568965030852,390.8784101789898,76431500,393.075732421875,378.68680786132813,391.68621868063525,387.24117133745284,52.378322039687845,4.445047343182409,4.876016258570174,-0.4309689153877647,-0.013768801868919489,0.009539296861135063,0.24166405385691325,0.030906646247022884,0,SPY
2023-02-17,389.4154968261719,389.6545428210452,386.34612524209655,388.2680643786122,89257800,392.5890380859375,378.9780670166016,391.33687685687164,387.40223248476536,56.59219995293643,3.934644372106277,4.687741881277395,-0.7530975091711181,-0.002498138727568211,0.009058110480307335,0.16781431739531483,0.027540986452688543,0,SPY
2023-02-21,381.6034851074219,386.4513451946088,381.34532592151567,385.39953691428894,82655900,391.5621063232422,379.12583984375,389.8394319723409,386.9726956419992,43.0112168003897,2.8667363303416664,4.32354077109025,-1.4568044407485834,-0.020060865020575025,0.010803668764970874,-0.07396440423133888,0.006535152720513526,0,SPY
2023-02-22,381.0775451660156,383.5540580010402,379.624126941612,382.0145867260471,83742300,389.9700622558594,379.2044616699219,388.4914493867524,386.5360178289634,37.51530799291743,1.9554315577889838,3.849918928429997,-1.8944873706410132,-0.0013782367350712033,0.009340854159885418,0.013143647337939601,0.004939508063394493,0,SPY
2023-02-23,383.1046142578125,384.57714551664407,378.8878400941684,383.96517386295295,96242400,389.01482543945315,379.3799719238281,387.6627055207616,386.2818397866559,32.18386587915927,1.3808657341057256,3.356108289565143,-1.9752425554594173,0.005319308674862411,0.009422607000623742,0.14926864917729743,0.009817709446012124,0,SPY
2023-02-24,379.0121765136719,379.84405183245593,376.3922419822525,378.0942481460913,108194400,387.9907501220703,379.3656982421875,386.3318549042863,385.74334621087934,32.29093524202143,0.5885086934069363,2.8025883703335017,-2.2140796769265654,-0.010682298233522736,0.009590956796446162,0.12418642926610302,-0.0009318758394700755,1,SPY
2023-02-27,380.3030090332031,383.707021167783,379.3659383654355,382.3492272761536,80444700,387.0049194335937,379.31975158691404,385.4043401548888,385.34035827179224,36.224944717235005,0.06398188309657371,2.254867072886116,-2.1908851897895425,0.0034057811319017084,0.00965825124290345,-0.2564800026618753,0.0025921598919527167,1,SPY
2023-02-28,378.8974914550781,381.785156708453,378.7922960384065,379.82499112745273,96438600,385.4205291748047,379.2946173095703,384.4032865087641,384.86310887796157,26.355163882601374,-0.4598223691974681,1.7119291844693996,-2.1717515536668675,-0.0036957834798574396,0.008259489408934543,0.19881856728908187,-0.0010470115745619957,1,SPY
2023-03-01,377.4440307617188,379.3086010755079,376.1436346387775,378.0846868266854,99706800,383.7089599609375,379.4263977050781,383.3326317784494,384.31354753601767,28.50564245318671,-0.9809157575682548,1.1733601960618687,-2.1542759536301235,-0.0038360261710300714,0.008164582520992973,0.03388891999676469,-0.005224641604668068,1,SPY
2023-03-02,380.3795166015625,381.2209631061389,375.1396183015111,375.4742885040699,85127800,382.1628112792969,379.7044561767578,382.8783063666207,384.0221378371691,37.29453754780436,-1.1438314705484345,0.7099218627398081,-1.8537533332882425,0.00777727451118948,0.0087410147884747,-0.14621871326729974,0.001777857525302462,0,SPY
2023-03-03,386.47998046875,386.7285976253681,381.5460679461616,382.1962660076362,90120000,381.7717346191406,380.16667541503904,383.4324100746406,384.20420025432327,45.41115140042995,-0.7717901796826823,0.41357945425531,-1.1853696339379922,0.01603783484897159,0.010007880579850288,0.05864359233998773,0.01660667665522908,0,SPY
2023-03-06,386.7477111816406,389.59714976739536,386.3078747490803,387.3022850157021,72795900,381.5049560546875,380.62430480957033,383.94245639879443,384.39260847116157,38.83545382861277,-0.45015207236713195,0.24083314893082164,-0.6909852212979536,0.0006927414780084629,0.010004297356952357,-0.19223368841544608,0.01608779653504766,0,SPY
2023-03-07,380.8194274902344,386.9390290181394,380.2074848456975,386.6999829953439,108310600,381.4265502929687,380.8545556640625,383.4619904128621,384.1279283985003,33.463764709339046,-0.665937985638152,0.059478922017026925,-0.7254169076551789,-0.015328555334673921,0.0090500893701257,0.4878667617269654,-9.223514148826162e-05,0,SPY
2023-03-08,381.44091796875,382.1962822868647,379.21299300204765,380.93414163742426,74746600,381.4628875732422,381.2026062011719,383.151056190691,383.92889058888915,32.39005493521218,-0.7778343981981379,-0.10798374202600605,-0.6698506561721319,0.0016319820724786105,0.009055452446498854,-0.3098865669657448,0.0006251577604701186,0,SPY
2023-03-09,374.40338134765625,383.88873887527785,373.418513056316,382.2249589763906,111945300,380.59276428222654,381.3680261230469,381.80526006099336,383.2232973117608,31.17960413056157,-1.4180372507674406,-0.369994443774293,-1.0480428069931476,-0.018449873334434264,0.010540409840082489,0.49766410779888326,-0.018262267149641742,1,SPY
2023-03-10,369.0009765625,375.9333106680976,367.4806474809918,373.8583785171061,189253000,379.5916442871094,381.4542755126953,379.8353702919944,382.1697920710748,28.236427841266547,-2.334421779080401,-0.7628799108355147,-1.5715418682448863,-0.014429369643272016,0.01093298409195215,0.6905845980134941,-0.03264689832996992,1,SPY
2023-03-13,368.47503662109375,373.28466995051247,363.9714183424298,365.0805952370844,157790000,378.4088470458984,381.62065185546874,378.08762665031736,381.1553657414466,33.42978265776432,-3.0677390911292264,-1.2238517468942571,-1.8438873442349692,-0.001425307722233593,0.01074223431658507,-0.1662483553761367,-0.034446813007786625,1,SPY
2023-03-14,374.5659484863281,376.21058604424246,370.0909854321958,373.3898317252391,149752400,377.97569274902344,381.77918701171876,377.5458300097036,380.66726075958593,42.79364839196887,-3.121430749882336,-1.6033675474918732,-1.5180632023904628,0.016530052947651086,0.012395059149540675,-0.05093858926421191,-0.0188937447896268,1,SPY
2023-03-15,372.2233276367188,372.4241181176825,366.8973754488771,368.9818788651893,172996900,377.45362243652346,381.9101849365234,376.72698349078286,380.0417842319661,38.04125882756994,-3.3148007411832623,-1.945654186230151,-1.3691465549531112,-0.006254228017993024,0.01247811404772315,0.1552195490689965,-0.025364228768642638,1,SPY
2023-03-16,378.7539978027344,379.0982391870772,369.3642939038433,369.871070213234,143254200,377.29107055664065,382.20258544921876,377.0388318464677,379.94639264461557,49.730689892275954,-2.9075607981478697,-2.138035508613695,-0.7695252895341747,0.017545031923386967,0.0136012751652591,-0.17192620214581877,-0.009022931235358134,0,SPY
2023-03-17,374.3254089355469,378.558277638752,372.94324653075375,377.4256812850935,140553400,376.0756134033203,382.3501898193359,376.6213821678645,379.53002348098084,44.14776713207901,-2.908641313116334,-2.292156669514223,-0.616484643602111,-0.01169252045623037,0.012686062222047078,-0.018853199417538935,-0.020988039492227828,1,SPY
2023-03-20,377.92474365234375,378.3374942216171,374.4021719427654,375.1028314855244,93055800,375.1933166503906,382.6535437011719,376.8218993193228,379.4111138640448,49.08687768028257,-2.589214544721983,-2.351568244555775,-0.23764630016620814,0.009615523367842327,0.013283594383223555,-0.33793277145910383,-0.012357915212516724,1,SPY
2023-03-21,382.8870849609375,383.3670015855469,379.69082383763816,381.28415054635593,91524200,375.40008239746095,382.8897692871094,377.75500480264816,379.66859320455535,54.79363178388742,-1.913588401907191,-2.2639722760260583,0.3503838741188674,0.013130501222641922,0.013212883987734163,-0.016458941839197605,-7.010702262721935e-06,0,SPY
2023-03-22,376.3601379394531,386.32321007597335,376.3217657060295,382.7142575848104,111746600,374.8920043945312,382.9996618652344,377.54040990061816,379.42352244417737,46.670785202995475,-1.883112543559207,-2.187800329532688,0.3046877859734809,-0.017046662783494648,0.014327235579116858,0.22095139864647817,-0.017335586912652357,1,SPY
2023-03-23,377.3776245117188,383.2517988904117,374.6708879123496,379.22048781510506,119351300,375.1894287109375,383.07788818359376,377.5153659946336,379.27197444918045,41.767384859977184,-1.7566084545468357,-2.1015619545355175,0.34495349998868186,0.002703491867752872,0.013005883941189211,0.06805307723009024,-0.014880168883939948,1,SPY
2023-03-24,379.85400390625,379.94038538264834,373.7590569871103,376.10105243097433,107682400,376.2747314453125,383.1111712646484,377.87515644257456,379.31508774229667,44.00452686846123,-1.4399312997221045,-1.969235823572835,0.5293045238507306,0.006562072665901475,0.011910502718146738,-0.09776935818880905,-0.008501885621467364,1,SPY
2023-03-27,380.5642700195313,382.8966870426311,379.6716321408978,382.1288028794633,74010400,377.48365478515626,383.1311212158203,378.28886622364485,379.40761976283255,49.755937226155545,-1.1187535391877077,-1.7991393666958098,0.6803858275081021,0.0018698397436311964,0.011820733275409171,-0.3126973395838132,-0.006699667696383971,1,SPY
2023-03-28,379.7099914550781,380.564227707631,377.8767066648121,379.8731466835087,62871700,377.99805908203126,383.1045361328125,378.50750087463456,379.4300176659619,48.351677732203356,-0.9225167913273253,-1.6238148516221131,0.7012980602947878,-0.0022447681817563403,0.010943744179511876,-0.15050182136564594,-0.008860622513113703,1,SPY
2023-03-29,385.2290954589844,385.4690537806492,382.6663276952182,383.86611930354206,77497900,379.2986358642578,383.2022930908203,379.54159234914994,379.8595789839635,60.616094199554574,-0.3179866348135647,-1.3626492082604036,1.0446625734468389,0.014535050770606794,0.011293212928506184,0.23263566914844036,0.005289118579683727,1,SPY
2023-03-30,387.4847106933594,388.10859647318574,385.62263176836,387.8590304445402,69840000,380.1717071533203,383.46525939941404,380.7636105559514,380.42440355502987,69.31808830743341,0.3392070009215331,-1.0222779664240162,1.3614849673455494,0.005855256679632381,0.010232826744393297,-0.09881429045174128,0.010481917710722044,1,SPY
2023-03-31,392.9461669921875,393.2437129705157,388.3005480641613,388.40614495841936,112062600,382.0337829589844,383.89195739746094,382.63785000768,381.3519415874119,73.1839566453332,1.2859084202681288,-0.5606406890855873,1.846549109353716,0.014094636893041468,0.009532036858522571,0.6045618556701031,0.023585306803789896,1,SPY
2023-04-03,394.4435424804688,394.8466560999905,392.0343513034287,392.4278865074887,67391100,383.6856628417969,384.210146484375,384.4541103881091,382.3216898017124,70.62741513880738,2.1324205863966768,-0.022028433989134455,2.1544490203858113,0.0038106377261368785,0.009389151103996667,-0.39862987294601415,0.0266348926225195,0,SPY
2023-04-04,392.2550354003906,395.3744932102715,390.8824517022873,395.0865256835199,66601500,384.6224578857422,384.3937274169922,385.6542526976909,383.0574931793923,70.85404497287749,2.5967595182985974,0.501729156468412,2.0950303618301853,-0.005548340495868387,0.00930075529119773,-0.011716680689289882,0.0204511869541264,0,SPY
2023-04-05,391.2280578613281,392.28388034677903,389.5771434182015,391.525603840166,65200200,386.10924987792976,384.56499267578124,386.51176118440435,383.662720192869,64.66685516789998,2.8490409915353325,0.9711915234817962,1.8778494680535363,-0.0026181372994082963,0.006691795497707989,-0.021040066665165225,0.017326239549745992,1,SPY
2023-04-06,392.7541198730469,393.03247968178334,389.3850962213968,390.4313108155922,63743300,387.64689941406255,384.7639111328125,387.4721240595801,384.33615720621555,73.25557751525399,3.1359668533645504,1.4041465894583471,1.7318202639062032,0.0039006967446584273,0.006678667989436607,-0.022345023481523008,0.020766523338194176,1,SPY
2023-04-10,393.15728759765625,393.2340906618624,389.6635097627265,390.277787817443,63681000,388.97722778320315,384.886748046875,388.34676460389954,384.98957427224815,70.9089096401994,3.3571903316513954,1.794755337896957,1.5624349937544384,0.001026514310632054,0.006674119149551144,-0.0009773576203302436,0.021488241912070105,1,SPY
2023-04-11,393.2628173828125,394.66416550169424,392.49496262249465,393.7811354565068,59297900,390.24708251953126,384.99391052246096,389.10308041604003,385.60240709525294,66.43333997126986,3.5006733207870866,2.135938934474983,1.3647343863121035,0.0002684162000432533,0.00673565971818845,-0.06882900708217521,0.021478019870833975,1,SPY
2023-04-12,391.6599426269531,395.6144801885437,391.0744584094717,395.32651264091214,86420400,391.44207763671875,385.1663537597656,389.49644383310357,386.05111343093444,78.71037422718408,3.4453304021691338,2.3978172280138135,1.0475131741553203,-0.004075836018585743,0.006925592730808175,0.4573939380652603,0.016859179946018044,1,SPY
2023-04-13,396.86224365234375,397.2173772579594,391.60234704835096,392.7445509263928,85814800,392.6053924560547,385.3302062988281,390.6296438052944,386.8519378917796,81.60020351720466,3.777705913514808,2.6737949651140127,1.1039109484007952,0.013282698737322018,0.006704119644784025,-0.007007604685930646,0.029927675445647228,0,SPY
2023-04-14,395.892822265625,398.4171884519207,393.5892282764297,396.2287697684171,78161500,393.4462036132812,385.3920562744141,391.4393635684222,387.52163303058296,77.34858781875269,3.9177305378392475,2.92258207965906,0.9951484581801875,-0.0024427150786557883,0.006823865544053409,-0.08918391699333916,0.027246970507700308,0,SPY
2023-04-17,397.3133850097656,397.3325711300684,394.5778543396015,395.8064397500749,66436400,393.88292541503904,385.3679577636719,392.34305917478275,388.2469479920039,77.88430175312358,4.096111182778827,3.1572879002830136,0.9388232824958136,0.0035882508200351104,0.0054554694571630966,-0.1500111947698035,0.030997458417181933,0,SPY
2023-04-18,397.572509765625,399.0218673008723,396.1999552913603,398.8874765900454,63560000,394.19582214355466,385.43375915527344,393.14759003491235,388.9377303456055,80.3391362671788,4.209859689306882,3.3678022580877878,0.8420574312190938,0.0006521923641031879,0.005373144347802707,-0.04329554280484793,0.031493740031893314,0,SPY
2023-04-19,397.5053405761719,398.4075568472331,395.60486027089866,395.6624479202901,55227300,394.7208526611328,385.54640991210937,393.8180131951061,389.57236814046223,75.59028369750794,4.245645054643887,3.543370817399008,0.7022742372448794,-0.0001689482743481019,0.004916451620562051,-0.13109974826935178,0.031018135188416673,0,SPY
2023-04-20,395.3361511230469,397.0830547892666,393.79080425161,394.693049912546,75840400,395.1316619873047,385.51317321777344,394.0515728763278,389.9993150280611,66.4258005531535,4.052257848266663,3.645148223572539,0.40710962469412415,-0.005457007068083275,0.005241686127965359,0.37324113255581937,0.025480265235254373,1,SPY
2023-04-21,395.6432800292969,396.10398124565415,393.6948196903557,395.6336723233607,73457400,395.4205780029297,385.57289916992187,394.2964508998615,390.4173865096341,57.194069506014614,3.87906439022737,3.6919314569035055,0.1871329333238645,0.0007768803975491956,0.0051456147169493364,-0.03142124777822897,0.026117968563285965,1,SPY
2023-04-24,396.0559692382813,396.4782981802782,394.1075090570705,395.4416619438188,64332100,395.7104461669922,385.7089599609375,394.56714602884915,390.83505930434876,54.56501228603122,3.732086724500391,3.699962510422883,0.032124214077508206,0.0010430840856285872,0.005145718092825918,-0.1242257417224133,0.026825950007466126,1,SPY
2023-04-25,389.76904296875,394.6450119030647,389.7114553215701,394.088292257947,97766700,395.36106872558594,385.7011145019531,393.82897632729544,390.75609513134145,44.28747144121416,3.0728811959539826,3.5745462475291028,-0.5016650515751202,-0.01587383288685862,0.007365549854234554,0.5197187718106513,0.010546841359402759,1,SPY
2023-04-26,388.1181335449219,391.4583635816679,387.56144318468967,390.3833550986097,80447000,395.0068878173828,385.5686492919922,392.95038513000725,390.56069056938446,43.052949902378934,2.389694560622786,3.3375759101478395,-0.9478813495250535,-0.004235609404106722,0.007373451646507018,-0.17715336612568489,0.006612270623172378,1,SPY
2023-04-27,395.8448181152344,396.11357024267807,390.402550919768,390.65211692803183,92968400,394.9051452636719,385.59435119628904,393.39568251234994,390.95210742463263,55.40640380940177,2.4435750877173064,3.158775745661733,-0.7152006579444268,0.019908074120989827,0.008922685936383668,0.15564781781794235,0.026583550529575284,0,SPY
2023-04-28,399.223388671875,399.2329963765921,394.904139565875,394.9617272106124,89433100,395.2382019042969,385.6619989013672,394.29225269073845,391.5647949244283,59.610705831386404,2.727457766310124,3.0725121497914114,-0.34505438348128736,0.008535088504447952,0.009286848283703892,-0.03802689946261306,0.035163925429884335,0,SPY
2023-05-01,398.8203125,400.8455465437123,398.5899326076975,398.7819109693187,62122300,395.38889465332034,385.8305902099609,394.9888772767787,392.102240670767,58.72266682505041,2.8866366060116775,3.035337041035465,-0.1487004350237875,-0.0010096506951057238,0.009251443004659996,-0.30537686829596644,0.03366690620090629,0,SPY
2023-05-02,394.33782958984375,398.1579758951747,391.4391441559721,398.1099666648256,103998500,395.0654266357422,385.92903686523437,394.8887160941733,392.26783984995785,53.85460145822003,2.620876244215424,2.952444881671457,-0.33156863745603316,-0.011239354590687367,0.009955332584873487,0.674092878080818,0.02178844274820846,1,SPY
2023-05-03,391.6311340332031,397.2461641447407,391.3911757317852,394.83697342513307,91531800,394.47800598144534,386.12958984375,394.3875496232548,392.2206764561242,41.88739574863627,2.166873167130632,2.795330538763292,-0.6284573716326602,-0.006863900324896255,0.010133779888568594,-0.11987384433429327,0.014247921770717875,1,SPY
2023-05-04,388.8572082519531,390.9112359586152,387.5230261150929,390.584896203044,94901900,393.8301116943359,386.2851831054688,393.5367278738238,391.9715306632226,39.6672257126492,1.565197210601184,2.5493038731308704,-0.9841066625296864,-0.0070830062785938175,0.010218061149551162,0.03681889791307502,0.006658358277703114,1,SPY
2023-05-05,396.0559692382813,397.1021838881152,392.22624422840113,392.485388641624,87891800,393.8713806152344,386.5442102050781,393.9243034683557,392.2740816687825,48.42125752242846,1.6502217995731598,2.369487458419328,-0.7192656588461683,0.018512607799374692,0.012051927360339143,-0.07386680350972952,0.024607169845221044,0,SPY
2023-05-08,396.1615295410156,396.641446121568,394.7601813275021,396.3823017131118,50046800,393.88193664550784,386.887197265625,394.2684920949187,392.5620407704294,48.2215926006559,1.7064513244893078,2.2368802316333243,-0.5304289071440165,0.0002665287508161196,0.012048173243643951,-0.430586243540353,0.023971670142972412,1,SPY
2023-05-09,394.42425537109375,395.53766541370464,394.1939047732381,394.6162337304968,49220100,394.3474578857422,387.1696221923828,394.2924556758687,392.69998259270085,46.27347051767095,1.5924730831678744,2.1079988019402345,-0.5155257187723601,-0.004385267221515998,0.01084421358247509,-0.016518538647825598,0.018737609468508776,0,SPY
2023-05-10,396.2671203613281,397.8892407221348,392.44697389350114,397.2557473304781,96142900,395.1623565673828,387.5170147705078,394.5962502428625,392.9642150200066,51.13495325656357,1.6320352228559045,2.0128060861233688,-0.38077086326746423,0.0046722912324459465,0.010709425504356832,0.9533259786144279,0.022579926189827404,1,SPY
2023-05-11,395.57611083984375,395.86404911911495,393.5028673537258,395.40334787228096,70157100,395.13548583984374,387.8796563720703,394.74699802701343,393.15768878443896,49.91887275517854,1.5893092425744726,1.9281067174135895,-0.33879747483911693,-0.0017437972669906987,0.008720029688986405,-0.27028308902685483,0.019842377245974152,1,SPY
2023-05-12,395.0577392578125,397.0254148728848,392.63897016343816,396.8142503993596,70481500,394.7189208984375,388.1732208251953,394.79480437021334,393.29843326394814,48.79740347977234,1.496371106265201,1.8417595951839119,-0.3453884889187109,-0.0013104218577070226,0.008184401557994077,0.004623908342847649,0.017735686191803213,1,SPY
2023-05-15,396.4207153320313,396.8238288685914,393.75238023444746,395.6624389099318,54289400,394.4789611816406,388.3720355224609,395.04494451818533,393.52971341713953,59.09216052379981,1.5152311010457993,1.7764538963562895,-0.2612227953104902,0.0034500680249409665,0.008305540682389655,-0.22973546249725108,0.02072414868579009,1,SPY
2023-05-16,393.7715759277344,396.2383543170176,393.761968222226,395.31689334176326,57705500,394.4223358154297,388.5125128173828,394.84904165811594,393.5476291586651,57.52239843552042,1.301412499450862,1.6814456169752041,-0.3800331175243421,-0.006682646243847512,0.007762539056841584,0.06292388569407659,0.013536406001995571,1,SPY
2023-05-17,398.5515747070313,399.1562450551422,394.1459435629325,395.7872502342352,87287000,395.1143798828125,388.8671557617188,395.41866212717986,393.9182917918774,53.908029669213185,1.5003703353024775,1.645230560640659,-0.14486022533818144,0.012139014269973991,0.008238675206321704,0.5126287788858948,0.024904183348533282,0,SPY
2023-05-18,402.3908996582031,402.8132286270494,398.0140624281471,398.23480532655367,97177200,396.4677490234375,389.2861553955078,396.4913140550296,394.5458923745682,54.51322184894556,1.9454216804613793,1.7052687846048031,0.24015289585657618,0.009633194785377608,0.007929833388966826,0.11330667797037353,0.03366352509860282,0,SPY
2023-05-19,401.8053588867188,403.82101441184767,400.5863812999512,403.29311788250186,103793300,397.0426879882813,389.8341949462891,397.30885941375107,395.0836306347275,54.2312364169932,2.2252287790235528,1.809260783488553,0.41596799553499975,-0.0014551541100499277,0.005994937737815122,0.06808284247745355,0.030708347537545144,1,SPY
2023-05-22,401.9685974121094,403.5043365562108,400.5864351115969,401.8246282749285,60745400,397.62339477539064,390.49354736328127,398.0257421827293,395.59362817379287,62.325708871828795,2.4321140089364235,1.9338314285781273,0.4982825803582962,0.0004062626885885656,0.005992013155603678,-0.4147464239021208,0.029386017070732073,1,SPY
2023-05-23,397.4573364257813,401.9013689419868,397.0638012887145,400.3272283937197,86383500,397.92670288085935,391.073193359375,397.93829514319884,395.7316806369031,58.892454737273674,2.2066145062957503,1.9883880441216522,0.21822646217409813,-0.0112229189428521,0.007034209119304191,0.4220582957721901,0.01632467572519003,1,SPY
2023-05-24,394.5777893066406,396.2383111304324,393.41639944632345,395.8543837451471,89213700,397.7577697753906,391.47343017578123,397.4212942452668,395.6462072050318,58.70318576379216,1.7750870402349506,1.945727843344312,-0.17064080310936136,-0.0072449212915167704,0.007307325370972962,0.03276320130580501,0.007929935703338664,1,SPY
2023-05-25,397.9948425292969,399.4442000783956,395.8448254698012,398.0812240048889,90961600,397.99964294433596,391.9888604736328,397.50953244280987,395.8201801920144,53.33332633785827,1.68935225079548,1.8944527248345455,-0.20510047403906562,0.008660024246830433,0.007818016970549768,0.01959228235125332,0.015321818197606696,1,SPY
2023-05-26,403.1491088867188,403.8689837488059,398.5707153088868,398.6474890724581,93830000,398.80877990722655,392.4767626953125,398.3771595880266,396.36306379902953,60.236151830284044,2.0140957889970537,1.918381337667047,0.09571445133000656,0.012950585803238157,0.008676786903229386,0.03153418585425061,0.02719230080811541,1,SPY
2023-05-30,403.302734375,405.6063283533129,401.920572129655,405.078431774124,72216000,399.4969818115234,393.0563092041016,399.13494032448403,396.87711347132364,63.63896337690101,2.2578268531603953,1.9862704407657168,0.27155641239467854,0.00038106369304746757,0.008676564258079373,-0.2303527656399872,0.026068593560160336,1,SPY
2023-05-31,401.0663146972656,402.3812815149699,399.5017818703205,401.4790359496369,110811800,400.22645568847656,393.519140625,399.4320748433735,397.18742467324523,57.28435961001856,2.2446501701282955,2.037946386638233,0.2067037834900627,-0.005545262868599576,0.008560323242307995,0.5344494294893098,0.01917867085265268,1,SPY
2023-06-01,404.8769226074219,405.93274518176094,400.0489618869255,401.2967335618234,88865000,400.85899047851564,393.9589373779297,400.2697437301502,397.75701711281386,62.89581004333738,2.512726617336341,2.1329024327778545,0.37982418455848643,0.00950119162471319,0.008243514777669965,-0.19805471980420852,0.027713510707889855,1,SPY
2023-06-02,410.73187255859375,411.5189135912119,406.9213332421973,407.44922983268606,91426200,401.6930877685547,394.6463720703125,401.8793020114492,398.718117516205,68.93105044643383,3.1611844952442425,2.338558845271132,0.8226256499731104,0.01446106118734991,0.008882453427047684,0.028821245709784504,0.04075927621961095,1,SPY
2023-06-05,409.94476318359375,412.36353228842165,409.2440744066445,411.0773593229492,65460200,402.5070281982422,395.29771484375,403.12014219177917,399.5497208989745,66.5646226464462,3.5704212928046672,2.5849313347778393,0.9854899580268279,-0.0019163581586615352,0.008904072619194781,-0.2840104915221239,0.03705320772125731,1,SPY
2023-06-06,410.83740234375,411.3652988856477,408.8793344192004,409.53204325524,64022200,403.39390869140624,395.9173828125,404.30741298439006,400.3858454504393,71.84253430002795,3.9215675339507357,2.852258574612419,1.0693089593383167,0.0021774620395784705,0.008885492428611287,-0.02196754669249401,0.03768467912487661,1,SPY
2023-06-07,409.4168090820313,412.36350381538136,408.99448016231673,411.2309077542299,85373300,404.5898559570313,396.49443359375,405.0934739224887,401.0548057194461,65.21478265328807,4.038668203042619,3.089540500298459,0.9491277027441596,-0.0034577992500548493,0.007860311093159218,0.3334952563329594,0.03259156848976508,1,SPY
2023-06-08,411.8931884765625,412.3443112113528,408.716143215812,409.4839979895144,61952800,406.3213958740235,397.1380975341797,406.1395838538847,401.85764888663994,63.8342964334049,4.2819349672447515,3.328019393687718,0.9539155735570337,0.006048553307040683,0.007014363395064488,-0.2743304991138916,0.0371535519608841,1,SPY
2023-06-09,412.6322937011719,414.6383416076032,411.64366666036057,412.6898813507892,85742800,407.785140991211,397.68616149902346,407.1384622919289,402.65577072475344,65.69266740446446,4.482691567175436,3.5589538283852615,0.9237377387901748,0.0017944099229778576,0.006877692417747418,0.38400201443679705,0.037582731432773686,1,SPY
2023-06-12,416.3756103515625,416.4524134072559,412.8914406087862,413.61131547404943,76104300,409.1077911376953,398.2639794921875,408.55956199341097,403.6720551415541,68.91832431275718,4.88750685185687,3.824664433079583,1.0628424187772865,0.009071797596873266,0.006386033750622147,-0.11241177101750821,0.04547644726110689,1,SPY
2023-06-13,419.1207885742188,419.76386044542505,417.1723282571571,417.8346155400201,95899700,410.68959655761716,398.78747192382815,410.184366082766,404.81640576619594,79.83059793315358,5.367960316570077,4.1333236097776815,1.2346367067923953,0.006593033199851606,0.006377904882735305,0.2601088243371268,0.050987852131609834,0,SPY
2023-06-14,419.6199035644531,421.42439480568777,416.1741056268984,419.45674831132544,100612100,412.5449554443359,399.29099914550784,411.6359872337948,405.91296115865947,86.90222426090332,5.723026075135351,4.4512641028492155,1.2717619722861357,0.001190861927732545,0.005578273954198513,0.04913883985038536,0.050912503568699474,1,SPY
2023-06-15,424.8221740722656,426.0699454976172,418.7080413628314,418.8040012480244,110303100,414.5394805908203,399.9423419189453,413.6646313627903,407.31364359670437,87.5569071234732,6.35098776608595,4.831208835496563,1.5197789305893874,0.012397578054858416,0.005928333759966508,0.09632042269269792,0.062208547446978235,0,SPY
2023-06-16,423.3751525878906,427.3732510116979,422.9030966686289,426.8048493495724,114165800,415.80380859375,400.58528381347656,415.1585577051134,408.5033850034589,81.594967435732,6.6551727016545215,5.196001608728155,1.4591710929263666,-0.003406181627724658,0.005371491956221806,0.035018961389117864,0.056891427856410326,0,SPY
2023-06-20,421.1785888671875,422.32503554227975,419.1072877770987,421.4387253030806,76160400,416.92719116210935,401.15377319335937,416.0847163454325,409.4422889933647,76.2484405695686,6.642427352067841,5.485286757396092,1.1571405946717492,-0.005188220676807687,0.005790845684347479,-0.33289654169637495,0.0499180539034243,0,SPY
2023-06-21,419.0205993652344,420.9955547817965,418.4329109170005,420.1959468611093,76982300,417.7455108642578,401.6710394287109,416.53639065617125,410.151793465355,76.42446879418489,6.384597190816237,5.665148844080121,0.7194483467361161,-0.00512369232196086,0.006304627109296774,0.01079169752259701,0.043193454925700925,1,SPY
2023-06-22,420.5331115722656,420.6390713007603,417.72961825633774,418.0668136298408,70637200,418.8571411132813,402.2164453125,417.15127079710885,410.9207799917928,74.71399474717664,6.2304908053160375,5.778217236327304,0.4522735689887334,0.0036096368754245933,0.006015313771886549,-0.08242284265344113,0.04553932707931563,1,SPY
2023-06-23,417.3539123535156,419.1362056994903,416.6410067753629,417.08416191308544,92074500,419.40321350097656,402.73032470703123,417.1824464211714,411.3973083148834,61.417706492787644,5.785138106288002,5.779601410319444,0.005536695968558547,-0.007559926034988784,0.006676300794218644,0.30348456620590847,0.03631111627147132,1,SPY
2023-06-26,415.648681640625,418.7026386450145,415.4078319979814,416.7854848977608,72823600,419.70485229492186,403.1060534667969,416.94648260877966,411.71222485753094,59.5328687250338,5.23425775124872,5.670532678505299,-0.4362749272565791,-0.004085814610613303,0.0068872495288342305,-0.20907960401631287,0.031114958621828892,1,SPY
2023-06-27,420.2055969238281,420.8221567639146,416.0726085341393,416.5254070700781,72813700,420.0878509521484,403.5923089599609,417.4478848110948,412.3413635291085,63.94849122360611,5.106521281986318,5.557730399201503,-0.45120911721518553,0.010963382020643841,0.007161713431529993,-0.00013594494092572518,0.04116353952997498,1,SPY
2023-06-28,420.4175415039063,421.4290983033547,418.5100016357142,419.1265614695,75636000,420.2175262451172,404.05439208984376,417.90475507152735,412.9395989346491,66.99073332139255,4.9651561368782495,5.439215546736853,-0.4740594098586035,0.0005043830487498902,0.006880937336779287,0.03876056291604457,0.040497392762962825,1,SPY
2023-06-29,422.0745239257813,422.2383146152685,419.59861200085055,420.0032229268465,67882300,420.46298828125,404.5444323730469,418.5462579721818,413.61626004510333,66.13352805772101,4.929997927078489,5.33737202280518,-0.40737409572669137,0.0039412780350402965,0.0069735082098701775,-0.10251335342958379,0.04333292006987555,1,SPY
2023-06-30,427.0553283691406,428.0379843526411,424.96474047999936,425.28267848094407,104964000,420.6863037109375,405.13543212890625,419.8553457255601,414.6117465876246,70.14669222086191,5.243599137935462,5.3186174458312365,-0.07501830789577468,0.011800770150806716,0.006863052399020018,0.5462646374680882,0.054105107827892684,0,SPY
2023-07-03,427.5467224121094,427.8260868700178,426.42917637868914,426.708570237193,32793400,421.10346069335935,405.7796435546875,421.03863444656764,415.56989294499385,67.16355346581355,5.468741501573788,5.348642256979747,0.12009924459404164,0.0011506566253260964,0.006721332400076575,-0.6875747875462064,0.053642609241654426,0,SPY
2023-07-05,426.9108276367188,427.6430199831629,425.7258367708566,425.7354801650757,58418400,421.6766845703125,406.4049945068359,421.94204878351394,416.40996218141794,62.79831858620058,5.532086602096001,5.385331126002997,0.14675547609300388,-0.001487310607371728,0.006438603462277809,0.7814072343825282,0.05045664646608561,1,SPY
2023-07-06,423.5677795410156,423.9916772245591,421.06293761114665,423.3365733138423,80658300,422.13140258789065,406.9552307128906,422.192161207745,416.9401708747215,55.931701340552394,5.251990333023514,5.358662967407101,-0.1066726343835871,-0.007830787788188798,0.006789382113484557,0.38070025882256275,0.04082156358826916,1,SPY
2023-07-07,422.49847412109375,426.4388005460157,422.2576244540767,422.5755624788719,86134200,422.32793884277345,407.6098193359375,422.2392862713371,417.35189704111946,46.01352646078551,4.88738923021765,5.26440821996921,-0.37701898975156034,-0.00252452021039129,0.006814569000549888,0.06789009934501467,0.036526732377086146,1,SPY
2023-07-10,423.5677795410156,423.7411842113957,421.5735376298801,422.1419392054069,62443500,422.94932556152344,408.31881225585937,422.4436698512876,417.81233278185255,50.33480437919035,4.631337069435062,5.137793989862382,-0.5064569204273193,0.0025309095426824246,0.006210948645628951,-0.2750440591542036,0.03734573776042671,1,SPY
2023-07-11,426.2653198242188,426.7566624993896,423.3558667490492,424.3289087055748,64463800,424.0109893798828,408.9272222900391,423.03161600096934,418.43847997017593,58.68989923424709,4.593136030793403,5.028862398048586,-0.43572636725518343,0.006368615398759214,0.006044584383472981,0.03235404805944575,0.0423989810144807,1,SPY
2023-07-12,429.6950378417969,431.1016209821125,428.6256794960012,430.0515200243212,91924500,424.9599334716797,409.5366552734375,424.0567578226351,419.27229907177747,67.47627727014734,4.784458750857652,4.9799816686104,-0.195522917752748,0.008045970099074484,0.005650509857727579,0.4259863675427138,0.04922241344892586,1,SPY
2023-07-13,433.1054992675781,433.8954932249754,431.0727422071223,431.506253963796,72425200,426.2287292480469,410.22235900878906,425.4488718910879,420.2969805677627,69.37925714070673,5.151891323325174,5.014363599553355,0.13752772377181888,0.007936934629058756,0.005879570775928788,-0.21212299223819553,0.0557822843057143,1,SPY
2023-07-14,432.8357543945313,434.8396106970224,432.0746612111079,433.9918445617416,69815800,427.3048522949219,410.9923175048828,426.58531535315615,421.2257786290049,76.21527042124566,5.359536724151269,5.083398224472938,0.27613849967833115,-0.0006228156269153517,0.005974187675516507,-0.03602889601961745,0.05314804184725186,1,SPY
2023-07-17,434.3385925292969,435.3886934056767,432.6430016974079,432.6911892645716,52680200,428.0331787109375,411.8464666748047,427.7781272264085,422.19709817717467,81.86588077852056,5.581029049233848,5.1829243894251205,0.39810465980872767,0.003472074844805384,0.0050479462079732924,-0.24544014392157654,0.05461289017747495,1,SPY
2023-07-18,437.5660400390625,438.2115006773749,433.5775554716282,434.01109662916457,80668200,429.0351104736328,412.82064331054687,429.2839599668168,423.33553831509226,81.00474499856671,5.948421651724516,5.336023841885,0.612397809839516,0.007430717797769493,0.005352895190535367,0.5312812024251996,0.05994224641983514,1,SPY
2023-07-19,438.5390319824219,439.7239933832524,437.4889016897744,438.3559839057652,65891700,430.19793090820315,413.67030456542966,430.7078171999868,424.46172303119073,81.50744170005049,6.2460941687960485,5.51803790726721,0.7280562615288382,0.0022236459284465937,0.005184689284824769,-0.18317627020312832,0.06011726522917171,1,SPY
2023-07-20,435.6295471191406,438.442683807428,434.9166416038705,437.5467302165197,70591600,431.40410766601565,414.4596649169922,431.4650064183181,425.28896925992774,72.584192880176,6.176037158390386,5.6496377574918455,0.5263994008985406,-0.006634494654053635,0.004921764116741648,0.07132764824704774,0.05107826887421796,1,SPY
2023-07-21,435.6295471191406,437.5467302165197,435.6199331260899,437.3443953535996,71275600,432.7172149658203,415.2837707519531,432.1057049876754,426.05493799023975,67.12844873414335,6.05076699743563,5.7298636054806025,0.32090339195502793,0.0,0.004675603231553062,0.009689538132015674,0.04899246683863301,1,SPY
2023-07-24,437.5757141113281,438.3849655149495,435.74523300726025,436.7760767025835,54023400,434.1180084228516,416.1099426269531,432.94724485285275,426.90832881402406,68.93409508357675,6.038916038828688,5.79167409215022,0.24724194667846788,0.004467481613810831,0.004690637557593426,-0.24204917250784275,0.05158677860196992,1,SPY
2023-07-25,438.7702331542969,440.02263949533193,437.2576903912355,437.3058779585616,55191200,435.3684997558594,416.9738250732422,433.8430892069211,427.786988394785,71.92728840318186,6.056100812136094,5.844559436147396,0.21154137598869838,0.0027298568097973153,0.004562849606081547,0.021616558750467307,0.052272844889546866,1,SPY
2023-07-26,438.8377075195313,440.263518637083,436.7856637889011,437.83576473919794,71052900,436.2827667236328,417.84942443847655,434.6114920242457,428.6055601818033,82.12422492639308,6.005931842442408,5.876833917406398,0.12909792503600936,0.00015378063536664044,0.004246388604044434,0.28739545434779457,0.050229297573544995,0,SPY
2023-07-27,435.92816162109375,442.6237927069571,435.0225647127747,442.2191524157684,92194400,436.5650329589844,418.6395733642578,434.81405657760695,429.1479751032322,76.2224436239867,5.666081474374721,5.834683428800063,-0.1686019544253421,-0.00663011826144877,0.004517491157590315,0.2975459129746991,0.04129707117246939,0,SPY
2023-07-28,440.1961059570313,441.0246146496096,435.9282277689279,439.1941631701477,80011800,437.3010681152344,419.56806396484376,435.64206417444143,429.9663551664766,78.8627317617869,5.6757090079648265,5.802888544633016,-0.12717953666818982,0.009790476302485862,0.005318379156447277,-0.1321403469191187,0.04916494786866332,0,SPY
2023-07-31,441.0342102050781,441.3906629481321,439.3578768125751,440.6681140687776,62040400,437.9706298828125,420.4177166748047,436.47162510223166,430.78619628044714,77.404157054342,5.685428821784512,5.779396600063317,-0.0939677782788042,0.0019039338074666734,0.005283337725591823,-0.2246093701179076,0.04903811783512535,0,SPY
2023-08-01,439.772216796875,440.5140231570704,438.8184321616605,439.5698819163366,55291500,438.1912475585938,421.16534301757815,436.9794084398691,431.45182742981217,70.33434365951557,5.527581010056906,5.729033482062035,-0.20145247200512895,-0.0028614410832581427,0.005004162857376464,-0.10878234182887281,0.044179498830510866,0,SPY
2023-08-02,433.6545715332031,436.92047716007846,432.90312187918494,436.660370149276,93933400,437.7028015136719,421.8023272705078,436.4678950696128,431.614993659693,50.998825303278274,4.8529014099197525,5.553807067633579,-0.7009056577138262,-0.013910940778001701,0.006704131587519307,0.698875957425644,0.028099049000965604,0,SPY
2023-08-03,432.4118957519531,434.2905350935038,430.995698399248,431.6411885044741,64276100,437.38103637695315,422.4111932373047,435.8438951745882,431.6740234443049,49.2553126464415,4.169871730283319,5.277020000163527,-1.1071482698802084,-0.002865589025976334,0.006459860667492924,-0.3157268873478444,0.023675278199908334,0,SPY
2023-08-04,430.45611572265625,436.3232095269525,429.9358722590493,434.2230076857938,100128900,436.8636932373047,423.0711688232422,435.0150060281372,431.58380805751614,43.28564748501397,3.4311979706210423,4.907855594255031,-1.4766576236339883,-0.004522956117790966,0.00656121730796118,0.5577936433604405,0.01745556644749624,0,SPY
2023-08-07,434.2133483886719,434.3674956833761,431.5929031798807,432.2865513057545,58357500,436.52745666503904,423.8638800048828,434.891674083604,431.7785888227869,44.30619202459522,3.1130852608171153,4.548901527567447,-1.435816266750332,0.008728491776003544,0.007085731058533273,-0.4171762598011164,0.024416962312688417,0,SPY
2023-08-08,432.32513427734375,434.2037733620173,428.9724964679823,431.6796442603791,71361300,435.88294677734376,424.55048583984376,434.49682180571784,431.8190736712726,39.765222959775095,2.6777481344452667,4.174670848943012,-1.496922714497745,-0.004348586054148562,0.007053133104511744,0.22282997044081743,0.018312659381652052,0,SPY
2023-08-09,429.4349365234375,432.7586735355105,428.6738433785323,432.5948828332173,78789600,434.9426696777344,425.0762023925781,433.7180702238286,431.64247091958106,39.79050376270375,2.0755993042475325,3.754856540003916,-1.6792572357563835,-0.006685241094615879,0.0072095037033567755,0.10409423595141898,0.010254006473017885,0,SPY
2023-08-10,429.589111328125,435.167197948671,428.4234071509756,431.7856591547792,93005500,434.3087646484375,425.6019299316406,433.0828457783357,431.4903702091028,40.094940604573324,1.5924755692328745,3.322380345849708,-1.7299047766168334,0.00035901784315828245,0.007063162441913083,0.1804286352513529,0.009368334859582994,0,SPY
2023-08-11,429.3385620117188,430.3501481391964,427.1227570858758,427.7200594884635,68690900,433.22301025390624,426.16737487792966,432.5068021219331,431.3309770092966,35.69742758764687,1.1758251126365167,2.89306929920707,-1.7172441865705532,-0.0005832301373551729,0.0058955427900492866,-0.26143185080452236,0.007441177623457307,0,SPY
2023-08-14,431.7085571289063,431.7085571289063,428.1150989625596,428.4233935882657,47867400,432.2904449462891,426.7040075683594,432.38399519992896,431.3589459070455,38.21935899041563,1.025049292883466,2.5194652979423493,-1.4944160050588833,0.005520107735216273,0.006291813603123062,-0.30314786965959106,0.011728386590662998,0,SPY
2023-08-15,426.6796569824219,430.292402044995,426.1112258867205,429.935919835655,75707500,430.98118896484374,427.02296325683596,431.5064047049279,431.0123319126289,32.59802058735906,0.4940727922989936,2.1143867968136782,-1.6203140045146847,-0.011648831285461014,0.006983006462804781,0.5816087775814021,-0.00080395272374989,0,SPY
2023-08-16,423.5485534667969,427.9223617239687,423.4425643377815,426.2653150386881,80107200,429.9705871582031,427.2950390625,430.28211989906157,430.45945943515983,32.392574979838415,-0.17733953609825903,1.656041530231291,-1.83338106632955,-0.007338300442465195,0.0060942426918062466,0.05811445365386514,-0.008767912690779256,1,SPY
2023-08-17,420.3211669921875,425.273020314269,419.8009235363625,425.012913286652,95711300,428.7615142822266,427.4847143554687,428.74966560569635,429.7084748097545,20.869779916016924,-0.9588092040581273,1.1330713833734074,-2.0918805874315347,-0.007619873679635569,0.006321153179446062,0.19479023109033888,-0.01675743511456762,1,SPY
2023-08-18,420.5234680175781,421.5543115245304,417.1612164787308,417.5080258452247,98852000,427.76824951171875,427.7068475341797,427.4840967459858,429.0281039362599,19.366971373148147,-1.544007190274101,0.5976556686439056,-2.1416628589180067,0.00048130106517896287,0.006368729314322235,0.03281430719256773,-0.016795100564826804,1,SPY
2023-08-21,423.259521484375,424.0013277942752,419.3866698421799,421.53502982303786,68719000,426.67286682128906,427.9341741943359,426.8341620903534,428.6008015324166,26.37818100538368,-1.7666394420631946,0.12479664650248556,-1.8914360885656802,0.006506303868592855,0.005966721597332387,-0.30482944199409223,-0.010923765830952448,1,SPY
2023-08-22,422.113037109375,425.0321333206804,421.5542789285874,425.0321333206804,64994200,425.6516571044922,428.1237890625,426.10783517020286,428.1202263899691,30.75195003353967,-2.0123912197662435,-0.30264092675126025,-1.7097502930149833,-0.002708703093032061,0.005933805797113115,-0.054203349874125006,-0.0140397523022191,1,SPY
2023-08-23,426.8144836425781,427.43107286328376,423.0283341735705,423.1728380844883,68441000,425.3896118164063,428.3325665283203,426.21655031979907,428.02350470497714,41.630618495358455,-1.8069543851780736,-0.6035036184366229,-1.2034507667414507,0.01113788516317471,0.007063426411130809,0.05303242443171863,-0.0035441687239575748,1,SPY
2023-08-24,420.8992614746094,428.9243595057039,420.87033128977225,428.4137593836846,88517300,424.5206268310547,428.3681359863281,425.3985058820776,427.49578298420914,37.22320458849824,-2.0972771021315566,-0.9022583151756097,-1.1950187869559468,-0.01385900056035183,0.008192100622654309,0.29333732704080884,-0.01743564444755319,1,SPY
2023-08-25,423.8664855957031,425.1477928046301,419.0783933508206,422.6236931625658,102325100,423.9734191894531,428.4530676269531,425.16281045340463,427.2269461406161,35.86851415290944,-2.0641356872114898,-1.1346337895827858,-0.9295018976287039,0.007049725178177146,0.008680951055825527,0.1559898460526925,-0.010704981193514151,1,SPY
2023-08-28,426.5543518066406,427.1709115909124,423.8664616174519,426.0533657437924,61595400,423.45799865722654,428.48771118164063,425.3768937385179,427.1771243380994,42.28688668355339,-1.800230599581539,-1.2677531515825367,-0.5324774479990024,0.0063413039300805885,0.008755651608321717,-0.3980421226072586,-0.004512053262083926,1,SPY
2023-08-29,432.72015380859375,432.9995476574254,426.2653709047112,426.44841900560834,83081900,424.0620483398437,428.6746112060547,426.5066260569911,427.5877191136916,54.03743014664516,-1.0810930567005244,-1.2304211326061343,0.14932807590560992,0.014454903521294193,0.009164701870932261,0.34883286738944785,0.009437327279908425,0,SPY
2023-08-30,434.5024108886719,435.1382574911251,432.3540214319249,433.0573129923487,69053900,425.1574340820313,428.9410876464844,427.7367468003266,428.0999185044309,55.805954421892835,-0.3631717041042748,-1.0569712469057624,0.6937995428014876,0.004118729077884575,0.008646207644905965,-0.1688454404629649,0.012965237890129266,0,SPY
2023-08-31,433.8665771484375,436.2557869248091,433.6835290574293,435.11898360214246,66084600,426.51197509765626,429.2380072021484,428.6797976231129,428.52707840398693,55.302389209248,0.15271921912597008,-0.8150331536994159,0.967752372825386,-0.0014633606725770187,0.008036077931867681,-0.0429997436784888,0.0107832248510773,0,SPY
2023-09-01,434.6758117675781,437.0650508527564,433.2210704898494,436.5833515582069,58944100,427.9272094726563,429.5208612060547,429.60226133764604,428.9825401346233,53.606541931970774,0.6197212030227206,-0.5280822823549887,1.1478034853777093,0.0018651692980347079,0.007995759451544777,-0.10805089234102949,0.012001630251552431,0,SPY
2023-09-05,432.7971801757813,434.5505726941325,432.7297646178386,434.232664090542,55166200,428.8809753417969,429.8297265625,430.09378731274376,429.26510606359795,58.052159745748845,0.8286812491458022,-0.2567295760548305,1.0854108252006327,-0.004321914265616678,0.008249154629107058,-0.06409292872399441,0.006903788709573533,0,SPY
2023-09-06,429.8876953125,432.0938861890392,427.5659013158959,431.9878970619196,70758500,429.6584411621094,430.1145068359375,430.0620808511678,429.31122378573883,58.39282871552197,0.7508570654289883,-0.05521224775806671,0.8060693131870551,-0.006722513446366762,0.008607717917042365,0.28264227008566833,-0.0005273282343021268,1,SPY
2023-09-07,428.5679016113281,429.2422630358517,426.5447585365695,426.89156794336543,70355400,429.8337829589844,430.2817529296875,429.8322071219617,429.2561628839306,61.499272755435605,0.5760442380311019,0.07103904939976702,0.5050051886313349,-0.003070089503753981,0.008061416193813948,-0.0056968420755103555,-0.003983090862417882,1,SPY
2023-09-08,429.21331787109375,430.7451180605752,428.2595627004295,428.6160154651993,61659700,430.6651885986328,430.4576684570313,429.7369933910589,429.252989179276,61.969242616454096,0.48400421178286024,0.15363208187638566,0.3303721299064746,0.0015059836663897652,0.00630666460837655,-0.12359676727017399,-0.0028907618033565674,0,SPY
2023-09-11,432.0361633300781,432.3444285728758,430.1286232997532,431.8338284325165,60180100,431.48215637207034,430.6569012451172,430.0907118432157,429.4591502274836,62.059954023451226,0.631561615732096,0.24921798864752776,0.38234362708456826,0.006576789073055256,0.006266029907757085,-0.023996224438328384,0.003202693561796366,0,SPY
2023-09-12,429.6661376953125,432.11317840274216,429.0881220484013,430.59102153155527,67565400,431.7933349609375,430.7091174316406,430.02539274353825,429.47448263250794,60.04105676544092,0.550910111030305,0.3095564131240832,0.24135369790622174,-0.005485711234211932,0.006453922491868744,0.12271996889337178,-0.002421540882504347,0,SPY
2023-09-13,430.1671447753906,431.3232055262028,428.7894623481302,429.8877509320253,60199300,431.5380340576172,430.76152587890624,430.0472007484386,429.5257909393881,55.01735476799415,0.5214098090505104,0.3519270923093687,0.16948271674114168,0.0011660380842797302,0.004339171548027519,-0.10902177741861963,-0.0013798379562864893,0,SPY
2023-09-14,433.8761901855469,434.5698383708397,431.332833106535,432.6334271290332,83430800,431.4754119873047,430.9008331298828,430.6362760464553,429.8480427353999,70.79338254566224,0.7882333110554214,0.4391883360585792,0.34904497499684217,0.00862233542288049,0.005055911578307816,0.385909802937908,0.006904969373236813,0,SPY
2023-09-15,428.6487426757813,432.62229333118586,428.21370176743056,432.2935859212208,111848900,430.95362854003906,431.0024523925781,430.3305016817362,429.7592056939467,57.145228170360255,0.57129598778954,0.4656098664047714,0.10568612138476863,-0.012048247006893997,0.006316338765524019,0.34061881223720736,-0.005461012353249695,0,SPY
2023-09-18,428.9000854492188,430.1955896700722,427.86560575276553,428.3393267614431,55752200,430.3760559082031,431.13048461914065,430.1104376459643,429.69556715730016,53.78000670777236,0.41487048866412124,0.4554619908566414,-0.04059150219252017,0.0005863606921334696,0.0062602801791358355,-0.5015400240860661,-0.005173373838067041,0,SPY
2023-09-19,428.0105895996094,428.5713482483716,425.332573169419,427.9815868766938,66514600,429.89739685058595,431.2193408203125,429.78738410037124,429.5707540048786,40.855876194099096,0.2166300954926328,0.40769561178383973,-0.19106551629120694,-0.0020738999123252055,0.0061803220850784255,0.193039915913632,-0.007441111557285551,0,SPY
2023-09-20,424.0757751464844,429.68318495179983,423.8727265693422,429.2674693964477,82562600,429.3162048339844,431.1755499267578,428.9086750305425,429.1637185338865,31.317231936236013,-0.25504350334398396,0.275147788758275,-0.5301912921022589,-0.009193264252657651,0.00647279286055205,0.24127033764015726,-0.016466088537440138,0,SPY
2023-09-21,417.06646728515625,421.4943834516094,416.91177626347593,421.2333589486901,104095800,428.1660614013672,430.922978515625,427.0867969158677,428.2676258487953,25.494249557966484,-1.180828932927625,-0.016047555578905,-1.16478137734872,-0.016528432587093578,0.008073407048980196,0.26081058493797427,-0.03215542433638485,0,SPY
2023-09-22,416.1287231445313,419.6865285568745,415.712978065788,418.0913196169548,100829700,426.85760192871095,430.58344299316406,425.40093941258516,427.3684478707017,23.047038882271124,-1.9675084581165265,-0.4063397360864293,-1.5611687220300972,-0.0022484285220268907,0.00794298604909613,-0.031375905656136016,-0.03357007819007618,0,SPY
2023-09-25,417.8785705566406,417.9172211836111,414.485104517223,414.92017485715184,70874500,425.4418426513672,430.28429931640625,424.243651896286,426.665493995586,28.238555780802926,-2.4218420993000223,-0.8094402087291479,-1.6124018905708744,0.004205062796161618,0.007653304444885437,-0.29708706859189304,-0.02883146975028983,0,SPY
2023-09-26,411.7394409179688,415.54862280920696,410.9079802974168,414.84285049792544,96168400,423.6491729736328,429.8323162841797,422.3199271303911,425.55986043428106,25.807013290069108,-3.239933303889984,-1.2955388277613151,-1.944394476128669,-0.01469118081478571,0.008456874645046488,0.35688294097312845,-0.04209286896485687,0,SPY
2023-09-27,411.9037170410156,413.4699524588792,408.26858155775824,412.9091938575433,104705800,421.8228302001953,429.31906982421873,420.71743327048716,424.5482942570021,27.079251226101164,-3.830860986514949,-1.802603259512042,-2.028257727002907,0.00039898077939914955,0.00840591549297166,0.08877552293684832,-0.04056505756973172,0,SPY
2023-09-28,414.291748046875,415.964317107926,410.762945679416,411.35270706101295,92258300,419.8643859863281,428.8341241455078,419.7288663130084,423.788550093289,30.414988351934866,-4.059683780280636,-2.254019363665761,-1.8056644166148752,0.005797546628164119,0.007959111027389585,-0.11888071147921131,-0.03391142467407382,0,SPY
2023-09-29,413.2863159179688,417.5112133076614,411.7684378270295,417.3371969608053,115111300,418.32814331054686,428.3872595214844,418.7377047137715,423.0106068210431,24.157352049215717,-4.272902107271591,-2.657795912386927,-1.615106194884664,-0.002426869793198061,0.007525678607225313,0.24770671039895586,-0.03525068327284897,1,SPY
2023-10-02,413.1219482421875,414.3691244055631,410.36657139466814,412.454856073705,83798600,416.7503295898438,427.93710754394533,417.8737421796817,422.27811359297976,25.7212158560003,-4.404371413298065,-3.0071110125691547,-1.3972604007289107,-0.00039770897184487897,0.007470835807353426,-0.2720210787298901,-0.034619945409236186,1,SPY
2023-10-03,407.5919189453125,413.1800040858978,406.2287317175528,410.9467055118216,103760600,414.7084625244141,427.337431640625,416.291923220548,421.19024732278217,21.13165459371733,-4.898324102234199,-3.3853536305021636,-1.512970471732035,-0.013385948919937496,0.008030080583006279,0.2382140035752387,-0.04620590482679221,1,SPY
2023-10-04,410.5599365234375,411.30435944495287,406.5960637049735,408.0559363281981,87453000,413.35687866210935,426.7732257080078,415.4100791133002,420.4028168932011,19.608069329340438,-4.992737779900892,-3.7068304603819096,-1.2859073195189827,0.007281836170366374,0.008701317338850123,-0.15716562934292977,-0.03799040850717106,1,SPY
2023-10-05,410.4052429199219,411.2463514179395,407.1858225474584,410.269877205424,70142700,412.6907562255859,426.20457641601564,414.6401043143189,419.66225585814334,22.59627241497209,-5.022151543824464,-3.96989467707042,-1.0522568667540435,-0.00037678689456532855,0.007345720394930705,-0.19793832115536347,-0.03706983540381348,1,SPY
2023-10-06,415.2779235839844,416.81512702154566,406.6347574601129,407.9592644123595,113273300,412.6056762695313,425.79157165527346,414.73823035580585,419.33749050450194,32.03253996047208,-4.599260148696089,-4.095767771395554,-0.5034923773005353,0.011872851889987324,0.008474476008188278,0.6148979152499119,-0.02469200606864308,1,SPY
2023-10-09,417.9366149902344,418.5070215863633,412.8319288458573,413.3829806224,80374400,412.6114807128906,425.3463818359375,415.23028953033327,419.23372194788953,37.3050399265308,-4.003432417556269,-4.077300700627697,0.07386828307142856,0.006402197793960784,0.008627670758668455,-0.2904382586187566,-0.017420547492893013,1,SPY
2023-10-10,420.1119079589844,422.70291641435927,418.16863686530417,418.5650271110164,78607300,413.4487274169922,424.9279357910156,415.9813077501258,419.2987727635262,44.77304298975756,-3.3174650134004082,-3.9253335631822397,0.6078685497818315,0.005204839419969964,0.006989793566464527,-0.02198585619301663,-0.011333751976240536,1,SPY
2023-10-11,421.8327941894531,422.08414129890025,418.7970380226223,421.175379435057,62451700,414.44163513183594,424.5691473388672,416.8815364330992,419.4864780543356,57.30379324180624,-2.604941621236378,-3.6612551747930677,1.0563135535566897,0.0040962567303299835,0.006991301576483789,-0.20552289672842095,-0.006445011764432462,0,SPY
2023-10-12,419.2611389160156,422.8189443567332,416.91182957643576,422.4419089154139,81154200,414.93857421875,424.2812786865234,417.2476291227787,419.46978626631187,54.57113057357456,-2.2221571435331953,-3.373435568541093,1.1512784250078978,-0.006096385366099577,0.007352744201486557,0.2994714315222804,-0.011832102953137524,0,SPY
2023-10-13,417.17279052734375,421.95844616014017,415.606584539678,420.75959814761615,95143100,415.3272216796875,423.97649658203125,417.23611549271175,419.29963843379574,48.98013181951679,-2.0635229410839884,-3.1114530430496723,1.047930101965684,-0.004981020645202672,0.007535494654768916,0.17237431950533666,-0.01604736609113211,0,SPY
2023-10-16,421.5621337890625,422.62561629317145,419.1741442361407,419.4158434641518,75433200,416.171240234375,423.7986169433594,417.9016567690734,419.46723068233405,64.95003186293172,-1.565573913260664,-2.802277217091871,1.2367033038312067,0.01052164321687954,0.008087490858062653,-0.20716058232283796,-0.005277230894304208,0,SPY
2023-10-17,421.542724609375,423.5923585822175,418.0912825017143,418.43931518310666,75324700,417.5663208007812,423.54520446777343,418.4618210521967,419.62097097322595,64.7354439840297,-1.1591499210292682,-2.47365175787935,1.314501836850082,-4.604108892103387e-05,0.006118204071411062,-0.0014383587067763326,-0.004727901147918212,0,SPY
2023-10-18,415.9256591796875,420.7306406420036,414.8428514424272,419.77352121429993,93559800,418.10289306640624,423.2172149658203,418.0716423025799,419.34724417370455,52.27336804954023,-1.2756018711246497,-2.2340417805284103,0.9584399094037606,-0.013325020458822001,0.007878156293588229,0.24208659310956437,-0.01722887332624612,0,SPY
2023-10-19,412.2711791992188,418.4490253157197,411.59443909771255,416.64111990263626,121323000,418.28948669433595,422.87393981933593,417.17926336360125,418.82309121263154,48.68454354483562,-1.6438278490302878,-2.115998994228786,0.472171145198498,-0.00878637780529401,0.008504232810021543,0.296742831857272,-0.025073100093722767,0,SPY
2023-10-20,407.20513916015625,412.3775078471192,407.0987761718527,411.83610400929126,123919900,417.4822082519531,422.42626037597654,415.64478271691735,417.96250217170746,43.19697958553513,-2.317719454790108,-2.1563430863410504,-0.16137636844905767,-0.01228812561892556,0.008340361113940932,0.021404844918111232,-0.036032611235563006,0,SPY
2023-10-23,406.4993896484375,410.3569290893258,403.9277065226112,405.6776064364825,92035100,416.33848571777344,421.96947692871095,414.23779916792046,417.1133827255393,48.58708899287072,-2.8755835576188247,-2.300191180596605,-0.5753923770222196,-0.0017331547268149006,0.00781773370562531,-0.25730169246424506,-0.036661626316841445,0,SPY
2023-10-24,409.564208984375,410.7146997498694,406.77015155265934,408.6167373232907,78564200,415.2837158203125,421.52658996582034,413.5187852935288,416.5541846706382,48.715493756200495,-3.0353993771093997,-2.447232819899164,-0.5881665572102355,0.007539542282186673,0.00811084092395526,-0.14636698390070746,-0.028378710302510934,0,SPY
2023-10-25,403.6860656738281,407.9109932440979,403.1736644565339,407.8819905149794,94223200,413.46904296875,421.06671813964846,412.00605919819026,415.6009906708745,42.44741034271264,-3.594931472684266,-2.676772550456185,-0.918158922228081,-0.014352189916993274,0.008528623945695618,0.19931470058881784,-0.04127766863790927,1,SPY
2023-10-26,398.85205078125,403.4733388003184,397.9336114254036,402.6225823087564,115156800,411.4281341552734,420.5727880859375,409.98236559558404,414.36032845682826,31.520683027784045,-4.377962861244214,-3.0170106126137908,-1.360952248630423,-0.011974688510759557,0.008858216505225405,0.22217033596821167,-0.05164560789474848,1,SPY
2023-10-27,397.0440979003906,400.833954292058,395.6229054415524,400.43756406837696,107367700,409.41526489257814,420.10724670410156,407.9918628732466,413.07764471190694,26.0369544307094,-5.085781838660353,-3.430764857823103,-1.6550169808372495,-0.004532891023922403,0.008859133700881964,-0.06763907993275253,-0.0548982408293357,1,SPY
2023-10-30,401.79107666015625,402.8448816266276,398.5329761803426,399.8284803456642,86562700,407.4381591796875,419.73259887695315,407.03789576354035,412.2416026339995,30.15717930021927,-5.203706870459143,-3.7853532603503113,-1.418353610108832,0.011955797315381655,0.00914352766344297,-0.19377336014462454,-0.042745124550253366,1,SPY
2023-10-31,404.314453125,404.63348310254605,400.4569136434261,402.361504611754,79665200,405.71533203125,419.35369750976565,406.6189045883803,411.65440637407363,31.350522115596405,-5.035501785693327,-4.035382965418915,-1.0001188202744125,0.006280319826460712,0.009706984432253032,-0.0796821263662062,-0.03586291112746287,1,SPY
2023-11-01,408.6263427734375,409.43844855236455,404.7494781285324,405.28123407598383,98068100,404.985400390625,419.0839636230469,406.92774123223523,411.4301053666191,39.08302428932409,-4.502364134383868,-4.128779199211905,-0.37358493517196223,0.01066469332251252,0.01013472901625395,0.23100299754472475,-0.02495352186516897,1,SPY
2023-11-02,416.4573974609375,416.612088488878,412.3968391143164,412.4161644286976,94938900,405.4040222167969,418.87682189941404,408.39384219049714,411.80249737360566,49.34307723004011,-3.4086551831085217,-3.984754395991229,0.5760992128827072,0.0191643412765532,0.01170310351993599,-0.03190843913566188,-0.0057759806988259,1,SPY
2023-11-03,420.25689697265625,421.8037777300333,418.6326854543438,418.75837375712325,100167800,406.7091979980469,418.863974609375,410.21892754159853,412.4287491957575,48.78831661850529,-2.2098216541589863,-3.6297678476247803,1.419946193465794,0.009123381010599285,0.010919577730553175,0.05507647550161199,0.003325476640907654,1,SPY
2023-11-06,421.22369384765625,421.6684121077968,419.2804228673673,421.0109973746679,67831700,408.18162841796874,418.81111877441407,411.91196851176124,413.0802265773797,49.7089552903654,-1.1682580656184314,-3.1374658912235107,1.9692078256050793,0.0023004902048351372,0.01079028185904826,-0.3228193091991638,0.00576053252908415,1,SPY
2023-11-07,422.4224548339844,423.0605441659624,420.0828234543573,421.2236364247306,64256100,409.4674530029297,418.7284808349609,413.5289664074879,413.77224348527636,56.44656954332244,-0.24327707778843433,-2.558628128536496,2.3153510507480615,0.002845901130057671,0.010702417908199095,-0.0527128171636565,0.008821883793663998,1,SPY
2023-11-08,422.7319030761719,423.544008852029,420.4309219590949,423.0219303160148,61746000,411.3720367431641,418.5287158203125,414.94480281805465,414.43592197349085,61.1178971882287,0.5088808445638051,-1.9451263339164357,2.454007178480241,0.0007325563275490943,0.008867626038539916,-0.0390639954805847,0.010042769102763138,1,SPY
2023-11-09,419.4351501464844,423.91142437106953,419.00975716373983,423.8727442351021,83174400,413.4303466796875,418.22737060546876,415.6356254839669,414.8062351714904,63.50629120525432,0.8293903124765052,-1.3902230046378476,2.219613317114353,-0.007798684948302714,0.008058871461276764,0.34704110387717413,0.0028878538945624754,1,SPY
2023-11-10,425.9803771972656,426.289759293016,419.4254952530958,421.5041322366741,89462200,416.323974609375,418.0696466064453,417.2271257475513,415.6339493956219,69.0561439394075,1.5931763519294009,-0.7935431333243981,2.386719485253799,0.015604860604780946,0.007906248892822898,0.07559778008618045,0.01892204003575304,1,SPY
2023-11-13,425.5743408203125,426.6764739726906,423.863120884433,424.64622403342025,52236100,418.7023010253906,417.8876171875,418.5113126818223,416.37027468633977,66.52030099432928,2.1410379954825203,-0.20662690756301438,2.3476649030455348,-0.0009531809413960701,0.008075088809506992,-0.4161098206840431,0.0183942364326235,1,SPY
2023-11-14,433.8307189941406,435.11654569788686,431.27836139592864,431.5007352713821,97176900,421.6539276123047,417.90828796386717,420.868144422179,417.663640931362,79.64999213559908,3.2045034908169896,0.4755991721129865,2.728904318704003,0.019400554455218266,0.009155972788232158,0.8603398798914927,0.038100299728083264,1,SPY
2023-11-15,434.7491760253906,436.39274237986,433.8983901244557,435.16489156652574,77327600,424.2662109375,418.005517578125,423.00368774574997,418.9292361235123,88.25467712655349,4.074451622237689,1.195369662137927,2.8790819600997617,0.0021170862067569907,0.009186027623974552,-0.2042594484903305,0.04005607041810455,1,SPY
2023-11-16,435.2809448242188,435.59997479434537,433.24098818272,434.3044705903049,66665800,426.1485656738281,418.1397784423828,424.89249652705286,420.1404738050461,91.88739585360098,4.752022722006757,1.9067002741116932,2.8453224478950636,0.00122316229254249,0.008068333769059518,-0.13787832546206014,0.04099386680140493,1,SPY
2023-11-17,435.8223876953125,436.4314744698249,434.372192329064,435.2906316917746,83133200,427.7051147460937,418.2719598388672,426.57401824524663,421.30209705617693,91.06402691404651,5.271921189069701,2.579744457103295,2.692176731966406,0.0012438928869544785,0.007946093190972548,0.2470142111847453,0.04195936983967652,1,SPY
2023-11-20,439.1771545410156,440.0182630951851,435.5613141930735,435.57099160312566,69936200,429.5004608154297,418.41477966308594,428.51296229074956,422.6261753883872,91.23979186265882,5.88678690236236,3.241152946155108,2.6456339562072517,0.0076975551059770275,0.00802550396884101,-0.15874524257456712,0.04962151407425863,1,SPY
2023-11-21,438.2200012207031,439.0514618608499,436.9534996970191,438.13299304399567,49244600,431.08021545410156,418.58585693359373,430.0063528953578,423.78127359818836,88.02488238352656,6.2250792971694295,3.8379382163579727,2.387141080811457,-0.002179424203685665,0.008273993960791794,-0.29586394456661924,0.0469058950795469,1,SPY
2023-11-22,439.9118347167969,441.2266936036218,438.81937920232434,439.8731840909304,59394900,432.79820861816404,418.7807507324219,431.53027317557917,424.97612997734456,85.7817270652517,6.5541431982346126,4.381179212733301,2.172963985501312,0.0038606943804047056,0.008207835476966806,0.20612006189511134,0.05045858470671827,1,SPY
2023-11-24,440.1826477050781,440.3760189003886,439.6315958566172,439.96030328520334,29737400,434.8729583740234,418.9068798828125,432.861407718579,426.1025386979174,84.06619493885661,6.758869020661621,4.856717174318965,1.9021518463426554,0.0006156074170080572,0.007235082879687871,-0.4993273833275248,0.05078877632235934,1,SPY
2023-11-27,439.3898620605469,440.3663068584605,439.0031197003399,439.5542010097652,50506000,436.2139068603516,419.1217022705078,433.86578530965096,427.08678487292696,81.24381310891343,6.779000436724004,5.241173826799973,1.5378266099240312,-0.0018010379297422885,0.006410459628918779,0.69839999461957,0.048358650196924646,1,SPY
2023-11-28,439.8248596191406,441.1203637861366,438.44234728096177,439.0030764411284,62115000,437.6389587402344,419.34019775390624,434.78256597264937,428.03034596523906,80.73775970469775,6.752220007410301,5.543383062922039,1.2088369444882625,0.0009900036303838178,0.006301717032276043,0.22985387874707963,0.048849745326003724,1,SPY
2023-11-29,439.5155029296875,443.10234049536746,439.1191421839662,441.9711751961111,63146000,438.2074371337891,419.57029602050784,435.51071011988597,428.881098332976,79.64486426639384,6.629611786909948,5.7606288077196215,0.8689829791903261,-0.0007033633563164887,0.00287639670070184,0.016598245190372785,0.04753722343634359,1,SPY
2023-11-30,441.24603271484375,441.5940948885885,438.2876370073433,440.3565962233876,79752700,438.85712280273435,419.913701171875,436.3930674421872,429.79701939829954,90.78089212534536,6.596048043887663,5.927712654953231,0.6683353889344321,0.0039373577806038895,0.0029887984476357475,0.262988946251544,0.05080170397735406,1,SPY
2023-12-01,443.8564453125,444.3881717849613,440.0472633152973,440.6369952391435,89183400,439.7146728515625,420.4495007324219,437.54127942223533,430.83845835490695,89.19033199479213,6.702821067328387,6.0827343374282625,0.620086729900124,0.005916002420679467,0.0032952299240346563,0.11824928811187574,0.05567123885104697,1,SPY
2023-12-04,441.5264587402344,443.8757680204174,439.2544802266773,440.4726537072012,72430900,440.2850799560547,420.95745544433595,438.15438393269676,431.6301620871534,82.25167360789757,6.524221845543366,6.171031839051284,0.3531900064920821,-0.005249414753063175,0.004013088510181631,-0.18784325334086838,0.04886242785315931,1,SPY
2023-12-05,441.439453125,442.3965725770802,439.76688393206007,440.14394887033336,69793500,440.5113098144531,421.4286730957031,438.6597791930511,432.356776238105,72.97141414569516,6.303002954946123,6.197426062230252,0.10557689271587112,-0.0001970564017446108,0.0033359404910306483,-0.03641263604345657,0.04748319539414103,1,SPY
2023-12-06,439.6604919433594,443.6050096339301,439.22542161159066,443.5760069120985,69124700,440.6553588867188,421.9870941162109,438.81373500079087,432.89779221627197,64.09530582716448,5.915942784518904,6.141129406687983,-0.2251866221690788,-0.004029909807669374,0.0035469065498213393,-0.009582554249321196,0.04188137048163232,1,SPY
2023-12-07,443.0153503417969,443.6630877368815,441.13976201140014,441.7391713636157,66995400,440.96571044921876,422.60932678222656,439.4601373609457,433.64724096631085,69.10210511241579,5.8128963946348335,6.075482804277354,-0.26258640964252056,0.007630565993338667,0.004117805043756189,-0.030803750323690426,0.0482857861063859,1,SPY
2023-12-08,444.9198913574219,445.4516177863762,442.0291489132063,442.2708481089666,83194400,441.43943481445314,423.2218896484375,440.3000995142497,434.4822521063931,71.05123783456276,5.817847407856618,6.023955724993208,-0.2061083171365894,0.004299040685961764,0.00427025826358817,0.24179272009720076,0.05126861875459343,1,SPY
2023-12-11,446.6504211425781,446.82446698086267,444.2141039538438,444.42680041904015,65002200,442.1654907226563,423.8891717529297,441.2770720724541,435.3835979609254,68.69834521431582,5.89347411152869,5.997859402300305,-0.1043852907716154,0.003889531169030347,0.004222685685102407,-0.21867096823824683,0.05369622747267333,1,SPY
2023-12-12,448.6903991699219,448.7870847504341,445.30661038207074,446.3024099023236,68327600,443.0520446777344,424.60054077148436,442.41758393360294,436.36928693936954,74.85071924207965,6.048296994233397,6.007946920686924,0.04035007354647302,0.004567281101236276,0.004311319059593872,0.051158268489374104,0.056735345543053484,1,SPY
2023-12-13,454.8779296875,455.1293063163757,448.7097609043121,449.0674710273743,93278000,444.5882873535156,425.54626098632815,444.3345602034333,437.7402975133051,79.27378003283093,6.594262690128176,6.1252100745751745,0.46905261555300104,0.01379020038990153,0.005555853143414168,0.36515844256201,0.06892709768659966,0,SPY
2023-12-14,456.33782958984375,458.0007214940584,453.6694606145386,456.8115506454331,119026000,446.09746704101565,426.4618188476563,446.1812170321118,439.1178924819376,80.19505150076033,7.063324550174229,6.312832969694986,0.7504915804792436,0.003209432260973255,0.005553604517086043,0.2760350779390639,0.07005553468518122,1,SPY
2023-12-15,455.5863952636719,456.9163018501235,453.7420397034311,455.7417134699126,141553700,447.2704620361328,427.3654418945313,447.6281675292749,440.3377815768809,80.3192060637498,7.29038595239399,6.508343566234787,0.782042386159203,-0.0016466623572436445,0.0056836820602568575,0.1892670508964427,0.06603471081806656,1,SPY
2023-12-18,458.1491088867188,459.12954211953263,456.13003141968665,457.18810894495897,70375300,448.93272705078124,428.2228656005859,449.2467738919586,441.65713915538737,81.77130127889691,7.589634736571213,6.724601800302073,0.8650329362691398,0.005625088127497291,0.005009751867010046,-0.5028367326322095,0.06988473920971283,1,SPY
2023-12-19,460.9350891113281,461.0127630324847,458.6150917294133,458.6927360266488,55761800,450.8822906494141,429.0828350830078,451.04497623340006,443.08513544842003,84.20089873492972,7.959840784980031,6.971649597237665,0.9881911877423661,0.006080946509705365,0.004856226134847711,-0.20765097981820324,0.07423334476234267,1,SPY
2023-12-20,454.5477294921875,461.9639883390121,454.1206118512591,460.0807959105322,102921000,452.3710144042969,429.77155151367185,451.5838613501366,443.93421648869906,68.48937477093486,7.649644861437537,7.10724865007764,0.5423962113598968,-0.013857395043313625,0.007177965766360262,0.8457259270683515,0.05764964640226422,1,SPY
2023-12-21,458.8577880859375,459.1295875723286,455.1108062836296,457.52788134560456,86667500,453.95525817871095,430.5120513916016,452.7029270017983,445.0396662366427,69.91108216312729,7.663260765155599,7.218451073093232,0.44480969206236676,0.009482081449543545,0.007322814442768111,-0.15792209558787806,0.0658419122129339,1,SPY
2023-12-22,459.7799072265625,461.45925759296136,457.8870276491879,459.98374941589714,67160400,455.441259765625,431.3224267578125,453.79169319022355,446.1315359395997,75.16816535032169,7.660157250623854,7.306792308599357,0.35336494202449664,0.0020095967957121097,0.007332366944120983,-0.22507975884847264,0.0659772798800673,0,SPY
2023-12-26,461.7213439941406,462.6241033206968,460.1099508863103,460.1876248035588,55387000,456.94835205078124,432.2133978271484,455.01163946774926,447.28633653623234,76.60450381135456,7.7253029315169215,7.390494433182871,0.33480849833405024,0.004222535037011754,0.00733602134799261,-0.17530270814348936,0.06827170632686652,0,SPY
2023-12-27,462.5562133789063,462.7018149557165,460.9836571015111,461.5175394244562,68000300,458.3349334716797,433.0332794189453,456.1723431463888,448.4174385245786,80.79591493274337,7.754904621810226,7.463376470908343,0.29152815090188344,0.0018081671892047346,0.007336967006534002,0.2277303338328489,0.06817705558236908,0,SPY
2023-12-28,462.73089599609375,463.5656980482324,462.31349497002446,462.9153345190397,77158100,459.12023010253904,433.8570428466797,457.18135127711264,449.47769463357974,78.99930603373592,7.703656643532895,7.511432505433254,0.19222413809964145,0.00037764624522362844,0.0063147141183229555,0.13467293526646196,0.06655153725283136,0,SPY
2023-12-29,461.3913269042969,463.06096072132885,459.4401769650659,462.5367654374911,122283100,459.6255798339844,434.7663562011719,457.829039835141,450.3601859128921,74.6370646007665,7.468853922248854,7.502916788796375,-0.03406286654752044,-0.00289492035951755,0.006449542172621689,0.5848381440185801,0.061239721803140856,0,SPY
2024-01-02,458.8091735839844,459.7993234289346,456.71242227128295,458.333531951908,123623700,459.94785766601564,435.6971160888672,457.9798296426553,450.9860368514916,67.73458087030838,6.993792791163742,7.401091989269849,-0.4072991981061076,-0.005596449629076128,0.006751716958071815,0.010963084841650206,0.05304615670305046,1,SPY
2024-01-03,455.0622863769531,457.3920005131712,454.4604467676884,456.6542463475319,103585900,459.63917541503906,436.6542590332031,457.5309768325473,451.287981260785,58.853115470331026,6.242995571762322,7.169472705768344,-0.9264771340060225,-0.008166548148465402,0.007042088581312247,-0.1620870431802316,0.04215698567673942,1,SPY
2024-01-04,453.596435546875,457.1686653982138,453.3731600721968,454.5865557790852,84232200,458.9053100585937,437.59619995117185,456.9256627885977,451.4589778745694,47.950594050514795,5.466684914028292,6.828915147420334,-1.362230233392042,-0.003221209214564258,0.006657557801812267,-0.18683720467747056,0.03656392719472534,1,SPY
2024-01-05,454.2176818847656,456.6638768226145,452.7712941422228,453.8002512717565,86118900,458.87230529785154,438.4892694091797,456.50905034185433,451.66332631976917,46.51593613310184,4.8457240220851645,6.432276922353301,-1.5865529002681367,0.001369601454521252,0.005096822586775891,0.022398797609465282,0.035869549320507677,1,SPY
2024-01-08,460.7021484375,460.8477500166702,454.5866154970485,454.71281340697016,74879100,459.05674133300784,439.6295910644531,457.154142356569,452.33286869886035,57.07389243217194,4.821273657708673,6.1100762694243755,-1.2888026117157025,0.014276120924723301,0.006200199598475287,-0.13051490439380897,0.047932527294227256,1,SPY
2024-01-09,460.0032043457031,461.02244496424106,457.54729244084217,458.0520544271024,65931400,459.0790710449219,440.8526141357422,457.5924595856666,452.9010417097376,52.70310794012089,4.691417875928948,5.826344590725291,-1.1349267147963422,-0.0015171279191281695,0.006199939417304349,-0.11949529307911022,0.04343989259880909,0,SPY
2024-01-10,462.6047058105469,463.4686578138975,459.9934757568045,460.27499186871785,67310600,459.1674072265625,442.1638262939453,458.36357438949426,453.6198316431309,52.44731846184401,4.743742746363353,5.609824221852904,-0.8660814754895512,0.0056553985717209265,0.006322035080996107,0.02091871247994126,0.04622919900058209,0,SPY
2024-01-11,462.40087890625,464.119036700077,458.4306513904914,463.6045580641455,77940700,459.15187377929686,443.3760223388672,458.98469816130284,454.27027958854717,64.0598296202078,4.714418572755676,5.430743092033458,-0.7163245192777818,-0.000440607070651744,0.006298786555125315,0.15792609187854523,0.04290907854471726,1,SPY
2024-01-12,462.72119140625,464.5849803515552,461.3136700813151,463.8472262405501,58026400,459.1509033203125,444.5441571044922,459.55954327591013,454.89627305652516,58.069648493873004,4.6632702193849696,5.27724851750376,-0.6139782981187905,0.0006927160276115618,0.006301760624490833,-0.25550578837500815,0.0408891535548519,1,SPY
2024-01-16,461.02239990234375,462.65319658217305,459.207164709733,461.3427529504032,85014900,459.1140106201172,445.59207824707033,459.7845981415153,455.3500602302895,52.51368778755468,4.434537911225789,5.108706396248166,-0.6741684850223768,-0.003671306902421012,0.006346229941136867,0.4651072615223415,0.034628806050536864,1,SPY
2024-01-17,458.4598083496094,458.94516670999695,456.1106608508071,458.0035703058881,68843900,459.0790740966797,446.43212646484375,459.5807843273759,455.58041194283174,43.56335822693327,4.000372384544164,4.887039593907366,-0.8866672093632015,-0.0055584968393666,0.006342562630488618,-0.19021371547811028,0.026941792876800985,1,SPY
2024-01-18,462.5367431640625,463.09005873569527,458.5859491170127,460.129384955841,91856200,459.82651977539064,447.27772338867186,460.0355472253277,456.095695736997,49.96593467145635,3.939851488330703,4.697601972792033,-0.7577504844613303,0.008892676610256167,0.006212194356811546,0.334267814577617,0.03411531354565356,1,SPY
2024-01-19,468.3028564453125,468.5843725866021,462.5853504138152,463.6628317450775,110834500,461.2971618652344,448.219306640625,461.30744095147924,456.9999298635389,58.15348642797431,4.307511087940327,4.6195837958216925,-0.31207270788136565,0.012466281579720295,0.006799064641992744,0.20660880811529325,0.04480741794728216,1,SPY
2024-01-22,469.29296875,471.0111265282756,468.6425755704272,469.83656769535,75844900,462.8046905517578,449.15671691894534,462.5359836897132,457.9105253366101,61.6819992690883,4.625458353103113,4.620758707277977,0.004699645825136045,0.0021142563857137198,0.00678064186992679,-0.31569231602073367,0.04483123834634406,1,SPY
2024-01-23,470.66162109375,470.9043002358288,468.7493378931313,469.8365357098172,49945300,463.80063781738284,450.11531127929686,463.7860817518727,458.8550509482501,68.17512618853077,4.931030803622605,4.682813126546902,0.24821767707570253,0.00291641348770999,0.0055812869301151554,-0.34148110156384937,0.04564676939350809,1,SPY
2024-01-24,471.1761169433594,474.45711397403113,470.6810420268628,473.5252343876121,81765000,464.9179290771484,451.1501306152344,464.92301024287065,459.7677225034434,77.42887954768825,5.155287739427251,4.777308049122972,0.37797969030427936,0.0010931332119532566,0.005449958807261474,0.6370909775294171,0.04438874106235002,0,SPY
2024-01-25,473.7388305664063,474.0106300348732,471.1761540957068,473.30199623812143,72525000,466.0313415527344,452.1052996826172,466.2792902926454,460.8026193969962,83.0520679764118,5.4766708956491925,4.917180618428216,0.5594902772209762,0.005438971821559946,0.005436077534109638,-0.11300678774536788,0.04785064651747306,1,SPY
2024-01-26,473.1369934082031,474.79691054106985,472.29247468488353,473.3117152908374,76641600,467.1049530029297,453.056552734375,467.33432154119276,461.71627673115967,81.06487290394726,5.618044810033098,5.057353456749192,0.5606913532839055,-0.001270398623401059,0.005490224498822209,0.05676111685625651,0.044322150408453,1,SPY
2024-01-29,476.8839721679688,477.0296033689382,472.90405748370506,473.4476564539632,61322800,468.52123107910154,453.91761779785156,468.80349856069677,462.83980972647885,79.19451706040783,5.963688834217919,5.238620532242939,0.7250683019749804,0.007919437313017141,0.005724121702866549,-0.19987578547420726,0.0505958646891409,1,SPY
2024-01-30,476.5151062011719,477.2237103899132,475.7579187820987,476.19475312019154,58618400,470.07050170898435,454.7529364013672,469.9898997361545,463.8527946505302,80.14911234690328,6.137105085624285,5.418317442919208,0.7187876427050766,-0.0007734920616434549,0.005411774041013073,-0.044101052137214825,0.047854929694389536,1,SPY
2024-01-31,468.7396545410156,474.758079917689,468.7202212489611,474.31155855924624,126011100,471.098486328125,455.42211059570315,469.79755432151774,464.2147842720476,59.42166190186055,5.582770049470128,5.4512079642293925,0.1315620852407351,-0.016317324590489846,0.007880289825490952,1.1496850818173132,0.029242198908377093,1,SPY
2024-02-01,474.8746032714844,474.9037235864103,469.6327095934461,470.43842101293257,91891600,472.3322723388672,456.2031549072266,470.57863877535874,465.0044004942281,66.20435600669511,5.574238281130647,5.475814027609644,0.09842425352100292,0.013088179485211349,0.008369841939498659,-0.270765829359477,0.04092792468314865,1,SPY
2024-02-02,479.8738403320313,481.52404106378,474.97170287778033,475.311459671469,99228200,473.48937072753904,457.0170886230469,472.0086697840776,466.1058404822135,69.86744620083131,5.902829301864074,5.56121708246053,0.3416122194035438,0.010527488785684547,0.008136856313104401,0.07983972419677099,0.05001290384534607,1,SPY
2024-02-05,478.12646484375,479.90289286822576,475.8744247735656,479.2428126687566,75757100,474.3727203369141,457.8152178955078,472.9498690240272,466.9962571015866,69.78890087789651,5.953611922440587,5.639696050456541,0.3139158719840456,-0.003641322659039492,0.008365452262195821,-0.23653658939696576,0.04436560025594871,1,SPY
2024-02-06,479.5146179199219,479.8446580236344,477.6411122849623,479.0680669349689,55918600,475.2580200195313,458.60727355957033,473.9598303926264,467.92354308813,75.0402866376117,6.036287304496398,5.7190143012645125,0.3172730032318851,0.0029033178002926263,0.008365276162688881,-0.26186984454262374,0.0455887762051288,1,SPY
2024-02-07,483.5139465332031,483.93134756331705,480.8541628931194,481.75695184930976,70556500,476.49180297851564,459.4738995361328,475.4296944142536,469.078387787765,74.99412763574594,6.351306626488622,5.845472766309334,0.5058338601792878,0.008340368497273154,0.00859859209432566,0.2617715751109648,0.052320810869431744,1,SPY
2024-02-08,483.7275390625,484.10610316011065,482.6985817601752,483.51398020972,52343600,477.490673828125,460.3606530761719,476.7062858985992,470.163510104412,71.18091757882542,6.542775794187207,5.9849333718849085,0.5578424223022989,0.0004417505034308711,0.008561790038671609,-0.2581321352391346,0.05075778268665765,1,SPY
2024-02-09,486.5231628417969,486.95996752942966,483.89249957484776,484.2322563033971,63979400,478.82929077148435,461.294619140625,478.2165746590911,471.3753362331072,72.54242783096403,6.841238425983931,6.156194382704713,0.685044043279218,0.005779335583653067,0.00854165552212609,0.22229651762584157,0.05469073918133205,0,SPY
2024-02-12,486.3095703125,488.7557652655047,485.5912199471907,486.4940088202494,56502300,479.7718505859375,462.2305004882812,479.4616509134617,472.4815757945437,71.11039199508566,6.980075118918023,6.320970529947376,0.6591045889706475,-0.0004390182125127984,0.008395651722184044,-0.11686730416352764,0.052093208472358876,0,SPY
2024-02-13,479.6116027832031,482.5334689735337,476.3500095116949,480.0484370645988,113099200,480.0815002441406,462.99781188964846,479.4847204318835,473.0097259418518,59.75298396555147,6.4749944900316905,6.351775321964239,0.12321916806745126,-0.013773053088370846,0.009765841498093718,1.0016742681271382,0.035883087277990056,1,SPY
2024-02-14,483.9702453613281,484.4556037244984,479.9223435779618,482.2423707733989,68387800,481.60455932617185,463.800087890625,480.1748011902596,473.82161626922044,61.3577402073142,6.353184921039144,6.35205724177922,0.0011276792599241858,0.009087858910901359,0.007993248211996104,-0.39532905626211323,0.04348890394229454,1,SPY
2024-02-15,487.3094787597656,487.4939172946228,484.1934569596569,484.6691282661458,61683000,482.848046875,464.71574829101564,481.2724438932605,474.820717194446,64.83129388830758,6.451726698814525,6.371991133186282,0.07973556562824324,0.006899666726297271,0.007359797578867745,-0.098040878636248,0.04861838780337879,1,SPY
2024-02-16,484.8826904296875,488.1442842020213,484.144936285217,487.0085622942672,75532900,483.34893188476565,465.58461303710936,481.8278664373262,475.56604854520464,58.60839931632546,6.261817892121542,6.349956484973334,-0.08813859285179237,-0.004979973581171526,0.007137182545739488,0.2245335019373247,0.04144913051720622,1,SPY
2024-02-20,482.2131958007813,483.8148722929186,479.970842787005,483.1450754577469,71736700,483.7576049804687,466.4356671142578,481.8871478778577,476.0584298233955,55.843064210961856,5.828718054462229,6.245708798871114,-0.41699074440888495,-0.00550544426846955,0.007296243772768992,-0.05025889380653992,0.03382573374831277,1,SPY
2024-02-21,482.6499938964844,482.8053121078392,479.1068842202188,480.9124325062878,59293400,484.071142578125,467.2283599853516,482.00450880380026,476.54669382880945,66.79150003389141,5.457814974990811,6.0881300340950535,-0.6303150591042428,0.0009058194580877643,0.007261820682666555,-0.17345793715071922,0.03300663065832787,1,SPY
2024-02-22,492.638671875,493.5996718242251,488.2898508655614,489.250880438706,76402500,484.9836151123047,468.18273559570315,483.64053389167714,477.7386922026013,69.61818065390229,5.901841689075809,6.050872365091205,-0.14903067601539632,0.020695489702332592,0.009436251161659094,0.2885498217339535,0.052235878044883055,1,SPY
2024-02-23,492.9784240722656,495.1916567031526,492.25038663284334,494.3568250348437,61321800,485.90870361328126,469.1092956542969,485.0771323809984,478.86756122998383,66.13268133022456,6.209571151014586,6.082612122275882,0.12695902873870413,0.0006896579920787627,0.009432286394842877,-0.19738490232649453,0.05088180651947427,1,SPY
2024-02-26,491.1728515625,493.85203868692207,491.0466536727384,493.4152043952731,50386700,486.37367248535156,469.9589447021484,486.01493533199863,479.77906421757757,66.0380557931542,6.235871114421059,6.1132639207049175,0.12260719371614126,-0.0036625791750694026,0.009477287265595062,-0.17832320642903499,0.04513991509151194,1,SPY
2024-02-27,492.08538818359375,492.30866367947897,489.9692329795254,491.86214231163,48854500,486.9512542724609,470.7030938720703,486.94885115532094,480.69064377061585,65.63621939044717,6.258207384705088,6.142252613504952,0.11595477120013609,0.0018578726780009713,0.009466583571184458,-0.030408818200040932,0.045426288014445815,1,SPY
2024-02-28,491.43499755859375,492.0174038220213,490.17304819868775,490.53220860244136,56506600,488.13359375,471.4050372314453,487.6390275250552,481.48652182898456,60.74808461088059,6.152505696070648,6.1443032300180915,0.008202466052556368,-0.0013217027788626767,0.007976860290693933,0.15663040252177374,0.042489915773459064,1,SPY
2024-02-29,493.2016906738281,494.8130838290683,490.5516532421677,493.1920036518268,83924800,489.05673828125,472.15734313964845,488.4948218556356,482.35431211378784,62.33556827239506,6.140509741847779,6.14354453238403,-0.0030347905362502203,0.0035949680507312287,0.00765280189830185,0.48522119540018327,0.04457062426318226,1,SPY
2024-03-01,497.83197021484375,498.2590878764062,493.6676174504883,494.07533144522296,76844800,490.10898742675784,472.95100036621096,489.9313062185907,483.50080530645863,64.05294937226343,6.430500912132061,6.200935808333636,0.22956510379842499,0.009388206951783884,0.007870191270210103,-0.08436123767944637,0.052607923081603,0,SPY
2024-03-04,497.2981262207031,499.1425115484434,497.0069230762816,497.0360730146448,49799300,491.35053100585935,473.67826110839843,491.06466314199264,484.5228290778841,63.54716203109049,6.541834064108514,6.269115459488612,0.27271860461990194,-0.001072337708464599,0.0075671241953355825,-0.35194964395769135,0.049864785977373316,0,SPY
2024-03-05,492.3280334472656,495.7449748064334,490.1245174506037,495.29842384541166,72855600,492.3620147705078,474.4338671875,491.2590278043423,485.100992364505,66.374999803512,6.158035439837306,6.246899455558351,-0.08886401572104496,-0.009994191635525618,0.00820478716501067,0.46298441945971125,0.03771688215650437,1,SPY
2024-03-06,494.8227844238281,497.0748540345267,493.5317443866829,495.5993458504527,68382400,493.5792938232422,475.1531671142578,491.8072980534939,485.82112510964004,64.67951713331345,5.986172943853887,6.194754153217459,-0.2085812093635715,0.005067253552665463,0.008242477919513309,-0.0613981629414897,0.0413963720983479,1,SPY
2024-03-07,499.734619140625,500.7830096761973,494.8810360564722,498.1135389799133,58652100,494.2888885498047,475.95226135253904,493.0268859130525,486.8517542971204,66.12084127535942,6.175131615932116,6.19082964576039,-0.01569802982827362,0.009926452199480407,0.0060041439848692755,-0.14229246121809125,0.04996794787885306,1,SPY
2024-03-08,496.7351684570313,503.0447976060077,496.1624491386697,500.3656691875528,86532500,494.66456298828126,476.65253784179686,493.5973909198185,487.5838590497064,65.15268086912704,6.013531870112104,6.155370090630734,-0.14183822051862993,-0.0060020870452236474,0.00645402466055494,0.4753521186794676,0.0421326417481489,0,SPY
2024-03-11,496.3079833984375,496.89041928478855,493.6093924281333,495.5314219659159,62557200,495.178076171875,477.3275732421875,494.01440514729836,488.23009048294574,69.11527821694808,5.784314664352621,6.0811590053751114,-0.29684434102249035,-0.0008599855329767259,0.006298744752752605,-0.27706699794874756,0.039763908938526216,1,SPY
2024-03-12,501.64697265625,502.2293789399501,495.9002875004815,498.4144696621104,73114400,496.1342346191406,478.10589477539065,495.1886463025217,489.2239336068942,72.73995211588044,5.964712695627497,6.057869743425589,-0.09315704779809142,0.010757411600059497,0.007012515483007411,0.1687607501614523,0.04923820881128993,1,SPY
2024-03-13,500.860595703125,502.1419486738022,499.4239541516855,501.9672268025058,55104100,497.07679443359376,478.89528015136716,496.0612539026145,490.0859085769854,62.62280027736652,5.975345325629121,6.041364859866295,-0.06601953423717433,-0.0015675903493668208,0.007025674581058537,-0.24633040823695473,0.0458666361147162,1,SPY
2024-03-14,499.8704833984375,501.9866383004977,496.8321359535948,501.8312904786425,110171800,497.74367370605466,479.71650634765626,496.6472892096642,490.81069189709297,60.3739488888746,5.836597312571257,6.000411350407289,-0.16381403783603155,-0.0019768221201301728,0.007098971812079694,0.9993394320930749,0.04201226512763645,1,SPY
2024-03-15,496.4381713867188,498.2590766512578,494.7730966492492,496.8081945985933,107646300,497.6042938232422,480.54402404785156,496.6151172369034,491.22754222965784,57.55537766816499,5.387575007245573,5.8778440817749456,-0.4902690745293725,-0.006866402649709724,0.006916763339168081,-0.0229232888997003,0.03307531993631563,1,SPY
2024-03-18,499.3885192871094,501.9396941096388,498.9795682095847,500.4985887866016,88893300,497.81333312988284,481.4598657226563,497.04179447539667,491.8320590487283,59.90049405454875,5.209735426668374,5.744222350753631,-0.5344869240852574,0.00594303192308776,0.007175996181630916,-0.17420942475496137,0.037238106103699264,1,SPY
2024-03-19,502.1637268066406,502.4460879024091,497.6942674328087,498.6972406704825,60755300,498.7969024658203,482.4187866210938,497.8297840648188,492.59736777153665,63.75214462246434,5.232416293282142,5.641861139259333,-0.4094448459771911,0.0055572112941100205,0.006293726847747809,-0.3165367918617039,0.04092904491519134,1,SPY
2024-03-20,506.8083801269531,506.9447169695436,501.5502591703246,502.22213711517423,69594600,499.99546203613284,483.3409112548828,499.2111065359164,493.65003535341936,66.24274500146453,5.561071182497017,5.62570314790687,-0.06463196540985372,0.009249280806976623,0.006649244541719162,0.14549018768732935,0.04855262264297555,1,SPY
2024-03-21,508.4831848144531,510.34298796408666,508.2007643189091,509.6419290067136,60256100,500.8703186035156,484.3105108642578,500.63758011722973,494.7487871653478,63.6799703995667,5.888792951881953,5.678321108701887,0.2104718431800663,0.003304611275528835,0.006127448255982739,-0.13418426142258166,0.04991152041498936,1,SPY
2024-03-22,507.5191650390625,508.8823549532907,507.2854193036717,508.3954886770838,79070800,501.94871826171874,485.20880004882815,501.6962854898194,495.6947410819193,62.9839977111897,6.001544407900099,5.742965768541529,0.2585786393585696,-0.0018958734608743866,0.005670491761109466,0.312245565179293,0.04598095703950378,1,SPY
2024-03-25,506.1170959472656,507.2660934728328,505.9612654237029,506.1462770254766,48512100,502.92962951660155,486.08312438964845,502.3764101755803,496.4667673682412,69.26271021694428,5.9096428073390825,5.77630117630104,0.13334163103804286,-0.0027625933922889034,0.005813365708992509,-0.38647262959271944,0.041215114354716365,0,SPY
2024-03-26,505.1822509765625,507.87950952715136,504.78304672651166,507.53866742888704,65463700,503.2831573486328,486.9323455810547,502.808077991116,497.1123587466354,65.13116898052195,5.695719244480642,5.76018478993696,-0.06446554545631766,-0.0018470922602474849,0.005008079831903162,0.349430348304856,0.03747934504891082,1,SPY
2024-03-27,509.4278259277344,509.4668132802734,505.844495978594,508.0062139266159,82999800,504.13988037109374,487.9004541015625,503.82650075059576,498.0246155748649,64.43904794029221,5.801885175730831,5.768524867095735,0.0333603086350962,0.008404046149611988,0.005474385195349255,0.26787517356947443,0.04412246728856428,0,SPY
2024-03-28,509.3302917480469,510.82981847863687,509.04793070421056,509.46662856862366,96294900,505.0858612060547,488.91786376953127,504.6732378271267,498.8620730691747,70.53729153790951,5.811164757951985,5.777052845266986,0.0341119126849998,-0.0001914582885413907,0.005368848600595928,0.16018231369232216,0.041750219190472615,0,SPY
2024-04-01,508.4441833496094,510.605900605306,507.2854391895369,510.0703595668687,62477500,506.2864624023438,489.8360125732422,505.25338329212406,499.57185901587354,69.49718435397037,5.681524276250514,5.757947131463691,-0.0764228552131776,-0.0017397520092440333,0.004634393722396967,-0.35118578450156757,0.03798857229506947,0,SPY
2024-04-02,505.2115478515625,505.3478252741464,502.9134932946272,504.627272517318,74230300,506.86876525878904,490.5741864013672,505.2469470704992,499.9896137444431,56.14230303234277,5.257333326056084,5.65782437038217,-0.4004910443260856,-0.006357896508423777,0.0051893857073191255,0.18811252050738259,0.029837202722728717,1,SPY
2024-04-03,505.7665100097656,507.266096506351,504.0722245054593,504.1208992573895,59155800,507.2290435791016,491.3036572265625,505.3268798303863,500.4175319863188,58.52159540643725,4.909347844067497,5.5081290651192365,-0.5987812210517394,0.0010984748083513463,0.004957096396791065,-0.2030774495051212,0.02943770633592835,0,SPY
2024-04-04,499.593017578125,510.1093183056524,499.2911628340767,509.76853565111946,96858100,506.50750732421875,491.88228515625,504.44474717619227,500.35645684497115,49.59158444750701,4.088290331221117,5.224161318339613,-1.135870987118496,-0.012206210394439587,0.0054744322785612596,0.6373390267733678,0.01567597096818729,1,SPY
2024-04-05,504.8121643066406,506.7693762627344,500.5082830293285,500.9464745680228,74546500,506.1404052734375,492.5550061035156,504.50127288856896,500.68650924953926,61.71010888221818,3.8147636390297066,4.9422817824776315,-1.127518143447925,0.010446796782341838,0.006524429098504682,-0.23035347585798194,0.024884851541939312,0,SPY
2024-04-08,505.0946044921875,506.5162756490336,504.2864491311744,505.513361858984,48401800,505.89794921875,493.18212158203124,504.59255467374106,501.0130348230688,58.62272196094672,3.579519850672284,4.669729396116562,-1.090209545444278,0.0005594956015666508,0.006520840323581126,-0.3507166667784537,0.024154328368480416,0,SPY
2024-04-09,505.6788635253906,507.071294128757,500.839381191466,506.82786095826793,68049200,505.8541259765625,493.832958984375,504.75967911245635,501.3586517639815,55.68855946851992,3.401027348474827,4.415988986588215,-1.0149616381133884,0.001156731883506401,0.0064847257666084054,0.4059229202219752,0.02398767503363497,0,SPY
2024-04-10,500.6154174804688,502.60181066009386,498.6387711363,499.9922143304957,82652800,505.39744262695314,494.307587890625,504.12210039984285,501.30359737261017,40.111933935005105,2.81850302723268,4.0964917947171084,-1.2779887674844286,-0.010013165291547832,0.007207579377293435,0.2146035515479976,0.01276094024119967,0,SPY
2024-04-11,504.3935546875,505.8346601112469,498.6290735605831,502.1344876196163,70099000,504.8940155029297,494.8651568603516,504.16386259794393,501.532483099639,43.88121961932781,2.6313794983049092,3.8034693354346687,-1.1720898371297594,0.007546985320679989,0.007088978595211914,-0.15188596151612532,0.01925453367458907,0,SPY
2024-04-12,497.4313659667969,502.2708187739484,495.70784003413945,500.85889444352966,92561100,503.70412292480466,495.43899108886717,503.12809388545975,501.2286966453544,37.203693681766374,1.8993972401053725,3.42265491636881,-1.5232576762634373,-0.013803088195717739,0.008150234771423851,0.3204339576884121,0.004021433342480618,0,SPY
2024-04-15,491.199462890625,501.7644387082916,490.3522904966187,501.5989207934361,92101400,501.9796508789062,495.76548828125,501.29291988625437,500.4857904413003,33.142650228467915,0.8071294449540574,2.8995498220858598,-2.0924203771318024,-0.012528166703078103,0.008754853093335504,-0.004966449188698041,-0.009210050918337931,0,SPY
2024-04-16,490.3035888671875,493.19557596027215,489.018254666714,491.676555438244,73484000,500.4888549804688,495.9740832519531,499.60225357562865,499.73155328766234,33.171866867136316,-0.12929971203368495,2.293779915261951,-2.423079627295636,-0.0018238497618979777,0.008702471766715248,-0.20214024976819023,-0.011433045750265602,1,SPY
2024-04-17,487.4019165039063,492.9229942757104,486.0094858021586,492.7574466330574,75910300,498.6523956298829,496.15959228515635,497.72527864151755,498.81824685923596,24.307096665790908,-1.0929682177184077,1.6164302886658792,-2.7093985063842867,-0.0059181136527785005,0.008621683384147543,0.03301807196124318,-0.017650925060049616,1,SPY
2024-04-18,486.39892578125,490.88784877913054,485.4641507516637,488.7943295112607,74548100,497.3329864501954,496.2972784423829,495.98276281686105,497.89829714975554,23.80425468421747,-1.915534332894481,0.9100373643538073,-2.8255716972482885,-0.0020578308962153624,0.008084249051052156,-0.017944863872228156,-0.019944402460151722,1,SPY
2024-04-19,482.1534729003906,487.3142441699,480.8876025986124,486.32104754330464,102212600,495.0671173095704,496.27006896972665,493.8551797527887,496.7320138720248,22.107478420783337,-2.8768341192361504,0.15266306763581572,-3.029497186871966,-0.008728335232320639,0.0068076719371175905,0.3710959769598421,-0.028445390830526107,1,SPY
2024-04-22,486.59368896484375,489.1838214219077,482.4163675078979,484.75331996273405,67961000,493.21702575683605,496.3273919677735,492.7380273238741,495.9810268418633,30.741280905119027,-3.242999517989176,-0.5264694494891826,-2.716530068499994,0.009209134257071705,0.007979236423568497,-0.3351015432539628,-0.01961145639038553,1,SPY
2024-04-23,492.3678588867188,492.7963035867981,486.4086204241081,488.5995186657125,64633600,491.88592529296886,496.44428588867197,492.68107833354253,495.71338477111186,37.49084707245932,-3.032306437569332,-1.0276368471052124,-2.0046695904641196,0.011866512149302233,0.009310603973553544,-0.04896043318962351,-0.008211247702561542,0,SPY
2024-04-24,492.13421630859375,494.042723959268,489.9141070818204,493.25400289949073,55928100,491.0378051757813,496.5607788085938,492.59694571431965,495.4482611812957,42.167681664536694,-2.851315466976075,-1.392372571079385,-1.4589428958966901,-0.0004745284930932625,0.008951268953365853,-0.13469000643628082,-0.008914442478966556,0,SPY
2024-04-25,490.2646484375,491.02415872515365,484.4222524660216,486.0678630419317,69122400,489.6249145507812,496.77383972167974,492.23813074865507,495.06428986694044,33.56805585908927,-2.826159118285375,-1.6791298805205832,-1.1470292377647917,-0.003798898367841641,0.008352031196835162,0.23591539852060062,-0.013102926852642915,1,SPY
2024-04-26,494.9093322753906,496.4867743057136,492.41657923952914,493.04949947545424,64306100,489.3727111816406,496.992621459961,492.64908482969133,495.0528115268256,39.52740250864633,-2.4037266971342888,-1.8240492438433245,-0.5796774532909643,0.009473829803338774,0.008188551680264396,-0.069677846834022,-0.004191790973577358,1,SPY
2024-04-29,496.662109375,497.3339873298741,493.9259228058318,496.6913201679961,46415400,489.9189758300781,497.1796740722657,493.2664732212773,495.17201877483853,40.946438125214875,-1.9055455535612396,-1.8403485057869076,-0.065197047774332,0.0035416125445661972,0.007060053415210374,-0.27821155380282736,-0.0010410013205617297,1,SPY
2024-04-30,488.7943420410156,496.1752226900087,488.7943420410156,495.20149000874,77483600,489.76805114746094,497.25790710449223,492.5784530396986,494.69959827603685,38.76345923228343,-2.1211452363382364,-1.8965078518971734,-0.22463738444106296,-0.015841287638964863,0.008870803304155447,0.6693511205332714,-0.01702047356624159,1,SPY
2024-05-01,487.2072143554688,494.8412759718296,486.739811911867,488.2101579548078,80242800,489.7485809326172,497.357787475586,491.75210862674015,494.1446068745133,32.95345300623072,-2.392498247773119,-1.9957059310723626,-0.39679231670075654,-0.0032470254850324176,0.008720877190063581,0.0356101162052358,-0.020408996050183426,1,SPY
2024-05-02,491.7642211914063,492.6016467604268,486.4281553313073,490.9073316662554,62550200,490.2851104736328,497.54007202148443,491.7539720982273,493.96828200909795,44.0973208910487,-2.214309910870668,-2.0394267270320237,-0.1748831838386442,0.009353323804874192,0.009158126409872349,-0.22048831795500656,-0.011608815359557045,1,SPY
2024-05-03,497.8597717285156,499.08665465274976,495.20147091341136,497.733181730278,72756700,491.8557403564453,497.6444940185548,492.6933258875024,494.2565405068326,56.95688069592715,-1.5632146193302106,-1.9441843054916612,0.38096968616145066,0.012395270486212917,0.009065875134904474,0.16317293949499767,0.0004325933724744768,1,SPY
2024-05-06,503.0010986328125,503.0400265445959,499.8169737447077,500.2551653379584,47264700,493.49648132324216,497.8449475097657,494.27913707908857,494.90428555320153,62.182447428367304,-0.6251484741129616,-1.6803771392159215,1.0552286651029599,0.010326857473233364,0.00915400008769486,-0.3503732302317175,0.010356941752322824,1,SPY
2024-05-07,503.5561218261719,504.9485523975052,502.8842439138016,503.96507290224616,52561300,494.6153076171875,498.0926129150391,495.7063655017168,495.5451623141623,66.22973739479687,0.16120318755446306,-1.3120610738618448,1.4732642614163078,0.0011034234216742433,0.008662172620791412,0.11206249061138651,0.010968861551987397,1,SPY
2024-05-08,503.6047668457031,504.14030789046143,501.6086268978288,501.7254700555243,42047200,495.7623626708984,498.3230004882813,496.9215041700224,496.14217005723947,67.62425578445306,0.7793341127829194,-0.893782036532892,1.6731161493158115,9.660297516567162e-05,0.008643832519536753,-0.20003500674450592,0.010599082025606776,1,SPY
2024-05-09,506.5065307617188,506.5455181068331,503.1374535973279,503.7898378767789,43643700,497.3865509033203,498.62443115234385,498.396123645668,496.90990047979346,75.651393498955,1.4862231658745486,-0.4177809960514039,1.9040041619259525,0.005761986595541391,0.008415054897133113,0.037969234574478206,0.01580768834603452,1,SPY
2024-05-10,507.1589965820313,508.9117036626552,505.9418306327187,508.1034888313709,52233200,498.61151733398435,498.90357727050787,499.74425794357,497.6690927836629,73.54005572338401,2.075165159907101,0.08080823514029706,1.994356924766804,0.0012881686230803435,0.00814105618395595,0.1968096197160185,0.01654712390856905,1,SPY
2024-05-13,507.22698974609375,508.94076852048096,506.0877393186341,508.83367220506113,36716400,499.6680053710937,499.0914776611329,500.89544745165057,498.37708515125036,69.5641831729316,2.518362300400213,0.5683190481922803,1.9500432522079327,0.00013406676115512717,0.008162870201665949,-0.29706776532933077,0.016300643166831552,1,SPY
2024-05-14,509.5543212890625,510.070428158798,506.8863031411852,507.4218442516397,57535900,501.74400329589844,499.33660156250005,502.22758188817545,499.20502856886606,71.7376171188943,3.022553319309395,1.0591659024157034,1.9633874168936918,0.004588343266460848,0.005171929122160403,0.5670354392042793,0.020462589152466792,1,SPY
2024-05-15,515.8641357421875,516.1562436643347,511.3849296855296,512.0178797101214,59504900,504.6096954345703,499.8073236083985,504.32551325033114,500.4390365076306,78.75747353409037,3.8864767427005518,1.6246280704726732,2.2618486722278783,0.012383006461730295,0.005038025331419539,0.03422211175978829,0.032126004112676076,1,SPY
2024-05-16,514.802734375,517.558414507879,514.6566506998298,515.9614786446474,50244800,506.9135467529297,500.206922607422,505.9373934233571,501.50301412743573,74.30411546661125,4.43437929592136,2.186578315562411,2.2478009803589494,-0.0020575211449046504,0.005408128070560571,-0.1556191170811143,0.029179547718961363,0,SPY
2024-05-17,515.5427856445312,515.6109540647997,513.4687302561026,514.9195824580145,59187600,508.6818481445313,500.52308593750007,507.4151460727685,502.5429972027761,73.65212963288631,4.8721488699923725,2.723692426448403,2.1484564435439695,0.001437543393062457,0.004719965096145021,0.17798458745979673,0.030008005882283584,0,SPY
2024-05-20,516.1367797851562,517.5973789121299,515.2701433728218,515.6596602461204,37764200,509.99541625976565,500.9111181640626,508.7569358746743,503.54994406073024,91.88550869493278,5.206991813944057,3.220352303947534,1.9866395099965235,0.0011521723456615618,0.00409750743300305,-0.3619575721941758,0.03039593466581203,0,SPY
2024-05-21,517.402587890625,517.5584184029028,515.1727614260365,515.3772666864285,33437000,511.38006286621095,501.3330102539063,510.08703618482053,504.5760658259076,96.71577579645741,5.510970358912914,3.67847591494061,1.8324944439723039,0.002452466390780561,0.004065251283522659,-0.11458471250549462,0.032053699453343576,0,SPY
2024-05-22,515.912841796875,517.4221156794935,513.7413773413039,516.7113097871478,48390000,512.6108703613281,501.61832763671885,510.98331397129044,505.41582700894224,91.27840132541256,5.567486962348198,4.056278124422128,1.5112088379260697,-0.0028792783967770408,0.004375975514351652,0.4471992104554834,0.02849679402166605,0,SPY
2024-05-23,512.1444702148438,519.0676954201629,510.93699174891134,518.9605990872589,57211200,513.1746643066406,501.8440051269532,511.1619533933756,505.9142450241942,76.52807578915869,5.247708369181396,4.294564173373982,0.9531441958074138,-0.007304279476561093,0.005151286250982439,0.18229386236825795,0.020525232906358548,1,SPY
2024-05-24,515.5330200195312,516.3412347653415,513.0402667962413,513.9847589456947,41291100,514.0120666503906,502.1572558593751,511.8344251820149,506.6267468757007,74.89361083023562,5.207678306314222,4.47718699996203,0.7304913063521914,0.0066163943999355546,0.005438244023637686,-0.2782689403473446,0.026636604378573292,0,SPY
2024-05-28,515.8933715820312,516.5749964273494,513.2642811397658,516.3413100648252,36269600,514.8787048339843,502.54635986328134,512.4588784743252,507.31316352061407,74.69792515606233,5.145714953711092,4.610892590711843,0.5348223629992495,0.0006989883256873775,0.005423635000887919,-0.12161216339598602,0.026558767080475887,0,SPY
2024-05-29,512.2807006835938,513.458938533357,511.5698948988185,511.8717496296608,45190300,515.1513427734375,502.804203491211,512.4314665065203,507.68112923639035,65.19943670345344,4.7503372701299895,4.638781526595473,0.1115557435345167,-0.007002747268023524,0.005952645693876301,0.245955290380925,0.01884729110572847,1,SPY
2024-05-30,508.8824157714844,511.4044095336918,507.6360688600374,510.7422784507473,46377600,514.4531707763672,502.9385772705079,511.8854587011302,507.7701134241751,54.09115703026543,4.115345276955054,4.534094276667389,-0.41874899971233503,-0.006633638369695882,0.00464656237724593,0.026273337419755904,0.011818219499554417,1,SPY
2024-05-31,513.5173950195312,513.6439850215788,504.7440541264526,509.8367164200918,90785800,514.3246368408203,503.07275756835946,512.1365258270381,508.1958379867941,59.62829188763535,3.9406878402439816,4.415412989382707,-0.47472514913872566,0.009108153680295716,0.005683939157072924,0.9575355343959153,0.020761683661140173,1,SPY
2024-06-03,513.93603515625,515.4063808363203,508.8726139393969,515.1240197883811,46835700,514.1639617919922,503.1818145751954,512.4133734161476,508.6210377771242,60.052511824763045,3.792335639023406,4.290797519310847,-0.498461880287441,0.0008152404198553675,0.00566696892005238,-0.4841076467905774,0.021372434912286575,1,SPY
2024-06-04,514.5106201171875,515.2506664560023,511.17072418863216,512.631323194632,34632700,514.0013458251954,503.3216436767579,512.7360267547691,509.0573031356474,57.837966707656314,3.6787236191217403,4.168382739273026,-0.4896591201512859,0.001118008704648954,0.005666007986181198,-0.2605491110413638,0.022230270803962116,1,SPY
2024-06-05,520.6256713867188,520.6451650598835,514.84169649016,516.8281493311971,47610400,514.3236541748047,503.61181518554696,513.9498182366076,509.9142193023934,57.576637543558405,4.0355989342141925,4.141825978261259,-0.10622704404706695,0.011885179878577512,0.006839086340071826,0.3747238881172996,0.03378367164579599,1,SPY
2024-06-06,520.6159057617188,521.3559521321091,518.6879340097541,520.9275073614583,30808500,514.7939605712891,503.9204882812501,514.9753701635477,510.706936817899,59.570314070048795,4.2684333456487025,4.167147451738749,0.1012858939099539,-1.875747881197043e-05,0.006734452892670043,-0.35290398736410533,0.03313105513413972,1,SPY
2024-06-07,519.9830322265625,522.7873872843439,518.55161418802,519.6421901069427,43224500,515.5778167724609,504.13159240722666,515.7457797117038,511.3940549963186,57.335934979025495,4.351724715385217,4.204062904468042,0.14766181091717456,-0.0012156246633115986,0.006158013162449592,0.4030056640212929,0.03144305982421236,1,SPY
2024-06-10,521.589599609375,521.9109480214009,518.5807990347079,519.1747616812378,35686100,516.1834747314454,504.3767785644532,516.6448289267302,512.1492805232117,58.717190640672875,4.495548403518455,4.262360004278125,0.23318839924033075,0.0030896534756781335,0.005931625923962631,-0.17440109197330222,0.034126910231499163,1,SPY
2024-06-11,522.8458251953125,522.9042467845098,518.0745108271142,520.0414700499772,36383400,516.8787200927734,504.6648114013673,517.5988283526659,512.9416171655895,58.70453840042321,4.6572111870764274,4.341330240837785,0.31588094623864205,0.0024084559716648357,0.005940706835394484,0.019539820826596443,0.036025919349240265,1,SPY
2024-06-12,527.1399536132812,529.8274655446977,526.1077992631506,527.4028804771598,63251300,518.3646453857422,505.10337951660165,519.066693777376,513.9933457913444,66.47603095553725,5.073347986031649,4.487733789876558,0.5856141961550909,0.008212991690934146,0.005493878172690343,0.738465893786727,0.043627849248938366,1,SPY
2024-06-13,528.2012329101562,529.0581223075357,525.4163720846324,528.8828575806059,44760900,520.2965270996094,505.55207397460947,520.4720074901115,515.0457818742193,75.59747950345128,5.4262256158922355,4.675432155079694,0.7507934608125417,0.002013278048079048,0.004402798550809766,-0.29233233150939186,0.04480084268566231,1,SPY
2024-06-14,528.522705078125,528.551886156822,525.6696157422205,526.6725890295746,40089900,521.7970581054688,506.13066772460945,521.7105763498059,516.044072481916,72.95250811016014,5.666503867889901,4.873646497641736,0.7928573702481652,0.0006086168451322482,0.004058655683273411,-0.1043544700843817,0.04424161344378219,1,SPY
2024-06-17,532.7290649414062,534.1215548157255,527.3832826445532,527.8409678567655,55839500,523.6763610839844,506.68900573730474,523.4057284408213,517.2799978492857,76.18883502427705,6.125730591535671,5.124063316420523,1.0016672751151479,0.00795871175044316,0.004275435231180525,0.39285705377164826,0.05139258777918321,0,SPY
2024-06-18,534.0826416015625,534.2092316077063,532.3688625324717,532.7875604635906,41376400,525.6335632324219,507.2687664794923,525.0483304655507,518.524638127232,86.47787245514853,6.52369233831871,5.40398912080016,1.1197032175185502,0.0025408350120808,0.00420655577917505,-0.2590119897205383,0.052859306336090484,0,SPY
2024-06-20,532.6318359375,535.6698774866474,530.8596351285086,535.0077463215187,70328200,526.8341796875,507.8078259277344,526.2150236150815,519.5696157428074,92.506365951255,6.645407872274063,5.652272871094941,0.9931350011791222,-0.002716444143760155,0.0035515311009052817,0.6997177134791814,0.04888465427726252,1,SPY
2024-06-21,531.9176635742188,533.0313142277637,530.4621308750893,531.810221745453,64338600,527.96435546875,508.4338708496094,527.0923528395641,520.4842859525415,88.30914682186697,6.608066887022574,5.843431674280468,0.7646352127421059,-0.001340836794000877,0.0036695950330327878,-0.08516640551016519,0.04618848993157587,0,SPY
2024-06-24,530.1886596679688,534.3013212499749,530.0714395414016,531.7419157804823,45528700,528.9849182128906,508.94977294921875,527.5687077362418,521.2031284499806,82.08700555985338,6.365579286261209,5.947861196676616,0.4177180895845929,-0.0032505104166534737,0.003924872647844239,-0.2923579313196122,0.041730810872901536,1,SPY
2024-06-25,532.230224609375,532.5916631831469,529.8954816744096,531.4096242974609,37936200,530.0489807128906,509.6457501220703,528.2858641782623,522.0199503877135,83.06778989188426,6.26591379054878,6.011471715451049,0.25444207509773076,0.003850638643770221,0.003956619881602643,-0.16676294293489602,0.04431406419438466,1,SPY
2024-06-26,532.8945922851562,533.6076912884868,530.4719636310322,531.1166742934914,38550600,531.053857421875,510.47965270996093,528.9948992716305,522.8254794171537,78.74338662167186,6.169419854476814,6.043061343256202,0.12635851122061226,0.001248271227491493,0.0039612501736001615,0.01619561263384317,0.043909565163277486,1,SPY
2024-06-27,533.7346801757812,534.3110621107577,532.0153722749866,532.7578061070262,35041500,531.713330078125,511.3482745361328,529.7240963338076,523.6335683622373,79.58345491282063,6.090527971570282,6.052554668919018,0.037973302651264085,0.001576461654494432,0.0032869545523351324,-0.09102582060979592,0.04377917508366713,1,SPY
2024-06-28,531.6343383789062,537.5542520433446,530.3937489459842,534.5063503169283,76144500,532.056640625,512.2329229736329,530.0179797253612,524.2262179931016,74.64325087718845,5.791761732259602,6.000396081587135,-0.2086343493275331,-0.003935179546855183,0.0036513110309312515,1.172980608706819,0.03787615855037907,1,SPY
2024-07-01,532.728515625,533.2560061424955,529.9737236752046,533.0117876323043,40297800,532.4772216796875,513.1595147705078,530.4349852483825,524.8560178176867,74.08147323195803,5.578967430695798,5.916110351408868,-0.3371429207130703,0.0020581387752909297,0.003677981350248136,-0.4707720189902094,0.03813434281393713,1,SPY
2024-07-02,536.3136596679688,536.3136596679688,531.0776287968915,531.1264605772033,40434800,532.8356811523438,514.2427185058593,531.3393966975497,525.7047320288187,76.45266244524419,5.63466466873092,5.859821214873279,-0.22515654614235903,0.006729776870987747,0.003423928159013084,0.0033996893130643357,0.042919307105090176,1,SPY
2024-07-03,538.70703125,539.068469909586,535.9620173191718,536.0010708200014,32789900,533.2981201171875,515.2849853515625,532.4728789363882,526.6678653044618,74.5525824163011,5.805013631926386,5.848859698283901,-0.04384606635751531,0.00446263401814706,0.00359012179086252,-0.18906733803555353,0.04545454760816958,1,SPY
2024-07-05,541.8134765625,542.213968717536,538.3748605783948,539.0098526062544,41488400,534.2162841796875,516.2738977050781,533.9098939557899,527.7897624346868,76.5854879662411,6.120131521103076,5.903114062847736,0.2170174582553397,0.005766483695770486,0.0036506721004702686,0.26527985751710137,0.04946904922164297,1,SPY
2024-07-08,542.4386596679688,543.3861988920726,541.3738407022457,542.5949332840256,36110500,535.2683837890625,517.2799865722657,535.2220117576636,528.8748659334484,76.86000457093311,6.347145824215204,5.99192041512123,0.3552254090939737,0.001153871456714528,0.003500684196802152,-0.12962418410929322,0.048636471057803776,1,SPY
2024-07-09,542.966064453125,544.2945986626197,542.6730142045088,543.3958913589794,27289700,536.5461242675781,518.3340148925781,536.4134044800422,529.9186584163874,73.02969970753409,6.494746063654816,6.092485544827947,0.40226051882686864,0.0009722846551516451,0.0030237008747108743,-0.24427244153362593,0.04752157653719036,1,SPY
2024-07-10,548.3389282226562,548.6808102777995,543.894163387503,544.1872136667199,38701200,538.1569946289062,519.4026068115235,538.2481004404444,531.2831228464813,77.16007320981309,6.964977593963113,6.266983954654981,0.6979936393081321,0.009895395166073184,0.0038419985690888833,0.4181614308695223,0.05571077432353544,0,SPY
2024-07-11,543.6109008789062,549.3256503566656,542.9759684638211,548.4562180647349,53054200,539.2286254882813,520.3415826416016,539.0731466617463,532.1962915896239,68.5946192920687,6.876855072122339,6.388958178148453,0.48789689397388614,-0.008622454289494041,0.005322660975818497,0.3708670532179881,0.0447193132618271,0,SPY
2024-07-12,547.0397338867188,550.6346235261244,544.2654447499774,544.7343252522627,53084400,540.559130859375,521.5064904785156,540.2987754655882,533.2958058338531,73.4546583662774,7.002969631735027,6.511760468865768,0.491209162869259,0.006307513337699522,0.005487958089544327,0.0005692292033430135,0.048960547710105606,0,SPY
2024-07-15,548.5441284179688,551.7775792240066,546.6880438244344,549.0325654558818,40584300,542.2501098632813,522.7332287597657,541.5672913044159,534.4253112104543,78.66948338188863,7.1419800939615925,6.637804393884933,0.5041757000766598,0.002750064461609192,0.0050058159218563675,-0.2354759590388137,0.049376810652427716,0,SPY
2024-07-16,551.7969360351562,552.0899862587529,549.1007547307731,549.8529666577103,36475300,544.1569519042969,523.9338830566406,543.1410828014529,535.7120982345064,79.44713989414568,7.428984566946497,6.796040428497246,0.6329441384492505,0.005929892325287955,0.005061627860205522,-0.10124604834874573,0.05318047539884607,0,SPY
2024-07-17,544.0602416992188,547.5476892504238,543.7378565645935,545.8772131422685,57119000,544.9316101074219,524.8578924560547,543.2824918626476,536.3304792318925,63.85461507468881,6.952012630755121,6.827234868948821,0.12477776180629974,-0.014020908473193483,0.007344734195475821,0.5659638166101444,0.03658580640429587,0,SPY
2024-07-18,539.8792724609375,546.5806748281783,537.700862061102,545.5940223403177,56270400,545.0488342285156,525.5954559326171,542.7589196469999,536.5933528044144,57.04063121115949,6.165566842585463,6.69490126367615,-0.5293344210906872,-0.00768475421990622,0.007784230551305643,-0.01485670267336614,0.027176446004418153,0,SPY
2024-07-19,536.2941284179688,541.2664440605769,535.2390876445896,539.6447995873152,65509100,544.4968994140625,526.2502160644531,541.764336380995,536.5711880350481,55.16360734237829,5.193148345946952,6.394550680130311,-1.201402334183359,-0.006640640279865773,0.007795107536959456,0.16418401148738937,0.01908581136294596,0,SPY
2024-07-22,541.8231201171875,542.4287771514711,538.2770631712352,540.2112543695183,43346700,544.4353454589843,527.0145831298828,541.773380032717,536.9602200411325,59.17603734312072,4.8131599915844845,6.0782725424211455,-1.265112550836661,0.010309625644287612,0.008574414592188322,-0.3383102500263322,0.02809891312562618,0,SPY
2024-07-23,540.973388671875,543.8648979607326,540.4849516029554,541.7157629327536,34439600,544.2360778808594,527.7039202880859,541.6503044387413,537.2574917915579,54.976124769101816,4.392812647183405,5.7411805633735975,-1.3483679161901927,-0.0015682819978755091,0.008577395873040529,-0.20548507729538812,0.025145669519652136,0,SPY
2024-07-24,528.7134399414062,536.4698210648305,527.7951760937185,536.1669925418511,74515300,542.2735290527344,528.1350091552735,539.6600175929974,536.624599061917,41.185356499531096,3.0354185310803814,5.2000281569149545,-2.164609625834573,-0.022662757516719534,0.010274268932177819,1.1636517265008886,0.0010952328024191882,1,SPY
2024-07-25,525.958740234375,534.7994982405838,525.0209792890996,528.8307523766035,61158300,540.5083129882812,528.509644165039,537.552128768594,535.8345354450621,35.928338338728764,1.7175933235319008,4.5035411902383435,-2.785947866706443,-0.005210194216618613,0.01014441468312117,-0.17925177782280954,-0.004826598641722191,1,SPY
2024-07-26,531.8494262695312,534.5358304934725,528.967635268205,529.7394040953245,53763800,538.9892822265625,528.9555462646484,536.6747899225844,535.5393421728006,41.4050099378365,1.1354477497837934,3.8299225021474337,-2.6944747523636403,0.011199901407725088,0.010756047567284563,-0.12090754648183488,0.005470932340758461,0,SPY
2024-07-29,532.161865234375,534.3988851266782,530.169004207153,533.3927359573876,39515800,537.3510559082031,529.2815008544922,535.980493816706,535.2891586958801,41.19981864316452,0.6913351208258973,3.2022050258831265,-2.510869905057229,0.0005874575573676655,0.010654215912907473,-0.2650110297263214,0.005442027305380348,0,SPY
2024-07-30,529.4657592773438,534.6822931769603,526.0662565076813,533.6272524601584,46853600,535.1179382324219,529.5747613525391,534.9782269644965,534.8577957759885,33.92664071791545,0.12043118850795054,2.5858502584080916,-2.465419069900141,-0.005066326870009408,0.010190258224458973,0.18569281148300165,-0.0002058294374093217,0,SPY
2024-07-31,538.072021484375,540.6998152024645,534.9167372159726,536.2843251839307,65663400,534.5191162109375,530.0253460693359,535.4541953521701,535.0958865692023,45.575106027966605,0.35830878296781066,2.1403419633200356,-1.782033180352225,0.016254615253643134,0.011339828258024555,0.4014590127546229,0.015181680413423937,0,SPY
2024-08-01,530.4524536132812,542.0381669821182,526.9552273833177,539.7913683115238,76428700,533.5764343261719,530.3116595458985,534.6846966231103,534.7519285724675,37.58036300221735,-0.06723194935716492,1.6988271807845956,-1.7660591301417605,-0.014160869859156988,0.011930495151074525,0.163946734406077,0.0002654930640282327,0,SPY
2024-08-02,520.5762939453125,524.571676102486,516.3756871144337,523.3603616135271,82789100,532.0046508789062,530.3751336669922,532.5141731342184,533.7018815630486,31.39204441625293,-1.1877084288302058,1.1215200588616354,-2.309228487691841,-0.018618369282101255,0.013032468023258073,0.08322004691954721,-0.018475300027606667,1,SPY
2024-08-05,505.4150695800781,511.4717002411795,498.4694800108966,499.80782241877216,146267400,528.3638458251953,530.1651782226562,528.3450802797353,531.6065621569027,23.361704917067357,-3.261481877167398,0.24491967165582873,-3.5064015488232267,-0.029123923892752424,0.014479171080131742,0.7667470717763569,-0.04668376886907433,1,SPY
2024-08-06,510.0748901367188,517.4991102473832,505.8938399187565,507.21259624641726,84826300,525.2739959716797,530.1237866210937,525.5342817961943,530.011623488741,29.76622815974632,-4.477341692546702,-0.6995326011846774,-3.777809091362024,0.009219789509862242,0.015294289818698736,-0.42006010908787605,-0.03781927351753578,1,SPY
2024-08-07,506.6654357910156,519.2964689099484,506.06955696870784,516.2485672171777,70698300,523.0691955566406,529.9464349365235,522.6313824107822,528.2822762518724,30.042216902678163,-5.650893841090237,-1.6898048491657893,-3.961088991924448,-0.0066842230653411105,0.01412167593952706,-0.16655211885936316,-0.04393085340463976,1,SPY
2024-08-08,518.3782348632812,519.0033889369354,509.77197692780607,511.79405372836936,63276600,522.3111450195313,529.9961322021485,521.977052018859,527.5486435564212,40.19251844328025,-5.571591537562199,-2.4661621868450716,-3.1054293507171273,0.02311742275053641,0.016524450643388935,-0.10497706451215938,-0.021920720988273135,1,SPY
2024-08-09,520.6640625,522.1489300560904,516.3365178449808,517.5576103421191,45619600,521.1926086425781,530.1637994384765,521.7750536313423,527.0386745892789,37.99073540334115,-5.26362095793661,-3.0256539410633794,-2.23796701687323,0.004409574868284416,0.01608617506229141,-0.2790447021489777,-0.017918494149427366,1,SPY
2024-08-12,520.9376220703125,523.3406939742863,518.6712672136742,521.8558860240913,42542100,520.0701843261719,530.4049035644531,521.6462180065685,526.5867447730592,38.5534178020286,-4.940526766490734,-3.4086285061488506,-1.5318982603418836,0.0005254051316678776,0.016085075200225327,-0.06746003910599829,-0.017849159067946263,1,SPY
2024-08-13,529.5047607421875,529.739260585726,523.8780165940644,524.122235093717,52333100,520.0740844726563,530.7246508789062,522.8552245812791,526.8028941041057,50.47200344254882,-3.9476695228265726,-3.5164367094843954,-0.4312328133421772,0.016445613272904724,0.017041370334677553,0.23014848820345013,-0.0022985367924752698,1,SPY
2024-08-14,531.1753540039062,532.3573932676823,527.6292958362486,530.2961433616041,42446900,519.3844177246094,531.0694372558594,524.1352444924526,527.1267800226094,53.152351031506164,-2.9915355301568525,-3.411456473618887,0.41992094346203457,0.003155010843296502,0.016144779066860182,-0.18890912252475012,0.0001994404886001,1,SPY
2024-08-15,540.2797241210938,540.5629961238054,536.1866195717042,536.7922766972661,60846800,520.3671447753907,531.5848193359375,526.6190105891666,528.1010721780527,54.90388356960061,-1.482061588886154,-3.0255774966723408,1.5435159077861869,0.017140046217431593,0.016379175760218714,0.433480419064761,0.016356570896847833,1,SPY
2024-08-16,541.490966796875,542.1845687274085,538.51151333941,538.667786928332,44430700,522.4586120605469,532.0021252441406,528.907003851891,529.0929162238914,55.37055750524589,-0.18591237200041633,-2.457644471737956,2.2717320997375396,0.0022418806808854885,0.014710724442119313,-0.26979397437498764,0.017836097080213387,1,SPY
2024-08-19,546.6685180664062,546.6685180664062,541.0514918139045,541.901367537868,39121800,526.5839569091797,532.5231774902344,531.6395445002779,530.3948126566703,59.62816856759086,1.2447318436076102,-1.7171692086688428,2.961901052276453,0.009561657695156933,0.008995515147027226,-0.11948720141703817,0.026562863691376615,1,SPY
2024-08-20,545.779541015625,547.8700657821756,544.4412283435015,546.2191462607274,33732300,530.1544219970704,533.0391076660156,533.8149285795621,531.534422164741,54.72168670554292,2.2805064148210477,-0.9176340839708648,3.198140498791912,-0.0016261720245489553,0.009462222989151904,-0.1377620661625999,0.023901498344830907,1,SPY
2024-08-21,547.6550903320312,549.1106230342316,541.9012882335657,546.8247712917706,41514600,534.2533874511719,533.5604174804688,535.9441842337882,532.7285457326884,61.33627860133018,3.215638501099761,-0.09097956695673959,3.3066180680565007,0.00343645955089511,0.008329798884288992,0.2307076600172535,0.026416264006462464,0,SPY
2024-08-22,543.3567504882812,550.1558140271343,542.145436440108,549.5501570030477,56121500,536.7512390136719,533.9706359863281,537.0845790421718,533.5158201590286,66.20313491708609,3.5687588831431185,0.6409681230632321,2.9277907600798865,-0.007848625749363514,0.007755688865311582,0.351849710704186,0.017577960040097373,1,SPY
2024-08-23,549.1300659179688,550.0678862167399,544.4019705608416,546.5902179246409,50639400,539.5978393554688,534.4104382324218,538.9377308692175,534.6724309559871,85.88577002992702,4.265299913230365,1.3658344810966587,2.899465432133706,0.010625275980282511,0.007971960609687656,-0.09768270627121511,0.027543675483271857,1,SPY
2024-08-26,547.8212890625,550.8691319518803,546.1215374076925,550.1560328291254,35788600,542.2862060546875,534.8028393554688,540.3044321297225,535.6464204453584,82.79016820392306,4.658011684364055,2.0242699217501383,2.633741762613917,-0.0023833640456034644,0.008217478581659358,-0.29326571799823853,0.02434252167157669,0,SPY
2024-08-27,548.5733642578125,549.0618012606642,545.4083020191189,546.5512279111676,32693900,544.19306640625,535.2038525390625,541.5765755340441,536.6039718388736,88.16743164271496,4.9726036951705055,2.6139366764342116,2.358667018736294,0.0013728476974663728,0.0072221277444284755,-0.08647166974958509,0.024980223246382938,0,SPY
2024-08-28,545.3887329101562,548.661296528156,542.2041141850556,548.2314695905903,41066000,545.614404296875,535.4570458984375,542.1630612842151,537.2546948811909,79.12374729848187,4.908366403024274,3.0728226217522243,1.83554378127205,-0.005805297076289628,0.007810837617111846,0.25607529233282045,0.018548055512192407,0,SPY
2024-08-29,545.4376220703125,550.644377643334,544.2946960843145,547.352316743397,38715200,546.1301940917969,535.6841455078124,542.6668398666916,537.8608376359406,78.06565547608379,4.806002230751005,3.419458543551981,1.3865436871990244,8.964094270047518e-05,0.005937986943641249,-0.057244435786295234,0.018207513969363598,0,SPY
2024-08-30,550.644287109375,551.1522806301471,544.255553101835,547.8016102208953,62700100,547.0455261230469,536.04439453125,543.8941394424891,538.8077598191579,80.27084380270968,5.0863796233311405,3.752842759507813,1.3335368638233276,0.009545848743069074,0.006531819992550082,0.6195215315948257,0.02723634968870825,0,SPY
2024-09-03,539.3126831054688,547.8407751289367,536.8021094517958,547.5086116923438,60600100,546.3099426269531,536.192294921875,543.1893000060244,538.8451615440698,59.46115575966322,4.3441384619545715,3.8711018999971647,0.47303656195740684,-0.02057880971287629,0.00899064769394357,-0.033492769549011925,0.005819531934990518,0,SPY
2024-09-04,538.2086791992188,541.6081812415587,536.7531466494503,537.4760237850145,47224900,545.5528564453125,536.3526953125,542.4230506511312,538.7980147037105,56.85964030849749,3.62503594742077,3.8218887094818856,-0.1968527620611158,-0.0020470571911881397,0.008993239501065836,-0.22071250707507084,0.003460379528133828,1,SPY
2024-09-05,536.8998413085938,540.9929467939947,534.447877405527,538.1502689658041,44264300,544.4773315429687,536.4460876464843,541.5733261368947,538.6574092670352,46.11243716829069,2.9159168698595295,3.6406943415574147,-0.7247774716978852,-0.0024318409219493686,0.008835612629981851,-0.0626915038464878,0.0008458513773492715,1,SPY
2024-09-06,527.8637084960938,538.8437645502386,526.9650009606123,537.2221796738046,68493800,542.92802734375,536.3454699707031,539.4641541921561,537.857875876595,36.716867577398524,1.6062783155610987,3.2338111363581516,-1.627532820797053,-0.016830202054960774,0.009895237813073277,0.5473824278255841,-0.015813989209366608,1,SPY
2024-09-09,533.773681640625,535.043665505135,530.1299607989381,532.0544335310877,40445800,541.3923889160156,536.34625,538.588696876536,537.5553429702269,37.60773700381148,1.0333539063091166,2.7937196903483446,-1.760365784039228,0.01119602096035166,0.009982819342127032,-0.4094969179692176,-0.00479646936913436,1,SPY
2024-09-10,536.0987548828125,536.450474898389,530.8138918516801,535.678706144088,36394600,540.2201354980468,536.4355383300781,538.2056288775017,537.4474475563444,40.946421721738176,0.7581813211572808,2.386612016510132,-1.6284306953528511,0.00435591585377737,0.010237348051012882,-0.10016367583284291,-0.0006278171806327615,1,SPY
2024-09-11,541.5985107421875,542.5167747623394,527.4729497044474,536.0108196239122,75248600,539.5226501464844,536.6129382324219,538.727610702838,537.7549337182587,44.695407294316134,0.972676984579266,2.103825010123959,-1.131148025544693,0.010258848410452215,0.010935417820670111,1.0675759590708513,0.009290816815166192,1,SPY
2024-09-12,546.1605224609375,546.4633510224045,539.9573366553728,542.1748597619055,51819600,539.5998291015625,536.8098754882812,539.8711355886994,538.3775699214201,52.4443649823179,1.493565667279313,1.98177314155503,-0.488207474275717,0.008423235345493163,0.011195761828114823,-0.31135462985357865,0.017418917571422998,1,SPY
2024-09-13,549.0130004882812,550.0094311099382,546.5122052774053,546.7662020730168,39310500,539.9573669433594,537.0159948730469,541.2775763424812,539.1653795930395,49.89246419584748,2.1121967494417504,2.007857863132374,0.10433888630937638,0.005222783247845975,0.01130735204893266,-0.2413970775536669,0.022340127165244805,1,SPY
2024-09-16,549.8237915039062,550.0875069413107,546.9517795427174,548.7491943236346,36656100,539.8753173828125,537.176201171875,542.5923786750081,539.954891586437,51.85647500048096,2.637487088571106,2.1337837082201205,0.5037033803509856,0.0014768156945352828,0.010886967432700463,-0.06752394398443162,0.023544584261997903,1,SPY
2024-09-17,550.0484619140625,553.477299266029,547.8211605278194,552.0314851715059,49321000,540.9488952636718,537.3283972167969,543.7394684040935,540.7025634625575,51.3810348847309,3.0369049415360223,2.314407954883301,0.7224969866527213,0.00040862256895390914,0.008187880553667039,0.3455059321640872,0.02367279444591386,1,SPY
2024-09-18,548.4171752929688,555.5385664291312,547.8603498689396,550.7030274298603,59044900,541.9697448730469,537.4374194335937,544.4591156177667,541.2740161907361,52.92026564776952,3.1850994270305364,2.488546249312748,0.6965531777177882,-0.002965714357998861,0.008243339634306675,0.19715536992356197,0.020429831385664565,1,SPY
2024-09-19,557.7755126953125,559.6315971955383,554.9426137920285,557.8048475354702,75315500,544.0573120117188,537.6261511230468,546.5077920912353,542.4963492651492,60.086301183946865,4.011442826086068,2.7931255646674122,1.2183172614186555,0.01706426753929513,0.009335165137197801,0.2755631731106327,0.03747838815164717,1,SPY
2024-09-20,556.8114013671875,557.8500616857909,553.793383536953,556.4096807844697,77503100,546.9520812988281,537.8901611328125,548.0929627490741,543.5567234949298,55.41744141408292,4.536239254144334,3.141748302562797,1.3944909515815374,-0.001728493464093095,0.00636497722810151,0.02904581394268102,0.03517677325520574,1,SPY
2024-09-23,558.2027587890625,558.8495067502496,556.6643550711399,557.8794446150124,44116900,549.3949890136719,538.1134216308594,549.6483159859954,544.6416149981989,70.10488488387048,5.006700987796535,3.5147388396095445,1.4919621481869902,0.0024987947776549113,0.006067902247842248,-0.43077244652149393,0.03733290483132423,1,SPY
2024-09-24,559.7999267578125,559.8587165873663,556.1743944512203,558.9964258828836,46805700,551.7651062011719,538.3385375976562,551.2101022585827,545.7644529063184,72.7410415013995,5.44564935226424,3.900920942140484,1.5447284101237564,0.002861268497158287,0.006090253866040261,0.0609471653720004,0.039865972174178754,0,SPY
2024-09-25,558.5652465820312,560.3780425284191,557.4579883539482,559.6431398003925,38428600,553.4617797851563,538.4739038085937,552.3416629237286,546.7126598452601,72.85485071455614,5.629003078468486,4.246537369406084,1.3824657090624015,-0.002205574021654777,0.006022149240052102,-0.17897606488098672,0.03731163688961092,0,SPY
2024-09-26,560.77978515625,563.1413061737785,558.4281322177342,562.817932214862,48336000,554.9237060546875,538.8082946777344,553.6398355748856,547.7546691275556,90.56078435501752,5.885166447329993,4.574263184990866,1.310903262339127,0.003964690943036642,0.005743300137098877,0.2578131912169581,0.040777936597388376,0,SPY
2024-09-27,559.9664916992188,562.6611352170194,558.9376397719122,561.8478858705382,42100900,556.0190551757812,539.2100390625,554.6131672863215,548.6592485773085,86.91254212562598,5.95391870901301,4.850194289795295,1.1037244192177145,-0.0014502902539623719,0.0057998057167044205,-0.1289949520026481,0.03849418803998361,1,SPY
2024-09-30,562.21044921875,562.8179640810873,556.6447925339722,558.9376557740085,63557400,557.2577209472656,539.7283654785156,555.7819798913105,549.6630412174153,86.88255214080777,6.1189386738951725,5.103943166615271,1.0149955072799015,0.004007306781378839,0.005829934290501623,0.5096446869306832,0.04165444171217891,0,SPY
2024-10-01,557.1738891601562,562.5043864049716,554.6066335561335,561.8576982708267,72668800,557.970263671875,540.035380859375,555.9961197788252,550.2194003242851,72.29178568745535,5.776719454540171,5.238498424200252,0.5382210303399191,-0.008958495996637117,0.006825394529841574,0.14335702844987375,0.03173589899518858,1,SPY
2024-10-02,557.4090576171875,558.4281611024765,553.8913563966638,556.282242548741,38097800,558.8694519042969,540.3640942382813,556.213494830881,550.7519675311667,68.37491624924226,5.461527299714362,5.283104199303074,0.17842310041128773,0.0004220737216988901,0.006672009162608538,-0.47573373992690127,0.0315434788518536,1,SPY
2024-10-03,556.3900756835938,558.3302001396713,554.106960667849,555.9393137222664,40846500,558.730908203125,540.917626953125,556.2406611159138,551.1696051720872,62.81859293071558,5.071055943826536,5.240694548207767,-0.16963860438123035,-0.0018280684887858056,0.003934946672978333,0.0721485230118275,0.028604075666052386,1,SPY
2024-10-04,561.446044921875,561.818400406846,556.6642732473864,560.8287218708198,42939100,559.1943725585937,541.627373046875,557.041489393754,551.9308229313308,67.59876599119042,5.110666462423183,5.21468893105085,-0.10402246862766784,0.009087094574915522,0.0048588058337689375,0.051230827610688756,0.036590971692423535,1,SPY
2024-10-07,556.370361328125,560.446655391967,555.2239297880301,559.7999074826037,49964700,559.0111328125,542.1177917480469,556.9382389221188,552.2596776273896,58.34660263022177,4.678561294729207,5.107463403786522,-0.4289021090573151,-0.009040376434491182,0.005715711000315035,0.1636177749417198,0.026290540168624643,1,SPY
2024-10-08,561.6322631835938,562.230029540932,558.0655806170524,558.9376197622599,37398700,559.1943664550781,542.7071997070312,557.6603965008072,552.9539432241454,65.92113700137065,4.706453276661819,5.027261378361581,-0.3208081016997628,0.009457552416897164,0.006455613144326783,-0.25149755727543643,0.03487159095508363,1,SPY
2024-10-09,565.5224609375,566.0809942856702,561.0248291372598,561.6225357741174,37912200,559.890087890625,543.4283337402344,558.869944875683,553.8849445362457,60.74962650794242,4.985000339437306,5.018809170576727,-0.0338088311394209,0.006926592378890151,0.006696068112999334,0.013730423784783952,0.040656929029075695,1,SPY
2024-10-10,564.53271484375,565.9535388259317,562.9257131010544,564.1799758679994,44138100,560.265380859375,543.9575476074219,559.7411402553856,554.6736682627275,60.70643913106768,5.06747199265817,5.0285417349930155,0.03893025766515468,-0.0017501446222122352,0.006683329276679974,0.16421890578758291,0.03782495036023903,1,SPY
2024-10-11,567.9132690429688,568.6481717987969,564.3171018304082,564.4542980317323,42268000,561.06005859375,544.7067639160156,560.9983908380907,555.6543794316342,62.76073373597376,5.344011406456502,5.091635669285713,0.2523757371707891,0.005988234357958255,0.00683129316700805,-0.042369290930058146,0.04260366616363731,1,SPY
2024-10-14,572.557861328125,573.4887501402064,569.0401003876937,569.5202272995722,36217200,562.0947998046875,545.7463952636718,562.7767709134806,556.9064892017446,65.52217835957666,5.87028171173597,5.247364877775765,0.6229168339602049,0.008178347889252757,0.007127000382438832,-0.1431532128324028,0.049128068086458754,0,SPY
2024-10-15,568.1093139648438,573.1262458468478,566.8942243784207,572.8224884018784,54203600,563.1883422851563,547.0002801513672,563.5971621521519,557.7363280730854,60.76972877667121,5.860834079066535,5.37005871803392,0.49077536103261554,-0.007769603150609483,0.006933999406862049,0.49662591254983823,0.038590535653172386,1,SPY
2024-10-16,570.5784912109375,571.0978512020905,567.305757742965,568.1092586044506,30725400,564.5052856445312,548.2103521728516,564.6712127765804,558.68759941663,60.99388885997519,5.983613359950482,5.492769646417233,0.4908437135332493,0.004346306574101622,0.006947870464118537,-0.4331483517699931,0.04080210990075073,0,SPY
2024-10-17,570.6275024414062,574.3216329805343,570.4413246734956,574.1158386665669,34393700,565.9290283203125,549.4895935058594,565.5875650327075,559.5720366777244,62.17009001978764,6.015528354983076,5.597321388130402,0.418206966852674,8.589743781750592e-05,0.006845298386319587,0.11938982079972926,0.038468260701139956,0,SPY
2024-10-18,572.8224487304688,573.6063330690159,570.8528997080355,572.3128969974695,37416800,567.0666687011719,550.5784777832031,566.7006240631323,560.5535486816315,62.127711814870466,6.1470753815008266,5.707272186804487,0.43980319469633944,0.003846548369420555,0.006480178902638874,0.0878969113529513,0.04040109057082408,0,SPY
2024-10-21,571.8817138671875,573.0771269383695,568.9126781204517,572.0972566282711,36439000,568.6178039550781,551.6028308105468,567.4977148022177,561.3926720287097,68.54462984311486,6.105042773507989,5.786826304145188,0.31821646936280157,-0.0016422800212634314,0.005410268356488092,-0.02613264629791967,0.036763558712782585,0,SPY
2024-10-22,571.5780029296875,572.7342428128154,568.697181591541,569.3536780068462,34183800,569.6123779296875,552.6156384277343,568.1254514372131,562.1471409843377,67.83434792896499,5.978310452875348,5.82512313389122,0.15318731898412796,-0.0005310730001248931,0.004939303508700257,-0.06188973352726479,0.03431383982527825,0,SPY
2024-10-23,566.3552856445312,570.0004346494243,562.8571411229607,569.5594810059998,49314600,569.6956604003906,553.3526489257813,567.853118238339,562.4588554036113,61.342794577800994,5.3942628347276695,5.738951074058511,-0.34468823933084103,-0.009137365781024864,0.005637942429421814,0.4426307198146491,0.02349792079967794,1,SPY
2024-10-24,567.580078125,568.3835789691921,564.9638411001258,568.3051725972728,34979900,570.0003967285156,554.0807434082031,567.811112067056,562.8382052348253,57.649123661593634,4.972906832230706,5.585742225692949,-0.6128353934622437,0.002162586827586299,0.005626294156130195,-0.29067862255802546,0.024363479289608803,0,SPY
2024-10-25,567.3840942382812,572.6950344865168,566.443456997856,569.8044050522926,47268200,569.9474792480469,554.6228308105469,567.7454170164752,563.1749377535998,65.63712653100839,4.570479262875438,5.382689633129448,-0.81221037025401,-0.00034529733208077396,0.005293050326829452,0.35129603000580323,0.023008903923202206,0,SPY
2024-10-28,569.1381225585938,570.9802836348513,568.8343651367928,570.8528957024953,30174700,569.6055053710937,555.1757739257813,567.9596794075704,563.6166551465623,61.83563162635993,4.343024261008168,5.174756558705193,-0.831732297697025,0.0030914301936280086,0.004611716804940554,-0.36162790205677386,0.025149419856852484,0,SPY
2024-10-29,570.0592651367188,571.1762720247682,566.7864714367279,568.1778707648036,42899700,569.8005004882813,555.6435888671875,568.2826925966701,564.0938855162035,57.89292608803686,4.188807080466631,4.97756666305748,-0.7887595825908491,0.0016184868692048493,0.003886087024254022,0.4217109035052544,0.025944106183103832,0,SPY
2024-10-30,568.3345947265625,571.5779630983764,567.6290569957021,569.588797638648,41435800,569.5761108398438,556.0946899414063,568.2906775397305,564.4080121243783,56.44941521436618,3.8826654153522213,4.758586413516428,-0.8759209981642071,-0.00302542299657671,0.003740124894554453,-0.03412378175138753,0.022010468732305055,1,SPY
2024-10-31,557.1934814453125,564.0427655154251,556.9974954170759,563.9741674152153,60182500,568.2327087402343,556.2854577636718,566.5834166021277,563.8736024444474,35.60529192982341,2.7098141576802846,4.3488319623492,-1.6390178046689154,-0.01960308836489222,0.0071191452189465505,0.45242761090651085,0.0016322980746090732,1,SPY
2024-11-01,559.545166015625,563.9643910438907,559.1336371976272,559.8195584319851,45667500,566.90498046875,556.6092260742188,565.5006088195889,563.552977523794,31.37971751669012,1.947631295794963,3.8685918290383525,-1.9209605332433894,0.004220588805548209,0.007156243512140383,-0.24118306816765667,0.0052746878849161405,1,SPY
2024-11-04,558.3399658203125,560.9758196621659,556.4586313456186,559.6823835212687,38217000,565.5508056640625,556.7934240722657,564.3989714350848,563.1668285087212,34.590405406706395,1.2321429263636219,3.3413020485034064,-2.1091591221397845,-0.0021538926051214435,0.007152694751022485,-0.16314665790770244,0.002777586230698903,1,SPY
2024-11-05,565.0912475585938,565.1304208425688,559.0356559214524,559.251198693126,39478300,564.9021301269531,557.1388232421875,564.5054754540862,563.309378067971,42.37480768023775,1.1960973861151842,2.9122611160257623,-1.716163729910578,0.012091704251122826,0.008500214767769567,0.03300363712483967,0.014273685452627971,1,SPY
2024-11-06,579.142578125,580.0146771322202,573.6063462638446,577.3396500855225,68182000,566.180859375,557.7502075195313,566.7573374034575,564.482207701825,58.51791429516916,2.2751297016325225,2.7848348331471144,-0.509705131514592,0.024865595825653397,0.011278403760245009,0.7270753806521557,0.03835475149459189,1,SPY
2024-11-07,583.6205444335938,584.6396478381987,581.0630972629532,581.1415036340469,47233200,567.7849060058594,558.51484375,569.3516769465555,565.8998622745486,60.32987205896779,3.45181467200689,2.9182308009190696,0.5335838710878202,0.007732061978746874,0.011408058290377509,-0.30724824733800715,0.044950820850218065,0,SPY
2024-11-08,586.1486206054688,587.569444510154,584.1692634497057,584.1692634497057,46444900,569.6613586425781,559.3290637207032,571.9358221248498,567.3997702990612,63.24598595324473,4.536051825788604,3.241795005892977,1.2942568198956272,0.004331712096133478,0.011358303751194797,-0.016689531939398594,0.04794951420253346,0,SPY
2024-11-11,586.7071533203125,588.0887441353201,584.9825720146739,587.7360051791314,37586800,571.41826171875,560.0503210449219,574.2083346164594,568.8299468191539,63.980377072443304,5.37838779730555,3.6691135641754915,1.709274233130058,0.0009528858299909793,0.011383126115254825,-0.19072277042258678,0.047597209168017685,0,SPY
2024-11-12,584.8847045898438,587.2265495486535,582.4056036057904,586.6288429184635,43006100,572.9008056640625,560.9617614746094,575.8508530739032,570.0191881355012,68.27061497055864,5.831664938402014,4.101623839020796,1.7300410993812179,-0.0031062323344024367,0.011548444474884222,0.14418093586046155,0.0426462991922083,0,SPY
2024-11-13,585.1688232421875,587.1677373847895,582.9837313260188,585.3451927424278,47388600,574.584228515625,561.9009643554688,577.284386945947,571.1413833285891,67.67088713158824,6.143003617357863,4.509899794688209,1.6331038226696535,0.0004857686482722112,0.011409917948257714,0.10190414848126195,0.041409181266325534,0,SPY
2024-11-14,581.4060668945312,585.7763103260314,580.7202054727688,585.296183408181,38904100,577.0054870605469,562.7910888671875,577.9184915534215,571.9017302593995,63.14534863760686,6.01676129402199,4.811272094554965,1.2054891994670243,-0.006430206460433574,0.009023639385886205,-0.17904095077719118,0.03307617763602644,1,SPY
2024-11-15,573.9591064453125,578.3195418358689,572.1071369723535,577.8491633593196,75988800,578.4468811035156,563.7129968261719,577.3093553829433,572.0541284953931,54.08369118904605,5.2552268875501795,4.900063053154009,0.35516383439617094,-0.012808535846547398,0.010522447371225386,0.9532337208674664,0.0181761103200182,1,SPY
2024-11-18,576.310791015625,577.6237838402152,573.5573576252949,574.4195885423085,37001700,580.2439636230469,564.5637390136719,577.1557300956636,572.3694368302251,55.17015449133353,4.786293265438417,4.87730909561089,-0.0910158301724735,0.0040973033512390344,0.010393805303001616,-0.513063767292022,0.020807308706145333,1,SPY
2024-11-19,578.41748046875,579.142574989824,572.2737337790142,572.9400384688264,49412000,581.5765869140625,565.4101135253907,577.3498455376769,572.8174400627086,58.2864165329053,4.5324054749683,4.808328371482372,-0.2759228965140723,0.0036554745910837294,0.009925648853686672,0.33539810333038744,0.023005189741402088,1,SPY
2024-11-20,578.6134033203125,578.8975441726233,572.8615695316089,578.4958236706298,50032600,581.5236694335938,566.1504113769531,577.5442390426978,573.246770674383,71.46514751539499,4.297468368314753,4.7061563708488485,-0.4086880025340953,0.00033872221739161823,0.006008845467429227,0.012559702096656578,0.022013570409756822,1,SPY
2024-11-21,581.7196044921875,583.1404284379229,575.6248397212988,581.4550801704302,46750300,581.3335754394532,566.8615930175781,578.1866029580038,573.8743879942203,71.89022891270082,4.312214963783504,4.627368089435779,-0.3151531256522757,0.005368353297815709,0.005706494221702838,-0.06560322669619412,0.02621100398690901,1,SPY
2024-11-22,583.5226440429688,584.1497754660484,581.2101642027249,581.7098478799927,38226400,581.0709777832031,567.5517858886719,579.0075323556907,574.589073627461,74.56990034908192,4.41845872822978,4.58558621719458,-0.1671274889648,0.0030994993753996614,0.005607538681156561,-0.18232824174390327,0.028139913486995072,1,SPY
2024-11-25,585.501953125,588.7648782973704,583.2188384863542,587.4518855330788,42441400,580.9504577636719,568.2653491210938,580.0066740125076,575.3974350717231,71.95878373675384,4.609238940784508,4.5903167619125655,0.01892217887194203,0.003392000468597889,0.005726388319076192,0.1102641106669735,0.030331963809803186,1,SPY
2024-11-26,588.5591430664062,589.2254477201681,586.0310608458545,586.7463470552605,45621300,581.3179016113281,569.0355627441406,581.3224384823382,576.3723764046626,63.269908604397926,4.950062077675511,4.6622658250651545,0.2877962526103568,0.00522148547086676,0.005859289520983299,0.0749244841122112,0.03430994756832817,1,SPY
2024-11-27,586.7757568359375,588.7550542016285,585.256969810655,588.3729502321648,34000200,581.4785949707032,569.802734375,582.161410536738,577.1429971773497,54.811782467780276,5.018413359388319,4.733495331929788,0.2849180274585308,-0.0030300883971953185,0.005974064950110788,-0.25472969862761474,0.02978754126119587,1,SPY
2024-11-29,590.4208374023438,591.2047216811674,587.314665296655,587.5889978813017,30177400,582.3800720214844,570.4556408691407,583.4320915929851,578.1265408977196,56.3005876083763,5.305550695265538,4.847906404596938,0.4576442906685996,0.006212050385417278,0.005726369551165397,-0.11243463273745447,0.03499868368868131,1,SPY
2024-12-02,591.479248046875,592.1553610993941,590.342564749557,590.832500010613,31746000,584.1320861816406,571.1489978027344,584.6701156628143,579.1156303161755,56.93553938353127,5.554485346638785,4.989222193005308,0.5652631536334773,0.001792637687362042,0.0027398005656305495,0.051979295764379874,0.035595353090617454,1,SPY
2024-12-03,591.75341796875,591.9983855319149,590.2150743018244,591.2439261058101,26906600,585.6763488769532,571.8200109863282,585.759854479112,580.0517627348847,60.453097279372834,5.708091744227318,5.13299610324971,0.575095640977608,0.0004635326138326956,0.0028200645961411505,-0.1524412524412524,0.0348595827348519,0,SPY
2024-12-04,595.427978515625,595.6729460981672,592.7725681970518,593.438872844782,42787600,587.3773986816407,572.5325720214844,587.2472581770371,581.1907416816063,64.15236998268905,6.056516495430856,5.317700181685939,0.7388163137449171,0.006209614402377772,0.003029033758875648,0.5902269331688137,0.03998970122049483,0,SPY
2024-12-05,594.4481201171875,596.2314913306755,594.0953811448159,595.4279904670244,28762200,588.9608703613281,573.2502294921875,588.3550830909064,582.1727697138716,69.48758684466365,6.182313377034802,5.490622820755712,0.6916905562790898,-0.0016456371446975648,0.003271276092726946,-0.3277912292346381,0.036978425013066474,0,SPY
2024-12-06,595.5750122070312,596.8096584526629,594.800936138575,595.212464951605,31241500,590.3464111328125,573.9461340332032,589.4658414164641,583.1655284170686,89.81945172149376,6.300312999395487,5.652560856483667,0.6477521429118198,0.0018956945975732165,0.0031391797386296724,0.08619994298071765,0.037684508861204113,0,SPY
2024-12-09,592.5079345703125,595.6239147831491,591.920036343941,595.4573535867661,34742700,591.2449401855469,574.596962890625,589.9338557478253,583.857558502494,79.07112277672856,6.076297245331261,5.737308134253186,0.3389891110780754,-0.0051497755511149546,0.003912269329330687,0.11206888273610427,0.031171365037473864,1,SPY
2024-12-10,590.6658325195312,593.6054435570935,590.0093361336401,593.184106485161,37234500,591.761328125,575.1660705566406,590.046467558857,584.3618750963486,72.19451123345728,5.684592462508363,5.726764999904222,-0.042172537395859244,-0.0031089913624822163,0.004105004377852233,0.0717215415036827,0.026948324590652772,1,SPY
2024-12-11,595.2319946289062,596.1824400499527,593.311427437485,593.5858198104879,28677700,592.42861328125,575.9272326660156,590.8442409542492,585.1670691357973,75.9962496825406,5.677171818451939,5.716846363613766,-0.039674545161827446,0.00773053367569565,0.004460704489241094,-0.22980837663994413,0.03351944632575776,0,SPY
2024-12-12,592.1651000976562,594.9380902901107,592.1651000976562,594.3698085144841,31543800,592.9675476074219,576.622353515625,591.0474500532349,585.6854417996387,66.35987343345218,5.362008253596173,5.6458787416102485,-0.28387048801407566,-0.005152435619933393,0.004723731077818276,0.09994176659913445,0.026954811042735782,0,SPY
2024-12-13,592.0475463867188,594.9087513561514,590.6757038334936,594.1934650654297,35904700,593.1302185058594,577.3355029296876,591.2013110276171,586.1567088060891,64.09603778535816,5.044602221527953,5.525623437593789,-0.4810212160658365,-0.0001985150947229064,0.004346377898402115,0.138249037845789,0.025482658492981924,0,SPY
2024-12-16,594.5755004882812,595.54562235978,593.0273484159295,593.8014244521054,43695200,593.43984375,577.9980920410156,591.7204170984885,586.78032300477,64.73586443016619,4.940094093718471,5.408517568818726,-0.4684234751002547,0.004269849806811443,0.004509471713470131,0.216977164549488,0.028680732126169728,0,SPY
2024-12-17,592.1257934570312,592.9880840930309,590.7540109408761,592.0278303510687,55773500,593.4770812988281,578.7132006835938,591.7827826921105,587.1762837790116,55.9090008210878,4.606498913098903,5.248113837674762,-0.6416149245758582,-0.004120094133105434,0.0047439871370221895,0.2764216664530659,0.02317657996671607,0,SPY
2024-12-18,574.4784545898438,594.2031909866316,574.0962907751041,591.822113059209,108248700,591.38212890625,578.9701245117187,589.1205783686848,586.2357038390733,36.6460714148421,2.8848745296115794,4.775465976062125,-1.8905914464505456,-0.029803361147563545,0.010153247746894663,0.9408625960357517,-0.007758034018876314,1,SPY
2024-12-19,574.302001953125,581.0631314525076,574.057034359764,579.456129686489,85919500,589.3675170898438,579.1457153320313,586.8407973816757,585.3517259215956,31.07012963926651,1.4890714600800266,4.118187072865705,-2.6291156127856787,-0.0003071527492615189,0.010189581294827407,-0.2062768421237391,-0.008363548672943755,1,SPY
2024-12-20,581.199951171875,585.7225012446567,571.132257605004,571.9778279294948,125716700,587.9300109863282,579.4790600585937,585.9729748878601,585.0441870512459,39.38410995101018,0.9287878366142195,3.4803072256154084,-2.551519389001189,0.012011013709321894,0.011222785879986468,0.46319170851785674,0.002969720964735467,0,SPY
2024-12-23,584.6803588867188,585.2800771480029,577.7686569320756,580.9443313472664,57635800,587.1472534179687,579.8144018554688,585.7741108876845,585.0172368168364,43.149036898305305,0.7568740708480846,2.935620594661944,-2.1787465238138592,0.005988313845908255,0.011467703752614442,-0.5415422135643078,0.00839226658682235,0,SPY
2024-12-24,591.1790771484375,591.2184422848073,585.4471892507113,586.0272849416975,33160100,587.1985778808594,580.186826171875,586.6056441585696,585.4736694339921,46.0979924396992,1.1319747245775034,2.5748914206450557,-1.4429166960675524,0.011114993282984376,0.012079928249883269,-0.4246614083607758,0.018946054065188456,0,SPY
2024-12-26,591.2184448242188,592.3392110668057,588.0133066034633,589.4093887705021,41219100,586.7972229003906,580.6490087890625,587.3153057994386,585.8992083517867,46.981870116892296,1.416097447651964,2.3431326260464376,-0.9270351783944735,6.659179477574995e-05,0.011785309449855608,0.2430330427230316,0.018202796999858384,0,SPY
2024-12-27,584.9949340820312,587.7183292627742,580.8164691334702,587.4823184826345,64969300,586.0802062988281,580.9373376464844,586.9583255352221,585.8322250725455,40.972813871570494,1.126100462676618,2.099726193372474,-0.973625730695856,-0.010526584203640499,0.012132716753027881,0.5761940459641284,0.0069845681669991055,1,SPY
2024-12-30,578.3192749023438,581.7800467977985,574.5734057798932,577.9948725430215,56578800,584.7073791503906,581.0911730957031,585.6292408224716,585.2757102451232,38.59611771458285,0.35353057734846516,1.7504870701676725,-1.3969564928192073,-0.011411482033024556,0.012546065696472191,-0.1291456118505202,-0.004770160556031744,1,SPY
2024-12-31,576.21533203125,580.698577374324,574.5832389413312,579.9808236627084,57052700,582.8713623046875,581.1590307617188,584.1809471622837,584.6045711181696,38.4343476285618,-0.42362395588588697,1.3156648649569607,-1.7392888208428476,-0.0036380299989984266,0.01233537805351062,0.008375928793116882,-0.008506619477269606,1,SPY
2025-01-02,574.7994995117188,581.180251846637,570.7291685588775,579.4695486945864,50204000,581.1387329101562,581.2173864746094,582.7376475237353,583.8782695176917,32.77810930940818,-1.1406219939564153,0.8244074931742855,-1.9650294871307008,-0.002457123996579935,0.012330745929438149,-0.12004164570651343,-0.011042145524617797,0,SPY
2025-01-03,581.9865112304688,582.6255346471705,576.5594027877501,577.64092396713,37888500,581.8895385742187,581.425556640625,582.622088094002,583.7381392741937,41.977960870636046,-1.1160511801916755,0.4363157585010934,-1.552366938692769,0.012503510745669022,0.008835542092803671,-0.2453091387140467,0.0009647917664383776,0,SPY
2025-01-06,585.339111328125,589.6060884935793,583.6087253809885,586.2338281568046,47679400,582.9932495117188,581.8052331542968,583.0400916684825,583.8567297967071,44.969412143786265,-0.8166381282245538,0.18572498115596398,-1.0023631093805179,0.005760614778799633,0.008918246446133173,0.25841350277788777,0.006073988291011023,0,SPY
2025-01-07,578.7222900390625,587.6887790314382,576.903452910936,587.3643167301589,60393100,582.7454833984375,582.0280773925781,582.3758144947255,583.4764009257705,38.79874316360177,-1.100586431044917,-0.07153730128421223,-1.0290491297607047,-0.01130425280150682,0.00904000943073917,0.26664974810924624,-0.0056797729902055005,1,SPY
2025-01-08,579.56787109375,580.6395509433228,575.350100693004,578.7911897402016,47304700,582.2342346191406,582.2717529296875,581.9438232022678,583.1868801974726,40.92126547804899,-1.2430569952048245,-0.3058412400683347,-0.9372157551364898,0.0014611171355269903,0.008795118647501626,-0.21672012200069213,-0.004643676809553243,1,SPY
2025-01-10,570.7194213867188,576.0875425144147,568.8120722687759,576.0187135246937,73105000,580.1882690429687,582.30337890625,580.2169921537218,582.2633647300094,46.88627428774814,-2.046372576287581,-0.653947507312184,-1.3924250689753972,-0.015267322687043783,0.008766403198588091,0.5454066932038466,-0.019893337286295054,1,SPY
2025-01-13,571.604248046875,571.9581742427216,565.6658729466735,566.0788468496604,47910100,578.2268493652343,582.3342785644531,578.8919545988223,581.4738005312587,47.79128547185538,-2.5818459324364085,-1.039527192337029,-1.5423187400993794,0.0015503706847863619,0.00884532787898451,-0.34463990151152457,-0.018425895422178096,1,SPY
2025-01-14,572.3906860351562,575.1533862250869,568.6152938144415,574.5241441869972,48420600,576.9664245605469,582.415400390625,577.8917594351814,580.8009772352511,41.98562720236859,-2.9092178000697686,-1.413465313883577,-1.4957524861861915,0.001375843498309326,0.00856618193255882,0.010655373292896453,-0.017212309888689714,1,SPY
2025-01-15,582.8025512695312,583.9430001285099,579.2827918470954,580.3937768602567,56900200,577.4147521972657,582.9275817871094,578.6472658712353,580.9492419785312,48.48296279348649,-2.3019761072959,-1.5911674725660416,-0.7108086347298583,0.018190137415575514,0.01000167859967515,0.17512381093997176,-0.00021448722188577296,1,SPY
2025-01-16,581.6817626953125,584.346110636513,580.9836915331506,584.1691475266347,43319700,577.9613952636719,583.3703137207032,579.1141115364779,581.0035027723668,41.5971850213413,-1.8893912358888656,-1.6508122252306066,-0.23857901065825904,-0.0019231016950377322,0.009931248505216527,-0.23867227180220807,-0.0028944754055467703,1,SPY
2025-01-17,587.521728515625,589.2717368825727,585.5848557638515,586.9121689712896,58070600,579.2336181640625,583.9539489746094,580.4075910717313,581.4863343089045,47.03376590811809,-1.078743237173171,-1.5363984276191196,0.4576551904459485,0.010039795288152353,0.010231170317628354,0.34051251509128644,0.006109693319619636,1,SPY
2025-01-21,592.8995361328125,592.9093774154856,588.5932548694913,590.5595911538271,42532900,580.3249206542969,584.5101147460938,582.3294287734361,582.331756666231,56.429894199595864,-0.002327892794824038,-1.2295843206542607,1.2272564278594367,0.009153376558130866,0.009907435447078406,-0.267565687284099,0.014352910540073482,1,SPY
2025-01-22,596.2326049804688,597.5893820777127,595.1707663809229,595.7213382459036,48196000,581.4142700195313,584.8519152832031,584.4683789591335,583.3614491339523,65.40931619623656,1.1069298251811688,-0.7622814914871748,1.8692113166683435,0.005621641854193671,0.009901519811460285,0.1331463408326261,0.01945909622567421,0,SPY
2025-01-23,599.4868774414062,599.4868774414062,595.3280946897063,595.6033506126263,41152100,583.4907287597656,585.1692419433593,586.7789171871755,584.5559253048748,69.6300430307043,2.2229918823006756,-0.16522681672960482,2.3882186990302805,0.00545805853915704,0.008774420563944089,-0.14615113287409742,0.024467512083337972,0,SPY
2025-01-24,597.73681640625,600.4995770008244,596.5865262707722,599.54587252364,34604700,585.3076232910156,585.401005859375,588.4647478362639,585.5322876086805,69.23963003881664,2.9324602275834195,0.454310592133,2.4781496354504196,-0.002919264959769352,0.008997674934361065,-0.15910245163673298,0.021072410917309492,0,SPY
2025-01-27,589.2816772460938,589.5962983553967,584.6313096156265,584.7984314522485,70361100,587.1638488769531,585.4524963378906,588.59042928393,585.8100201744147,55.9916584788755,2.78040910951529,0.919530295609458,1.8608788139058319,-0.014145254111986527,0.008746269043002936,1.0332816062557977,0.006540549288209352,0,SPY
2025-01-28,594.3448486328125,595.1805175844501,587.1971967465958,590.5104687195756,44433300,589.4379089355468,585.64169921875,589.4757245683735,586.4422296898516,57.19443052096356,3.0334948785218785,1.3423232121919422,1.6911716663299363,0.008592107276066407,0.008877589397037011,-0.3684962287400282,0.014860877266206662,0,SPY
2025-01-29,591.6804809570312,593.9614384934404,589.1340487911447,593.5583059073574,37177400,591.3668884277344,585.7719323730469,589.8149178589363,586.8302483022353,61.04972576973401,2.9846695567009647,1.6707924810937467,1.313877075607218,-0.004482864925825725,0.009251380875695107,-0.1632986971483099,0.010086773123539672,1,SPY
2025-01-30,594.8560791015625,596.389819126707,590.6087851839717,593.7943006280343,39281300,592.5722412109375,586.0409326171875,590.5904811270326,587.4247542873707,62.53834355828221,3.165726839661943,1.9697793528073861,1.1959474868545568,0.005367082820435076,0.0077309288707378965,0.05659083206464133,0.015041861402082635,1,SPY
2025-01-31,591.6903076171875,599.6933113603776,590.9332488823969,597.2746959271392,66566900,593.573095703125,586.395556640625,590.759685202441,587.7407212006904,68.96680021948444,3.0189640017506463,2.1796162825960383,0.8393477191546079,-0.005321911628030085,0.007996440275903573,0.6946205955505547,0.009029316331957471,0,SPY
2025-02-03,587.7085571289062,590.1861005375324,580.5510628181718,582.6943625959686,65857200,593.5917785644531,586.6235119628906,590.2902808834357,587.7383386768545,63.79264379785029,2.5519422065812023,2.254081467393071,0.29786073918813116,-0.006729450249601476,0.007817976898397158,-0.01066145486720882,0.0018496448640201724,1,SPY
2025-02-04,591.6510620117188,592.1622687341741,587.2268045597665,587.767535135661,33457800,593.4669311523437,586.88818359375,590.4996318262484,588.0281700349926,65.64964769174614,2.4714617912558197,2.2975575321656208,0.1739042590901989,0.006708265236212485,0.0075350718735014395,-0.491964432134983,0.008115478469516546,1,SPY
2025-02-05,594.0498657226562,594.1973649569587,588.5048426365228,590.5301667443101,30653100,593.2486572265625,587.1969128417969,591.045821656465,588.4742215674122,60.506977815586794,2.571600089052822,2.352366043543061,0.219234045509761,0.004054423062778145,0.007416238007353953,-0.08382798629915889,0.01167062144058928,0,SPY
2025-02-06,596.1146850585938,596.2425017541303,592.4867911796968,595.7902226770135,35771500,592.9114379882812,587.484814453125,591.8256467952541,589.0401818260182,63.249210826220406,2.7854649692359317,2.4389858286816355,0.3464791405542962,0.0034758350352048772,0.007269021117967528,0.16697821753754116,0.014689521147031037,1,SPY
2025-02-07,590.6580200195312,597.8941240756534,589.9501076619601,596.6750050236558,50788500,592.2035583496094,587.6275219726563,591.6460119066813,589.1600216922044,52.89947399247722,2.485990214476942,2.448386705840697,0.03760350863624495,-0.009153716853202765,0.007747365875022704,0.41980347483331704,0.005157175138260417,1,SPY
2025-02-10,594.6693115234375,595.3083949100401,592.5948408497425,593.8631663388722,26048700,592.7423217773437,587.810869140625,592.1111349246438,589.5681172352587,51.67855323484462,2.543017689385124,2.4673129025495824,0.0757047868355416,0.006791224986284927,0.006592211095591686,-0.4871142089252488,0.011667770609345096,1,SPY
2025-02-11,595.12158203125,595.662312577201,592.2900526181724,592.4080280097315,30056700,592.8199951171875,587.9421179199219,592.5742806333525,589.9794849979247,48.885331791833885,2.594795635427772,2.4928094491252204,0.10198618630255174,0.0007605411933127026,0.0060212980135532146,0.15386564396687752,0.012211175033230104,1,SPY
2025-02-12,593.2044677734375,594.3744405625547,588.4361250659014,589.1145136580423,45076100,592.9723937988281,588.0706921386719,592.6712325010578,590.2183726109257,43.52319934357983,2.4528598901321175,2.4848195373266,-0.03195964719448252,-0.003221382513584947,0.005925984491988682,0.49970222945300047,0.008729861398287575,1,SPY
2025-02-13,599.4672241210938,599.6737110792319,593.047165943141,594.3055902381474,40921300,593.4335083007812,588.2516198730468,593.716769673371,590.90347272279,51.63208984179362,2.813296950581048,2.5505150199774898,0.26278193060355814,0.010557500301983769,0.006609605025374434,-0.0921730140806325,0.01906599806808429,0,SPY
2025-02-14,599.4376831054688,600.7059485220444,598.8182823186273,599.6736338799176,26910400,594.2082458496094,588.4107885742187,594.5969102013861,591.5356364548403,61.3891231259514,3.061273746545794,2.652666765291151,0.4086069812546431,-4.927878362037674e-05,0.006269221776925683,-0.34238648332286614,0.018740129762014224,0,SPY
2025-02-18,601.1975708007812,601.1975708007812,598.1399318067746,600.5978525430173,26749000,595.5571472167969,588.5996716308593,595.6123964474469,592.2513352952803,58.299661582269216,3.3610611521665987,2.794345642666241,0.5667155095003578,0.0029358976669520143,0.005599757227996272,-0.005997681193887883,0.021403170570952534,0,SPY
2025-02-19,602.6133422851562,602.908280775238,599.3000698962699,599.8113366176324,31011100,596.6533752441406,588.74337890625,596.6894650378638,593.0188913686045,63.654284172299924,3.6705736692592836,2.96959124798485,0.7009824212744338,0.0023549188372289365,0.005382771748510809,0.1593367976372948,0.023558589150800335,0,SPY
2025-02-20,600.106201171875,601.3843078099816,596.8027704742943,601.2466498622931,36554000,597.2590087890625,588.8565405273438,597.2151167507886,593.5438772799579,56.668330816436004,3.6712394708307556,3.1099208925540314,0.5613185782767243,-0.00416044740027488,0.005630230599711731,0.1787392256321123,0.019104246739718223,0,SPY
2025-02-21,589.8419799804688,600.0275889538111,589.3798596850504,599.8899309928074,76519800,596.63173828125,588.7418798828126,596.0807880168933,593.2696626651809,48.01103412039013,2.8111253517123487,3.050161784385695,-0.2390364326733465,-0.017104007876210026,0.007928611658978983,1.093335886633474,0.0018685609691553307,0,SPY
2025-02-24,587.157958984375,592.8800056614799,586.4500466079941,591.8869960824046,50737200,596.2817321777344,588.6348803710938,594.7080450888135,592.8169438740101,49.39048368069209,1.8911012148033706,2.8183496704692304,-0.9272484556658598,-0.004550406866907997,0.007527985057424881,-0.33694024291751934,-0.0025090619600858233,0,SPY
2025-02-25,584.2378540039062,587.8264418905826,579.636634088407,587.0989070332523,58266500,595.2385864257812,588.5063208007813,593.0972464603663,592.181455735484,41.60345766817557,0.9157907248822994,2.4378378813518444,-1.522047156469545,-0.004973286891179596,0.007160308936441387,0.14839801959903198,-0.007253051744740668,0,SPY
2025-02-26,584.5328979492188,589.4881049123491,581.8980139327481,585.8995163780398,43321600,594.1797180175781,588.2923388671875,591.7796543817282,591.6148958994643,38.6812312534662,0.1647584822638919,1.9832220015342539,-1.818463519270362,0.0005050065539069504,0.007150823433934295,-0.256492152437507,-0.006390429841748202,0,SPY
2025-02-27,575.2025756835938,587.9542991571739,574.809344386224,586.8039490929929,74196700,592.3795288085937,587.9530883789063,589.2293345820152,590.3991684760664,28.793610552689174,-1.1698338940511803,1.3526108224171671,-2.5224447164683474,-0.015962013940292508,0.008454248636819631,0.7126952836460334,-0.021686275567440294,0,SPY
2025-02-28,584.178955078125,584.7098443771037,572.6365684069419,575.7040488167072,88744100,590.8507019042969,587.7957165527343,588.4523531198782,589.9384119280706,43.86752613232367,-1.4860588081924107,0.7848768962952515,-2.270935704487662,0.015605596661077747,0.00944888808768523,0.19606532365994722,-0.006153092601321908,0,SPY
2025-03-03,573.9442138671875,587.2858157400013,570.1393571070072,586.1453068357338,74249200,588.3013549804688,587.3830908203125,586.2203316963873,588.7536565161533,32.45102660150661,-2.533324819765994,0.12123655308300241,-2.6545613728489963,-0.017519873186066404,0.010494501352229844,-0.16333367514009378,-0.02287923701439365,0,SPY
2025-03-04,567.1505126953125,575.5369680083471,562.6181207422406,569.9525786591505,109648200,584.8966491699218,586.8835852050781,583.2865133885297,587.1534236405355,28.612364448244392,-3.866910252005823,-0.6763928079347628,-3.1905174440710606,-0.011836866733266005,0.010404175954682453,0.47675934555523836,-0.033623486850241635,0,SPY
2025-03-05,573.2461547851562,575.0355284425119,563.4341535288585,566.9833769883293,71230500,581.9599304199219,586.8589392089843,581.7418428341646,586.1232555771741,35.655799189874216,-4.381412743009491,-1.4173967949497086,-2.9640159480597825,0.010747838454513436,0.01142076116170948,-0.3503723727338889,-0.023196007616713588,0,SPY
2025-03-06,563.0703125,570.4047092717689,560.5238803180225,565.7936477589768,80094900,578.2563415527344,586.6343054199219,578.8692997058316,584.4156301640501,25.23425267975429,-5.546330458218449,-2.243183527603457,-3.303146930614992,-0.017751261304090216,0.012107691166101806,0.12444669067323688,-0.04016811274453935,0,SPY
2025-03-07,566.2261962890625,567.6714847046253,556.1094174114145,561.2907328755356,81158800,575.8947631835938,586.3348303222656,576.9242068724825,583.0682646918287,28.32394672538973,-6.144057819346244,-3.023358385952015,-3.1206994333942295,0.005604777447865361,0.011981763651702062,0.013282993049495095,-0.03429547929491217,0,SPY
2025-03-10,551.1444702148438,559.9536192631458,546.2384702857362,558.0364891964213,99326600,572.2934143066407,585.6641125488281,572.958093540538,580.7035391750151,22.171244897931487,-7.745445634477051,-3.9677758356570223,-3.7776697988200283,-0.026635514522396653,0.013963348601608902,0.22385496089148682,-0.058941023693177774,1,SPY
2025-03-11,546.5628662109375,554.5265648872522,542.7285461144836,549.9843324603625,88102100,568.5259155273437,584.7717883300782,568.897289335984,578.1746004369352,19.896531219288647,-9.277311100951124,-5.029682888715843,-4.247628212235281,-0.008312891177371884,0.01397011144426818,-0.11300598228470515,-0.06533988622852882,1,SPY
2025-03-12,549.4631958007812,553.6318192815521,544.3703918307585,552.7076387923001,69588200,565.0189453125,583.9366833496093,565.9074287921067,576.047829723146,22.915155578681137,-10.14040093103938,-6.051826497180551,-4.088574433858829,0.005306488547146326,0.014317925494464215,-0.2101414154713679,-0.05903634508981248,1,SPY
2025-03-13,542.138671875,549.6992388466521,540.4279685563406,549.0896792735167,74079400,561.7125549316406,583.0795581054688,562.2506969587057,573.536040252913,23.65909506062745,-11.285343294207337,-7.098529856585909,-4.186813437621428,-0.0133303267293573,0.014139083011155205,0.06453967770397862,-0.07021492292319964,1,SPY
2025-03-14,553.3368530273438,554.3397037227768,542.2073825911375,546.7496145526088,62660300,558.6283447265625,582.5799096679688,560.8793363538808,572.0398041621302,32.929673180063645,-11.160467808249336,-7.910917446918594,-3.2495503613307424,0.02065556606322616,0.015049892786256487,-0.15414676684746365,-0.0501957862867114,1,SPY
2025-03-17,557.6038818359375,560.1207900872192,552.8846263579363,553.3172227764923,49008700,556.9943115234375,582.2076806640625,560.3754202741973,570.9704765824123,36.73751605493295,-10.595056308215021,-8.44774521917788,-2.1473110890371405,0.007711448795157061,0.014889099830003933,-0.2178668151923946,-0.04225948857298156,1,SPY
2025-03-18,551.5770874023438,555.5097605205915,549.6500559715837,555.2934322950165,66041400,555.4369689941407,581.743232421875,559.0218306016044,569.5339292357405,34.47570558962923,-10.512098634136123,-8.86061590216953,-1.6514827319665937,-0.010808379622018083,0.014823023720021951,0.3475444155833556,-0.051854741642537894,1,SPY
2025-03-19,557.5841674804688,561.3398770802173,552.1767425607164,553.3565563629542,66556000,553.8707702636718,581.255185546875,558.8006516598912,568.6487616983129,41.43235699521666,-9.848110038421737,-9.058114729419971,-0.7899953090017657,0.010890735339307511,0.014837469873372354,0.007792081936482287,-0.040723968843624836,1,SPY
2025-03-20,555.9718627929688,560.966374832501,553.1304918485869,553.848245552193,62958200,553.1609252929687,580.6678405761719,558.3654533726723,567.7097321497689,35.22498610881101,-9.344278777096633,-9.115347538955303,-0.22893123814132998,-0.0028915897931346413,0.01387158253193326,-0.05405673417873669,-0.042530300556508194,1,SPY
2025-03-21,556.1552734375,557.0526817242638,550.2878724028328,551.5205297947124,83763000,552.1538330078125,580.2165002441407,558.0254256903381,566.8538463192305,39.58542372396838,-8.828420628892331,-9.05796215694271,0.22954152805037786,0.0003298919546212975,0.013683896157009642,0.33045417435695423,-0.04146939426320395,0,SPY
2025-03-24,566.1151733398438,567.1703352751009,562.2890000340255,562.880651498493,58766800,553.6509033203125,579.9474462890626,559.2700022518005,566.7991298022388,49.415526467213596,-7.529127550438261,-8.75219523564182,1.2230676852035582,0.01790848775160092,0.011786483064771393,-0.29841576829865213,-0.023850907591244752,0,SPY
2025-03-25,567.4760131835938,568.4127846067184,565.73055113845,567.3181993393742,38355700,555.7422180175781,579.882578125,560.5324654720764,566.8492693119688,46.55865051399284,-6.316803839892373,-8.26511695649193,1.9483131165995573,0.0024038215328545665,0.01113864686330831,-0.3473236589366785,-0.02139496065138191,0,SPY
2025-03-26,560.7012939453125,568.3338979913931,559.3206937528307,567.2097001365158,51848300,556.8660278320312,579.6645190429688,560.5584390833435,566.3938637292534,48.527358487702564,-5.835424645909939,-7.779178494375532,1.9437538484655938,-0.011938335860707916,0.012169725234100813,0.35177561614049546,-0.032714138048270947,0,SPY
2025-03-27,559.2122802734375,562.9792883535321,557.101956447335,559.3108687859911,42164200,558.573388671875,579.4009509277344,560.3513377279734,565.8618945843782,45.54770690400658,-5.510556856404833,-7.325454166781393,1.8148973103765602,-0.002655627315210407,0.011086491413600654,-0.1867775799785143,-0.034844041284314176,0,SPY
2025-03-28,547.95068359375,558.4135249923543,547.3689030262066,557.6838014665011,71662700,558.0347717285156,578.7039135742187,558.4435447842467,564.535138214702,47.86931251358987,-6.091593430455305,-7.078682019516176,0.9870885890608712,-0.020138321487112032,0.011433598438591342,0.6996100957684481,-0.05314156213413035,0,SPY
2025-03-31,551.62890625,552.9305994826874,539.282592409213,542.201546342058,95328200,557.4372741699219,578.1028564453125,557.395138855901,563.5791210321314,53.42096846520093,-6.1839821762304155,-6.8997420508590235,0.715759874628608,0.006712689237152292,0.011353918888629085,0.330234557168513,-0.04579453275511858,0,SPY
2025-04-01,553.18701171875,555.1297110203275,545.9981756472096,549.715889513425,54609600,557.5982666015625,577.416162109375,556.7477346809547,562.8093351570661,52.56102321715661,-6.06160047611138,-6.732113735909495,0.6705132597981152,0.002824553701041621,0.010855358832298854,-0.4271411817279672,-0.041961330458975765,0,SPY
2025-04-02,556.687744140625,559.547472787333,547.1124411566806,547.3491017135567,76014500,557.5086242675782,576.6919262695312,556.7385053670579,562.3558839706631,60.56149069203613,-5.617378603605175,-6.509166709448631,0.8917881058434558,0.006328298292829215,0.010451218473618884,0.3919622190970087,-0.034687813748855545,0,SPY
2025-04-03,529.2537231445312,540.3673198616506,529.2537231445312,537.5470145495102,125986000,554.8368103027344,575.3523486328126,552.510077332823,559.9038720576162,35.85238909318295,-7.393794724793224,-6.68609231251755,-0.7077024122756743,-0.0492808064931346,0.01879047354679256,0.6573943129271389,-0.08012242515012524,0,SPY
2025-04-04,498.2696838378906,518.5740121118964,498.0527349403516,516.404523136506,217965100,549.0482513427735,573.3280047607421,544.1654014105258,555.338376633933,23.471436941375714,-11.172975223407207,-7.583468894695482,-3.5895063287117246,-0.05854288397358964,0.025163780796991345,0.7300739764735764,-0.1309168927727059,1,SPY
2025-04-07,497.3822021484375,515.9114867336431,475.1154617622772,482.4029468413161,256611400,542.1749542236328,571.3209124755859,536.9679861394352,551.0453266720444,24.602052707242933,-14.077340532609242,-8.882243222278234,-5.195097310331008,-0.001781127205286448,0.023389751554782897,0.17730499056959115,-0.1294171256689436,1,SPY
2025-04-08,489.5918273925781,517.6963871548359,482.3733781436919,514.6196789750944,165816600,534.3865356445312,569.3271154785157,529.6793463322264,546.4932156143062,18.65983439025618,-16.81386928207985,-10.468568434238557,-6.345300847841292,-0.01566275335588796,0.022791580366567504,-0.35382216066784256,-0.14005180136013817,1,SPY
2025-04-09,541.0084228515625,541.0084228515625,486.2093956781114,486.593999250198,241867300,532.4172485351562,568.2603869628906,531.422281181355,546.0869346689178,45.273082671742415,-14.664653487562873,-11.307785444903422,-3.3568680426594515,0.10501930911064017,0.04417798542692973,0.4586434651295468,-0.04795682531555334,0,SPY
2025-04-10,517.3019409179688,526.0981670837639,502.25365007002944,524.7866027854379,162331200,528.2262145996094,566.7728161621094,529.249921140834,543.9547129095882,39.31438982678707,-14.704791768754262,-11.98718670967359,-2.7176050590806717,-0.043819062573260736,0.04604964422660431,-0.32884188974698114,-0.08728519405558588,1,SPY
2025-04-11,526.5321044921875,528.9875485351057,512.8545420601603,515.7537548286505,97866300,526.0843566894531,565.4063366699219,528.8317955025807,542.6641493231141,39.06982192274893,-13.832353820533399,-12.356220131845554,-1.4761336886878453,0.017842893761116585,0.046395420320621154,-0.3971195925367397,-0.06875450389659976,0,SPY
2025-04-14,531.6402587890625,536.7287027931718,526.4532262576091,536.5018528789103,68034000,524.0854919433593,564.2053356933594,529.263866777424,541.8475648391102,40.30521259964215,-12.583698061686164,-12.401715717813676,-0.18198234387248746,0.009701505859365467,0.04647475824803718,-0.30482709574184375,-0.05771848446678951,0,SPY
2025-04-15,530.151123046875,535.6931457102869,529.3622343758641,532.1825399641931,56892900,521.7819030761718,563.0541870117188,529.4003677419549,540.9811617433891,41.491820293613394,-11.580794001434128,-12.237531374537767,0.6567373731036383,-0.00280102140040972,0.04643398757085801,-0.16375782696886854,-0.05843676279093013,0,SPY
2025-04-16,518.3668823242188,530.4272422697393,513.0713913810127,524.3033791384568,83484800,517.9498168945313,561.5885034179687,527.7029084469186,539.3060299345616,39.24154803412296,-11.603121487642966,-12.110649397158806,0.50752790951584,-0.022228078391931083,0.046653668463396504,0.46740278663945767,-0.07696315154368782,1,SPY
2025-04-17,519.1065063476562,523.800475242003,516.6411916080497,520.3194821276195,79868100,516.9350952148437,560.0896362304687,526.3803850470322,537.8097689281242,41.95677881060886,-11.429383881092008,-11.974396293945446,0.5450124128534384,0.0014268350248789474,0.044133164789246046,-0.0433216585534133,-0.07317244817925628,1,SPY
2025-04-21,506.7503356933594,514.4618467446136,501.40552056556845,513.9293002870572,69368100,517.7831604003907,558.302349243164,523.3603774541594,535.5090701699935,38.06327794447412,-12.148692715834045,-12.009255578323167,-0.13943713751087827,-0.02380276591259234,0.04030934267199491,-0.13146675581364775,-0.09233708871132051,1,SPY
2025-04-22,519.9348754882812,521.9564215250564,511.9867032226325,512.9235348557764,75948100,520.038427734375,556.8878863525391,522.8333771517167,534.3554261194963,41.67079710093966,-11.522048967779597,-11.911814256214454,0.389765288434857,0.026017821531153285,0.04094333369407826,0.0948562812013014,-0.06635628421779793,1,SPY
2025-04-23,527.9915161132812,537.8626460694973,526.4729038847668,532.9320165359907,90590700,523.8783966064453,555.554330444336,523.6269369919575,533.8840253782952,42.972386634352574,-10.257088386337728,-11.58086908223911,1.323780695901382,0.015495480308824972,0.04036330934864256,0.19279744983745473,-0.04961317520288211,1,SPY
2025-04-24,539.1051635742188,539.8348871004667,528.0211182344198,529.2734571828396,64150400,523.6880706787109,554.4340020751953,526.0082026199976,534.270776355771,52.6221939181659,-8.262573735773344,-10.917210012945956,2.654636277172612,0.021048912949868326,0.023005090836047615,-0.2918655005425502,-0.0276477244245521,1,SPY
2025-04-25,543.0003662109375,543.4046513367819,536.1467793425768,539.0657336001437,61119600,526.2579132080078,553.4299200439453,528.6223816339884,534.9174126413388,63.91238887772026,-6.295031007350417,-9.992774211826848,3.6977432044764313,0.007225311311978455,0.017146616475980585,-0.047245223724248,-0.018845301736089115,1,SPY
2025-04-28,543.2073974609375,545.8699492792146,537.4583271221219,543.7399439376,47613800,527.9254425048828,552.3047235107422,530.8662302227499,535.5314855909388,64.31339549276743,-4.665255368188923,-8.927270443099264,4.262015074910341,0.000381272763119167,0.016572080615359867,-0.22097330479911514,-0.016471570244732336,1,SPY
2025-04-29,546.6293334960938,547.7436606136026,540.9393676118534,541.2943585019403,47775100,529.424349975586,551.2485565185547,533.2913230340336,536.3535483987281,68.31535088845384,-3.062225364694541,-7.75426142741832,4.692036062723779,0.006299501905075555,0.016459381811853135,0.00338767332160006,-0.008379564840285347,1,SPY
2025-04-30,546.8462524414062,548.7988227140515,534.0069337400583,539.9729835885655,93101500,531.093862915039,550.1615301513672,535.376696789014,537.1307857352227,52.79295563251553,-1.7540889462087534,-6.554226931176407,4.8001379849676535,0.0003968300492129817,0.01636698020877768,0.9487452668858882,-0.006026007869086691,1,SPY
2025-05-01,550.7216796875,556.2440206119321,550.1201573586014,552.595342895286,63186100,534.3293426513671,549.1236968994141,537.7374633887811,538.1375186205765,69.73323059757327,-0.4000552317954771,-5.323392591300221,4.923337359504744,0.0070868680708551235,0.013711128414873885,-0.3213202794799225,0.0029100597863629396,1,SPY
2025-05-02,558.8966674804688,560.4941864598073,554.5774316657111,556.894803218062,60717300,538.3083587646485,548.2995062255859,540.992725556733,539.6752333509389,69.35131998627827,1.3174922057941103,-3.9952156318813548,5.312707837675465,0.014844136511218409,0.013852511126523644,-0.03907188448092225,0.019327322265584757,0,SPY
2025-05-05,555.6918334960938,558.788283367358,553.9069479669498,554.7648727126054,38659200,543.2025085449219,547.6165032958984,543.2541267781731,540.8616481765059,64.71578288543034,2.3924786016672215,-2.7176767851716397,5.110155386838861,-0.005734215590911473,0.009942538233910662,-0.3632918459812936,0.01474632366189299,1,SPY
2025-05-06,551.047119140625,555.533979770925,549.2326812616892,550.1891944565425,48264700,546.3137329101562,546.8942864990235,544.4530486800888,541.6161275071814,62.309732368670666,2.8369211729074095,-1.60675719355583,4.4436783664632395,-0.00835843551316362,0.009453243983157918,0.24846608310570306,0.007593483318661276,1,SPY
2025-05-07,553.364501953125,555.997440916007,548.3253535066884,552.3783761794856,55588000,548.8510314941407,546.2768194580078,545.8240414913251,542.4863774661402,73.20518299444274,3.3376640251849494,-0.617872949807674,3.9555369749926235,0.004205416800135087,0.00882934775016673,0.15173201118001356,0.01297452544691402,1,SPY
2025-05-08,557.2203369140625,562.3974982446085,553.9069681077176,557.3978323656503,65130800,550.662548828125,545.7305682373047,547.5773177102078,543.57778186969,74.26851335112758,3.9995358405177512,0.3056088082574111,3.69392703226034,0.006967983937040012,0.006837478877175567,0.17167014463553287,0.021053921743598547,1,SPY
2025-05-09,556.5103149414062,559.6264462916283,554.9522191721212,558.6205786168767,37603400,552.0135437011719,545.356723022461,548.951624976546,544.5357472824097,87.2014309866096,4.41587769413627,1.127662585433183,3.2882151087030875,-0.0012742212112867302,0.006827934387828197,-0.4226479637897892,0.020451919721701017,1,SPY
2025-05-12,574.9015502929688,574.9114211824733,569.0340889310521,573.4026196086874,78993600,555.182958984375,545.1711749267578,552.9439211790726,546.7850660239326,88.12586046023299,6.1588551551400315,2.133901099374553,4.024954055765479,0.03304742941467098,0.011750851504716327,1.100703659775446,0.05453401928340251,1,SPY
2025-05-13,578.6981811523438,580.907093658496,574.7536773375426,575.3157161654024,67947200,558.38984375,545.266254272461,556.9061150211144,549.149000477889,87.38006835496347,7.757114543225384,3.2585437881447197,4.498570755080665,0.006603966987809073,0.011752833115603493,-0.13983917684470637,0.06131303123552079,1,SPY
2025-05-14,579.4378051757812,580.8084745781977,577.4161987168885,579.6547240062519,66283500,561.6489990234375,545.5120001220703,560.3725288910631,551.3926156406958,85.10129715603055,8.979913250367304,4.402817680589237,4.577095569778066,0.0012780825092013615,0.011711226180593056,-0.024485188499305366,0.06219075849132438,0,SPY
2025-05-15,582.267822265625,582.7706958315019,576.9821425909696,577.4357820961777,71268100,564.80361328125,545.6924334716797,563.7410355640726,553.6796679832831,84.8198493675298,10.061367580789465,5.5345276606292835,4.526839920160182,0.004884073949895651,0.011706441184074967,0.07520121900623833,0.06702564769178432,0,SPY
2025-05-16,585.9559936523438,586.2518193704545,581.1042713102905,583.0469103495059,76052100,567.5095458984375,546.1501470947265,567.1587214238066,556.0705069217321,85.7025323359905,11.088214502074493,6.645265028918326,4.442949473156167,0.006334149416617141,0.011264496397220535,0.06712680708479679,0.07288443804211431,0,SPY
2025-05-19,586.596923828125,587.2773530559552,579.9405744991373,579.9405744991373,68168500,570.6000549316407,546.5575616455078,570.149214101394,558.3317229888722,85.00602474690183,11.817491112521793,7.679710245639019,4.137780866882774,0.0010938196429841618,0.010750536332010714,-0.10366051693510103,0.07325735657571308,0,SPY
2025-05-20,584.6246948242188,585.8080578995526,581.419785763877,584.8614155899625,60614500,573.9578125,547.2271661376953,572.3762111356748,560.2793505322313,82.1015737479099,12.096860603443474,8.563140317199911,3.533720286243563,-0.003362153676216839,0.010134479675695874,-0.1108136455987736,0.0683400441364661,0,SPY
2025-05-21,574.7733154296875,584.3584902721909,573.7477661832594,580.2759146876367,95197700,576.0986938476562,547.7913751220703,572.7449964116768,561.3529775616724,68.5532092001906,11.39201885000432,9.128916023760794,2.263102826243525,-0.016850775346555102,0.01246344699440833,0.5705433518382566,0.04925586917392488,1,SPY
2025-05-22,575.0001220703125,578.4811148637216,573.3433777523152,574.5760350084579,70860400,577.8766723632813,548.3021136474609,573.0919388206976,562.363877154905,64.15817462745035,10.728061665792552,9.448745152167145,1.2793165136254068,0.00039460189702000825,0.012455373412526002,-0.2556500839831214,0.04869214937956157,1,SPY
2025-05-23,571.0753784179688,573.7379304924723,567.6140667399493,567.9887994120531,76029000,579.3331787109375,548.8808477783203,572.7816987587393,563.0091735447616,63.356154946743686,9.772525213977701,9.513501164529258,0.2590240494484437,-0.006825639685453577,0.012796724040411668,0.07294059869828562,0.04043597208662719,1,SPY
2025-05-27,582.9483032226562,583.1060568711622,570.4047514802384,577.9387671986972,72588500,580.1378540039062,549.4730767822266,574.345791753188,564.4861461134946,74.60830130972704,9.85964563969344,9.582730059562094,0.2769155801313463,0.02079046874263546,0.009798492197035867,-0.045252469452445765,0.060922414318212326,1,SPY
2025-05-28,579.5757446289062,584.545857588394,578.8460211072919,583.3526236048898,68445500,580.2256103515625,549.912514038086,575.1503998879139,565.6038941516732,69.89525278777687,9.546505736240647,9.575485194897805,-0.02897945865715812,-0.005785347645933303,0.009855266088197062,-0.05707515653305961,0.05394172679031972,1,SPY
2025-05-29,581.8635864257812,584.9699071457442,577.9388245287198,584.8318350718904,69973300,580.4681884765625,550.5182440185547,576.1831978168166,566.8083158016071,69.16118928410413,9.374882015209437,9.535364558960133,-0.16048254375069604,0.003947442276660329,0.009923770290077672,0.022321409004244286,0.056937881256066136,1,SPY
2025-05-30,581.2127685546875,582.9286180198035,575.1480700909575,580.7591289651484,90601200,580.3626831054687,550.990816040039,576.9569779303351,567.8753123018354,69.22492292930397,9.081665628499763,9.44462477286806,-0.3629591443682969,-0.0011185059286688004,0.009807434159862832,0.2947967296097225,0.054850192843236556,1,SPY
2025-06-02,584.4866943359375,584.5655410710423,576.9428072484826,579.6053591727813,61630500,580.2157531738281,551.5611126708984,578.1153958388893,569.1057850451023,59.755156704430114,9.009610793787033,9.357621977051856,-0.3480111832648234,0.005632921295571913,0.009758399535908305,-0.31976066542165005,0.059695255718081874,1,SPY
2025-06-03,587.81982421875,588.7960792462304,583.6385997733717,584.1218520308094,63606200,580.3380432128906,552.1944036865234,579.6083848204063,570.4920101690763,59.37185277344735,9.116374651330034,9.309372511907492,-0.19299786057745827,0.005702661694633404,0.009933988898157126,0.03205717948093878,0.0645160839993788,1,SPY
2025-06-04,587.6619262695312,589.6539195966438,587.2280285207049,588.6776647088699,57314200,580.6417663574218,552.6253387451172,580.8473911971947,571.7638558061469,58.55193844107246,9.083535391047803,9.264205087735554,-0.180669696687751,-0.00026861623700524806,0.009856783595445886,-0.09892117435092806,0.06340025523254855,1,SPY
2025-06-05,584.8218994140625,590.6893600195378,582.8496477946317,589.3383724752952,92278700,581.6466247558594,552.9722564697265,581.4588539997898,572.7311182956221,52.65533109464669,8.727735704167685,9.156911211021981,-0.4291755068542962,-0.004832756264298466,0.008068201737787358,0.6100495165247006,0.05759718063916952,1,SPY
2025-06-06,590.8275146484375,592.4940699072976,588.5791185976601,590.3541332655441,66588700,583.2293640136719,553.5747808837891,582.9001864072741,574.0715920995343,54.83182009150885,8.828594307739763,9.091247830365539,-0.2626535226257758,0.010269135339138424,0.008475977941887198,-0.278395772805642,0.06729485347069808,0,SPY
2025-06-09,591.3599853515625,592.9082102708385,590.1864930975049,591.3994087206146,53016400,585.2578247070312,554.2177349853515,584.2016939371646,575.3522138219067,54.7344307010583,8.849480115257848,9.042894287344001,-0.19341417208615397,0.0009012286833693928,0.007833803319381577,-0.2038228708474561,0.06701743380188407,1,SPY
2025-06-10,594.7128295898438,595.0973729509094,590.7781968461302,591.8924637491524,66247000,586.43427734375,555.1529779052735,585.8187917298844,576.7863335084206,59.759628897438986,9.032458221463799,9.040807074167962,-0.008348852704163079,0.005669717805285801,0.005119913020302353,0.2495567409329944,0.07125937040604402,0,SPY
2025-06-11,593.0166015625,596.6652790904382,590.9556323288738,595.8073544523882,73658200,587.7783630371093,555.9807318115235,586.9261470887484,577.9885755865006,70.95588647708789,8.937571502247806,9.020159959783932,-0.08258845753612576,-0.0028521799815779403,0.00468951663478739,0.11187223572388194,0.06661358502533798,0,SPY
2025-06-12,595.37353515625,595.37353515625,591.2022416981604,591.6854337777163,64129000,589.1293579101563,556.8244622802735,588.2257452529794,579.276350369445,72.31091088950085,8.94939488353441,9.006006944534027,-0.05661206099961724,0.003974481637680771,0.004690576485939918,-0.12937052493816026,0.06923020716100137,0,SPY
2025-06-13,588.7171630859375,593.499849631983,587.218232455665,590.1963519379123,89506000,589.8797973632812,557.4650506591797,588.3013479965115,579.975669829926,68.22890586076197,8.325678166585476,8.869941188944317,-0.5442630223588409,-0.0111801611547373,0.0063076283649601715,0.39571800589436923,0.05606111520319246,1,SPY
2025-06-16,594.318359375,596.0638215052488,591.8924679557008,592.0700235861916,79984100,590.8629638671875,558.766343383789,589.2270420547404,581.0380912777093,63.49790380242849,8.188950777031096,8.733743106561672,-0.5447923295305763,0.009514239842613348,0.006710322810464342,-0.10638281232543068,0.06362590806009227,1,SPY
2025-06-17,589.2398681640625,593.401290785268,588.480531921813,591.8826784891205,82209400,591.0049682617188,560.5857470703126,589.2290153023284,581.645630306328,61.026115271535595,7.5833849960004045,8.503671484449418,-0.9202864884490136,-0.0085450687006845,0.007254154960261456,0.027821779578691253,0.05111460868118711,1,SPY
2025-06-18,589.1510009765625,592.8785252065284,588.1944276516227,590.1371267775953,76605000,591.1538757324219,562.421123046875,589.2170130983644,582.2015836893084,58.753689618919005,7.015429409055969,8.20602306937073,-1.1905936603147609,-0.0001508166576998926,0.007253287735178848,-0.06817225280807304,0.0475264474152044,1,SPY
2025-06-20,587.7673950195312,592.8906208578056,586.3629131433069,591.8224395288368,94051400,591.4484252929688,564.384634399414,588.9939949323901,582.6138660100656,57.7372486804508,6.380128922324502,7.840844239961485,-1.460715317636983,-0.002348474253184407,0.007099757976002685,0.2277449252659749,0.041430540795994286,1,SPY
2025-06-23,593.572998046875,593.9586781700418,585.403509483969,588.5189525073708,87426000,591.7229736328125,565.4359259033204,589.6984569500032,583.4256535683478,60.120794163156425,6.272803381655422,7.527236068300272,-1.2544326866448507,0.00987738189722287,0.007040855070905755,-0.0704444590936445,0.04976173400832962,1,SPY
2025-06-24,600.1304321289062,601.1886530620405,596.7973078378046,597.7072691809916,67735300,592.6000183105468,567.092495727539,591.303376208296,584.6630445728337,62.79327610418969,6.640331635462303,7.3498551817326785,-0.7095235462703755,0.011047392828865465,0.0077977075809538415,-0.22522704916157665,0.05825846162711423,1,SPY
2025-06-25,600.4666748046875,601.940336500435,598.903972841808,601.247995602986,62114800,593.1754028320313,568.5711871337891,592.7131144538946,585.8336838492672,63.257648047622965,6.879430604627373,7.255770266311617,-0.37633966168424404,0.000560282661534961,0.007660365068425886,-0.08297741354950816,0.0560976152022159,1,SPY
2025-06-26,605.1646118164062,605.5997923429508,601.7029677445283,602.3161684365299,78548400,594.3902038574219,570.0416741943359,594.6287294327425,587.2656044394257,70.28193098076443,7.363124993316774,7.277241211712649,0.08588378160412447,0.007823809728070064,0.0078079582505906735,0.26456818664794857,0.06161468399957082,1,SPY
2025-06-27,608.1712646484375,609.6350865938839,604.1360202356653,606.1635425121184,86258400,595.6699768066406,571.6020770263672,596.7121963890032,588.8141718623154,68.39175684771915,7.898024526687777,7.401397874707675,0.4966266519801019,0.0049683222933454285,0.007841326335795299,0.0981560413706708,0.06397665280069198,1,SPY
2025-06-30,611.0791015625,612.4340832221852,608.2998981128763,610.6142811588834,92502500,597.9061706542968,573.4563214111328,598.9224894926181,590.4634259141809,69.90774402973487,8.459063578437167,7.612931015453574,0.846132562983593,0.004781279687299023,0.006297421643285967,0.07238831232668352,0.06560705453344196,1,SPY
2025-07-01,610.8812866210938,612.0483479268365,608.7746241554748,609.6053849111585,70030100,599.5624633789063,575.2918170166016,600.7623044354605,591.9758600406188,67.43372127000339,8.786444394841624,7.847633691331184,0.9388107035104394,-0.0003237141327537829,0.00606138603589811,-0.24293829896489283,0.06186333361919716,1,SPY
2025-07-02,613.6505737304688,613.6901136433279,609.8526292762224,610.4757300098587,66510400,602.0035339355469,577.4298217773437,602.745115096231,593.5813943880152,71.74548163128259,9.163720708215806,8.11085109470811,1.0528696135076956,0.00453326557880418,0.004578485578012335,-0.05025981685018299,0.06272753949845655,1,SPY
2025-07-03,618.4869995117188,619.4167005776212,615.6088560521965,615.628656191773,51065800,604.9371337890625,579.4008642578125,605.1669434678445,595.426254026808,73.14875829970255,9.740689441036466,8.43681876397378,1.303870677062685,0.007881400243543668,0.004457355832463304,-0.2322133079939378,0.06745957361312183,0,SPY
2025-07-07,613.8780517578125,617.1913758193931,611.0988485499288,616.5286747873084,74814500,607.5481994628906,581.1185949707032,606.5071139739935,596.7930538587343,76.27695351641879,9.714060115259144,8.692267034230854,1.0217930810282905,-0.007451971921066947,0.005538103143663612,0.4650607647388272,0.05637310020816133,1,SPY
2025-07-08,613.5418090820312,615.2923708557059,612.7307881009865,614.5406899285775,59024600,609.5450805664062,582.6073278808594,607.5893747598454,598.0337023937933,72.55670383659555,9.555672366052136,8.864948100595111,0.6907242654570247,-0.0005477352950125081,0.005364642650571003,-0.21105400691042508,0.053096622237298385,1,SPY
2025-07-09,617.2210083007812,617.8737488887257,614.1055045789822,615.945166968477,66113300,611.2541381835938,584.0917407226563,609.071164535374,599.4549843128294,83.94772658944729,9.616180222544585,9.015194524985006,0.6009856975595795,0.005996656078344209,0.0047608178128015115,0.12009738312500207,0.05671928785902103,1,SPY
2025-07-10,618.9617919921875,620.000273214104,616.1825885407072,617.3595500232223,57529000,613.1036499023437,585.6068286132812,610.59279952873,600.8999330298188,84.77368130272083,9.692866498911144,9.150728919770234,0.5421375791409098,0.0028203571621754353,0.004694696759779938,-0.12984225564296448,0.05695794814737898,1,SPY
2025-07-11,616.7857666015625,618.0121678287132,614.7187046395575,615.9154056597896,63670200,614.2657653808594,587.0099572753907,611.5455636937811,602.0766614425406,83.23493185062361,9.468902251240479,9.214363586064284,0.25453866517619517,-0.003515605355253415,0.0047816746056595655,0.10674963931234682,0.050724538752930926,1,SPY
2025-07-14,617.9627685546875,618.3089087938923,614.9857451789246,616.3308265898004,51898500,615.2449157714843,588.4322875976562,612.5328259800744,603.2534101175145,81.2466376409063,9.279415862559972,9.227374041363422,0.052041821196549876,0.0019082832595347377,0.0046608994375628545,-0.18488555085424574,0.0501850112229445,1,SPY
2025-07-15,615.3220825195312,620.9793689858044,615.242942324076,620.6431287961128,74317300,615.6692138671875,589.7242956542968,612.9619423707601,604.1473858509972,71.63369606786496,8.814556519762846,9.144810537043307,-0.33025401728046155,-0.004273212189356279,0.004851579746444205,0.43197394915074616,0.04340636303076817,1,SPY
2025-07-16,617.3792724609375,617.883693134462,611.2769051241828,616.9045519994012,88987500,616.3190124511718,590.8939477539062,613.6415316154028,605.1275255998817,72.9590889808039,8.51400601552109,9.018649632738864,-0.5046436172177735,0.0033432733845384366,0.004903675785072914,0.1973995287772834,0.04482246739487983,1,SPY
2025-07-17,621.1573486328125,621.5134493059918,617.3396644874989,617.557284919235,68885700,617.0696899414063,592.2032580566406,614.7978111565427,606.3149198986173,72.26645818639156,8.482891257925417,8.911497957776175,-0.42860669985075894,0.006119538410830128,0.005051600487478141,-0.22589464812473659,0.04889215008912129,1,SPY
2025-07-18,620.7025146484375,622.5717567026577,619.5947932954602,622.4036365954075,65621600,617.2912414550781,593.5963659667968,615.7062270783726,607.3806676578632,68.78165159099558,8.325559420509421,8.794310250322825,-0.46875082981340377,-0.0007322363413652111,0.004494750275340367,-0.047384290208272506,0.045664276662968684,1,SPY
2025-07-21,621.87939453125,624.6189973413707,621.4541141003111,621.87939453125,63375000,618.0913757324219,594.9666638183594,616.6559451480462,608.4546474262622,67.07318955802214,8.20129772178393,8.675707744615046,-0.47441002283111544,0.0018960449732978724,0.0035635982857139953,-0.03423567849610498,0.045234014524731414,1,SPY
2025-07-22,621.9684448242188,622.828905853138,619.3277216791315,622.2058050575365,60046300,618.9340393066407,596.2616259765625,617.4732527905342,609.4556694557406,67.58714569528729,8.017583334793585,8.544082862650754,-0.5264995278571689,0.0001431954391026835,0.003530302223718933,-0.05252386587771207,0.04311332094456577,1,SPY
2025-07-23,627.2597045898438,627.2597045898438,622.8287599296668,624.6288217656338,70511000,619.9379089355468,597.6766137695313,618.9788607596587,610.7744868730815,69.98838197484912,8.204373886577173,8.47614106743604,-0.2717671808588662,0.008507280087369118,0.00395907734225746,0.17427718277395954,0.04949681841110132,1,SPY
2025-07-24,627.4674682617188,629.1785504969665,627.0421878119985,627.6454884244192,71307100,620.7884765625,598.7279321289062,620.2848003753602,612.0110040129806,65.2656676032022,8.273796362379585,8.435672126424748,-0.16187576404516335,0.00033122432439824934,0.003953585861216725,0.011290436953099503,0.04800099442600403,0,SPY
2025-07-25,630.1181030273438,630.5928838363332,627.8829206987424,628.1301809903662,56865400,622.1217102050781,599.7563305664063,621.797616167973,613.3522706066371,79.57508675441775,8.445345561335898,8.43760681340698,0.007738747928918599,0.004224338152491125,0.003635045347507429,-0.20252821949006483,0.05062351310617097,0,SPY
2025-07-28,629.9598388671875,631.0477599275997,628.5751571845921,630.4938993278172,54917100,623.3214172363281,600.7667712402343,623.053342737083,614.5824608481594,80.09429043871681,8.4708818889236,8.444261828510305,0.02662006041329512,-0.0002511658677887274,0.003714070891657709,-0.03426160723392435,0.04859301316996345,0,SPY
2025-07-29,628.2982788085938,631.6708825055948,627.3883778702398,631.3543820995848,60556300,624.6190368652344,601.6873803710937,623.8602559788538,615.598447363747,71.92649688300392,8.261808615106816,8.407771185829608,-0.1459625707227925,-0.0026375650574512743,0.0034361068000856474,0.10268568442252057,0.04422711744608576,0,SPY
2025-07-30,627.5070190429688,630.6917023127537,624.6189756546709,628.9509803708415,80418900,625.6318115234375,602.5184008789063,624.4212964502561,616.4805637844302,67.57518773396134,7.940732665825976,8.314363481828883,-0.3736308160029065,-0.0012593696215839056,0.003556387936920943,0.32800220621140985,0.04147361827889573,0,SPY
2025-07-31,625.1531372070312,632.8379457731452,623.8574957354674,632.4522656090571,103385200,626.0313903808594,603.2895251464844,624.5338873359138,617.1229766305487,67.08439572600363,7.410910705365154,8.133672926536137,-0.7227622211709832,-0.003751164153554032,0.003542918655842243,0.28558336410968077,0.03624066248330471,1,SPY
2025-08-01,614.9066162109375,619.476041722763,612.5032535330552,619.4364414435403,140103600,625.4518005371094,603.8951635742187,623.052768701302,616.9588017846515,45.44644351160032,6.0939669166505155,7.725731724559013,-1.6317648079084979,-0.01639041762130744,0.00647066644381188,0.355161086886711,0.018234046736765208,1,SPY
2025-08-04,624.2530517578125,624.3024917393647,618.7243458354196,618.813325728958,73218000,625.6891662597657,604.8847583007813,623.2374276330729,617.4991165974783,61.09062134765545,5.73831103559462,7.328247586766135,-1.5899365511715153,0.015199764160073403,0.008239542300813467,-0.4774010089676497,0.03201980739511412,1,SPY
2025-08-05,621.0880737304688,625.6772386500149,620.168272806011,624.8662177521945,68051400,625.6011291503906,605.8065173339844,622.906757801903,617.764965273996,54.48232518821118,5.1417925279070005,6.890956574994309,-1.7491640470873087,-0.005070024116712868,0.008421328986100474,-0.07056461525854296,0.025225143604817868,1,SPY
2025-08-06,625.8455200195312,626.4982606508958,621.2464542892866,622.1563552914652,64357500,625.4597106933594,606.9019201660157,623.3588750661535,618.3635248847764,55.53493064312737,4.9953501813770345,6.511835296270855,-1.51648511489382,0.007659857740445197,0.00832873799511752,-0.05428102875179641,0.031213610015162985,1,SPY
2025-08-07,625.3212280273438,629.9993730574174,622.2156245224251,629.2674923107387,74205800,625.2450866699219,607.7493786621094,623.6607755217212,618.8789103027443,55.443998889229405,4.781865218976918,6.165841280812067,-1.383976061835149,-0.0008377338742812102,0.00832874352591811,0.1530248999728081,0.02891298614556681,1,SPY
2025-08-08,630.1972045898438,630.6620853000642,626.7949007710238,627.1114011688534,64051600,625.2529968261719,608.7618078613282,624.6663799937401,619.7173024721591,59.01770601321566,4.949077521580989,5.922488528965852,-0.973411007384863,0.007797554830949682,0.008616629833416049,-0.1368383603438006,0.03521146769016492,1,SPY
2025-08-11,628.9509887695312,631.9478122276477,627.7047873460086,630.474150672182,58742300,625.1521118164062,609.7035559082032,625.3255505746309,620.4012792349274,57.3847953337172,4.924271339703523,5.722845091113387,-0.7985737514098634,-0.0019775013459851776,0.008640504890694354,-0.08289098164604791,0.03156851009775963,1,SPY
2025-08-12,635.6467895507812,635.8050095563038,629.8114232578196,631.2949848204768,64730800,625.886962890625,610.792236328125,626.9134334940386,621.530576295361,58.61432565603882,5.382857198677584,5.654847512626226,-0.2719903139486419,0.010645981802730908,0.009213666334309428,0.1019452762319486,0.040692320144855465,0,SPY
2025-08-13,637.82275390625,639.10849531226,635.6369512596368,637.8424936799373,60092800,626.9185363769532,611.8589575195313,628.5917904805326,622.7374042665381,60.222549729645706,5.85438621399453,5.6947552528998875,0.15963096109464292,0.0034232287352642388,0.009193660426062018,-0.07165058982740824,0.04243428337140909,0,SPY
2025-08-14,637.882080078125,638.5447207235369,635.300697252298,635.7457174616427,59327500,628.1914306640625,612.8602026367188,630.0210658032391,623.8592321044334,58.07772857104756,6.161833698805708,5.788170942081052,0.37366275672465576,9.301357079483097e-05,0.009020538123750225,-0.012735302731774811,0.04082803440940386,0,SPY
2025-08-15,636.3886108398438,639.0095939138803,635.4787099260534,638.9106535836406,68592500,630.3396301269531,613.834736328125,631.000688116563,624.7873342329824,56.50775958688032,6.213353883580567,5.873207530380955,0.3401463531996116,-0.002341293610408912,0.0065971777207084,0.1561670388942733,0.036742584244470855,1,SPY
2025-08-18,636.2501831054688,636.9425240091701,635.1424618060598,635.8150025688236,43804900,631.5393432617187,614.8633020019531,631.8083027302408,625.636434149463,58.305729170651105,6.171868580777868,5.932939740460338,0.2389288403175307,-0.00021752076014103228,0.005202729632593926,-0.36137478587309113,0.034783147788917335,0,SPY
2025-08-19,632.7984008789062,637.0512656505922,631.4829592777961,636.0721245937336,69750700,632.7103759765625,615.7027197265625,631.9606255223432,626.1669502034957,55.23582786160514,5.793675318847477,5.905086856137766,-0.11141153729028908,-0.005425196437217061,0.0052566643797189085,0.5923036007387301,0.02776612901748443,1,SPY
2025-08-20,631.1170043945312,632.6500060324975,626.013578858981,632.3929060531275,88890300,633.2375244140625,616.4978601074218,631.8308376565259,626.5336208843132,55.980848943655936,5.297216772212664,5.7835128393527455,-0.48629606714008133,-0.002657080804944645,0.005002990017823313,0.2744001135472476,0.02371321172884855,1,SPY
2025-08-21,628.5850830078125,630.9785456585483,626.864161086776,629.3071240874224,54805800,633.5639099121094,617.1753051757812,631.331490787493,626.6855810416095,66.22846781504987,4.6459097458835,5.555992220658897,-0.9100824747753968,-0.004011809805612443,0.005218052496110888,-0.38344453781796217,0.018487093920229958,1,SPY
2025-08-22,638.2381591796875,639.4151205943501,630.2664897119097,630.7709103705197,84083200,634.3680053710938,618.079736328125,632.3940551555229,627.541327570356,66.47241848334009,4.852727585166917,5.415339293560502,-0.5626117083935842,0.015356833041096918,0.006719057392842628,0.5342025843980016,0.03261459916372478,0,SPY
2025-08-25,635.4292602539062,638.218363635622,635.3105801411765,636.9820621561176,51274300,635.0158325195313,618.8808508300781,632.8610097860435,628.1256188802486,67.03471815424233,4.7353909057949295,5.279349616007387,-0.5439587102124577,-0.0044010200352035955,0.006891459212391287,-0.3901956633429746,0.026739249407430332,0,SPY
2025-08-26,638.0897216796875,638.4359222802034,634.5390979794016,635.1621986940528,51581600,635.2601257324219,619.8683020019531,633.6654270004503,628.863700569096,65.30639650486563,4.801726431354382,5.183824979076786,-0.38209854772240437,0.004186872705103539,0.006155123852824522,0.00599325588062638,0.02939563068297857,0,SPY
2025-08-27,639.5436401367188,640.2755208793137,637.3578376120881,637.5062179210042,48341100,635.4322143554688,620.7728076171875,634.5697674829531,629.6548072037348,67.37549624035482,4.914960279218349,5.130052039105099,-0.2150917598867501,0.002278548623544596,0.006103089656409045,-0.06282278952184495,0.030237845938488217,1,SPY
2025-08-28,641.8085327148438,642.3623933153343,638.267809046051,640.146950913372,61519500,635.8248596191406,621.8241809082032,635.6834236724748,630.5550831675207,65.15223922441945,5.128340504954053,5.12970973227489,-0.0013692273208363304,0.0035414199062957508,0.006187799518403685,0.27261274567603966,0.03213826740776238,0,SPY
2025-08-29,637.98095703125,640.7404203673219,636.0919150690585,640.374419619015,74522200,635.9840942382813,622.8007800292969,636.0368903430556,631.1051478981674,61.03991463387334,4.931742444888187,5.090116274797549,-0.15837382990936266,-0.005963734491660877,0.006480255248382091,0.21135899999187258,0.024374049437187573,1,SPY
2025-09-02,633.2533569335938,633.4709169972102,627.9619508913343,630.5136938017484,81983500,635.6844116210938,623.7104992675781,635.6086544339076,631.2642744933842,46.92587738002659,4.344379940523481,4.940969007942735,-0.596589067419254,-0.0074102526816088865,0.006924194184235543,0.10012184288708603,0.015300139531436052,1,SPY
2025-09-03,636.685302734375,637.1501834379544,633.4412793439511,635.6270215222661,70820900,636.0731018066406,624.5727453613281,635.7742926339796,631.665832140865,48.58472081727133,4.108460493114649,4.774467304977118,-0.6660068118624691,0.005419546163007771,0.006907725867391998,-0.1361566656705313,0.01939334923434677,1,SPY
2025-09-04,642.0064086914062,642.0361089027498,636.4579021356687,637.3579030521721,65219200,637.1620422363281,625.4102648925781,636.7330797197375,632.4318007742384,54.537567402413394,4.301278945499121,4.679829633081519,-0.37855068758239785,0.008357513412322604,0.007196765478193051,-0.07909670732792151,0.026536410945667388,1,SPY
2025-09-05,640.14697265625,645.0625384730564,636.2798483910566,644.3404973975818,85178900,638.3182312011719,626.2038708496094,637.2582940176625,633.0032949877208,54.1019010353175,4.2549990299417,4.594863512453555,-0.33986448251185486,-0.002896288899897903,0.0071058551875161505,0.3060402458171827,0.022266074126503055,1,SPY
2025-09-08,641.7195434570312,642.718484610511,640.1370415028089,641.5118230975241,63133100,638.6663696289063,626.9349694824218,637.9446400852577,633.6489430224846,55.78810161118633,4.295697062773115,4.5350302225174675,-0.2393331597443522,0.0024565777359784047,0.00532970176761999,-0.2588176179781613,0.023582308683171904,1,SPY
2025-09-09,643.2031860351562,643.7273464852004,640.1272219983028,641.8580441132016,66133900,639.4437622070312,627.6356079101563,638.7536471544728,634.3566647271269,61.48977814682911,4.396982427345847,4.507420663483144,-0.11043823613729664,0.0023119797320374502,0.00505133800368984,0.04753132667332993,0.02480352919560347,1,SPY
2025-09-10,645.0625,647.3768223058731,643.4997982019892,646.4570213518696,78034500,640.1410400390625,628.3152758789063,639.7242398999385,635.1496895621545,65.33943286199391,4.57455033778399,4.520846598343313,0.0537037394406763,0.0028907101289483705,0.004983153618740872,0.17994704682469953,0.02665417309433904,1,SPY
2025-09-11,650.423095703125,651.115436538164,646.4273914384058,647.0108918753651,69934400,641.2289855957031,629.1061120605468,641.3702177158134,636.2810529800042,72.61364526951013,5.089164735809163,4.634510225836483,0.45465450997267975,0.008310195838581613,0.005481920944593008,-0.1038015236850367,0.033884559749002285,1,SPY
2025-09-12,650.20556640625,651.8869485652141,649.701206088218,650.3934866540098,72780100,642.0686889648438,629.8372119140626,642.7295021297267,637.3124984189855,65.40227176320874,5.417003710741255,4.791008922817438,0.6259947879238172,-0.0003344427624296653,0.005474412286840133,0.040690990413873473,0.03233907763291466,1,SPY
2025-09-15,653.6671142578125,653.7956944276398,652.114372883025,652.4110731340584,63772400,643.6373046875,630.5408142089843,644.4122116878937,638.5239514440838,73.08464268552525,5.888260243809896,5.01045918701593,0.8778010567939658,0.005323774557475458,0.0049451516397941864,-0.1237659744902796,0.03667692800796751,1,SPY
2025-09-16,652.7671508789062,654.5276730798186,651.9858301119879,654.2210123755038,61169000,645.5886840820312,631.3185961914063,645.6975869480494,639.5790032540707,69.4446106549755,6.118583693978735,5.232084088408491,0.8864996055702443,-0.0013767915798059693,0.003857971623226878,-0.040823302870834355,0.033974216531706736,1,SPY
2025-09-17,651.9561157226562,654.4682584259048,647.1295902463727,652.7770367516476,101952200,647.1157653808593,632.0868823242188,646.6604375287582,640.4958263998918,66.72896519727685,6.1646111288663406,5.4185894965000605,0.74602163236628,-0.001242457061691904,0.003976013019905356,0.666729879514133,0.031434339098095565,1,SPY
2025-09-18,655.0023193359375,657.6035020628194,653.0341373534065,654.6363789857319,90459200,648.4153564453125,632.8425085449219,647.943803960632,641.5703814321915,67.41521074655147,6.373422528440415,5.609556102888131,0.7638664255522833,0.004672405917850231,0.0035030961020475334,-0.11272929863210401,0.03501631210262257,0,SPY
2025-09-19,658.2465209960938,659.0895125014193,654.9438659954435,656.8877828567474,97945600,650.2253112792969,633.628203125,649.528837350703,642.8056510295177,77.1680448525453,6.723186321185381,5.832282146547581,0.8909041746377993,0.004952962095531754,0.0031419886164398042,0.082759962502432,0.03885293891540531,0,SPY
2025-09-22,661.3607177734375,661.8069717744121,656.7290467709187,656.7588293222589,69452200,652.1894287109375,634.5197021484375,651.3491266465084,644.1801004179562,89.38448775731867,7.169026228552184,6.099630962948503,1.0693952656036814,0.004731049353107419,0.0031964995260389153,-0.2909104645844224,0.04230131158121364,0,SPY
2025-09-23,657.7605590820312,661.856628548307,656.5406245808955,661.2416672722171,81708900,653.645166015625,635.3156579589844,652.335500867358,645.1860603189988,79.39243195758873,7.149440548359166,6.309592880030636,0.8398476683285301,-0.005443562937222368,0.004178454471905127,0.17647677107420634,0.03532873909507184,1,SPY
2025-09-24,655.6678466796875,659.1490153831234,654.2496039734066,659.0498612769777,68082200,654.7057006835937,636.1225732421875,652.8481694538702,645.962488938309,70.93828403152871,6.885680515561262,6.4248104071367615,0.4608701084245004,-0.003181571733739008,0.0045033310632641415,-0.1667713064305112,0.03072564040273207,1,SPY
2025-09-25,652.6429443359375,653.9917550046746,649.0328388399253,652.5338627083877,89622100,654.927685546875,636.8278466796875,652.8165963588036,646.4573374862815,68.49141606092573,6.359258872522105,6.411700100213831,-0.05244122769172588,-0.004613467564511753,0.00422245368818617,0.3163807867548345,0.024834180444067044,1,SPY
2025-09-26,656.3818969726562,656.9273655696547,652.4742691464395,654.0908804383538,69179200,655.5453186035156,637.5323376464844,653.3651041455502,647.1924900408278,70.38989213799005,6.172614104722356,6.363882901115536,-0.19126879639317984,0.005728940562627516,0.0045370669643919085,-0.22810110452667365,0.02956643641914214,1,SPY
2025-09-29,658.2266845703125,659.8135740530697,656.4216318338509,658.9010899003678,73499000,656.0012756347656,638.2828210449219,654.1130395955136,648.0098377837526,70.68434949067483,6.103201811760982,6.311746683244626,-0.2085448714836433,0.0028105400319002882,0.004333213291278101,0.062443624673312215,0.031246122984699642,1,SPY
2025-09-30,660.7060546875,661.1722242194463,656.173598681204,657.4827596300943,86288000,656.795166015625,639.0593542480469,655.1273496096653,648.9502982951412,71.176478364471,6.177051314524078,6.2848076095005165,-0.10775629497643813,0.003766742028707082,0.004363965413407835,0.17400236737914798,0.03387275422159153,1,SPY
2025-10-01,662.9574584960938,663.8698820443607,657.6117327913598,657.7208144097488,72545400,657.8953002929687,639.8791345214844,656.331981746039,649.987865717434,68.5271759821443,6.344116028604958,6.296669293321405,0.04744673528355303,0.0034075725394382417,0.004320164329889341,-0.15926432412386426,0.03606669248852423,1,SPY
2025-10-02,663.7210693359375,665.0600128657511,661.3011766397112,664.9410037342527,56896000,658.7671752929688,640.6083618164063,657.4687644521772,651.0051400595454,69.66003039945451,6.4636243926318,6.330060313183484,0.13356407944831616,0.001151824796685963,0.0041910176778043136,-0.21571870856043251,0.036079309757987676,1,SPY
2025-10-03,663.7113037109375,667.1527626006609,662.6698828508305,664.4848631838105,70494400,659.3136535644531,641.3332385253906,658.4291551073711,651.9463373670559,66.24155668812944,6.482817740315227,6.360611798609833,0.12220594170539378,-1.4713447336833774e-05,0.004004264953091388,0.2390044994375704,0.03489303819181511,0,SPY
2025-10-06,666.0914916992188,666.9841207809839,663.9591941673339,666.1014192164715,54623300,659.7867309570313,642.0527062988281,659.6079761215016,652.9941265768457,70.56130925694997,6.613849544655864,6.41125934781904,0.202590196836824,0.0035861796762737264,0.0038953595594563247,-0.2251398692662112,0.037440517210751256,0,SPY
2025-10-07,663.6220092773438,667.4602056461605,662.1839114453724,667.0138910729768,72020100,660.3728759765625,642.7259497070313,660.2255196839388,653.781377147253,67.1255362538035,6.444142536685831,6.417835985592399,0.026306551093432162,-0.00370742225752696,0.003619025384618839,0.31848679958918624,0.032511616467076454,0,SPY
2025-10-08,667.5791625976562,667.6783772359653,663.919480237528,664.7426772273783,60702200,661.5640075683593,643.5115673828125,661.3568493629723,654.8034353287644,67.98187666568347,6.55341403420789,6.444951595315498,0.10846243889239204,0.005962962748359724,0.0036302399822000573,-0.15714918474148187,0.03740040806527789,0,SPY
2025-10-09,665.6452026367188,668.4023890582872,663.7112737749407,667.9957845708525,66501900,662.8642333984375,644.2743310546875,662.0165960204718,655.6065292034277,60.99010690920696,6.410066817044026,6.437974639661204,-0.027907822617177835,-0.002896974724933221,0.003320223826848862,0.09554348936282375,0.03317045325559809,0,SPY
2025-10-10,647.6542358398438,668.4122493878771,647.4757221413303,666.6071968358344,159422600,661.9914672851562,644.7243530273438,659.8070021465289,655.0174704357548,35.88049851805185,4.789531710774099,6.108286053883782,-1.318754343109683,-0.027027862178845674,0.009541064411782492,1.3972638375745654,0.004544396064368517,1,SPY
2025-10-13,657.5919189453125,659.664772492732,654.3488290056752,655.2216030747315,79560500,661.9279907226562,645.5780590820312,659.4662201155726,655.2081703253517,49.8463413901683,4.258049790220866,5.7382388011511996,-1.4801890109303333,0.015344118135168339,0.0108710158893381,-0.5009459135655798,0.018609461232874214,1,SPY
2025-10-14,656.78857421875,660.3590300864076,647.8030207789583,651.7701536094826,88779600,661.5362426757813,646.22876953125,659.0542745929845,655.3252372804183,51.045736298132226,3.72903731256622,5.336398503434204,-1.6073611908679837,-0.0012216462876413203,0.0107909425539391,0.11587534014994882,0.016340660127464934,1,SPY
2025-10-15,659.7044067382812,664.7228272522149,653.5156893256119,661.3408732132422,81702600,661.2109375,647.0010961914063,659.1542949230302,655.649620203223,56.60239751004099,3.5046747198072126,4.970053746708806,-1.4653790269015934,0.004439529909605389,0.010837738389541416,-0.07971425868104831,0.019634140686396684,1,SPY
2025-10-16,655.211669921875,663.215367636124,651.7106461582608,661.3408828539109,110563300,660.3599975585937,647.5884191894531,658.5477372305448,655.6171794416417,48.921057637007614,2.9305577889031156,4.562154555147668,-1.6315967662445523,-0.006810227081276099,0.010999197411424855,0.35324090053437707,0.011771752715966421,1,SPY
2025-10-17,658.9308471679688,660.2895852935891,652.7322022395391,654.0810128478913,96500900,659.8819519042969,648.2606115722656,658.6066772209177,655.8626363102585,50.627543599512194,2.744040910659237,4.198531826249982,-1.4544909155907453,0.0056762988463516795,0.01121444898338953,-0.1271886783408238,0.01645979318383084,1,SPY
2025-10-20,665.7840576171875,666.6866142382812,661.7872027532737,661.8367798071084,60493400,659.8512084960937,648.9723486328126,659.7108895895745,656.597556407068,54.198187469723884,3.1133331825064943,3.981492097501285,-0.8681589149947908,0.010400500262923273,0.011698104965945347,-0.3731312350454763,0.02590512372336362,1,SPY
2025-10-21,665.7741088867188,667.4601523988813,664.4748753427003,665.9229005771253,56249000,660.0664184570312,649.7088110351563,660.643692558366,657.2773010351902,52.41826284171561,3.3663915231757073,3.8584719826361695,-0.4920804594604622,-1.494287878323064e-05,0.011625571028096226,-0.07016302604912272,0.0247269200889646,1,SPY
2025-10-22,662.312744140625,666.4782452803545,657.8497201766941,666.4782452803545,80564000,659.5397766113281,650.2421301269532,660.9004697248673,657.6502968207781,48.8444001939188,3.250172904089254,3.7368121669267866,-0.48663926283753245,-0.0051990077413519575,0.011566222627577965,0.4322743515440275,0.01856326044471346,1,SPY
2025-10-23,666.2402954101562,667.1825015615415,662.3128121266341,662.6301900162397,65604500,659.5992858886718,650.8104809570312,661.7219813687578,658.2865930125838,51.94979977318608,3.4353883561740304,3.6765274047762357,-0.24113904860220536,0.0059300554070227385,0.011718382978623968,-0.1856846730549625,0.023708613958452363,1,SPY
2025-10-24,671.6851806640625,672.8951271271609,670.0983517375236,670.9016937183009,74356500,662.0023803710938,651.48654296875,663.2547812603432,659.2790809867674,54.11801498440361,3.9757002735757396,3.7363619785361366,0.23933829503960302,0.008172554694480416,0.00697283908622386,0.13340548285559684,0.031003921590259775,1,SPY
2025-10-27,679.6094970703125,679.9070199177999,676.5151383891614,677.1201116013259,63339800,664.2041381835937,652.3509606933594,665.7708913849539,660.7850377336966,60.894795816422366,4.98585365125723,3.9862603130803556,0.9995933381768745,0.011797664492784632,0.006378024339063157,-0.1481605508597097,0.04178507892129257,0,SPY
2025-10-28,681.41455078125,683.2493254549719,679.2028936555786,681.4046232640447,61738100,666.6667358398438,653.254248046875,668.1776082151532,662.3131498112931,59.713129751497384,5.864458403860112,4.361899931236307,1.5025584726238055,0.002656016019079832,0.006186419793974766,-0.02528741802152834,0.04310772232797544,0,SPY
2025-10-29,681.7418212890625,684.0328379014793,677.2589421639235,683.0608492697363,85657100,668.8704772949219,654.2331164550782,670.2644102265239,663.7523106614983,61.56144650145325,6.512099565025551,4.791939857994156,1.720159707031395,0.0004802810674313651,0.006260427638174523,0.38742688874455156,0.042047252182889405,0,SPY
2025-10-30,674.2440185546875,680.3037996369978,674.2440185546875,678.2805836148408,76335800,670.7737121582031,655.0956567382813,670.8766576616259,664.529474209142,72.4879081171764,6.347183452483932,5.102988576892112,1.2441948755918206,-0.010998009070644743,0.007096743479368651,-0.10882110181175875,0.02922987142327549,0,SPY
2025-10-31,676.4556884765625,679.4508932951077,673.6588524169174,679.4111832231399,87164100,672.5261962890625,656.0530688476563,671.7349700946932,665.4128974882101,68.35205369803407,6.3220726064830615,5.346805382810302,0.9752672236727591,0.0032802217906446884,0.007032379726721296,0.14185087468789215,0.03109903847373663,0,SPY
2025-11-03,677.7251586914062,680.1649066224819,674.3530715971103,680.0359699637585,57315000,673.7203063964844,656.8428088378906,672.6565375711106,666.324916836595,70.18556419541969,6.331620734515582,5.543768453151358,0.7878522813642235,0.0018766494782573861,0.006483831072491959,-0.3424471772208971,0.03179200498588308,0,SPY
2025-11-04,669.691650390625,674.3728983771498,669.0371001406891,670.5544968959969,78427000,674.112060546875,657.528056640625,672.200401081805,666.5743045072638,58.76412787203798,5.6260965745411795,5.560234077429323,0.06586249711185665,-0.01185363741888057,0.007799067421834233,0.36835034458693183,0.01849897297484926,1,SPY
2025-11-05,672.012451171875,675.2654684624238,668.6304366940664,669.4337786331213,74402400,675.08203125,658.2065112304688,672.1714857110466,666.9771301861239,65.32749331248566,5.194355524922685,5.487058366927996,-0.29270284200531105,0.003465476656154154,0.007559076754492713,-0.05131651089548239,0.020975088677863463,1,SPY
2025-11-06,664.80224609375,671.8141611273297,663.2252840482561,670.9116044462689,85035300,674.9382263183594,658.7116833496094,671.0377565391548,666.8160276607629,55.03575919316455,4.2217288783919,5.233992469220777,-1.0122635908288764,-0.010729273044794985,0.008271712426361445,0.14291071255765941,0.009246173854347894,1,SPY
2025-11-07,665.4567260742188,665.5658682287408,655.7769731606511,662.4218719882706,100592400,674.315380859375,659.1846472167969,670.1791364676262,666.7153386543522,49.6858521589683,3.4637978132740272,4.879953538031428,-1.4161557247574006,0.000984473178775147,0.007761301285888395,0.18294872835163756,0.009514904335080843,1,SPY
2025-11-10,675.8406982421875,676.5746080726943,669.4833950163819,671.6751969912248,75842900,673.9385009765625,659.9418420410157,671.0501459714048,667.3912912164141,58.056835690007404,3.6588547549907844,4.6357337814232995,-0.9768790264325151,0.015604278627143309,0.008510661511489076,-0.24603747400400033,0.024091298942344963,0,SPY
2025-11-11,677.387939453125,677.9532631527235,673.1530057317516,674.3630127379913,58953400,673.53583984375,660.8245336914063,672.0251911224387,668.1317836783927,62.44685976218169,3.8934074440460336,4.487268513947846,-0.5938610699018128,0.002289357854538432,0.008496219721297958,-0.22269058804449726,0.025064756099768992,0,SPY
2025-11-12,677.7647705078125,679.3318048264125,675.3547447293747,679.1631581075335,62312500,673.138134765625,661.646123046875,672.9082033355731,668.8453382583497,60.10785740210768,4.062865077223478,4.402387826602973,-0.339522749379495,0.000556300212536609,0.00849728788298852,0.05697890198020805,0.024361432644252945,0,SPY
2025-11-13,666.5180053710938,675.265541055433,665.0105359672095,674.9085136071693,103457800,672.3655334472656,662.1363549804687,671.9250959564224,668.672943229664,45.88662179115297,3.252152726758368,4.172340806634052,-0.9201880798756843,-0.01659390636118807,0.009398124529903771,0.6603057171514544,0.006617444213215418,0,SPY
2025-11-14,666.4088134765625,670.1081450818862,657.8199984349773,659.9126462553079,96846700,671.3608459472656,662.661591796875,671.0764371133671,668.5052299146195,37.99812658014308,2.5712071987476293,3.8521140850567677,-1.2809068863091384,-0.0001638243733123046,0.009281666162811264,-0.06390141680955908,0.005654804391977075,0,SPY
2025-11-17,660.2003173828125,668.1742931923078,656.7290761218832,664.1972328051172,90456100,669.6083618164063,663.0312072753907,669.403187924051,667.8900512085596,32.142211243233476,1.5131367154914415,3.3843186111437027,-1.8711818956522612,-0.009316347515515466,0.009507219147648736,-0.06598676051946017,-0.004269617872454612,1,SPY
2025-11-18,654.65625,659.6548153709225,650.4708935566339,656.6596108350068,114467500,668.1048217773438,663.2602685546875,667.1344282434278,666.9097696375552,29.040640668628924,0.22465860587260522,2.7523866100894834,-2.527728004216878,-0.008397553343794883,0.0091899970730199,0.26544810134418806,-0.012972311116172475,1,SPY
2025-11-19,657.185302734375,661.856623370592,653.3371790986623,655.3505280387882,94703000,666.6221069335937,663.502724609375,665.6037935497274,666.1894387558382,35.69997421298437,-0.5856452061108257,2.0847802468494216,-2.6704254529602474,0.0038631766432766224,0.009218200761638488,-0.17266473016358352,-0.009521320170492564,1,SPY
2025-11-20,647.1683349609375,670.0090710879778,646.5335791707308,667.3808213360044,165293500,664.8587158203125,663.4376293945312,662.767569151452,664.780468104364,28.289920171420604,-2.0128989529119963,1.265244406897138,-3.2781433598091345,-0.015242227316648038,0.009776268379180525,0.745388213678553,-0.024522718809967814,1,SPY
2025-11-21,653.6148681640625,659.0894699034471,645.5020288545189,649.6675301260088,123956200,663.6745300292969,663.5058154296875,661.3594613072382,663.9533866273046,33.401544112765436,-2.593925320066319,0.4934104615044467,-3.0873357815707654,0.009961138168965045,0.010529333898195537,-0.2500842440870331,-0.014907099584680505,1,SPY
2025-11-24,663.2351684570312,664.5542570793402,656.1538823239337,657.2448196444445,80437900,662.4139770507812,663.6971765136718,661.6480316379757,663.9001852813584,45.65014470322064,-2.2521536433827123,-0.05570235947298513,-2.196451283909727,0.014718606876234608,0.010369710876666277,-0.3510780420826066,-0.0006961127348280582,1,SPY
2025-11-25,669.4735107421875,670.6537351639657,659.0200771396823,663.1360016067486,81077100,661.6225341796875,664.0313037109376,662.851951500162,664.3130242043827,48.37523298560606,-1.461072704220669,-0.336776428422522,-1.1242962757981472,0.009405928065710611,0.010913938724676987,0.00794650283013354,0.00819570854692575,1,SPY
2025-11-26,674.09521484375,676.0986363282427,671.1595147067713,672.0620713400136,71879600,661.2555786132813,664.4740856933594,664.5816843222525,665.03763091841,56.150703879416206,-0.45594659615744604,-0.3606104619695068,-0.09533613418793924,0.006903490619724062,0.011203051759600558,-0.11344140330623564,0.01447931432924321,1,SPY
2025-11-28,677.7747192382812,678.0523870500939,674.9084513312986,675.2654787466182,49212000,662.38125,664.9295336914063,666.6113820016415,665.9811189421041,57.83896823830824,0.6302630595373557,-0.1624357576681343,0.7926988172054901,0.0054584342293309,0.009757180230337755,-0.3153551216200424,0.019318115523556223,1,SPY
2025-12-01,674.6803588867188,677.3779800628074,673.1629015749381,673.2323336611282,61201200,663.2084045410156,665.2582104492187,667.8527630608841,666.6255070861497,49.18606214373361,1.227255974734362,0.11550258881236497,1.1117533859219972,-0.004565470301164498,0.009948958118325815,0.2436235064618386,0.014163144910511738,1,SPY
2025-12-02,675.9299926757812,678.2011542749951,673.748057660358,676.316742094939,62953800,664.7813720703125,665.5495959472656,669.0954137708682,667.3147282409371,48.97301294535949,1.78068552993102,0.448539177036096,1.332146352894924,0.0018521864059071191,0.009228165146504645,0.028636693398168767,0.015596729066811976,1,SPY
2025-12-03,678.2706298828125,679.2822075879724,674.105128319461,674.9779023816353,57238500,667.1428100585938,665.9597973632813,670.506985480398,668.1262765107057,50.34673762069716,2.380708969692364,0.8349731355673498,1.5457358341250143,0.003462839691083186,0.00841300039313926,-0.09078562374312593,0.018485849398527154,1,SPY
2025-12-04,678.7665405273438,679.7384687237238,675.7416137771377,679.6690366334618,61970300,669.3009338378906,666.4217712402344,671.7776862568512,668.9144442156418,59.846928060702766,2.863242041209446,1.240626916695769,1.622615124513677,0.000731139787988333,0.008459533546694953,0.08266813421036545,0.018523958579767408,1,SPY
2025-12-05,680.0557861328125,682.7336127271673,678.9549213715281,679.8375623637357,79241000,672.5896789550782,666.9700280761718,673.0512400839223,669.7397288020989,60.76688380980264,3.311511281823414,1.654803789721298,1.6567074921021159,0.001899394752821859,0.005516778626715935,0.2786931804428896,0.019619709290964016,0,SPY
2025-12-08,678.0127563476562,680.9980334759979,675.9696853695019,680.9484564225444,55231500,675.0294677734375,667.4026452636718,673.8145502783428,670.3525456573254,65.04192931547234,3.4620046210173996,2.0162439559805185,1.445760665036881,-0.0030042091058060105,0.005735961122730271,-0.3029933998813745,0.015897616168111917,0,SPY
2025-12-09,677.4276123046875,679.7583392727543,676.9813582671167,677.5367544682442,58310100,676.4487121582031,667.7866638183593,674.3704059747035,670.8766246682411,70.98728902229652,3.493781306462438,2.3117514260769028,1.1820298803855351,-0.000863028073573191,0.004356541091794959,0.055739931017625866,0.014437168348349294,0,SPY
2025-12-10,681.9203491210938,683.3088092137841,675.7117769038598,676.951505843926,85671300,677.6933959960937,668.2109497070312,675.5319356895328,671.6946783314154,72.00076872046046,3.8372573581174265,2.616852612485008,1.2204047456324187,0.00663205445836712,0.00390675023270576,0.4692360328656613,0.020516574025123635,0,SPY
2025-12-11,683.5072021484375,683.5865617528303,676.5647198382891,679.51034738166,86173700,678.6345947265625,668.6219445800781,676.7588997601335,672.5696800956393,88.02414637012512,4.189219664494203,2.931326022886847,1.2578936416073563,0.0023270357445543954,0.003495488073621534,0.005864274266878189,0.022262592020828587,0,SPY
2025-12-12,676.1581420898438,683.2196338188487,673.5893968987631,682.5154459360199,113160300,678.4729370117187,668.8706860351563,676.6664755031659,672.83549209521,73.151480733478,3.8309834079558414,3.111257499900646,0.7197259080551954,-0.010751986278262682,0.004883786315228182,0.31316515363736275,0.010895164352148656,1,SPY
2025-12-15,675.1365966796875,680.1252955149479,673.6687768311533,680.1054404790556,90811000,678.5185607910156,669.0991918945313,676.431109530323,673.0059442866528,64.84423649925319,3.4251652436702216,3.174039048654561,0.2511261950156607,-0.0015108084138407696,0.0046733428205311175,-0.19750124381077105,0.009023183495501685,1,SPY
2025-12-16,673.2918701171875,675.4837328267965,669.4338188610296,673.6488975485244,122030600,678.2547485351563,669.2431994628906,675.9481496206099,673.0271239778035,55.348727454293,2.9210256428063985,3.1234363674849286,-0.20241072467853005,-0.002732375302379353,0.004704665715624839,0.34378654568279177,0.0060496253940962585,1,SPY
2025-12-17,665.8832397460938,674.8489377460819,665.6848710067972,674.3034691132465,110625200,677.0160095214844,669.2884240722656,674.3997019476074,672.4979473680472,39.32983648784326,1.9017545795601336,2.8791000098999695,-0.9773454303398359,-0.011003593983400228,0.005541176270772388,-0.09346344277582841,-0.005087768148525629,1,SPY
2025-12-18,670.9114990234375,675.1464323222394,669.3544527925658,672.0322187932205,108650100,676.2305053710937,669.3550708007813,673.8630553438888,672.380432675854,41.384309140308105,1.4826226680348782,2.5998045415269515,-1.1171818734920733,0.00755126270975226,0.00626371146960542,-0.0178539790210549,0.002325265454094838,1,SPY
2025-12-19,676.9923095703125,677.4896664833268,672.8940327515619,673.0134542661981,103599500,675.9241577148438,669.5820129394531,674.344479071031,672.7220531865546,52.69985359963849,1.6224258844763426,2.40432881011683,-0.7819029256404875,0.009063506223587092,0.007015288883748996,-0.0464850009341915,0.011067048528272672,1,SPY
2025-12-22,681.2098388671875,681.7370055876305,676.9922622536055,680.3245290528953,69556700,676.2438659667969,670.253125,675.4006882704397,673.3507780517866,55.76602362000035,2.0499102186530536,2.333445091824075,-0.2835348731710212,0.006229803850433591,0.007242726054036168,-0.32860004150599187,0.016347128358689123,1,SPY
2025-12-23,684.3233032226562,684.562024812114,680.2548972126992,680.3046207584179,64840000,676.9334350585938,670.7877526855468,676.7733982630883,674.1635576940732,56.50029038174384,2.609840569015091,2.388724187262278,0.22111638175281323,0.004570492347330646,0.007332845766672837,-0.06781086509279477,0.020178589252589862,0,SPY
2025-12-24,686.7305297851562,687.1781631452748,684.164151137988,684.313382495532,39445600,677.414453125,671.386591796875,678.3052646510987,675.0944445156349,58.215674521221395,3.2108201354637913,2.5531433769025806,0.6576767585612107,0.003517674396244841,0.007132228701368938,-0.3916471314003701,0.022854102503321316,0,SPY
2025-12-26,686.660888671875,688.0037280321676,685.6264081645946,686.989161229118,41613300,677.7298217773438,671.9257214355468,679.5907452696797,675.9512181568379,56.98972513376444,3.639527112841847,2.770420124090434,0.8691069887514131,-0.00010140966545213459,0.007112978935254329,0.05495416472306158,0.021929756171332304,0,SPY
2025-12-29,684.2138671875,685.5567672531378,682.4433081832867,683.9055083361335,62559500,678.5353942871094,672.5057653808594,680.3019947954982,676.5632662331832,56.50657516385076,3.738728562315032,2.964081811735354,0.7746467505796781,-0.0035636535074947684,0.006149343327627737,0.5033534951565966,0.017409667558775377,1,SPY
2025-12-30,683.3782958984375,684.9200900521846,682.9505762759469,683.8159723723246,47160700,679.3595642089844,672.9947143554688,680.7752718882581,677.0680832454242,56.21117062753873,3.7071886428338985,3.112703177955063,0.5944854648788356,-0.0012212136133650242,0.00613581477348955,-0.246146468561929,0.015428919903053284,1,SPY
2025-12-31,678.3152465820312,683.726492314561,678.1063955310838,683.5076844111845,74144800,679.8619018554688,673.2453381347656,680.3968064565308,677.1604657148025,46.28135907367022,3.236340741728327,3.137430690709716,0.09891005101861117,-0.0074088529688375315,0.006629783297420338,0.5721734410218677,0.00753055113803236,1,SPY
2026-01-02,679.55859375,683.2390468658663,676.2263268834449,682.0852055985325,89377200,681.2294372558594,673.5210278320312,680.2678506555261,677.3381048285208,45.89796591254946,2.929745827005263,3.0958937179688255,-0.16614789096356253,0.0018329931020035772,0.005183202397063101,0.20544124469956082,0.008964183252604396,1,SPY
2026-01-05,684.0845947265625,685.7855773037328,682.7517121374489,682.910839643419,71927200,682.5467468261719,673.95646484375,680.8550420510702,677.8378448209684,58.74752629302971,3.0171972301018286,3.0801544203954263,-0.0629571902935977,0.0066602071082446646,0.005084789573667124,-0.19523994933831001,0.015027869619383516,1,SPY
2026-01-06,688.1529541015625,688.6602678554459,684.1442890432024,684.2934596862484,69273800,683.6628112792969,674.3947180175782,681.977797751146,678.6019269899014,63.45954311017311,3.3758707612446415,3.1392976885652697,0.23657307267937178,0.005947158299371091,0.004680331015248048,-0.03689007774527575,0.020400865719155448,1,SPY
2026-01-07,685.9347534179688,690.2916046822218,685.6761181181482,688.5309418430683,75588300,684.135302734375,674.6797094726562,682.5865601614264,679.1450993179063,62.97315070552204,3.441460843520076,3.1997303195562314,0.24173052396384476,-0.003223412281198157,0.004605782877584622,0.09115278792270676,0.01668205488810348,1,SPY
2026-01-08,685.8651123046875,686.9692300361542,683.8557710289468,685.1787573638412,64019200,684.2894836425781,674.8048217773437,683.0909527988512,679.6428780576679,74.13962185685655,3.448074741183291,3.2493992038816435,0.19867553730164733,-0.00010152731427326422,0.004402113253239025,-0.15305411022605353,0.016390354915088556,1,SPY
2026-01-09,690.4010009765625,691.6344363504869,685.5368360184962,686.9791831428475,80125500,684.6565307617187,674.98455078125,684.2155755954221,680.4397760516601,73.82827191374793,3.775799543761991,3.354679271857713,0.4211202719042779,0.006613382996888628,0.004753528974508442,0.2515854618614415,0.022839708223646005,0,SPY
2026-01-12,691.4852294921875,692.410366767912,686.979207477028,687.0289310253164,63976000,685.13896484375,675.1794189453125,685.3339838872322,681.2579577879955,70.18559196969593,4.076026099236742,3.4989486373335192,0.5770774619032228,0.00157043300066384,0.004757730090354061,-0.2015525644145746,0.024150337064992478,0,SPY
2026-01-13,690.1026000976562,692.4103433578374,687.6953490317495,691.813478661017,78309700,685.7278381347656,675.4965905761719,686.0676171503743,681.9131164775999,63.44769024874244,4.154500672774361,3.630059044421688,0.5244416283526734,-0.0019995067653818532,0.004625471656697554,0.22404808053019876,0.021622625080943703,0,SPY
2026-01-14,686.7105712890625,688.0633674208381,682.4134005947378,687.347202661372,94676700,686.0610656738281,675.7016882324219,686.1665331717109,682.2684835006713,53.57988171096251,3.89804967103953,3.6836571697452563,0.21439250129427379,-0.004915252903138989,0.004947096368314314,0.20900348232722132,0.01629251968489065,0,SPY
2026-01-15,688.5806884765625,691.7737417111902,687.5959315038539,690.8983886882239,77862000,687.0876098632813,675.918798828125,686.5379416801495,682.7360542396262,52.81987166248984,3.8018874405232737,3.70730322390086,0.09458421662241356,0.0027232975079871657,0.004115557357303002,-0.17760124719175885,0.018732856180934787,0,SPY
2026-01-16,688.0037231445312,690.5800586110835,686.4519720383781,689.9931507530615,79289200,687.9321228027344,676.2850402832031,686.7634465208237,683.1262519362858,52.015478168783126,3.6371945845378377,3.6932814960282556,-0.05608691149041789,-0.000837905189162047,0.004178508874945658,0.018329865659757028,0.017328023190370745,1,SPY
2026-01-20,673.9981689453125,681.1501633341576,672.9934983300664,677.8874730475171,111623300,686.9234802246094,676.3247546386718,684.7995576630527,682.4500976406581,38.6167393930161,2.3494600223946236,3.424517201301529,-1.0750571789069054,-0.02035680001149731,0.007611321490904915,0.407799548992801,-0.0034400421948215243,1,SPY
2026-01-21,681.77685546875,685.0991655259935,674.5452667925615,676.0572511802958,127844500,686.2858703613281,676.6642468261718,684.3345265562368,682.4002278501464,48.45464654412839,1.9342987060904306,3.1264735022593095,-1.192174796168879,0.0115411092816613,0.008382530285448941,0.14532091418189563,0.0075556062944930336,1,SPY
2026-01-22,685.3379516601562,687.476610793547,683.2888434897402,686.2033478813381,77112200,686.2261901855469,677.0618713378906,684.4888996491475,682.6178370212582,56.97905192618437,1.8710626278892732,2.8753913273853025,-1.0043286994960292,0.005223257672714476,0.00854621032767183,-0.3968281779818451,0.012223521472139565,1,SPY
2026-01-23,685.5865478515625,687.3074439470811,683.5274830754288,684.5123006998919,63059600,686.1983337402344,677.2567883300782,684.6577686033652,682.8377415272066,56.11131324982117,1.820027076158567,2.6643184771399557,-0.8442914009813887,0.00036273518897367296,0.008547184128578942,-0.18223575517233326,0.012299263241086322,1,SPY
2026-01-26,689.068115234375,690.4607389282814,686.2729717064406,686.8399658941375,60473800,686.0650451660156,677.4903918457031,685.3362834696744,683.2992506907005,55.1617495707498,2.0370327789738667,2.538861337506738,-0.5018285585328712,0.00507823176187272,0.008428009117725078,-0.041005651796078624,0.017089132964868137,1,SPY
2026-01-27,691.8134765625,692.8480177488461,689.9036431059924,690.5104039402848,55506100,686.0978698730469,677.7713659667969,686.3327747147245,683.9299340886116,53.898273356230455,2.402840626112834,2.5116571952279574,-0.1088165691151235,0.003984165378470905,0.008517199317292693,-0.08214631790957405,0.02071806408592214,0,SPY
2026-01-28,691.7438354492188,694.1510864943795,690.271678492269,693.3652237572153,61172200,686.2619934082031,678.2758825683594,687.1652455969544,684.5087415968047,56.4830607763107,2.6565040001496527,2.5406265562122967,0.115877443937356,-0.0001006645803248718,0.008486791198839915,0.1020806722144052,0.01985615768890625,0,SPY
2026-01-29,690.3711547851562,693.375209936545,681.2098793986574,692.7087686795362,97486200,686.6280517578125,678.7551293945312,687.6584623951393,684.9429944255714,54.886713397803774,2.7154679695678396,2.5755948388834056,0.13987313068443408,-0.001984377154833794,0.008337103911551475,0.5936356711055022,0.017113720232194707,0,SPY
2026-01-30,688.3121337890625,690.540343876794,683.4877957603626,688.1330925763239,101835100,686.6011962890625,679.3173657226563,687.7590272249736,685.1925603043486,47.60605704500814,2.5664669206249755,2.5737692552317197,-0.007302334606744232,-0.0029824841055743345,0.008368042203579984,0.044610416653844354,0.013240892284326566,0,SPY
2026-02-02,691.73388671875,693.2458711004026,685.7755608588325,685.9347490634862,79286500,686.9742126464844,680.0589184570313,688.3705440701699,685.6771030017117,50.270481289387085,2.6934410684582417,2.5977036178770243,0.09573745058121741,0.00497122273706152,0.008504495857905239,-0.22142267253628656,0.01716758349145353,0,SPY
2026-02-03,685.885009765625,693.2757257351432,680.4140840721383,692.529690413304,107904600,688.1628967285156,680.6329125976563,687.988154177163,685.6925035027423,45.81853301011646,2.295650674420699,2.5372930291857596,-0.24164235476506057,-0.008455385901172563,0.005579861419632767,0.3609454320722947,0.00771649015314857,1,SPY
2026-02-04,682.5626831054688,687.7948875474046,678.1561081391175,686.7006659106327,105204600,688.2414794921875,681.3407995605469,687.1534663199792,685.4606649547961,45.88194659055791,1.6928013651830724,2.3683946963852223,-0.6755933312021498,-0.004843853725993386,0.004730887503572201,-0.025022102857524153,0.0017933515000274625,1,SPY
2026-02-05,674.0379638671875,680.0758839506523,672.2176206040476,677.3404209861714,113610800,687.1114807128906,681.7492614746094,685.1356967118575,684.6145389483066,37.24699303334319,0.521157763550832,1.9989473098183443,-1.4777895462675124,-0.012489284060324235,0.005804177357901288,0.07990335023373496,-0.011311046513996281,1,SPY
2026-02-06,686.96923828125,688.6503070282812,677.2508650473027,677.8576866055596,89127600,687.2497497558594,682.2239428710938,685.4177800302255,684.7889611211173,49.254383996860746,0.6288189091081904,1.7249216296763137,-1.0961027205681233,0.01918478647681998,0.00880438533258671,-0.21550063902375483,0.006955627195061487,0,SPY
2026-02-09,690.2816162109375,692.1914496038428,684.7012866666231,685.7755337993461,73885200,687.3710998535156,682.6401049804688,686.1660625195658,685.1958244611039,63.87526264328361,0.9702380584618595,1.573984915433423,-0.6037468569715634,0.004821726716577324,0.008789071700881852,-0.17101773188103353,0.011194055512878665,0,SPY
2026-02-10,688.4613037109375,692.8579216647231,688.0037135108784,691.276360737094,65185700,687.0358825683594,682.9274267578126,686.5191765490076,685.4377118129435,56.33962290363736,1.081464736064163,1.4754808795595709,-0.3940161434954079,-0.002637057770699447,0.008722354011420543,-0.11774347230568505,0.008103169877649918,0,SPY
2026-02-11,688.3021850585938,693.4547952732178,685.5368515439336,692.7087599208829,76353900,686.6917175292969,683.1379760742187,686.7934855504825,685.649895016325,53.00524739486646,1.1435905341575108,1.4091028104791588,-0.265512276321648,-0.00023112214366449724,0.008721868459386776,0.17132898779947126,0.00755954018842897,0,SPY
2026-02-12,677.668701171875,691.6742279947084,676.7734344520502,690.5701102294341,118829000,685.4214721679688,683.1977429199219,685.3896725691583,685.0586954722917,43.36891693229984,0.33097709686660437,1.193477667756648,-0.8625005708900437,-0.01544885969788623,0.00993718299314185,0.5562924749095985,-0.008092886437850777,1,SPY
2026-02-13,678.1461181640625,682.6522007204912,673.9384983110481,678.0864377658819,96267500,684.4048706054688,683.2420654296875,684.2752795837589,684.5466527087191,40.3683314207715,-0.27137312496017785,0.9005075092132829,-1.1718806341734607,0.0007044991031190939,0.009957267912006464,-0.18986526857921893,-0.007458479978717625,1,SPY
2026-02-17,679.2402954101562,681.31927396984,672.2077222570326,676.5446598627462,81354700,683.1555114746094,683.2614587402344,683.5006666339739,684.1535892051218,38.579631951905604,-0.652922571147883,0.5898214931410498,-1.242744064288933,0.0016134830190519533,0.009771850344263401,-0.1549100163606617,-0.005885248287664568,1,SPY
2026-02-18,682.662109375,685.507036973797,679.2204384959671,680.4041503420104,73570300,682.8332214355469,683.3393701171875,683.371657824901,684.0431092177054,42.224463454272765,-0.6714513928043289,0.3375669159519741,-1.009018308756303,0.005037707550576753,0.009678524016778484,-0.09568469922450695,-0.0009911045255176498,1,SPY
2026-02-19,680.8616943359375,682.5527199680946,677.9471901363287,680.2251236342836,58649400,682.6631225585937,683.35548828125,682.9855095958297,683.807448856093,41.91744749814021,-0.821939260263207,0.10566568070893789,-0.9276049409721449,-0.002637344323549562,0.009591446034547306,-0.20281146060298794,-0.003649336235792555,1,SPY
2026-02-20,685.7855834960938,686.4122580979458,678.126274472082,678.7131823752115,100034000,683.8378845214844,683.5109448242188,683.4162901958704,683.9539773479448,47.952285456205765,-0.5376871520744544,-0.023004885847740575,-0.5146822662267139,0.00723184928909637,0.00877874593247785,0.7056269970366278,0.0033278745411458033,0,SPY
2026-02-23,678.7827758789062,686.3525334522094,676.7734345413753,684.1940214696967,90558100,683.01923828125,683.5380480957032,682.7034418394144,683.5709253872752,40.079275653547256,-0.8674835478608429,-0.19190061825036106,-0.6755829296104818,-0.010211366038766267,0.007048306989216241,-0.0947267928904173,-0.006956850800105219,1,SPY
2026-02-24,683.7164916992188,684.7112054782021,676.4053697086953,678.295350173768,73798700,682.3627258300781,683.5739709472656,682.8592956639997,683.5817080770489,48.31526527376169,-0.7224124130492555,-0.29800297721013996,-0.42440943583911556,0.00726847527019836,0.007316979805700251,-0.18506792876617328,0.00020849353253704628,0,SPY
2026-02-25,689.4859008789062,690.0130676270821,686.4519751919497,686.53156929616,56369500,682.465185546875,683.693544921875,683.8787733893699,684.0190556920013,55.181666684939316,-0.14028230263136265,-0.26645884229438455,0.1261765396630219,0.008438306300538434,0.007848921047216715,-0.23617218189480305,0.008472152472484229,0,SPY
2026-02-26,685.6561889648438,689.6350440416309,680.7323436648176,689.615191050754,71671000,682.2005859375,683.883505859375,684.1522219394428,684.1403248233229,59.35295383590358,0.01189711611993971,-0.21078765061151972,0.22268476673145943,-0.005554445579207146,0.00805739499940725,0.27144998625143035,0.0025920834327495257,0,SPY
2026-02-27,682.3637084960938,683.2291046432514,678.0367277603054,679.4790749097389,83308900,682.6700866699218,684.0280480957031,683.8770660250815,684.0087236138985,45.61136785830192,-0.1316575888170064,-0.19496163825261706,0.06330404943561066,-0.004801940858611298,0.006367677997925061,0.16237948403119806,-0.0024331452551438204,0,SPY
2026-03-02,682.7516479492188,684.9797970984218,674.4358553343317,675.1122534180175,87477200,683.1306396484375,684.2172436523438,683.703924782641,683.9156068979962,42.40113923473681,-0.21168211535518822,-0.1983057336731313,-0.013376381682056904,0.0005685229860479257,0.006367833673493465,0.05003427004797811,-0.0021420034597515736,0,SPY
2026-03-03,676.7337036132812,679.0016196644848,666.1200629162043,671.4915420947397,105003100,682.87998046875,684.4342529296875,682.631583064278,683.3836140620914,39.08945235177679,-0.7520309978134492,-0.3090507865011949,-0.4429802113122543,-0.008814250912485666,0.007021071480898163,0.20034820501799322,-0.01125097010186804,0,SPY
2026-03-04,681.50830078125,683.4579617719511,676.027417786932,678.026802327329,79182200,682.764599609375,684.6461889648438,682.4587704053506,683.2447019672143,44.179311772943436,-0.7859315618636629,-0.4044269415736885,-0.38150462028997434,0.007055355958297538,0.007219214491272985,-0.24590607324926594,-0.004583225955494097,0,SPY
2026-03-05,677.7084350585938,681.9061587313661,672.0385544367263,678.4743840881955,106606500,682.4492736816406,684.6605114746094,681.7279495827727,682.8346081221313,50.0385569855663,-1.106658539358591,-0.544873261130669,-0.561785278227922,-0.005575670491907769,0.007389681455586664,0.3463442541379249,-0.010154049049860281,0,SPY
2026-03-06,668.8256225585938,672.5358853430707,666.2194774432897,669.8501461298736,100687000,680.7532775878906,684.4128271484375,679.7429761944375,681.7969054877952,42.22405310417662,-2.0539292933577826,-0.8466844675760918,-1.2072448257816908,-0.013107129910862048,0.007829557251978371,-0.05552663299142169,-0.022774565250021417,0,SPY
2026-03-09,674.6845092773438,676.3257505242918,658.888450195908,662.8673051642795,102667700,680.3434509277344,684.2200512695313,678.9647505148846,681.2700613240581,46.47909779770261,-2.305310809173534,-1.1384097358955803,-1.1669010732779537,0.00875996152231262,0.0080418309842903,0.019671854360542973,-0.013936367363825197,0,SPY
2026-03-10,673.6002807617188,679.7476047325034,671.1930903760745,674.1374043547928,81505300,679.3318298339843,683.9574462890625,678.139447475936,680.7019294305516,42.73411080714702,-2.5624819546155777,-1.42322417963958,-1.1392577749759978,-0.0016070155764896787,0.007554867298816357,-0.20612519809053875,-0.015142996956226562,0,SPY
2026-03-11,672.7548217773438,676.4849986405864,669.7806371390539,673.9982140650914,68441700,677.6587219238281,683.6793249511719,677.3110435223064,680.1132547895731,43.398715159153866,-2.8022112672667845,-1.699021597165021,-1.1031896701017634,-0.0012551345486657706,0.00671878905532342,-0.160279147491022,-0.01597898718760926,0,SPY
2026-03-12,662.5390625,668.0995392824933,662.3500644519811,667.6120785283837,108882200,675.3470092773438,683.2458288574219,675.0384310573362,678.8114627681233,32.572677331590924,-3.7730317107871088,-2.113823619889439,-1.6592080908976699,-0.015184966271003186,0.007816437807780366,0.5908751535978796,-0.030306465817799944,0,SPY
2026-03-13,658.7890014648438,668.7859240392634,657.863924887251,665.7321452917186,97200200,672.9895385742187,682.75404296875,672.5385188123373,677.328317486399,34.24269419922882,-4.789798674061672,-2.6490186307238854,-2.140780043337786,-0.00566013575260893,0.007838267253898658,-0.10729026415704312,-0.03510054865395085,0,SPY
2026-03-16,665.493408203125,668.5173163233716,663.5934708305671,664.8468199428278,82023100,671.2637145996093,682.4976062011718,671.4546556416893,676.4516575394898,36.028148950965836,-4.997001897800487,-3.118615284139206,-1.8783866136612812,0.01017686501045656,0.00890613162618777,-0.1561426828339859,-0.0249146632069428,0,SPY
2026-03-17,667.2440185546875,670.8747480492216,666.1598145596139,668.8355969918504,87128000,670.31474609375,682.2513146972656,670.8068653206121,675.7696102072823,31.826972466998797,-4.96274488667018,-3.487441204645401,-1.4753036820247787,0.002630544991105488,0.008741424706710223,0.06223734533320502,-0.021996727333881694,0,SPY
2026-03-18,657.9335327148438,666.1796881508768,657.6948111200146,664.8268919718373,82062600,667.9572692871094,681.7282934570312,668.8263526120323,674.4484192819165,29.210773957078473,-5.622066669884134,-3.9143662976931477,-1.7077003721909865,-0.013953644515257158,0.009010200039815862,-0.05813745294279682,-0.03490358397995286,0,SPY
2026-03-19,656.3121337890625,659.4753162945015,651.7066041735543,653.497076818377,111272500,665.8176391601562,681.0914770507812,666.9010881777293,673.1049907268903,29.96170071725477,-6.203902549160944,-4.372273547986707,-1.8316290011742362,-0.002464381043311259,0.008983381237046145,0.3559465578716736,-0.0363818137455143,0,SPY
2026-03-20,646.9034423828125,655.0025723674255,643.063298812559,654.8230422006715,163617500,663.6254211425781,680.3108508300782,663.8245272862036,671.1641352939956,25.78648762521344,-7.3396080077919805,-4.965740439947762,-2.3738675678442185,-0.014335696266852715,0.009141444827911837,0.47042171246264797,-0.04910609379007225,0,SPY
2026-03-23,653.6959228515625,660.9173090129275,652.2596206790361,656.3790129905765,134802700,661.5265625,679.6674670410156,662.266280450105,669.8701936315932,34.60036115311145,-7.603913181488224,-5.493374988255855,-2.110538193232369,0.010499991225476402,0.009408928445679317,-0.17611074609989763,-0.03821213379907995,0,SPY
2026-03-24,651.5015869140625,655.3417305137531,648.2100787416998,649.6463809650626,96457500,659.3166931152343,678.8894787597657,660.6101737522523,668.5095560969613,29.22533306739777,-7.899382344709011,-5.974576459546487,-1.9248058851625238,-0.0033568144771775055,0.009394019597275418,-0.2844542431271777,-0.040342195162218375,0,SPY
2026-03-25,655.1322021484375,659.1917509309695,652.5588148295345,656.9774239230809,90653800,657.5544311523438,678.1624182128907,659.767408890127,667.5186409896633,34.332990814683285,-7.75123209953631,-6.329907587544452,-1.421324511991858,0.0055726882440485515,0.009797832475978409,-0.06016846797812503,-0.03395973508107819,0,SPY
2026-03-26,643.432373046875,653.1672421520028,643.1630473705688,650.3844333840033,96494400,655.6437622070313,677.229013671875,657.2543264527035,665.7344729939012,33.04114949556711,-8.480146541197769,-6.759955378275116,-1.720191162922653,-0.017858729983344035,0.01020713179057738,0.064427525376763,-0.04990430111928856,1,SPY
2026-03-27,632.4606323242188,641.0085567819559,631.4831091918358,640.8489947137006,103649400,653.0109252929688,676.1440148925781,653.4399119713981,663.2697440554062,23.60351161559042,-9.829832084008103,-7.373930719421714,-2.4559013645863894,-0.01705189415742525,0.01114511129279968,0.07414938068944932,-0.06460662463351019,1,SPY
2026-03-30,630.3460693359375,638.7245091624994,627.6630399662237,638.4651675144013,99275900,649.49619140625,674.9793225097657,649.8870131044042,660.8309533354455,23.303309412141417,-10.943940231041324,-8.087932621745637,-2.8560076092956876,-0.0033433906874337227,0.009992819595910238,-0.04219513089318416,-0.0661253636746515,1,SPY
2026-03-31,648.6688842773438,649.865752001465,636.3405988140365,637.2981538716512,152534100,647.6386779785156,674.1926257324219,649.6996086694719,659.9300593311417,37.772120394837955,-10.230450661669806,-8.516436229730472,-1.7140144319393347,0.029067865784757174,0.014721745797824618,0.5364665543198299,-0.03785823291577828,1,SPY
2026-04-01,653.5562744140625,656.8278752918841,651.3220400966815,652.219751792706,97841500,647.2009521484375,673.7837878417969,650.2929418609474,659.4579271150618,45.17880869330496,-9.164985254114413,-8.64614603460726,-0.5188392195071536,0.00753449141030349,0.014466271840859182,-0.35855982367221495,-0.0300207778707845,1,SPY
2026-04-02,654.144775390625,656.5086804928782,643.4522901873171,644.7589215344626,68358700,646.9842163085938,673.2311462402344,650.8855316347439,659.064360320659,47.41981316017023,-8.178828685915164,-8.55268256486884,0.3738538789536765,0.0009004595313388819,0.01445653517956792,-0.3013322567622123,-0.02835039786290372,1,SPY
2026-04-06,657.23681640625,658.0247645183308,653.8356054757206,654.1746977251443,39105800,648.0175537109375,672.6691235351562,651.8626523688217,658.9289866973695,45.22107762092501,-7.066334328547782,-8.25541291760463,1.189078589056848,0.004726845083763864,0.013623733712429519,-0.4279323626692725,-0.02294189905402977,1,SPY
2026-04-07,657.5260009765625,657.9150134208243,649.386996170508,654.9626585699763,69980400,648.4005615234375,672.1079125976562,652.7339367700126,658.8250618291617,44.278408159862465,-6.091125059149022,-7.822555345913509,1.7314302867644873,0.0004400005646272298,0.01326592048518077,0.7895145988574586,-0.02169578924422344,1,SPY
2026-04-08,674.27294921875,675.3402070755335,669.734652974974,674.6519776493207,93606100,650.6776977539063,671.8120092773438,656.0476309928954,659.969349783946,58.8454536142767,-3.92171879105058,-7.042388034940923,3.120669243890343,0.02546963651219092,0.015275132023475533,0.33760452926819506,0.0036631377638713936,1,SPY
2026-04-09,678.162841796875,679.4096297331154,672.0386657215836,673.1059235004034,57134400,652.98076171875,671.5389965820312,659.4499711165845,661.3170158589778,61.54545724270222,-1.8670447423933183,-6.007319376431402,4.140274634038084,0.005769017699185586,0.015278152493594089,-0.3896295220076469,0.009863679173595985,1,SPY
2026-04-10,677.7140502929688,680.2774536083281,676.7066358948267,679.5692561407437,42253500,656.4089294433594,671.2584008789063,662.2598294514129,662.5316110022364,67.98232833643131,-0.2717815508235617,-4.860211811309834,4.588430260486272,-0.0006617754265585418,0.01345815984051189,-0.2604542972359909,0.00961723444445517,1,SPY
2026-04-13,684.3369750976562,684.536473353906,674.8414790590384,675.669302461078,54185800,661.5965637207031,671.1377172851562,665.6563133969888,664.1468231574527,67.9188335445184,1.5094902395361487,-3.5862714011406376,5.095761640676786,0.009772447246481741,0.010951091623346428,0.2823979078656207,0.019666988566657828,1,SPY
2026-04-14,692.675537109375,692.7952238870419,685.8929616905456,685.9229138241225,63480500,667.8295104980468,671.2249853515625,669.8131170450482,666.2600612279655,72.46412235296626,3.553055817082736,-2.1584059574959626,5.711461774578699,0.012184877209840739,0.010247347219740586,0.1715338704974365,0.03195732016229624,1,SPY
2026-04-15,698.1414184570312,698.480571570673,692.4161778504387,693.4734516118131,58240400,672.7767639160156,671.3531359863281,674.1713172622764,668.6216432449332,73.00473177366099,5.549674017343136,-0.6167899625281428,6.1664639798712795,0.007890969227043909,0.007606854273656502,-0.08254660880112785,0.039901924985196846,1,SPY
2026-04-16,699.8569946289062,700.9741726960574,696.7350934539525,699.2585607342904,49972400,677.4068359375,671.6325756835937,678.1229599340656,670.9353729770794,83.78929793512913,7.187586956986252,0.9440854213747361,6.243501535611515,0.002457347646937613,0.007764874314553841,-0.14196331069154744,0.0420236003540857,1,SPY
2026-04-17,708.3152465820312,710.5594650064761,703.9464965121796,704.3255249385737,70661900,682.8238830566406,672.147626953125,682.7679271106757,673.7042525033721,96.83463496327248,9.063674607303597,2.568003258560508,6.495671348743088,0.012085686101644066,0.007609479660581074,0.41401853823310475,0.05380904161315825,1,SPY
2026-04-20,706.8988037109375,708.0857482546458,704.3254772575062,706.9587079747221,43546800,687.7900817871093,672.80484375,686.4803696645621,676.163108148377,97.67668166889673,10.317261516185113,4.117854910085429,6.199406606099684,-0.0019997351150194964,0.00820620215941966,-0.38373012896624625,0.050674367578730006,1,SPY
2026-04-21,702.2708129882812,709.4523240430285,700.8345107773317,708.4548936431559,58941400,692.2645629882812,673.1108752441406,688.909668637442,678.0970122105921,90.24871125516049,10.812656426849912,5.456815213438325,5.355841213411587,-0.006546892848539487,0.009107028762196993,0.35351851341545193,0.04332115081867327,1,SPY
2026-04-22,709.3825073242188,709.6218808832724,706.4001392457644,707.3278031045794,42518500,695.7755187988281,673.4928930664063,692.0593361277154,680.4144562930829,90.56391234199643,11.644879834632434,6.694428137677146,4.950451696955287,0.01012671209511895,0.006502729236141872,-0.2786309792437913,0.05328877947680688,1,SPY
2026-04-23,706.6295776367188,710.5295037064266,700.4754491270062,707.6768673789517,56174000,698.6221923828125,673.8562585449218,694.3009117444851,682.3563171333523,86.97304729858138,11.944594611132857,7.744461432368288,4.200133178764569,-0.0038807408683984024,0.007083749192460974,0.3211660806472476,0.048635474815601265,1,SPY
2026-04-24,712.10546875,712.6340752101273,707.1881441382454,708.9236633096505,45182000,702.0613342285156,674.33232421875,697.0400743607182,684.5599579938447,87.39635557670644,12.480116366873517,8.691592419269334,3.788523947604183,0.007749309237231605,0.006947920127522654,-0.1956777156691708,0.05601562193390652,1,SPY
2026-04-27,713.332275390625,713.7911152864904,710.4696550399041,711.3374146094498,33135900,704.9608642578125,675.045595703125,699.5465668268578,686.6912407639766,87.55540914871175,12.855326062881204,9.524339147991707,3.330986914889497,0.001722787837563633,0.006796149977536072,-0.26661281041122575,0.05671717574517432,1,SPY
2026-04-28,709.8612060546875,711.0481506026886,707.4274735730012,709.9908768700561,43117400,706.6794311523438,675.6798974609375,701.1334344003701,688.4075344892144,79.15984860911627,12.725899911155693,10.164651300624504,2.561248610531189,-0.004865992267119479,0.00670269086856791,0.3012291804357208,0.050588020632545305,1,SPY
2026-04-29,709.7515258789062,710.3699278433978,706.5497524472755,709.1729992133655,41859200,707.8404418945313,676.2901220703125,702.4592946278373,689.9885708884508,77.59198857826479,12.470723739386472,10.625865788376899,1.8448579510095726,-0.00015450932498595193,0.006458639637890313,-0.029180794760351958,0.04947788340625037,1,SPY
2026-04-30,716.8132934570312,717.9403946619685,708.6244289610544,712.7936806635566,67240900,709.5360717773438,676.9731457519531,704.667602140021,691.9755873750123,80.61542255459717,12.692014765008707,11.039095583703261,1.652919181305446,0.009949633527564838,0.006974192473924092,0.6063589366256403,0.05885041076603614,1,SPY
2026-05-01,718.7982177734375,723.0073446973263,718.6186267345964,719.3966516418469,43049800,710.5843688964844,677.7318762207032,706.8415430067005,693.9624488860068,79.09719352022584,12.879094120693708,11.407095291101351,1.4719988295923567,0.0027690952923506984,0.0061077831423664,-0.35976764142062345,0.06059378788811909,1,SPY
2026-05-04,716.1649780273438,720.2644021704073,713.152718877996,718.2196821209096,51950600,711.510986328125,678.3394641113281,708.275917625261,695.607080674254,71.94776576488206,12.668836951006938,11.65944362308247,1.0093933279244673,-0.0036633921467564834,0.00623464750538297,0.206755896659218,0.05576192440103678,1,SPY
2026-05-05,721.9102172851562,723.1769124909786,719.6360467603954,719.9153564929043,36933200,713.4749267578125,679.2020129394531,710.3735021883217,697.5554611639504,72.09345073299143,12.818041024371269,11.89116310334023,0.9268779210310392,0.008022228723942426,0.005884309536059668,-0.2890707710786786,0.0628799731627272,1,SPY
2026-05-06,731.9443359375,732.7023927493656,725.9497697512824,726.288861980811,53288900,715.7311096191406,680.1665698242188,713.6920919958876,700.1027852212504,75.83103956226888,13.58930677463718,12.23079183759962,1.35851493703756,0.013899399692774095,0.006496907007289278,0.44284546153596227,0.07612512641816926,1,SPY
2026-05-07,729.7001342773438,734.238430329629,727.8748196364371,733.161188473549,51724600,718.0381652832032,680.9708544921875,716.1548677314962,702.2951814476277,69.12917667613016,13.859686283868541,12.556570726853405,1.3031155570151363,-0.0030660824190705815,0.0064033186816618475,-0.029355081452234866,0.07155853949358004,1,SPY
2026-05-08,735.724609375,736.1834492768152,732.6824588199246,733.0415191543954,47227100,720.4000793457031,681.9722229003906,719.1655972151123,704.7714353681738,73.82139376857413,14.39416184693846,12.924088950870416,1.470072896068043,0.00825609701116825,0.006444876435472488,-0.08695088990538347,0.0788190261562316,1,SPY
2026-05-11,737.4002685546875,738.8864300819614,734.5576163199453,734.5576163199453,44024000,722.8068786621094,683.0729541015625,721.9709312673547,707.1883859745823,80.51991299432511,14.782545292772397,13.295780219250814,1.4867650735215836,0.002277563042387465,0.006432291777474723,-0.0678233471883728,0.07953369274381683,0,SPY
2026-05-12,736.2831420898438,736.9414802248905,729.9494836014034,734.9964788307154,54185300,725.449072265625,684.143583984375,724.1728098554299,709.3435530942313,76.0881815340613,14.829256761198621,13.602475527640376,1.2267812335582455,-0.0015149526145865622,0.006031975852480734,0.23081273850626927,0.07621142597262076,0,SPY
2026-05-13,740.4025268554688,741.9983910774667,733.5800764180441,736.5723674930287,44200200,728.5141723632812,685.4169604492188,726.6696893938974,711.644217817286,81.90727713066543,15.025471576611494,13.8870747374346,1.1383968391768935,0.00559483781461112,0.005898671138934006,-0.18427691643305477,0.0802220685788293,0,SPY
2026-05-14,746.2474975585938,747.6040491923611,741.649357949993,741.7391534739264,45307600,731.4575927734375,686.7117443847657,729.6816598807739,714.2074237240495,82.03257870667827,15.474236156724373,14.204507021292557,1.2697291354318168,0.0078943149045545,0.005710922357806299,0.025054185275179774,0.08669686176281566,0,SPY
2026-05-15,737.2706298828125,741.5496453663399,736.0637780312098,739.8838927249178,60410800,733.304833984375,687.90298828125,730.8491937272413,715.9158093654394,69.60786862429059,14.933384361801927,14.350282489394433,0.5831018724074948,-0.012029343756796207,0.00766264735017199,0.3333480475681785,0.07176541233656986,1,SPY
2026-05-18,736.751953125,739.5147938000424,731.5054597381557,737.9289136337939,47843900,735.3635314941406,689.2615148925781,731.7573105576657,717.4592274217031,73.14563037429919,14.298083135962656,14.339842618708078,-0.041759482745421295,-0.0007035093177317764,0.007449440226569737,-0.2080240619227025,0.06890046405655381,1,SPY
2026-05-19,731.8446044921875,735.7545755811656,729.650306265128,732.8919551385734,54255900,736.3569702148437,690.404716796875,731.770740393746,718.5248109084057,67.56541664685153,13.245929485340298,14.121059992034523,-0.8751305066942248,-0.0066607880874933745,0.007760117851513612,0.1340191748582369,0.06002260223187972,1,SPY
2026-05-20,739.3452758789062,739.9636778498481,732.0042028263388,733.8195334397973,45768000,737.0970642089844,691.7196166992187,732.936053545309,720.0670675728873,67.7902130792985,12.868985972421797,13.870645188111979,-1.0016592156901822,0.010248994582563453,0.007169950608433018,-0.15644197220947398,0.06885110387204274,1,SPY
2026-05-21,740.8114624023438,742.9559620700644,735.1361419849363,736.7419902854853,43332200,738.2081970214844,693.0807495117188,734.1476549079298,721.6036894121063,67.52418981020341,12.5439654958235,13.605309249654285,-1.0613437538307853,0.0019830877010671433,0.007025807155613725,-0.053220590805803214,0.06886746302541469,1,SPY
2026-05-22,743.7239990234375,747.015507083493,742.566945697205,744.3224328967863,41762000,739.0081359863282,694.7044482421875,735.6209386180079,723.2422308647975,71.841915588342,12.378707753210392,13.359988950365507,-0.9812811971551145,0.003931549076803931,0.006691243262591474,-0.03623633233484569,0.07056173442574654,1,SPY
2026-05-26,748.6613159179688,750.1973368284331,746.4469887578754,748.0827892360243,41123600,740.1342407226563,696.50189453125,737.6271505103095,725.1251260539213,71.47663437829532,12.502024456388199,13.188396051570045,-0.6863715951818463,0.006638641352187502,0.0069147479016550455,-0.015286624203821653,0.07488769491692837,1,SPY
2026-05-27,748.5316162109375,749.4492351039673,746.2973210478585,748.9505199197505,42106300,741.3590881347657,698.1626586914062,739.3047606180985,726.8589401396262,65.83507552609561,12.445820478472342,13.039880936950505,-0.5940604584781628,-0.0001732421647460125,0.006861735271498095,0.023896254218988666,0.0721450179159393,1,SPY
2026-05-28,752.6609497070312,753.2095851254732,747.3047533704411,748.3221518516883,41562600,742.5849304199219,699.8709973144531,741.3595589394728,728.770200107582,71.15804274465691,12.589358831890763,12.949776515938558,-0.3604176840477944,0.005516578600909927,0.0068568075270394315,-0.0129125570282832,0.07542811831772411,1,SPY
2026-05-29,754.5361328125,756.1320579864754,752.7507543048832,753.9576670103595,55075700,743.4137939453125,701.8030493164063,743.3867241507077,730.6787877153537,68.76986862651,12.707936435353986,12.901408499821644,-0.19347206446765775,0.0024914048034492264,0.0065157732165702685,0.3251264357860191,0.07513943341719398,0,SPY
2026-06-01,756.5908203125,758.3264003155792,752.7507376917755,753.4189990020213,43634900,745.3458129882813,703.808623046875,745.4181235602142,732.5981975373645,69.00431320023016,12.8199260228497,12.885112004427256,-0.06518598157755662,0.0027231134609038143,0.004593122474353374,-0.2077286353146669,0.07499509886242128,0,SPY
2026-06-02,757.6182250976562,758.4461093852723,754.805464031348,755.0847737682097,31581900,747.4324401855469,706.0229187011719,747.2950622582822,734.451532912201,71.16564417177915,12.843529346081255,12.876795472758056,-0.03326612667680173,0.0013579397972762752,0.004473095725364437,-0.27622384834157976,0.07307879819454177,0,SPY
2026-06-03,752.3018798828125,756.8501599793441,751.6336185743088,756.2018667594974,51402500,749.4781677246094,707.9950378417968,748.0653418928252,735.77378083595,61.53100007215784,12.291561056875253,12.759748589581497,-0.4681875327062439,-0.00701718232049986,0.004557523778164641,0.6275936533267472,0.06258072397806291,0,SPY
2026-06-04,755.1445922851562,756.3614281257201,749.5389775481502,750.1673635570705,49923000,751.0580993652344,710.0678979492187,749.1544573377992,737.2086557581134,59.15433695897912,11.945801579685735,12.596959187602344,-0.651157607916609,0.0037786857621391334,0.0037688186975731474,-0.028782646758426123,0.06348223101780226,0,SPY
2026-06-05,735.65478515625,750.8855669656407,733.6400171295905,750.3768677170906,93989400,750.542431640625,711.678349609375,747.0775846944839,737.0935542320494,48.63314002957382,9.984030462434475,12.074373442568772,-2.090342980134297,-0.025809371248925683,0.009607837438153424,0.8826873385012919,0.03368998868665196,1,SPY
2026-06-08,737.3204345703125,743.4247643242134,736.2931129658897,741.4498108327123,49319100,749.9020751953125,713.5561108398438,745.5764846753807,737.1103601830318,50.47173060404208,8.466124492348854,11.352723652524789,-2.886599160175935,0.002264172608771542,0.009533554900409134,-0.47526955167284823,0.0333040714941093,1,SPY
2026-06-09,735.1560668945312,744.9807928982774,720.7332622187009,741.7191759970133,87683500,748.5515502929687,715.61001953125,743.9733434783269,736.965597717217,52.878936616168325,7.007745761109959,10.483728074241824,-3.4759823131318655,-0.0029354505508077944,0.009174962740761822,0.777881185990823,0.02731382572883012,1,SPY
2026-06-10,723.56591796875,736.4826536495077,723.4661992814284,731.5054857614351,60341300,746.05498046875,717.4744165039062,740.8337395537766,735.9730288469601,37.192366416751796,4.860710706816462,9.359124600756752,-4.49841389394029,-0.015765562508027298,0.010145120685158444,-0.3118283371443886,0.008490200242297519,1,SPY
2026-06-11,735.8642578125,738.0984921563339,722.5485255148498,726.8873842592473,86330500,744.3753112792969,719.2183239746093,740.0692039012725,735.9649717332964,46.58500393090041,4.104232167976193,8.30814611420064,-4.203913946224448,0.016996847886747934,0.011776955201501363,0.4307033491157797,0.023144479614896962,1,SPY
2026-06-12,739.843994140625,742.5270843334097,733.1412911200548,738.8066884479139,57079500,742.9060974121094,720.9440783691406,740.0345562457883,736.2523067264318,47.360567197791795,3.782249519356469,7.402966795231807,-3.6207172758753376,0.005408247901529384,0.011940808052224899,-0.33882579158003256,0.02621550871773337,1,SPY
2026-06-15,752.890380859375,754.7356026867302,749.8282623277308,749.9179969688896,60176400,742.5360534667968,722.9189904785156,742.0123754171093,737.4847566622054,52.59102756348651,4.52761875490387,6.8278971871662195,-2.30027843226235,0.01763396989375332,0.013421422401694534,0.054255906236039264,0.04145885054288123,0,SPY
2026-06-16,748.4019775390625,753.4988323298886,747.9531216783239,752.6111046530555,67093100,741.6144287109375,724.7422937011719,742.995391128179,738.2934396901207,49.924601067228586,4.701951438058245,6.402708037344625,-1.7007565992863798,-0.005961562844234103,0.013513638964093811,0.11494040853224852,0.03264565079686932,0,SPY
2026-06-17,739.0560302734375,750.217278570044,737.3204502885575,749.3594421826946,85945200,740.28984375,726.3728942871094,742.3893356120649,738.3499278814776,42.53994539407233,4.0394077305873,5.93004797599316,-1.8906402454058604,-0.012487870885051433,0.01388363591908742,0.2809841846628043,0.017460915854763392,0,SPY
2026-06-18,746.739990234375,748.22998046875,743.8599853515625,747.760009765625,80875700,739.4493835449218,727.8222351074219,743.0586670924203,738.9714139816922,45.98111692554753,4.0872531107280565,5.56148900294014,-1.474235892212083,0.010396992441959574,0.014323940799008825,-0.05898526037521579,0.02599227423185413,0,SPY
2026-06-22,744.3900146484375,750.1799926757812,743.1300048828125,747.7000122070312,46628100,740.3229064941406,729.1467785644531,743.263489793346,739.3727918088586,43.72961870430481,3.890697984487474,5.227330799249607,-1.3366328147621331,-0.003146979693962715,0.011477031724701717,-0.423459704212761,0.020905579688626386,0,SPY
2026-06-23,733.5800170898438,739.6300048828125,732.2999877929688,733.8099975585938,66846800,739.9488647460937,730.2640979003907,741.773724762038,738.9436973852278,38.774722618716446,2.8300273768102215,4.747870114761731,-1.917842737951509,-0.014521954010491611,0.012493209664089885,0.43361620996780914,0.004540712324468288,1,SPY
2026-06-24,733.239990234375,739.9500122070312,730.8400268554688,735.1699829101562,57439500,739.7572570800781,731.242158203125,740.4608425270129,738.5212005592387,40.66467312157596,1.9396419677742642,4.186224485364238,-2.2465825175899736,-0.0004635170636431152,0.012462729227952362,-0.1407292495676682,0.002732107290092989,1,SPY
2026-06-25,734.2999877929688,739.3699951171875,729.5999755859375,738.9099731445312,53934400,740.8306640625,732.0746472167968,739.5130187217753,738.2085181321075,39.610191271925444,1.3045005896677822,3.6098797062249472,-2.305379116557165,0.0014456352254532678,0.011197075034472771,-0.06102246711757586,0.003039772767206461,1,SPY
2026-06-26,728.989990234375,736.530029296875,716.5800170898438,728.9500122070312,71034000,740.1432373046875,732.6916186523438,737.8940912621753,737.5256642137571,46.13109958744389,0.36842704841819796,2.961589174663598,-2.5931621262454,-0.007231373616869652,0.010039959551121164,0.3170444095048801,-0.0050520960302197215,1,SPY
2026-06-29,741.0,741.5599975585938,732.0900268554688,736.530029296875,58035200,740.258837890625,733.5144787597657,738.3719233756867,737.7830224201455,51.906959265735594,0.5889009555412485,2.4870515308391283,-1.8981505752978798,0.016474862380159383,0.011337712387898942,-0.18299405918292644,0.010205008158654216,1,SPY
2026-06-30,746.77001953125,748.02001953125,740.8900146484375,741.2899780273438,55626000,739.6468017578125,734.28357421875,739.6639381688503,738.4487259098569,55.80216361062814,1.2152122589934606,2.232683676469995,-1.0174714174765342,0.007786800986842035,0.01000602734174017,-0.04151273709748571,0.017004936173038,0,SPY
2026-07-01,745.760009765625,749.4400024414062,742.3800048828125,745.0,47100900,739.3826049804687,735.0607983398437,740.6017953375849,738.9903024917656,62.39854502207426,1.6114928458192708,2.10844551033985,-0.4969526645205793,-0.001352504438058455,0.00984522534670927,-0.15325746952863772,0.014555546221408866,1,SPY
2026-07-02,744.780029296875,751.3099975585938,740.030029296875,747.4000244140625,57447800,739.9550048828125,735.9109826660156,741.244600562091,739.419171143996,55.70175507075085,1.825429418095041,2.0518422918908885,-0.2264128737958475,-0.001314069480687241,0.008898053391997576,0.21967520790473216,0.012051792730051636,1,SPY
2026-07-06,751.280029296875,752.4099731445312,747.4099731445312,748.739990234375,50673300,740.4090087890625,736.7489331054687,742.7885126751347,740.2977532293944,57.085109955183,2.4907594457403093,2.1396257226607727,0.3511337230795366,0.008727409093039817,0.008711841632434655,-0.11792444619289166,0.019723267368920716,0,SPY
2026-07-07,747.7100219726562,750.9600219726562,745.2100219726562,750.219970703125,43721500,740.7410095214843,737.5705419921875,743.5456679516765,740.8468101733397,46.36355456917494,2.6988577783367873,2.2514721337959758,0.44738564454081153,-0.004751899671231685,0.008803666123641498,-0.13718861806908178,0.013747132515734561,1,SPY
2026-07-08,745.4000244140625,746.1500244140625,739.510009765625,743.1599731445312,43767400,741.9230102539062,738.2364331054688,743.8309535612743,741.1840853022821,47.826244526276525,2.6468682589921855,2.330551358835218,0.3163169001569677,-0.0030894297130047432,0.0072430363050038785,0.0010498267442791143,0.009703654530377692,1,SPY
2026-07-09,751.7100219726562,751.969970703125,745.5900268554688,747.3499755859375,41441700,743.7700134277344,739.0039880371094,745.0431179322561,741.9637843149025,59.58432764131501,3.0793336173536545,2.480307810538905,0.5990258068147494,0.00846525000257925,0.007502897961226542,-0.05313772351110646,0.017193457871987672,0,SPY
2026-07-10,754.9500122070312,755.4199829101562,748.0999755859375,752.0499877929688,42191300,745.8350158691406,739.9057641601562,746.5672555129908,742.9257271217268,56.667225106392685,3.6415283912639325,2.712551926683911,0.9289764645800216,0.0043101596888019955,0.007512165603812781,0.0180880610592713,0.020332654204892275,0,SPY
2026-07-13,749.1699829101562,753.9099731445312,748.0,752.469970703125,44013600,747.8530151367188,740.6941333007812,746.9676751125546,743.3882645875364,53.67689521024713,3.579410525018261,2.885923646350781,0.6934868786674802,-0.007656174850540931,0.007576138859968382,0.04319136883670338,0.011443116974079182,0,SPY
2026-07-14,751.8300170898438,753.3400268554688,748.6599731445312,750.9099731445312,35143100,748.9360168457031,741.3944677734376,747.7157277244453,744.0135795877072,66.0509838614091,3.70214813673806,3.0491685444282366,0.6529795923098236,0.00355064169730146,0.0058916709633382545,-0.20153997855208394,0.01407556944381616,0,SPY
2026-07-15,754.8099975585938,755.5800170898438,750.2000122070312,754.239990234375,43844800,749.7400146484375,742.1147033691407,748.8071538527757,744.8133142522173,68.1290878591545,3.993839600558431,3.2381027556542756,0.7557368449041553,0.003963635929681075,0.005550199755921144,0.24760763848379908,0.017106916399604266,0,SPY
2026-07-16,750.719970703125,754.5700073242188,747.8800048828125,752.760009765625,46409800,750.2360107421875,742.8058032226562,749.1014333682141,745.250844359692,63.131767234941115,3.8505890085220926,3.3606000062278394,0.48998900229425324,-0.005418617756386079,0.005887342343019895,0.05850180637156521,0.01065442333128419,0,SPY
2026-07-17,743.2899780273438,747.2899780273438,740.7999877929688,742.0800170898438,62651000,750.0870056152344,743.2333984375,748.2073633157725,745.1055950017403,61.061239982890534,3.1017683140321424,3.3088336677887003,-0.20706535375655788,-0.009897156017872222,0.006769684864238932,0.34995194980370514,7.612627468400746e-05,0,SPY
2026-07-20,742.0900268554688,748.72998046875,741.510009765625,747.0599975585938,50422300,749.1680053710937,743.4363122558593,747.2662346295718,744.882219583498,51.01247121438719,2.3840150460738414,3.1238699434457287,-0.7398548973718873,-0.0016143782471810253,0.006004496869820775,-0.19518762669390755,-0.0018108954031387237,0,SPY
2026-07-21,748.280029296875,749.0399780273438,744.1799926757812,746.2899780273438,34324300,749.2250061035156,743.80791015625,747.4222030399262,745.1339091918964,51.39171406970046,2.2882938480298662,2.9567547243625567,-0.6684608763326905,0.008341309298597777,0.006550017089955384,-0.3192635004749883,0.006012465153382829,0,SPY
2026-07-22,747.4099731445312,750.02001953125,746.3699951171875,746.6199951171875,32836200,749.4260009765625,744.0416174316406,747.4203215175578,745.302506521721,51.52463681800801,2.1178149958367385,2.788966778657393,-0.6711517828206546,-0.0011627413779321527,0.006473815667829533,-0.04335412521158477,0.004527106594544916,0,SPY
2026-07-23,738.1799926757812,742.5599975585938,735.2100219726562,739.3699951171875,55437300,748.072998046875,744.0572119140625,745.9987324649768,744.7749129035033,44.708120821331356,1.2238195614735332,2.475937335220621,-1.2521177737470879,-0.012349287272575782,0.006885651321810232,0.6882982805562154,-0.007898880817460596,1,SPY
2026-07-24,738.9299926757812,743.719970703125,737.2899780273438,738.510009765625,44782000,746.47099609375,744.1101489257812,744.9112340358698,744.341955849598,39.09200980270599,0.5692781862718448,2.094605505430866,-1.5253273191590213,0.0010160123647910968,0.006635467662692114,-0.19220452655522546,-0.006961544950674581,1,SPY
2026-07-27,739.0900268554688,745.530029296875,735.8699951171875,744.9099731445312,41461200,745.4630004882813,744.0838989257812,744.0156637004235,743.9529240722551,41.89851198329566,0.0627396281684014,1.6882323299783732,-1.6254927018099719,0.0002165755636849287,0.006367620717625218,-0.07415479433701044,-0.006711436811792315,0,SPY
2026-07-28,740.8599853515625,742.7899780273438,735.97998046875,739.1900024414062,47322200,744.3659973144531,743.9761486816407,743.5301747236756,743.7238175003519,45.68929347158379,-0.1936427766762563,1.3118573086474474,-1.5055000853237037,0.002394780651586048,0.006278947044040926,0.14136107975649526,-0.004188525849383895,0,SPY
2026-07-29,729.4600219726562,742.6799926757812,729.0999755859375,739.969970703125,70697200,741.8309997558594,743.8199365234375,741.3655358389034,742.667240053856,30.735930735930737,-1.301704214952565,0.789145003927445,-2.09084921888001,-0.015387473482586067,0.0073203488565587935,0.49395421176530263,-0.019305632782442572,0,SPY
2026-07-30,741.6900024414062,742.4500122070312,734.5900268554688,736.0499877929688,66811300,740.9280029296875,743.9186975097656,741.4154537777499,742.5948520825634,40.06591871001255,-1.1793983048135033,0.3954363421792554,-1.5748346469927585,0.01676579949601198,0.009632356058611366,-0.054965401741511655,-0.002995885270554166,0,SPY
2026-07-31,747.030029296875,748.9000244140625,737.6799926757812,744.6799926757812,62339900,741.3020080566406,744.2224060058594,742.279234626846,742.923383728068,48.38615836554634,-0.6441491012219558,0.18751925349901316,-0.8316683547209689,0.007199809675054292,0.00942585235456397,-0.06692580446720842,0.0037725594773256876,0,SPY
